441,71,489,456,624,1009,69,489,247,737,241,193,97,247,509,367,865,449,437,492,297,111,206,66,501,743,696,463,705,501,433,119,111,360,489,355,974,193,709,625,472,13,414,321,99,489,759,307,505,375,483,753,449,320,865,823,625,355,453,453,279,309,69,451,481,384,450,481,451,385,321,365,481,497,625,99,448,494,589,450,103,99,239,41,105,503,751,68,455,113,489,469,493,437,295,192,355,193,254,589,929,68,481,296,99,113,899,98,192,480,455,449,397,1001,449,981,66,207,576,225,553,86,34,383,375,322,131,110,361,107,453,450,207,200,285,1015,489,503,191,113,480,489,499,225,463,495,225,193,577,689
797,211,41,475,293,640,541,683,679,403,315,285,979,62,315,533,121,125,63,531,952,183,521,19,139,1,221,63,478,27,831,999,13,133,197,149,183,424,727,845,575,447,155,213,315,21,531,176,393,61,925,437,398,0,72,667,61,147,487,687,147,355,640,285,301,565,687,415,163,319,63,655,150,821,683,1023,517,147,575,247,188,43,786,21,855,63,959,403,21,11,49,911,377,649,72,9,395,1016,811,697,713,217,399,875,779,185,747,445,4,169,1016,769,125,191,47,187,659,151,525,291,657,149,685,955,45,917,673,147,207,299,63,827,811,62,102,43,575,133,939,351,637,789,817,847,827,927,797,41,451,149
637,798,634,959,788,653,663,849,379,496,795,487,715,616,951,630,827,263,150,783,11,807,839,835,555,401,923,639,672,1005,783,551,791,551,782,831,624,225,622,527,11,275,881,625,698,935,504,855,979,935,929,783,752,644,302,983,753,992,376,763,807,714,829,545,896,744,779,1,251,568,23,587,935,806,27,479,411,647,915,974,935,453,652,774,791,22,185,934,935,252,742,1022,37,723,659,871,482,719,897,395,979,767,617,973,561,7,812,919,901,691,532,39,517,779,927,817,459,511,25,1006,779,795,847,644,353,614,719,791,999,611,21,389,815,935,907,926,339,151,745,855,323,753,535,934,931,19,999,581,799,605
393,249,61,487,597,418,3,25,343,519,409,561,1005,22,203,183,405,439,434,773,149,49,537,349,797,808,340,921,989,963,437,964,923,33,661,65,535,773,692,151,389,53,157,180,221,24,533,949,457,11,210,726,229,93,925,194,245,477,261,439,821,1019,945,407,222,492,1011,769,371,185,261,1020,409,27,81,180,55,1018,653,997,452,187,1011,601,203,181,333,86,735,191,389,181,901,437,794,21,325,885,596,598,223,25,901,499,58,701,245,325,195,413,487,97,919,261,641,961,57,400,29,635,183,1005,507,23,443,244,963,451,633,475,85,119,412,741,194,899,249,451,507,435,405,437,297,709,455,423,455,195,5,771
199,459,193,81,883,59,775,315,1000,543,173,449,45,393,50,233,749,449,247,723,287,173,201,751,111,217,414,315,383,301,231,283,261,839,751,475,227,249,445,894,142,199,787,198,249,159,991,223,33,987,923,958,239,217,769,261,357,167,135,135,287,739,769,227,877,429,83,287,397,745,413,231,795,425,477,993,991,145,143,305,767,298,31,399,396,283,143,749,226,851,233,719,199,276,711,231,299,605,607,904,291,281,384,321,226,291,838,279,283,269,879,153,365,369,99,173,291,178,735,911,543,773,195,1021,879,1023,207,169,195,161,403,47,283,224,767,879,135,236,142,163,303,119,302,51,455,163,225,239,151,711
584,858,756,586,980,887,581,95,518,931,503,389,911,19,482,965,946,730,631,582,582,577,962,211,958,923,995,512,438,1022,914,843,859,947,1015,924,135,668,16,784,858,400,575,817,926,575,605,739,225,904,19,833,736,903,459,446,785,503,863,647,170,178,117,836,959,907,1014,195,195,602,968,976,957,987,989,903,882,539,840,981,794,995,958,787,133,528,102,452,150,391,190,961,907,731,994,855,543,673,926,1020,840,967,991,775,857,587,839,586,790,479,859,660,229,854,649,855,714,945,858,859,724,679,648,199,666,597,132,1015,384,597,858,976,543,981,927,603,523,901,103,452,70,956,775,698,577,855,922,987,884,452
596,552,885,585,342,600,976,459,786,898,497,17,918,478,980,598,856,636,726,821,435,912,620,823,834,834,831,648,528,776,130,496,514,622,760,972,982,847,729,862,847,980,580,278,609,1016,834,884,774,294,460,558,930,811,134,798,642,726,342,814,734,544,1008,7,548,334,194,783,972,380,458,992,844,599,481,771,168,776,920,571,1022,400,1008,983,710,840,944,634,304,962,646,408,634,846,536,776,880,5,777,342,906,968,555,549,356,328,17,832,1010,168,186,490,135,736,716,610,824,706,503,597,755,722,908,278,800,72,556,208,927,1008,547,566,709,911,108,497,853,346,366,528,841,1000,743,208,112,352,903,825,806,410
406,754,152,982,328,494,526,9,409,648,544,306,41,1,894,645,58,791,350,670,584,164,683,397,262,390,694,133,384,517,600,206,307,286,600,146,148,566,286,318,800,170,0,519,160,328,935,40,418,542,389,21,54,31,162,474,614,152,136,991,565,566,488,901,479,108,438,459,566,543,32,293,309,704,512,479,521,1005,473,263,499,74,272,704,263,714,309,159,259,561,177,542,832,800,62,42,130,325,150,70,981,14,369,144,270,810,24,270,168,478,656,662,30,644,562,319,566,543,415,389,614,804,132,259,115,215,399,190,638,880,305,679,601,414,53,153,326,384,34,304,386,665,827,514,136,565,50,401,818,384
228,856,979,869,941,229,834,379,332,613,983,236,993,541,205,358,601,724,321,333,242,458,871,787,848,76,608,233,611,332,179,366,879,101,892,966,232,621,971,355,853,601,1020,155,44,394,283,359,294,504,451,27,359,584,794,868,780,352,852,292,855,487,995,744,165,962,835,332,348,324,351,716,753,970,58,430,9,356,482,142,228,355,598,350,963,581,229,174,323,620,130,292,198,625,204,536,584,352,860,471,612,349,879,12,892,193,95,501,805,137,449,267,358,359,290,473,476,1007,337,358,312,864,286,869,268,60,836,713,877,353,358,240,635,332,408,438,483,742,613,103,460,201,894,587,479,597,3,356,328,357
178,772,322,393,520,880,798,281,54,283,158,318,520,139,305,144,799,508,462,459,816,824,176,177,376,152,383,594,279,132,304,752,483,379,543,772,147,537,600,400,151,152,318,829,829,144,364,401,469,560,816,771,281,142,48,153,142,133,327,52,404,151,448,134,368,0,311,258,372,150,687,316,29,400,730,289,773,725,385,5,282,912,143,892,150,918,2,476,941,142,301,272,808,792,582,316,512,67,165,838,446,24,326,311,798,154,976,662,447,465,376,342,463,904,774,517,665,304,399,159,316,382,256,147,828,281,0,304,774,283,669,373,280,514,793,512,304,814,267,257,278,774,280,96,48,164,150,478,537,24
740,688,981,121,498,715,185,661,208,414,901,637,222,357,724,688,789,741,732,526,529,163,3,622,212,133,63,465,361,790,822,979,170,393,392,724,529,336,569,496,644,203,752,545,401,1010,128,750,562,189,655,521,563,243,251,365,570,762,691,508,732,425,191,154,799,643,550,597,242,650,43,444,515,663,393,545,247,562,423,468,113,923,555,196,662,367,208,735,187,981,89,17,85,616,314,357,248,217,329,3,735,809,641,691,201,249,581,189,725,521,559,57,745,341,622,688,735,95,574,91,377,396,149,597,785,491,756,19,1005,344,513,977,725,712,1007,542,1,724,200,747,921,724,408,527,707,287,213,399,85,552
455,706,409,618,353,445,876,380,396,14,302,434,267,173,124,280,526,224,216,410,248,644,411,235,207,94,362,349,580,284,984,835,398,834,650,304,655,191,287,335,772,177,56,147,69,264,12,426,362,131,418,120,414,142,116,265,326,422,286,368,412,474,527,388,236,348,260,419,194,472,386,330,474,56,320,88,467,792,354,308,739,372,116,525,269,595,239,172,501,256,452,870,124,753,222,980,372,504,115,73,117,373,652,873,228,444,395,139,54,847,305,202,40,290,444,195,681,812,424,603,34,102,382,263,477,399,65,222,498,316,458,414,683,236,225,166,146,271,282,545,973,852,875,412,646,956,238,740,333,204
9,146,545,999,638,686,35,538,917,827,162,51,34,195,905,963,303,15,59,595,198,52,907,659,712,499,867,215,522,1007,800,553,527,37,779,231,131,653,221,869,254,735,997,93,211,855,709,215,202,18,556,196,191,34,308,724,157,736,4,966,558,73,42,696,695,854,481,781,935,18,439,525,669,278,224,544,184,47,926,456,673,568,102,698,871,747,337,991,897,461,79,126,318,202,993,183,791,821,731,419,182,131,667,780,46,222,917,856,1019,772,619,932,181,291,101,735,47,533,182,52,154,107,544,162,223,25,170,762,8,710,182,282,195,226,227,101,22,20,656,223,242,193,736,815,719,739,373,281,519,21
239,596,806,452,202,966,189,632,691,94,338,701,183,864,581,555,533,453,133,69,184,331,197,34,67,403,807,700,752,23,205,744,744,841,642,675,517,177,693,371,920,688,181,307,35,372,840,745,525,690,691,71,193,434,469,866,637,7,232,837,133,743,733,41,556,407,144,369,150,669,468,363,767,725,692,652,440,612,608,69,191,823,718,386,716,605,291,685,151,756,708,219,141,177,952,542,662,423,82,78,678,285,597,692,692,760,181,527,755,117,38,373,359,736,113,45,60,691,806,697,296,717,221,589,284,76,245,958,93,990,308,751,179,709,767,702,71,702,561,663,373,458,70,848,402,81,1012,178,358,807
208,222,909,1021,988,847,992,288,182,94,567,933,205,209,780,375,681,183,887,781,703,271,619,835,429,920,802,692,98,157,895,252,159,1003,916,645,987,161,94,683,247,481,797,209,167,758,491,306,558,859,141,303,653,684,493,96,253,647,861,863,644,661,134,423,815,382,91,255,136,493,219,561,716,565,929,493,821,791,437,861,438,387,246,465,191,279,429,509,647,291,861,271,708,132,766,209,76,650,1004,932,346,749,171,679,561,181,295,28,208,182,53,741,1014,179,643,489,843,183,436,670,857,7,860,915,223,285,436,100,141,693,397,977,209,237,509,917,253,911,187,747,643,653,886,166,528,685,269,223,145,254
812,687,783,843,711,773,883,812,744,224,814,690,606,598,968,631,130,772,862,905,795,883,809,326,522,651,862,926,787,804,774,823,818,749,812,357,843,863,887,868,830,950,823,168,761,886,521,800,529,848,817,771,18,636,895,863,891,936,85,46,8,859,970,782,54,878,845,821,774,830,606,862,697,560,758,48,648,375,834,727,517,362,775,873,822,113,249,734,730,749,684,586,758,937,911,894,643,895,580,726,786,794,679,846,973,791,33,522,637,855,63,642,907,810,951,748,869,830,66,843,959,831,774,367,774,638,869,882,331,337,780,518,759,775,591,814,682,774,881,516,230,34,823,889,954,6,836,741,774,937
142,235,918,354,245,157,751,144,196,230,400,161,278,379,272,144,167,250,453,484,136,386,423,425,489,147,345,826,23,301,39,202,198,246,467,506,234,186,217,423,6,16,102,156,404,42,391,473,145,282,51,201,40,196,197,921,369,461,928,158,29,15,414,169,186,182,284,42,134,233,117,230,90,136,453,580,161,297,189,342,3,211,858,142,294,455,369,183,211,340,38,298,1016,177,442,246,467,155,154,154,484,255,182,192,230,514,236,322,284,242,43,272,816,379,343,93,272,338,192,145,230,17,250,346,698,251,403,422,153,236,233,936,394,8,1008,16,164,288,39,130,216,74,212,902,100,452,97,618,230,228
806,305,895,936,551,939,547,745,676,631,581,621,225,105,131,532,615,917,621,569,811,836,117,469,118,1004,681,987,603,519,819,925,726,807,789,835,978,981,811,825,514,295,873,868,974,557,603,773,499,821,719,603,820,773,839,481,817,775,780,280,597,383,725,673,916,916,525,949,531,823,821,54,597,574,340,879,991,808,787,533,303,910,561,1014,785,555,879,518,887,778,565,281,838,693,693,554,613,517,557,785,978,649,547,731,967,877,645,557,604,306,567,823,221,852,706,910,26,946,194,918,774,365,893,723,683,677,557,1001,729,523,811,757,119,806,831,579,837,803,821,637,981,235,810,858,801,815,469,941,551,364
1010,930,970,784,764,698,848,850,834,775,738,622,574,770,667,1010,460,760,998,78,885,154,610,616,798,933,354,823,640,674,610,714,704,814,422,194,836,862,822,690,938,618,781,278,946,1020,874,290,680,706,252,562,827,8,992,700,830,300,803,798,728,180,974,68,994,947,748,906,928,251,770,576,538,859,976,842,996,762,864,995,818,996,330,864,106,834,798,286,682,892,754,800,786,804,934,996,16,608,694,226,226,442,874,895,565,842,838,425,624,722,514,846,1000,578,934,706,252,682,694,674,918,78,588,956,978,774,994,692,914,974,796,862,778,645,182,76,880,994,992,682,659,886,1014,818,1020,698,885,997,146,730
421,175,523,113,47,841,629,527,785,961,118,117,633,507,854,472,455,135,763,4,528,185,345,337,377,768,403,482,112,645,328,513,611,898,346,809,357,635,105,473,33,611,399,120,632,65,314,297,936,335,338,483,121,335,279,124,820,142,768,819,413,847,603,9,904,767,82,113,264,257,312,275,81,526,33,17,292,374,129,377,451,464,36,273,370,1017,200,729,425,35,336,753,633,65,995,512,332,275,257,59,357,971,787,1012,531,362,961,77,565,20,882,530,425,255,501,403,158,344,563,362,205,379,387,493,885,11,815,705,389,512,71,530,594,345,121,359,81,257,586,0,25,751,672,51,628,421,419,889,373,52
723,89,537,886,528,893,963,780,995,532,38,358,504,253,773,997,357,39,125,899,261,637,996,706,974,357,549,993,517,629,60,999,739,883,606,226,211,613,749,837,965,519,940,974,265,925,278,632,1016,117,664,920,909,53,405,401,839,704,285,783,881,519,373,445,185,125,597,995,496,196,779,521,52,869,480,253,369,995,276,185,328,915,628,657,372,993,373,242,370,865,871,528,480,871,303,869,993,785,772,698,533,519,517,346,277,566,773,905,174,869,261,415,701,373,885,805,866,380,995,357,498,641,267,261,359,516,885,871,628,995,865,347,144,638,359,863,884,775,896,497,402,116,875,261,650,1009,885,888,1000,466
298,645,315,656,645,249,887,16,114,935,787,113,850,393,837,105,498,698,149,667,645,97,243,649,151,624,369,245,115,347,245,509,661,225,759,827,509,233,617,453,115,509,1009,247,191,902,55,235,140,489,254,927,619,741,405,501,647,391,238,325,917,487,247,555,229,547,501,454,761,963,355,645,965,183,397,493,531,527,889,364,485,99,489,493,245,561,229,225,657,452,627,649,102,233,429,777,740,345,477,149,247,397,779,523,238,11,29,449,299,132,1011,209,9,99,159,389,367,405,106,955,262,138,257,759,137,142,229,965,653,891,234,273,126,254,39,657,209,321,449,321,335,153,229,131,133,106,663,757,677,97
137,226,155,620,297,169,341,589,704,393,40,360,504,496,395,268,210,313,877,56,425,301,137,822,306,464,720,482,105,661,569,138,42,284,448,386,321,1001,480,366,760,181,362,552,233,617,361,502,813,684,281,51,82,232,492,624,392,377,473,420,364,433,178,242,455,299,44,652,587,296,109,454,393,137,287,760,268,362,488,408,381,473,269,460,136,296,202,488,431,209,276,491,228,208,136,371,286,385,435,457,402,393,72,678,177,270,730,384,224,488,303,569,302,441,265,729,113,367,507,472,412,137,307,673,489,361,426,760,313,237,472,74,73,297,709,507,1019,361,377,417,361,226,424,428,31,226,232,636,221,812
172,858,828,846,885,809,893,767,877,525,816,797,748,636,158,668,815,19,550,294,396,303,95,732,735,613,692,302,69,621,24,809,571,357,647,825,903,556,582,534,1018,61,157,339,222,704,886,795,637,792,510,852,740,571,873,799,361,181,856,158,844,557,749,497,52,893,771,685,349,205,832,663,810,773,827,797,548,45,717,109,374,483,814,602,584,601,773,156,350,811,893,756,157,627,30,884,841,38,510,764,749,609,580,765,695,354,716,522,927,542,29,447,10,924,59,125,991,46,839,516,844,281,20,770,110,104,152,867,160,846,824,715,188,927,990,795,157,782,445,381,132,965,278,164,868,620,799,94,418,891
414,212,416,726,167,933,94,431,927,748,287,972,345,462,204,206,916,238,713,445,462,428,672,972,241,460,156,206,344,478,452,908,692,718,679,43,1004,460,48,329,420,215,918,935,204,188,213,492,175,169,908,189,974,843,330,188,207,936,916,783,247,460,470,902,967,72,202,957,772,999,687,406,67,978,489,970,485,327,924,174,420,206,298,453,215,700,586,127,989,454,998,546,39,206,503,429,421,935,132,36,727,956,584,975,990,972,174,727,215,618,430,328,951,428,228,215,206,453,996,89,172,81,174,727,492,777,955,297,196,458,586,199,686,555,963,159,350,981,546,765,150,42,453,925,917,94,846,965,271,668
532,890,586,569,444,876,1000,24,814,890,572,872,380,665,376,878,480,624,696,808,812,528,808,148,844,522,537,344,714,364,944,425,809,746,680,532,958,969,527,382,569,527,871,824,720,873,474,554,872,828,572,702,946,666,792,936,430,592,24,708,26,593,668,668,190,809,858,612,971,16,889,840,961,912,300,896,570,102,340,426,38,629,297,524,442,39,665,356,556,624,294,193,504,877,250,775,386,762,329,671,443,585,894,536,572,748,474,382,700,570,761,716,652,544,532,124,844,353,688,696,660,970,300,680,829,846,301,542,302,264,573,870,961,570,698,574,760,524,884,40,844,973,283,570,843,372,842,761,762,616
38,102,126,127,42,581,497,790,5,575,550,187,95,541,177,23,531,125,127,125,919,125,232,6,36,136,491,15,187,153,102,154,384,45,380,733,542,581,731,630,332,37,417,407,39,21,178,251,583,921,251,342,250,804,55,681,11,177,111,623,110,599,53,503,71,689,567,638,182,111,622,63,651,234,204,335,242,115,119,108,683,171,846,583,251,745,489,458,23,110,23,631,517,110,498,262,637,103,343,80,49,111,153,610,519,95,570,798,216,371,29,45,10,113,151,863,549,70,365,233,286,107,29,58,681,119,23,542,526,565,87,28,334,615,23,226,590,535,126,458,962,30,630,36,103,91,255,311,630,590
318,43,355,942,842,554,550,962,430,472,580,850,692,938,300,834,866,903,206,462,510,149,974,326,72,62,366,666,864,577,778,946,258,361,856,855,693,824,344,466,437,220,546,560,343,817,882,66,874,428,409,462,412,38,676,830,180,998,470,372,402,914,882,823,48,818,834,848,746,470,770,854,718,326,930,523,58,842,810,786,462,992,850,932,338,770,1006,606,840,1020,842,726,982,174,875,167,330,429,748,166,771,454,238,770,42,698,376,106,786,692,382,786,285,81,181,902,538,326,1007,811,802,941,813,598,958,576,982,656,342,999,166,388,474,970,990,290,859,390,758,1006,472,298,676,646,864,32,98,984,122,327
288,440,312,497,368,66,179,935,45,595,370,35,151,693,579,574,67,368,128,547,351,439,1022,531,1010,765,171,878,16,48,117,583,183,805,67,50,11,170,706,75,370,128,198,1012,91,710,460,55,74,362,487,197,737,627,694,347,151,862,421,38,965,187,888,376,312,115,274,438,624,123,133,162,246,78,235,378,995,441,35,67,833,171,240,819,580,424,711,626,521,457,7,723,560,580,1001,983,150,66,87,117,67,374,707,91,323,395,581,986,776,818,807,813,150,155,101,459,64,521,99,45,881,465,610,65,663,50,631,75,880,579,374,265,954,460,349,66,146,620,224,583,19,84,183,48,833,92,39,528,184,365
189,458,954,141,314,218,77,901,493,89,638,249,495,635,940,938,88,936,461,446,141,478,110,955,136,941,936,505,942,297,944,441,720,993,947,811,222,393,9,347,717,450,173,140,793,285,506,365,939,390,828,939,505,205,105,312,745,77,205,188,765,137,457,409,299,201,113,510,462,685,509,439,95,450,770,463,299,85,140,234,432,299,205,152,973,465,1018,49,10,190,312,701,463,77,463,85,587,898,137,985,918,445,435,608,334,358,493,190,129,479,96,232,429,461,207,237,173,161,657,620,346,815,220,45,114,208,508,896,813,511,286,331,985,105,477,301,558,554,172,926,431,976,189,445,423,237,400,189,616,224
275,609,835,834,361,871,679,909,669,600,909,954,1013,406,437,631,369,926,843,861,349,941,525,331,773,793,700,327,913,367,842,945,576,345,105,862,117,878,580,8,545,869,841,619,889,576,67,705,197,857,966,831,173,491,893,282,3,481,722,867,898,457,880,576,857,627,883,878,581,873,71,19,843,833,929,813,908,833,993,842,255,863,982,626,637,433,1,897,658,861,944,127,506,352,99,875,946,168,881,336,515,783,819,885,288,389,875,512,353,361,257,828,398,810,837,709,101,615,861,743,925,817,349,920,850,730,541,912,993,925,581,908,396,632,850,833,345,861,793,728,257,837,839,396,415,929,809,560,633,9
333,432,131,62,299,311,469,887,586,455,289,456,328,395,279,493,843,456,458,271,715,724,277,461,463,279,396,283,282,711,346,394,281,291,731,477,288,397,306,469,469,479,279,456,236,341,341,421,456,851,332,191,538,392,508,309,519,412,457,258,450,916,440,21,287,295,412,331,297,15,495,783,452,493,504,335,274,322,742,263,423,161,424,156,493,293,367,519,440,386,397,469,385,261,295,460,583,415,456,468,469,231,452,31,459,279,909,331,268,107,471,279,267,427,271,667,203,347,276,471,716,983,277,124,228,797,299,72,296,46,472,274,469,773,261,340,421,553,420,476,252,299,452,331,452,308,313,331,122,999
788,712,986,0,791,815,979,902,921,854,402,792,894,666,815,300,894,819,812,807,494,255,984,990,918,974,965,44,641,811,950,919,938,1003,855,802,32,932,837,1007,716,1019,873,781,917,996,966,790,437,815,907,904,1007,754,192,815,811,825,820,855,209,809,775,817,996,939,1018,979,773,960,1015,804,965,830,746,834,808,493,1009,1002,402,870,1015,842,1019,812,809,775,983,795,791,728,967,807,1019,890,811,815,974,867,967,1019,533,926,775,1015,303,919,889,815,926,166,233,774,989,489,788,979,790,926,903,961,1015,919,538,968,779,1002,769,854,919,1013,888,822,989,154,954,923,792,890,843,919,821,1009,260,811,729,971,135,809
615,403,87,916,550,304,171,1012,327,172,852,219,139,915,503,612,143,686,947,244,808,931,307,246,43,678,500,875,684,424,494,409,187,151,927,516,739,428,207,947,104,324,247,356,210,296,159,391,126,19,876,789,428,888,943,166,175,932,145,27,932,956,683,443,259,104,852,1019,1019,944,156,747,30,340,337,844,102,919,531,388,1000,180,329,72,234,48,406,998,43,81,425,916,110,876,892,918,942,923,393,366,919,972,663,504,620,945,44,916,920,876,881,411,596,104,1015,747,948,99,716,539,580,500,895,859,936,664,155,547,376,948,72,485,152,860,75,876,400,851,404,487,923,823,400,326,936,848,751,457,407,908
498,839,1023,323,967,84,463,11,1010,736,839,771,961,609,979,417,874,340,794,814,770,331,408,994,740,734,160,327,266,770,928,639,832,795,835,951,844,850,538,539,391,385,972,959,387,991,207,323,915,808,861,863,95,539,987,635,1020,514,543,835,867,827,769,779,883,634,880,891,24,184,471,627,316,895,788,443,864,885,851,771,207,883,267,872,768,842,58,843,854,371,955,459,459,935,892,799,331,935,167,923,323,931,204,952,447,795,380,679,838,863,963,922,887,456,855,87,891,509,196,287,794,509,229,439,990,489,412,437,963,793,327,839,423,538,186,291,888,808,788,804,875,513,968,689,420,257,768,153,843,439
607,185,125,942,562,27,265,337,690,82,450,750,958,450,770,565,849,68,980,960,509,958,914,441,990,234,286,1001,197,518,958,321,1003,850,433,189,414,415,957,258,473,793,946,966,554,788,489,894,958,41,529,825,561,1,493,940,495,770,10,705,916,302,322,543,623,470,245,767,863,962,747,795,494,297,554,989,726,458,238,346,308,574,949,61,730,61,402,194,682,461,554,1021,602,238,726,668,317,414,558,512,917,601,862,1002,842,494,62,1002,666,918,518,478,70,153,962,926,63,146,178,147,186,977,586,690,681,498,832,514,454,742,823,425,238,434,604,721,470,477,785,958,746,479,454,786,10,817,1006,1010,666,16
481,621,456,681,150,793,863,185,166,237,765,985,661,9,149,897,189,150,624,217,649,105,624,144,70,69,66,880,401,125,109,880,214,189,101,901,726,22,397,229,169,6,133,213,186,729,120,534,628,372,633,121,625,69,165,421,238,587,121,121,115,387,472,214,52,582,101,89,656,683,397,175,453,953,186,393,297,141,137,457,618,760,989,533,614,121,70,190,454,73,223,216,865,227,225,742,569,775,422,625,581,441,966,42,121,37,237,1017,150,729,656,817,902,645,177,774,150,408,147,917,941,869,342,145,17,97,1017,149,549,50,402,102,493,597,185,753,238,445,621,104,97,712,979,237,249,245,522,81,617,406
55,119,12,324,492,95,11,208,237,556,142,304,23,2,379,170,119,207,320,184,117,148,44,206,119,23,215,47,551,64,59,227,279,21,95,88,72,121,437,258,80,291,211,410,243,55,311,23,10,21,524,248,407,232,382,175,120,191,285,233,495,47,108,159,91,1,314,33,39,367,580,488,35,423,479,111,31,690,471,151,32,0,23,508,207,243,47,149,314,36,55,242,15,35,33,176,39,119,16,443,43,460,15,44,495,96,292,136,23,41,858,383,291,35,247,20,65,239,46,251,23,175,237,16,139,87,499,47,159,47,10,42,207,391,296,21,47,42,251,39,266,983,23,35,87,176,468,267,196,279
573,752,557,686,23,242,183,526,620,628,913,87,143,562,630,194,67,661,709,241,202,752,646,158,398,637,639,973,941,637,444,92,253,967,108,86,573,192,521,96,99,145,1014,767,766,50,78,181,687,50,705,66,61,549,189,426,127,138,565,940,111,3,127,185,234,621,573,513,655,997,189,386,398,463,738,958,767,235,603,577,638,715,38,11,575,169,639,202,206,143,75,126,966,638,565,637,686,46,529,127,591,601,1017,588,209,226,78,181,190,658,525,126,182,895,14,884,206,799,637,596,616,142,630,352,98,577,12,662,600,589,527,637,126,574,577,42,611,63,622,637,172,641,534,250,202,527,743,510,832,879
49,131,203,60,697,651,688,606,765,537,832,609,179,403,659,145,974,15,527,659,463,212,618,729,764,784,590,729,616,908,537,727,647,176,515,944,330,251,139,19,524,152,790,104,542,12,906,656,12,718,715,206,704,523,217,636,515,176,560,643,16,598,539,70,624,92,659,675,21,1011,131,657,764,595,590,139,539,779,947,51,30,83,83,843,91,78,376,604,974,158,145,329,678,16,267,573,142,915,667,251,595,19,192,527,1011,140,653,947,560,78,731,643,906,270,747,728,986,307,91,137,731,6,882,139,891,162,527,1003,398,646,712,678,843,358,731,79,33,106,163,807,17,627,595,70,559,155,904,536,657,147
0,368,229,339,117,345,61,9,429,179,191,571,201,37,301,300,381,39,21,169,221,385,143,129,175,339,249,507,83,201,503,620,121,113,365,428,73,83,347,377,205,471,65,677,161,121,12,297,339,375,109,168,553,75,611,159,67,199,393,391,395,164,133,393,261,209,56,96,275,475,431,327,207,241,205,659,303,103,459,119,230,135,103,127,203,253,763,63,174,508,11,267,151,504,13,195,425,303,209,178,383,171,429,329,627,381,363,101,101,493,141,449,391,172,849,121,79,169,451,444,473,107,143,163,211,29,363,137,165,329,355,231,393,228,121,409,73,211,969,387,125,89,201,454,281,933,253,489,858,431
16,493,145,17,229,18,723,657,142,150,279,145,136,97,406,246,369,259,9,242,6,226,611,161,106,258,192,226,401,402,145,193,78,150,395,206,176,137,370,458,928,520,210,454,464,231,361,80,402,105,369,122,745,455,450,941,258,745,206,502,111,225,498,261,465,119,279,258,481,742,273,207,320,204,403,400,193,113,499,105,146,420,469,22,71,937,471,962,57,543,376,27,745,145,33,15,402,110,157,393,10,110,609,369,425,273,367,422,454,110,455,54,235,1009,273,105,67,225,65,375,489,195,37,514,471,711,239,97,194,191,18,151,80,400,97,17,407,225,742,495,327,179,423,234,698,247,401,145,297,289
463,203,455,299,471,999,487,870,418,456,416,263,799,448,396,449,260,335,446,366,448,225,119,454,192,510,343,67,459,388,485,307,472,47,487,510,494,258,410,259,487,654,488,495,316,283,407,450,312,291,385,263,448,385,907,270,325,395,470,510,460,490,387,265,462,358,451,392,458,974,473,451,509,320,492,267,479,288,419,382,267,408,343,967,490,391,490,460,459,330,278,507,446,386,383,446,415,264,91,310,727,267,327,393,229,484,459,397,456,478,511,391,508,463,335,992,454,387,455,457,450,319,289,255,256,511,899,430,428,356,263,953,463,479,311,386,479,484,495,271,446,920,271,487,447,447,447,387,484,383
359,893,4,548,832,792,789,772,892,772,260,806,772,644,340,597,869,344,807,599,544,768,615,512,549,768,832,996,772,789,769,805,773,929,771,897,899,892,869,869,771,872,900,513,264,357,840,772,772,832,875,316,996,772,835,257,807,788,805,901,69,1,837,29,868,830,768,769,770,832,1012,768,807,520,780,867,517,620,798,780,833,775,879,548,775,565,836,567,781,820,868,805,805,788,806,900,20,793,772,852,869,355,841,773,840,484,559,852,512,869,792,357,855,807,868,621,541,354,772,865,780,873,884,358,769,616,868,855,599,837,832,608,987,772,871,596,779,371,0,891,541,897,420,384,340,892,804,36,597,820
919,935,947,407,965,909,818,909,407,1015,425,917,163,661,435,980,916,941,918,407,674,935,980,963,672,979,663,405,405,913,788,151,168,198,900,271,791,1012,917,919,487,942,1002,981,917,149,915,1011,929,916,148,919,931,767,406,407,680,879,725,1003,482,943,939,919,667,396,465,497,995,929,430,917,435,652,931,713,239,1011,397,688,675,909,1015,940,1008,909,435,927,911,911,945,807,1013,903,157,945,809,184,988,1013,435,928,919,553,468,935,135,1004,941,157,929,901,935,1001,1015,917,995,789,143,680,968,663,655,939,159,403,483,970,520,916,433,932,661,997,975,141,1009,909,407,1009,1011,917,209,407,402,503,982,787,1013,917
183,1022,485,937,247,173,413,276,209,183,950,263,84,979,641,948,141,919,389,395,725,151,495,976,679,437,169,935,407,678,419,181,741,985,951,390,182,654,429,401,146,773,907,227,504,100,393,497,137,501,143,265,501,914,953,738,141,502,407,1013,642,347,910,183,729,669,978,691,647,145,551,137,909,913,502,502,913,246,753,401,1006,503,406,401,662,693,401,505,949,897,393,155,406,503,917,182,1,437,127,145,394,145,170,946,136,492,758,177,949,375,401,401,394,495,457,913,393,421,760,149,385,145,689,913,757,1009,953,174,678,466,662,974,217,693,905,648,393,787,241,1008,462,613,714,993,753,495,257,695,737,977
407,425,161,301,905,502,979,429,460,149,837,427,905,379,917,219,917,307,880,861,425,925,429,141,981,181,926,413,385,437,425,937,990,869,929,464,301,510,297,939,425,169,939,853,789,929,415,798,435,397,933,433,932,801,424,299,937,435,500,397,990,944,921,413,941,300,733,405,433,989,941,809,942,953,407,365,815,397,413,909,463,813,901,987,429,429,913,468,427,881,149,393,384,812,425,945,917,397,841,299,405,148,433,809,941,149,365,141,541,981,679,433,413,897,420,277,919,972,561,827,384,1012,995,463,957,188,909,861,401,978,949,990,385,1005,429,421,917,916,269,363,392,945,433,947,173,1005,425,925,1012,1017
79,600,869,132,509,705,529,813,712,870,300,579,765,671,713,749,733,764,673,98,237,314,718,764,719,712,974,636,686,203,654,653,665,866,381,158,1006,731,509,946,749,1022,381,613,630,654,678,731,295,584,895,713,739,908,613,614,709,878,622,216,740,230,711,1020,577,762,508,320,867,856,901,797,760,381,796,585,719,205,344,987,376,865,1004,550,740,584,718,558,743,981,917,594,654,976,548,604,741,705,541,696,713,192,193,646,645,781,472,585,642,143,1004,695,548,638,509,984,836,174,511,782,705,612,712,1022,622,642,1022,709,70,126,797,664,777,737,742,583,607,572,1021,613,653,712,814,710,878,601,662,597,705,348
984,918,632,786,332,307,1000,846,954,862,844,782,435,998,639,826,967,778,388,844,849,846,377,726,792,315,890,169,828,312,876,978,884,442,268,969,283,840,938,944,146,780,918,974,330,808,842,840,430,1018,49,792,516,836,1010,275,894,192,299,329,808,200,796,895,844,312,968,1019,58,902,842,784,948,1006,787,776,846,955,922,988,782,972,442,998,840,788,960,888,944,975,281,975,954,954,843,483,946,264,7,299,286,744,348,974,991,884,840,565,958,1013,742,718,343,794,876,724,306,938,852,789,826,449,872,969,1010,452,282,784,752,920,623,776,400,840,882,846,819,836,442,716,212,890,949,788,880,904,214,920,887,598
471,1016,763,764,988,692,719,140,612,930,193,975,360,153,412,349,608,926,738,496,1007,196,829,441,484,960,717,970,861,380,688,377,989,766,908,984,226,444,825,610,412,604,890,343,762,861,983,263,227,412,448,733,470,459,408,616,195,360,734,995,476,740,761,876,949,1018,511,609,760,920,609,362,434,100,256,920,196,963,459,23,573,334,994,87,227,741,564,732,212,560,214,409,414,456,1018,688,663,1020,536,612,470,590,612,348,451,705,739,367,156,479,799,672,626,1020,1021,763,932,470,124,473,924,1000,705,760,511,992,920,988,202,1020,1019,458,842,208,726,490,920,92,532,633,860,926,536,968,730,1021,234,223,220,996
474,858,697,778,894,670,589,409,340,810,522,500,845,871,786,151,549,844,617,215,78,618,568,490,92,650,93,1001,364,887,150,668,121,362,928,518,662,620,1002,567,237,483,599,993,876,568,394,500,652,938,662,362,168,629,434,1013,50,619,524,745,557,45,440,778,814,782,52,14,669,586,366,328,815,969,808,828,366,637,658,266,394,993,349,966,570,344,104,876,648,394,156,1016,25,233,477,440,910,313,715,281,820,894,990,912,786,168,972,302,1000,785,992,670,489,633,314,782,526,528,635,959,1007,876,862,1016,381,1015,779,106,620,205,405,559,652,343,86,156,366,140,745,830,526,654,73,281,939,330,14,630,432,90
739,360,742,1017,11,912,571,245,229,752,614,272,507,455,16,465,481,752,400,364,492,165,726,290,21,807,932,113,613,773,903,130,571,419,528,384,763,280,393,791,551,108,324,1012,106,614,334,341,533,21,835,612,742,359,328,49,615,790,53,720,232,801,614,21,475,680,192,101,118,117,21,204,835,964,123,263,449,882,334,288,912,517,252,756,776,627,816,69,417,844,583,421,294,856,71,676,784,835,908,164,21,389,824,57,53,976,227,161,963,166,623,69,179,709,178,13,791,53,417,402,560,633,756,976,627,70,119,61,69,236,473,311,612,221,145,145,128,814,600,269,710,949,592,71,18,525,577,264,481,835
979,310,817,528,263,272,305,50,421,962,704,467,352,896,741,272,115,900,641,848,369,402,39,150,900,400,764,528,807,298,772,564,434,281,1023,768,546,510,444,887,951,634,498,276,945,989,964,150,242,70,551,771,914,562,536,125,754,422,630,116,528,38,308,466,412,736,182,29,515,562,576,97,628,193,262,868,318,566,500,39,944,343,448,660,644,964,33,327,344,36,560,401,262,652,147,103,978,931,525,310,575,14,528,743,265,576,38,733,570,36,947,402,756,688,963,390,172,964,816,352,305,109,478,164,784,690,652,625,553,64,19,975,576,453,915,64,50,944,738,36,620,129,384,399,690,646,902,543,671,652
553,469,322,65,469,766,321,771,723,619,469,418,573,740,904,303,209,298,367,951,59,647,260,947,121,576,103,629,743,829,1008,1022,949,787,901,338,625,423,913,415,583,353,116,966,213,931,886,516,98,550,65,538,949,799,839,870,765,819,163,545,769,2,212,347,643,640,32,889,361,285,219,822,899,948,775,221,959,437,573,791,259,762,17,6,676,919,310,642,556,561,325,734,29,892,39,822,735,573,67,503,547,261,35,439,661,962,693,222,574,513,433,727,265,629,283,871,775,403,158,546,307,953,227,208,794,787,227,357,553,419,578,311,192,324,807,310,942,419,92,973,469,402,482,737,354,99,115,997,115,902
649,333,937,347,889,66,515,1021,930,542,585,616,882,69,717,794,115,435,773,533,141,568,1017,708,50,294,692,1017,226,521,352,607,201,509,273,560,372,483,937,689,361,333,923,515,889,33,973,522,179,32,643,224,349,331,237,1017,841,829,348,406,287,522,561,930,227,91,531,778,675,333,630,938,643,761,739,51,950,655,703,529,988,557,362,904,61,549,724,546,523,866,327,461,717,1012,924,881,491,378,301,829,82,707,175,371,544,229,405,137,95,797,11,878,401,168,26,505,580,45,124,74,690,384,695,366,768,607,106,189,349,860,635,692,841,4,899,509,785,450,765,948,665,786,38,979,251,152,572,235,829,465
889,864,20,36,709,478,962,281,958,848,228,767,731,497,653,212,44,447,109,556,789,602,848,349,841,1016,478,856,140,264,837,488,365,700,850,781,223,124,109,735,861,223,604,863,889,300,156,809,558,765,624,525,445,808,328,730,538,269,672,751,990,219,968,671,953,431,920,897,76,524,84,106,555,812,264,272,392,466,238,136,816,118,701,111,808,96,392,741,475,1022,672,722,866,113,59,279,651,215,295,618,359,217,976,393,206,68,37,991,948,264,207,125,662,87,816,655,251,856,42,751,264,659,650,843,336,657,728,341,371,986,764,747,264,46,984,92,345,274,425,991,746,794,131,136,862,850,122,990,824,968
994,801,170,366,583,187,156,721,553,542,786,537,828,619,180,977,198,460,201,940,0,864,569,414,173,761,20,532,954,364,136,629,945,777,962,0,167,536,86,66,199,62,281,121,56,818,303,942,685,149,183,585,283,113,632,193,14,162,362,708,371,619,987,989,129,111,25,17,198,97,541,120,30,376,907,969,531,904,522,995,69,351,86,416,601,91,601,1000,57,298,23,1021,478,252,9,0,381,315,543,77,542,874,155,651,523,606,96,235,575,940,367,988,703,756,683,31,105,388,62,763,541,315,994,554,235,63,107,374,812,283,473,314,317,10,205,525,104,971,241,554,267,741,532,454,394,270,587,162,452,574
324,400,232,246,679,299,140,560,692,183,337,699,635,133,148,338,304,712,606,187,166,651,519,801,837,130,323,993,38,282,277,178,77,212,503,101,394,811,884,374,262,775,819,352,455,931,644,852,982,825,371,631,523,934,83,183,369,821,937,528,136,514,294,131,194,465,230,337,819,887,531,234,443,483,92,624,112,853,368,874,8,7,343,435,371,133,370,432,883,307,270,371,931,584,165,563,983,713,131,663,418,48,70,890,871,676,233,821,482,853,692,32,710,530,372,583,366,784,179,369,227,240,414,184,468,858,665,309,226,277,306,869,223,581,675,833,679,274,83,615,192,840,291,275,368,310,419,755,293,914
134,555,142,673,227,530,78,113,1002,172,302,292,620,992,985,774,947,252,385,360,321,779,632,386,334,14,682,639,878,839,919,669,483,238,343,193,497,805,925,216,214,708,665,736,133,73,599,1011,813,289,862,485,927,354,392,239,153,779,506,930,684,522,736,886,519,634,573,157,156,634,936,582,757,739,223,26,807,166,624,519,234,221,542,87,537,1007,652,140,577,453,612,201,227,325,900,402,401,289,786,949,739,22,390,572,415,758,698,581,197,480,262,896,48,633,172,492,779,457,999,417,866,700,810,670,285,12,893,167,128,670,376,611,488,947,892,613,378,784,485,643,860,343,801,698,415,417,960,114,805,623
609,778,158,988,942,557,264,575,102,548,822,537,631,792,47,154,203,569,507,669,312,889,137,968,174,878,1019,14,554,448,777,121,522,842,316,191,333,646,43,953,570,253,1013,618,951,942,523,689,106,92,345,974,618,1014,304,881,251,264,473,656,671,877,568,17,1019,194,266,671,511,692,124,461,1002,986,219,943,260,648,264,357,872,497,25,72,881,798,65,552,11,920,205,103,46,16,857,115,959,211,562,379,412,25,37,361,690,415,623,136,954,119,672,175,764,216,570,215,986,792,265,956,604,495,436,570,15,378,394,547,117,570,876,37,912,892,626,449,210,62,389,602,119,784,623,251,1006,254,623,348,694,12
97,622,409,106,174,613,110,99,746,32,463,930,769,751,1019,810,175,173,162,226,103,681,43,173,33,39,103,171,43,221,119,102,3,161,171,88,224,227,785,169,174,899,623,175,41,505,35,589,226,33,897,102,816,877,103,171,35,129,103,877,175,96,168,109,102,838,118,302,195,389,3,143,170,199,170,161,96,40,41,488,169,559,170,938,430,203,160,867,61,171,46,811,103,272,171,102,875,171,249,351,108,110,103,552,118,107,103,855,23,111,232,133,367,171,681,103,801,495,110,424,0,110,867,109,107,110,1,811,235,169,391,171,1,551,130,101,111,42,161,937,963,119,55,49,623,171,155,119,161,193
598,310,110,114,118,58,638,742,342,126,126,512,120,72,722,127,114,126,28,566,1022,636,312,648,118,248,566,638,248,666,758,252,962,52,748,185,434,626,56,698,52,434,117,394,144,228,178,242,566,190,602,180,523,38,42,434,690,110,118,682,634,760,84,28,598,52,86,254,722,444,628,218,122,942,762,698,582,560,110,120,714,562,568,186,544,658,760,58,760,58,582,86,52,56,50,70,180,696,246,526,564,658,696,762,722,251,632,510,766,764,982,638,598,760,178,184,248,598,233,638,55,188,870,184,180,632,215,102,754,126,562,696,634,232,164,728,110,694,757,56,607,440,186,310,56,414,214,620,528,254
371,966,471,195,909,332,706,420,843,826,1005,819,943,851,903,1004,902,918,948,805,766,919,998,832,909,76,420,994,983,667,915,995,289,616,815,648,321,594,834,130,825,962,894,814,845,1023,852,1005,971,766,54,873,942,841,555,977,837,494,910,398,1005,642,510,775,874,710,483,960,1004,896,843,758,963,824,715,819,967,780,797,976,880,302,278,986,806,813,947,903,940,834,774,557,368,483,680,386,518,886,775,494,883,943,971,486,968,746,958,909,848,946,943,84,321,970,930,815,279,279,962,847,1004,995,576,653,593,790,286,608,877,852,865,843,935,476,946,734,472,943,1020,559,508,436,967,1005,906,781,466,911,775,798
588,107,704,559,386,748,618,15,271,99,751,104,520,193,762,177,898,676,580,687,586,576,929,556,734,592,687,622,105,729,143,608,107,739,610,863,701,879,448,111,527,527,609,37,177,1004,676,841,616,100,812,652,117,172,781,62,44,430,361,165,674,575,587,420,99,676,653,563,165,815,937,15,554,173,174,47,972,707,622,206,142,430,35,97,110,770,864,545,661,556,222,597,458,548,601,106,462,676,250,140,720,14,101,227,110,106,143,695,444,597,131,164,774,366,801,109,623,875,676,104,602,163,804,99,834,32,718,684,820,577,703,160,684,36,101,173,205,99,833,165,652,527,937,236,419,619,174,14,832,47
421,406,327,929,971,301,5,229,555,39,501,931,933,292,858,37,266,676,396,554,326,426,815,354,550,224,714,104,416,96,302,932,325,416,930,940,362,138,873,435,525,782,165,260,294,363,420,225,166,269,874,489,549,377,267,104,396,297,435,298,804,262,485,424,874,804,144,808,298,396,294,608,292,476,802,490,322,498,295,932,860,360,292,616,362,496,875,326,482,549,485,494,874,813,353,298,932,333,519,415,974,806,442,359,932,462,932,98,291,630,230,421,841,354,854,933,398,379,932,480,293,358,926,416,162,997,488,916,292,420,481,552,354,362,302,355,136,804,106,806,933,480,297,204,362,803,1006,330,538,484
692,844,616,491,836,814,76,652,800,332,428,682,696,705,948,271,844,320,376,910,844,320,930,428,908,832,161,650,388,964,864,330,256,893,300,872,620,388,940,684,626,960,418,932,644,558,588,112,903,260,930,640,256,442,428,888,946,460,96,320,398,420,352,845,494,424,972,942,683,366,4,896,256,864,1004,376,362,828,431,300,544,664,128,832,64,676,872,96,932,420,702,296,940,800,368,608,119,465,548,704,704,907,812,864,884,932,352,4,352,676,328,836,127,332,292,864,426,652,604,436,354,941,942,864,900,962,940,616,856,378,294,344,842,684,864,332,640,294,46,772,368,531,231,768,444,352,292,302,300,807
744,608,72,993,234,184,828,624,250,132,833,872,653,232,235,229,892,684,170,974,35,772,104,130,773,520,744,870,692,618,52,196,768,172,177,681,612,44,44,234,704,512,756,154,993,906,836,229,997,152,300,682,994,562,740,985,940,614,877,865,166,172,966,744,864,674,760,812,297,869,224,38,745,745,161,744,175,4,728,692,922,1012,164,824,155,186,929,642,170,610,532,744,354,153,777,569,372,105,685,617,60,994,800,232,676,338,140,45,692,1002,681,196,556,200,250,168,100,196,692,814,829,684,148,864,936,2,738,834,1000,697,937,516,44,679,996,546,248,172,124,653,744,720,940,73,680,576,576,750,608,300
310,297,618,307,562,755,694,750,631,449,291,269,273,923,682,525,1005,983,552,505,725,466,297,749,594,759,983,733,554,469,41,693,323,563,537,269,551,827,492,398,557,909,525,355,509,821,981,752,726,555,321,69,982,49,679,551,325,337,975,379,993,477,441,626,484,383,29,597,231,545,685,981,962,216,434,377,598,1009,709,397,651,789,483,997,41,441,311,182,979,869,579,955,566,275,547,279,356,818,856,375,252,361,929,499,826,767,187,659,889,815,769,477,407,376,717,5,499,4,827,240,1009,1021,891,299,453,723,299,471,325,275,716,768,155,469,717,565,669,498,311,531,722,651,695,985,947,339,285,481,764,464
442,98,186,26,636,378,182,178,380,151,380,163,120,378,210,885,154,114,378,666,30,87,365,82,182,857,350,432,830,345,494,822,534,122,26,40,190,31,410,58,187,882,403,410,780,54,886,112,158,95,12,50,380,190,118,888,117,26,10,406,283,856,793,340,949,436,26,122,373,6,54,440,86,82,58,105,951,266,182,823,122,150,146,84,366,114,76,889,283,784,796,70,85,22,382,52,378,358,48,188,58,314,10,246,113,26,427,570,18,854,116,779,859,638,120,35,50,114,139,390,83,800,152,60,342,230,58,442,885,154,310,948,90,26,830,14,26,62,492,830,114,117,885,90,54,86,282,380,153,304
869,356,289,267,416,365,417,332,817,466,401,947,320,291,374,869,917,376,953,272,365,357,367,288,325,957,364,420,125,383,258,889,355,931,188,419,273,793,419,353,292,356,329,869,289,329,945,867,869,365,497,266,769,259,329,384,403,363,876,353,347,546,288,421,296,423,844,869,801,549,441,697,356,417,496,403,435,1009,365,365,342,613,305,298,801,333,283,419,365,613,360,356,453,311,484,440,136,365,405,859,227,87,366,346,321,284,351,603,617,417,380,305,357,869,598,257,332,977,333,465,49,350,324,368,365,325,387,358,289,333,993,357,297,921,651,289,2,273,921,357,549,295,297,641,96,583,368,599,305,836
779,6,128,694,164,150,286,150,174,166,326,398,996,806,885,325,291,264,500,502,8,582,3,824,471,702,936,424,150,1010,486,146,684,286,166,608,428,412,414,494,64,404,374,264,798,992,142,406,318,180,464,884,804,98,102,484,77,262,86,502,932,410,1014,116,455,142,934,364,70,430,451,677,798,270,686,826,451,310,502,32,462,368,936,495,423,370,5,352,440,350,608,1012,414,336,415,86,328,468,52,342,267,286,502,470,942,6,134,473,886,150,468,600,452,501,390,812,608,70,181,534,164,686,549,358,478,470,312,246,372,318,466,374,420,451,670,392,447,212,182,38,431,769,958,286,504,159,410,110,150,152
577,234,400,174,813,418,872,722,958,906,450,682,184,1009,374,450,686,314,266,450,994,258,906,610,306,184,180,232,50,162,1005,490,688,866,944,714,548,722,224,514,684,892,216,708,400,8,148,698,386,682,708,314,714,1002,22,142,185,374,226,530,442,170,98,466,738,362,68,252,994,688,314,156,868,26,562,828,764,498,402,1020,267,480,61,426,212,398,208,130,450,578,69,282,568,514,230,257,180,702,70,378,752,432,136,218,566,266,738,71,194,148,24,708,226,154,612,680,166,210,676,408,682,992,498,542,796,134,610,962,696,776,98,244,642,760,314,918,328,762,938,500,758,650,372,320,966,362,765,830,360,888
528,505,799,848,520,283,832,915,912,418,496,504,418,25,346,419,216,11,450,535,416,472,788,276,565,30,298,383,227,11,852,477,12,422,205,880,861,490,507,299,815,9,49,362,272,35,642,288,392,968,83,478,986,542,805,466,30,488,87,802,344,187,639,40,27,362,11,1013,302,330,274,354,285,768,998,963,920,540,467,35,835,953,523,563,1015,556,281,522,60,422,295,585,532,24,537,331,670,358,843,477,542,936,223,294,50,495,804,874,338,227,258,216,523,262,6,466,372,10,643,27,336,20,291,976,283,482,426,802,42,239,522,516,474,664,355,360,426,525,110,211,60,440,809,339,905,63,600,440,291,418
933,229,276,851,492,607,811,493,198,381,163,351,321,244,99,492,234,344,141,165,181,83,356,417,996,173,170,717,151,235,461,146,101,979,27,377,364,157,147,213,147,844,285,245,82,343,535,831,149,362,181,875,119,221,479,285,82,347,151,467,698,223,147,220,147,157,100,550,128,355,175,295,208,283,301,344,231,854,379,85,362,356,219,419,223,309,223,347,221,321,356,402,736,373,346,611,291,282,611,68,378,163,171,21,315,364,216,973,147,393,256,983,452,476,147,99,39,813,83,357,341,492,808,407,329,83,339,211,149,171,223,172,287,481,501,193,467,117,430,711,321,45,291,379,525,2,340,119,157,1003
48,782,571,632,518,944,838,858,568,778,1006,816,846,784,513,699,938,953,642,607,675,959,713,810,691,802,315,844,244,754,916,811,710,940,431,882,300,531,632,818,512,954,672,784,889,247,880,924,944,728,505,816,762,37,641,956,664,528,818,992,530,710,826,302,199,903,532,275,752,189,890,1019,828,936,845,948,763,371,618,186,890,680,923,755,949,927,976,826,1008,913,632,974,776,858,736,712,950,857,532,856,3,888,948,547,752,494,975,328,38,648,842,627,816,528,725,548,768,244,968,822,65,776,328,1019,768,634,440,986,834,546,851,514,1015,475,782,884,1011,696,48,60,888,1016,974,520,710,530,530,584,952,942
24,12,576,406,106,228,940,340,912,606,158,594,350,478,225,126,614,170,350,990,4,22,260,596,938,360,86,86,414,32,350,196,50,93,362,572,118,504,132,362,504,14,878,138,900,980,62,476,59,676,132,420,532,74,996,138,658,34,750,95,50,314,126,878,726,146,452,546,532,706,436,912,58,340,986,354,28,138,20,366,258,66,748,530,52,622,82,588,832,10,878,321,132,333,698,436,134,690,468,549,366,628,350,176,394,616,530,584,346,717,76,275,222,612,6,940,30,916,4,328,910,380,542,147,186,2,556,434,114,108,110,251,396,20,2,12,98,90,110,18,676,146,458,71,508,420,30,204,714,970
482,264,454,898,88,434,392,64,449,778,634,944,668,760,880,254,426,751,912,64,426,213,320,486,352,374,316,444,336,900,229,936,953,326,994,414,194,438,614,828,454,795,14,434,640,336,870,502,164,362,354,438,125,308,336,402,274,296,498,246,356,280,952,396,71,930,885,334,440,240,270,93,130,393,454,295,56,243,360,682,264,886,368,356,186,170,99,262,398,372,112,630,199,0,354,440,72,448,8,422,106,70,586,392,372,315,142,142,454,1008,6,568,192,200,686,932,696,326,751,9,992,267,265,749,804,241,924,568,890,70,64,338,553,1022,418,444,680,892,155,300,390,437,994,56,500,426,182,104,948,154
660,778,444,226,666,933,187,227,760,294,469,750,925,997,547,676,307,740,940,211,885,737,745,724,925,229,538,245,869,721,395,755,793,723,601,740,741,812,208,733,704,699,925,733,469,211,741,274,685,729,732,955,213,721,797,940,812,676,762,725,704,653,779,221,924,723,981,985,621,219,836,853,861,733,704,701,741,684,885,733,723,493,243,173,741,921,211,558,959,163,667,729,725,686,725,908,162,813,677,648,429,723,915,183,664,444,705,173,940,958,285,185,659,739,924,857,678,725,795,705,605,741,705,685,212,661,728,925,1005,685,925,549,740,861,683,167,39,641,677,661,780,759,677,813,722,357,725,301,685,447
684,843,721,304,848,104,993,238,467,984,992,652,478,936,855,806,446,1003,190,304,790,872,990,671,864,807,854,373,664,755,652,306,383,967,865,580,938,720,784,877,476,208,736,926,224,544,220,899,745,361,464,214,996,926,992,670,368,813,105,598,283,246,740,128,534,494,104,726,652,518,710,720,288,678,923,873,768,1001,363,12,866,998,888,708,854,1010,906,745,222,739,585,662,744,224,696,580,736,855,987,720,217,744,247,708,297,580,656,510,752,880,875,478,742,810,425,510,511,350,557,744,773,994,160,678,145,1014,665,672,1011,976,721,214,662,1022,721,113,670,680,191,736,639,233,576,999,760,593,502,440,506,186
381,49,90,367,54,257,967,207,335,157,781,164,292,363,627,391,463,55,503,247,503,84,981,473,767,305,183,849,255,335,894,763,763,151,971,495,631,714,257,383,143,279,135,439,55,257,255,627,951,167,509,1023,389,814,103,183,383,973,141,211,847,73,382,20,67,873,711,511,457,382,207,129,1001,461,1005,391,277,23,333,304,461,935,817,183,135,19,439,843,89,351,13,476,84,133,565,131,263,489,1001,406,380,929,228,703,213,896,767,247,19,244,973,193,276,201,181,847,519,1021,514,55,561,55,351,31,971,476,898,457,231,257,73,644,463,741,1007,256,872,51,835,1007,769,383,625,247,389,101,31,775,505,861
3,349,851,412,453,84,76,64,320,255,324,412,379,119,404,335,324,234,579,704,476,325,196,462,855,71,84,76,463,75,208,3,878,327,410,108,27,396,988,201,903,91,75,387,203,875,476,883,197,324,415,412,500,331,316,327,4,867,444,386,29,180,463,811,125,123,516,71,235,4,507,524,68,964,95,969,715,348,452,89,385,207,22,274,131,263,4,524,764,733,75,203,3,124,540,512,902,47,987,443,780,332,431,137,236,636,408,208,396,783,3,672,898,122,787,499,506,588,125,16,307,60,526,412,411,452,4,358,11,395,415,900,87,443,62,527,59,16,396,571,513,62,835,635,315,396,312,860,783,207
792,332,662,303,217,606,131,526,263,977,1010,91,936,773,275,64,943,23,816,976,671,986,287,797,1007,537,704,212,959,623,712,627,467,988,266,539,73,840,218,88,211,983,604,985,467,215,712,606,861,271,84,48,11,797,273,16,980,867,8,816,493,856,216,79,872,607,989,539,256,987,319,587,844,723,467,209,93,713,621,723,1003,107,977,1003,999,583,920,991,872,995,75,542,7,920,330,721,989,408,808,473,331,819,92,849,785,213,791,967,799,779,833,536,211,777,960,923,333,831,336,904,600,11,996,67,843,215,655,664,8,583,18,780,328,975,8,473,475,727,215,543,721,405,535,584,976,976,768,64,843,984
126,881,42,847,702,737,233,958,113,782,238,78,937,984,122,937,726,809,873,961,252,1020,966,857,102,613,225,124,952,1020,830,454,888,119,737,761,602,894,895,81,995,889,127,238,866,752,713,698,873,706,906,232,737,844,127,635,114,102,941,78,770,1014,985,243,738,835,891,937,828,354,894,790,89,894,842,25,225,889,993,172,636,170,761,1001,958,222,626,578,862,988,872,233,894,953,870,978,758,169,685,890,894,845,829,717,178,230,797,825,84,97,623,993,174,868,892,179,628,121,825,126,201,74,894,638,620,742,163,366,113,85,940,889,964,758,1021,253,782,840,841,889,889,958,992,844,953,382,92,710,742,100
835,839,326,914,655,195,82,519,356,843,992,193,327,593,3,3,17,553,192,386,241,81,833,839,905,21,910,900,320,155,134,338,278,391,179,967,832,195,707,909,899,723,711,945,196,327,85,848,648,647,5,51,965,641,195,195,66,562,195,8,578,241,883,839,167,65,900,999,327,321,711,112,672,721,431,49,131,835,833,903,963,227,151,405,516,725,807,899,135,327,845,69,195,835,961,192,653,789,193,66,64,215,578,848,835,779,835,641,321,839,897,326,416,963,193,839,195,55,769,652,334,284,509,857,450,147,833,769,837,881,662,193,897,643,131,192,612,534,905,14,765,898,135,851,9,599,196,129,762,223
898,464,396,646,190,206,746,75,268,71,458,458,577,616,377,471,604,266,769,65,66,464,577,305,227,438,625,321,586,874,139,839,582,776,459,595,472,585,377,472,330,1,65,874,258,454,73,177,64,101,580,468,65,114,329,267,585,239,638,65,209,71,73,513,143,333,204,984,793,328,100,705,803,5,393,329,783,70,703,722,987,394,905,465,30,1009,108,349,345,889,75,273,399,1016,506,371,135,4,66,106,833,204,892,966,73,102,945,833,127,577,778,590,65,445,201,881,462,10,129,440,843,337,492,73,324,129,860,779,64,65,7,462,505,449,100,139,396,123,753,452,349,978,466,899,137,385,890,65,71,4
503,790,871,823,839,326,176,768,793,878,304,864,245,420,839,835,855,772,119,598,824,607,414,211,561,400,800,695,790,215,195,775,23,615,167,596,322,835,80,648,816,851,135,886,340,999,647,338,839,335,408,846,208,595,180,951,736,208,32,830,696,855,183,182,71,71,855,1015,855,20,534,916,151,103,50,608,688,247,119,503,910,87,839,528,880,183,56,135,177,771,215,407,183,371,195,852,199,472,151,340,503,880,479,435,371,456,342,679,532,1015,697,439,55,7,192,870,326,492,667,858,775,151,162,55,967,775,676,368,539,64,584,951,30,503,700,792,207,632,833,153,433,278,787,835,224,791,436,512,784,216
668,8,447,629,500,529,602,602,505,125,486,1013,795,664,1016,282,754,618,753,970,506,662,282,843,594,413,929,841,90,538,613,802,541,411,978,229,676,341,749,482,482,531,509,605,411,147,633,154,402,730,313,625,475,747,506,601,91,419,629,101,379,607,511,749,225,426,481,508,528,377,633,106,617,170,633,405,505,537,11,59,725,427,914,45,158,437,634,402,98,1010,18,712,1003,777,475,467,248,477,843,925,914,632,625,635,98,240,585,376,627,770,98,121,659,410,224,667,584,269,227,561,482,685,477,415,739,617,371,621,251,733,107,662,440,62,442,826,482,482,123,97,405,509,378,545,635,499,442,445,26,490
306,624,380,726,756,244,736,711,624,883,512,884,971,764,496,772,627,1012,724,756,363,758,118,884,311,608,595,963,837,755,759,820,996,884,567,759,198,884,740,838,887,51,307,628,849,967,306,246,498,1011,244,242,1008,996,871,245,711,978,836,182,883,1012,624,100,627,883,1014,736,999,183,1015,1013,1014,1015,559,884,698,948,307,500,755,977,995,759,884,567,103,439,230,203,692,585,628,1008,403,442,759,563,886,371,150,716,631,756,656,660,755,759,409,628,692,740,820,620,242,742,245,757,418,880,500,150,54,561,869,244,179,628,758,1015,23,503,235,708,359,628,759,76,627,107,756,48,608,326,759,759,880,759,630,755
30,222,798,858,510,894,411,989,685,418,426,381,682,95,525,458,878,78,893,360,349,63,666,414,508,29,430,440,650,40,576,541,319,442,392,941,408,857,859,389,441,207,699,410,490,109,684,90,408,5,491,603,14,104,173,26,829,862,414,425,200,858,457,477,830,111,397,45,30,798,510,200,93,413,108,29,110,382,680,425,362,152,249,94,34,109,88,106,46,425,11,41,158,798,438,446,111,77,30,405,94,696,410,872,619,862,412,94,104,1021,30,446,47,254,92,427,414,61,46,862,122,652,438,314,8,50,989,508,541,905,629,121,639,29,909,686,110,622,47,446,424,510,96,94,222,110,431,650,56,74
250,566,116,722,565,614,64,48,592,438,930,410,752,964,116,240,980,630,886,1022,1014,368,178,240,89,256,145,243,722,278,566,892,372,68,160,930,117,305,310,754,628,53,1008,680,112,1010,0,404,116,1012,946,340,1016,918,22,951,950,614,120,960,697,82,946,208,948,118,163,596,88,566,287,22,356,630,464,277,964,928,466,309,630,941,292,120,501,494,324,248,442,982,112,931,1012,872,630,630,118,884,946,438,628,1020,998,930,1012,689,34,175,434,419,964,914,118,22,982,180,630,918,512,342,896,60,1009,39,242,564,638,113,44,756,54,240,1004,502,944,84,913,118,694,930,80,556,242,926,628,912,630,946,637,54
778,986,53,173,675,578,711,466,223,836,974,993,711,595,945,190,862,161,937,339,450,135,88,234,641,994,248,577,1004,705,175,456,553,781,782,481,805,894,581,884,896,182,730,961,813,481,568,738,161,169,801,738,690,909,817,707,737,651,862,972,998,458,322,722,987,167,864,841,741,263,907,750,961,713,466,817,978,707,82,783,655,768,133,771,402,458,734,783,726,161,704,781,143,781,737,204,397,602,769,769,781,731,522,706,778,871,198,525,760,858,946,215,673,730,323,281,385,622,815,641,613,196,805,773,169,643,862,931,716,262,846,202,608,611,803,160,129,807,551,838,601,897,410,161,519,839,251,334,745,299
893,223,841,275,79,919,7,210,94,3,771,470,655,724,129,790,260,412,143,471,465,15,835,413,601,68,399,141,835,75,448,575,72,881,469,602,477,83,193,850,420,671,578,139,3,473,208,651,501,67,210,649,861,267,837,851,95,284,845,523,117,981,351,95,417,725,799,251,206,156,512,850,29,391,804,247,391,781,881,776,799,388,834,630,981,468,904,129,95,325,135,30,607,455,107,848,618,65,797,211,397,780,775,379,707,478,844,894,1,51,155,468,783,20,135,47,813,7,388,219,146,799,452,125,863,125,163,469,508,773,771,85,337,880,395,509,477,849,143,287,195,239,29,198,794,789,202,468,1018,789
308,108,528,2,277,486,311,97,480,614,11,258,353,481,935,480,427,466,504,430,836,933,113,1009,467,387,387,50,416,364,449,753,386,80,935,226,265,395,997,737,101,416,100,549,35,418,387,289,188,385,353,160,165,524,481,291,43,101,113,499,737,481,547,497,500,481,114,113,417,101,228,449,167,5,625,96,54,1,112,97,704,387,389,481,118,899,403,418,397,154,329,481,64,419,637,35,417,400,865,497,357,682,16,417,163,314,934,449,997,466,575,39,453,551,128,418,498,418,723,387,449,419,997,38,101,512,227,225,449,435,51,434,418,546,630,449,705,35,440,805,240,618,225,232,419,992,431,419,480,483
205,741,698,243,965,791,743,868,729,134,237,197,230,220,356,359,822,223,865,894,197,645,291,611,134,135,990,998,646,367,463,452,694,151,502,230,742,201,849,166,197,560,901,755,182,679,260,990,934,944,237,738,321,149,182,261,995,678,674,733,917,373,579,293,96,277,294,293,57,311,231,231,205,228,244,897,219,133,50,855,166,739,649,196,997,133,752,933,645,365,87,232,870,871,996,512,65,366,1005,149,326,950,969,262,263,576,654,166,210,50,134,310,212,196,228,326,34,595,150,217,736,740,316,704,865,247,814,164,742,89,501,664,691,230,236,227,134,245,733,320,326,707,356,182,326,160,618,245,682,356
176,242,629,416,52,114,68,882,456,510,4,816,564,114,388,384,202,48,444,100,150,119,432,516,768,430,300,497,829,52,104,256,440,630,82,564,504,48,1004,429,564,52,100,118,434,778,118,498,374,470,624,66,436,498,829,518,160,628,844,436,278,768,260,328,800,292,32,772,1018,438,60,242,112,502,944,954,436,544,502,52,164,564,917,60,420,500,249,118,242,176,106,396,150,820,816,36,48,36,540,420,53,496,242,608,54,882,929,881,560,1014,36,102,498,56,52,100,500,828,36,180,52,932,952,36,436,118,52,504,114,54,258,60,564,36,482,560,484,432,582,956,240,554,48,374,52,114,560,948,682,432
487,454,274,102,278,659,391,275,23,261,403,51,35,898,977,390,35,303,103,407,403,37,609,247,261,55,273,68,751,275,137,402,482,423,281,646,403,53,158,929,486,451,997,471,641,337,650,101,353,167,323,99,535,325,488,933,932,299,478,138,337,236,352,836,547,357,163,231,418,159,531,325,274,451,449,39,498,318,19,918,128,448,97,1,791,922,482,918,228,39,451,451,165,950,97,267,551,47,231,683,123,973,183,790,179,803,37,359,711,55,391,325,119,90,239,885,230,325,919,433,229,320,279,865,677,465,386,679,503,19,550,647,400,391,199,228,199,230,39,101,101,230,307,39,588,417,485,151,193,236
1009,197,84,431,735,447,777,738,732,771,775,165,143,881,865,643,699,650,778,827,754,249,113,130,811,2,811,771,53,59,178,1011,683,782,771,213,165,135,891,10,887,267,139,241,851,138,680,211,151,651,866,310,247,895,371,315,761,193,841,553,840,629,690,993,655,493,899,981,683,855,135,847,802,737,650,823,493,898,1011,253,101,742,299,690,803,809,881,105,915,339,105,307,50,131,601,779,141,650,554,771,654,869,651,810,920,770,132,686,467,199,729,237,63,257,819,172,212,306,715,826,1011,769,167,881,138,593,267,654,427,179,178,367,728,630,823,761,642,842,803,186,625,439,186,550,613,643,113,156,34,849
609,577,625,947,273,945,673,625,627,419,625,417,247,823,419,817,381,195,247,444,245,819,547,183,882,817,1009,51,637,101,825,803,659,563,753,753,499,736,53,809,609,497,737,931,752,753,241,851,625,878,865,625,609,33,112,499,759,741,675,819,359,497,419,483,1009,881,419,801,162,555,881,547,1015,643,896,497,368,1011,289,832,823,891,629,707,695,753,674,133,526,675,1011,615,167,691,633,993,738,755,315,753,695,675,755,183,579,801,417,183,705,673,739,802,679,818,995,625,567,635,816,819,119,802,737,745,833,823,947,757,609,753,889,65,547,723,881,931,807,243,551,799,241,241,531,55,629,627,707,743,883,674
264,684,719,524,187,904,568,400,536,719,757,250,267,194,376,766,266,415,460,832,780,938,313,58,123,920,719,152,660,24,381,266,863,879,296,909,137,185,638,74,155,378,529,851,27,652,74,854,1019,218,33,334,118,521,283,442,457,760,622,347,570,604,253,717,982,74,602,668,24,380,716,29,760,335,121,264,652,444,346,346,895,735,890,90,776,306,772,308,875,363,571,207,297,91,1001,906,459,378,606,40,759,841,17,360,280,1003,382,749,327,983,576,381,266,122,592,572,123,67,315,730,713,651,91,347,770,312,319,139,376,508,216,690,766,700,567,650,1019,767,598,74,159,600,137,264,286,91,153,72,265,577
413,479,94,67,7,991,9,96,471,478,415,154,480,334,198,261,410,264,164,905,248,462,132,477,139,393,404,460,431,197,390,97,653,399,9,29,406,399,77,394,78,15,495,137,311,479,69,13,429,461,333,930,75,421,118,426,333,477,461,461,78,439,393,353,397,157,393,422,90,128,317,411,342,667,17,494,426,390,493,421,478,11,461,96,351,141,24,482,327,264,494,135,130,517,79,54,285,8,471,471,1007,173,666,29,805,213,461,386,520,461,387,438,294,397,217,455,137,393,510,409,50,460,9,348,479,423,385,13,170,385,146,422,479,862,139,462,97,425,261,457,392,397,221,463,137,142,223,397,236,151
603,674,971,735,667,560,289,963,963,573,694,536,531,899,716,698,808,260,963,673,862,536,901,735,530,833,707,575,707,771,629,728,587,684,514,834,964,670,551,275,747,420,584,996,547,587,934,593,615,771,696,665,867,960,771,678,650,657,957,545,707,191,915,967,838,787,776,585,978,565,677,672,915,962,676,678,704,920,620,636,706,283,572,531,706,591,191,706,484,932,518,648,832,569,548,681,904,678,358,194,927,723,687,899,613,781,643,234,697,798,723,84,775,868,555,791,845,191,667,953,1020,850,679,979,600,695,1008,919,641,707,677,687,643,932,600,935,775,960,718,586,926,935,707,596,667,519,660,706,537,154
109,122,311,397,942,294,621,138,129,395,397,19,466,71,46,130,502,739,54,86,791,576,835,783,405,134,278,488,390,342,120,742,178,225,789,324,10,163,544,81,9,311,138,155,116,563,21,164,44,101,323,66,320,80,195,66,774,15,190,355,126,461,140,707,83,326,94,91,142,109,196,52,9,66,34,193,189,593,71,300,267,163,854,237,17,21,140,179,258,423,53,229,229,198,940,173,171,12,297,1,194,614,791,356,262,134,269,133,14,546,706,339,149,198,260,147,583,130,194,74,66,357,138,433,229,137,394,12,391,339,624,773,21,260,205,13,146,164,329,217,101,303,181,9,262,227,101,98,399,575
440,625,493,338,1012,283,788,494,580,678,891,908,739,755,553,268,791,683,416,947,844,691,547,811,851,393,122,611,418,244,895,717,812,724,845,851,567,815,363,432,791,419,611,739,114,938,627,120,922,276,687,6,954,691,758,141,724,683,864,680,631,811,939,923,833,711,824,696,629,160,842,391,827,619,548,369,675,792,353,513,881,252,973,528,607,772,852,708,600,204,331,622,615,840,818,675,849,828,349,555,628,831,928,881,811,512,848,330,947,755,99,276,679,43,947,863,940,41,371,532,552,867,682,655,833,627,708,751,815,124,739,662,752,808,278,611,203,616,513,868,974,425,815,703,427,867,459,685,842,852
246,129,374,111,322,198,832,357,902,917,71,850,962,358,258,169,126,388,853,801,172,854,109,262,837,572,37,838,317,838,164,849,836,342,873,358,758,869,833,565,470,134,246,726,136,805,708,256,368,356,550,14,246,837,130,793,465,109,98,972,289,182,462,238,53,341,706,849,122,578,830,933,114,118,960,186,358,140,660,614,33,118,373,245,701,39,141,102,310,774,126,358,193,161,173,441,117,421,640,669,797,68,245,39,831,772,332,194,358,582,542,30,78,390,324,294,850,294,822,589,710,760,154,811,392,65,797,211,613,323,16,262,826,153,866,691,165,78,253,341,358,709,786,593,294,10,690,748,422,324
931,249,380,915,948,93,448,522,767,447,520,119,761,972,1019,376,460,552,361,315,1000,34,711,95,31,272,320,400,540,523,671,635,284,36,1000,59,380,719,671,62,708,248,491,378,236,636,444,87,611,476,96,234,507,1015,484,522,792,480,577,964,506,824,530,507,1010,56,988,947,688,164,336,104,376,259,620,811,848,537,571,56,574,550,512,919,827,316,460,607,746,299,667,787,1003,555,888,455,320,640,715,204,935,530,743,946,205,891,435,1016,457,291,669,703,896,995,436,725,183,491,443,1019,107,792,988,535,353,824,876,860,528,504,473,450,956,899,984,363,504,59,363,728,492,512,488,484,571,938,24,456,451,868
583,432,871,952,880,56,598,419,838,864,770,388,848,923,649,386,867,781,215,960,422,392,522,648,971,664,931,992,550,1003,580,780,452,325,971,321,611,456,239,971,959,610,404,597,581,994,803,598,808,775,578,838,997,516,369,736,322,529,327,863,906,546,993,1009,325,963,341,144,944,652,39,643,655,779,416,458,710,894,132,456,652,834,707,932,603,130,904,642,939,271,264,141,773,867,550,867,18,901,394,1008,807,644,326,811,864,679,859,482,400,320,272,408,805,896,356,450,99,902,896,615,383,904,370,580,558,64,976,767,112,617,279,837,433,855,928,838,352,260,302,774,275,791,895,544,440,619,833,817,896,856
954,420,244,500,476,472,511,271,243,500,203,411,511,967,627,316,541,567,77,791,1012,435,148,972,623,445,823,472,372,168,157,479,920,631,343,560,408,318,463,328,424,164,472,191,533,246,447,569,900,370,176,925,503,328,303,375,336,991,117,508,460,127,492,427,119,799,1016,379,503,756,511,991,982,344,511,920,571,599,207,508,454,823,492,1012,479,410,63,983,500,861,496,291,392,927,987,208,338,183,691,407,172,443,815,303,487,552,184,607,391,87,463,271,919,984,543,223,723,1015,503,516,732,568,509,220,473,247,990,525,479,375,108,495,460,279,983,463,252,475,983,440,256,403,924,447,284,839,823,471,356,253
1004,754,657,557,658,995,831,994,512,821,945,817,672,765,886,291,556,571,962,325,545,683,741,615,956,758,870,975,782,514,290,181,76,602,359,1022,884,657,702,158,1011,556,676,381,69,768,502,818,885,259,658,984,246,837,495,702,663,429,573,749,741,629,749,559,574,269,575,569,1023,259,641,557,405,869,561,757,657,543,311,774,319,815,797,129,681,887,1005,869,694,697,767,429,304,821,573,295,567,695,868,320,575,681,615,629,659,713,691,589,889,664,569,629,695,557,536,661,71,869,61,179,513,908,572,295,656,1001,541,597,85,776,823,575,630,821,886,561,982,283,592,736,534,959,773,551,703,745,817,87,533,641
908,333,194,230,81,153,518,229,981,182,317,194,466,154,209,209,918,374,206,661,245,208,218,979,182,176,159,206,113,498,208,242,217,246,46,52,214,478,86,222,370,818,182,154,253,234,478,265,10,222,254,343,194,354,221,537,509,234,165,734,21,221,190,662,757,208,337,588,485,758,245,219,102,50,209,351,189,354,154,245,977,246,158,218,209,218,732,314,236,117,245,720,193,149,1006,510,454,925,127,324,214,238,246,250,226,722,221,189,192,284,985,247,246,246,446,190,358,770,244,818,373,310,218,922,244,661,159,158,966,277,221,710,289,190,410,245,801,190,194,246,194,210,183,211,182,217,118,190,137,80
584,408,907,533,493,909,725,690,939,609,48,213,789,661,272,241,555,1001,80,169,660,533,517,652,904,812,964,446,216,715,43,59,514,648,1000,522,687,6,640,359,670,512,545,533,896,407,1023,689,418,916,933,658,781,661,690,524,727,596,663,392,635,392,598,939,165,493,217,918,1005,531,984,152,1,213,554,127,545,930,924,536,442,599,147,131,1006,883,604,965,156,151,905,648,56,421,947,522,901,291,676,569,87,208,717,935,152,522,690,575,621,737,545,813,901,43,802,923,829,947,535,915,45,546,700,602,773,776,404,584,167,573,941,8,703,937,900,525,150,315,557,557,138,461,530,941,1005,908,60,570,660,61
135,460,720,999,329,708,376,999,1002,757,885,353,201,566,326,70,5,744,684,689,966,46,731,743,235,118,105,710,710,183,1010,266,560,574,362,228,455,447,603,856,710,642,415,1016,456,199,321,745,731,747,966,731,345,728,862,839,746,603,736,694,638,713,219,991,666,792,619,952,585,972,87,895,240,193,184,716,972,343,342,196,254,991,735,839,673,964,713,690,268,713,749,710,203,336,996,646,475,966,525,966,360,718,729,511,158,691,347,981,603,336,539,985,607,233,198,27,713,714,728,718,63,708,886,960,780,681,735,393,198,864,969,743,642,326,200,143,1014,559,204,987,1000,233,855,974,665,1002,1014,207,567,246
571,956,782,745,890,502,531,105,851,924,556,913,430,400,359,835,554,542,899,950,756,954,907,253,262,787,916,911,950,700,888,899,786,426,881,124,84,796,592,566,944,532,898,854,516,522,818,619,899,939,22,643,873,56,899,906,970,834,924,920,41,937,521,549,938,914,932,874,340,465,635,394,540,905,332,946,363,899,455,833,534,408,673,816,855,540,939,919,766,975,830,578,902,988,231,2,10,316,691,805,939,514,957,881,830,522,910,918,560,547,963,776,942,74,902,400,613,540,937,950,514,795,867,252,440,531,988,410,555,380,534,625,923,902,915,858,862,450,933,386,909,612,811,330,550,910,336,922,881,211
565,941,742,677,59,959,302,952,335,672,424,952,465,657,408,504,992,551,121,495,825,522,573,445,999,950,561,376,294,569,77,331,880,505,336,715,769,903,449,948,461,272,899,613,117,283,387,713,509,393,921,952,228,950,659,436,285,563,756,317,956,617,766,903,127,500,921,549,327,418,471,466,626,469,325,957,93,299,707,636,926,320,849,277,96,720,342,735,857,936,301,867,317,875,67,707,874,537,484,935,869,935,289,568,463,265,897,376,281,292,421,512,209,935,290,942,88,79,693,81,295,956,393,379,857,935,832,489,468,589,439,491,601,368,256,455,125,108,591,898,335,57,508,495,496,943,615,244,832,308
848,6,965,377,430,468,964,438,992,905,997,420,431,83,84,429,932,327,406,647,952,708,327,86,102,127,1023,446,84,705,465,787,843,902,711,664,896,504,903,918,949,885,903,1017,807,980,903,14,425,918,331,631,440,900,510,389,969,374,787,619,502,982,964,340,807,394,2,918,933,967,382,1008,868,337,962,416,988,499,773,434,316,303,470,1010,342,357,914,101,583,438,950,920,486,776,326,80,914,502,8,41,425,95,714,452,1012,230,990,427,548,754,56,325,932,47,75,437,1015,950,2,489,458,369,947,428,952,918,224,85,1010,710,941,100,376,326,967,315,54,41,105,854,944,16,327,30,422,927,432,849,586,44
987,431,678,769,945,550,954,422,830,486,196,536,971,829,970,648,38,205,710,992,281,924,397,797,1007,936,521,915,517,550,395,709,783,1019,463,985,709,137,564,422,219,294,217,742,731,442,220,340,523,444,1003,462,942,991,713,544,461,288,924,409,744,973,494,825,424,550,1000,412,434,829,457,267,572,660,773,411,367,985,601,1020,581,544,657,971,510,828,954,281,969,508,276,170,1019,166,598,1006,627,995,872,818,988,971,382,388,538,988,988,563,573,326,409,973,867,665,520,567,572,522,992,973,560,449,63,601,683,97,418,523,995,921,717,573,428,793,269,739,818,439,409,281,286,965,909,985,291,782,156,964,10,717
383,499,274,27,96,490,17,5,717,10,291,315,428,58,42,387,418,426,342,262,95,263,59,129,1010,365,9,352,266,442,470,423,160,635,88,284,77,280,634,274,75,154,735,458,12,299,191,791,717,479,108,538,391,391,99,263,605,3,454,59,370,819,301,387,429,357,351,11,444,386,959,480,101,578,525,119,649,122,31,225,12,995,65,10,26,210,114,15,111,483,30,279,466,109,458,979,9,60,346,883,48,263,395,74,50,59,455,5,531,499,823,834,18,47,295,567,417,429,607,626,321,365,854,535,350,858,693,122,219,26,90,50,107,418,223,71,406,292,74,263,332,346,798,265,617,2,370,20,517,402
932,494,273,608,552,556,882,371,965,586,761,962,574,638,627,459,891,992,638,740,86,877,599,530,625,87,100,348,845,517,775,332,445,75,855,861,873,133,123,82,536,331,710,711,1020,84,576,228,76,1008,621,845,331,199,123,490,234,962,781,845,844,961,933,96,791,45,511,855,82,885,877,375,837,352,407,215,277,1004,453,628,545,472,360,78,186,65,555,577,508,71,859,111,261,908,93,32,676,425,657,1019,996,583,849,250,833,714,622,960,93,856,122,341,211,781,508,250,591,613,440,890,572,186,116,216,845,1018,115,731,356,864,240,887,844,1,479,859,868,630,186,444,317,519,877,585,184,127,405,800,988,588
420,971,369,662,964,438,1,53,1001,55,694,169,602,802,212,681,232,628,647,90,441,17,885,320,1019,189,283,265,864,972,631,694,355,136,103,846,41,987,912,974,54,521,90,841,433,88,695,580,64,896,769,546,642,79,464,81,22,676,236,730,324,292,500,43,1015,88,870,353,374,755,602,339,425,53,16,164,871,874,484,418,989,756,770,1009,534,414,694,804,939,763,968,551,743,1009,753,295,41,264,502,218,5,241,899,600,166,203,753,330,1010,225,934,758,742,364,973,235,580,167,52,292,132,1014,615,999,330,740,200,241,251,672,980,241,502,39,740,767,961,166,962,606,291,982,249,117,621,53,919,52,738,961
49,621,734,574,693,33,106,9,417,377,446,352,69,462,640,518,544,653,574,689,319,848,766,496,928,166,377,0,377,27,22,412,674,560,639,725,164,187,376,441,568,518,732,272,759,140,158,52,123,640,614,62,33,646,22,6,620,180,513,472,94,647,738,510,512,352,62,888,190,181,400,591,606,442,329,382,616,710,177,512,630,581,630,581,552,673,638,517,526,70,440,822,408,766,718,740,179,718,62,598,498,606,688,661,614,254,132,433,1022,875,550,678,30,604,646,872,944,156,606,152,622,740,440,670,177,348,942,1000,152,637,128,69,742,606,766,672,750,356,761,416,512,624,632,513,581,30,360,617,633,370
417,401,851,884,429,766,419,505,53,914,885,746,259,498,951,509,327,992,474,317,860,747,481,495,451,466,963,706,431,232,741,439,403,82,399,994,694,1016,446,999,493,502,763,259,438,480,166,218,244,322,635,866,498,889,869,471,1003,752,955,744,678,507,511,472,750,921,383,313,474,243,487,139,179,309,980,417,999,415,757,387,137,747,395,509,418,830,962,925,251,253,993,992,730,325,501,406,966,304,410,763,452,759,163,739,507,339,477,288,809,403,754,489,434,1003,481,303,447,445,965,400,904,477,930,502,189,299,191,763,347,845,800,812,969,1013,385,967,743,509,994,248,1003,472,503,295,739,258,282,423,465,438
33,265,549,28,9,593,302,584,618,681,173,561,265,45,998,394,825,54,46,296,169,37,350,172,865,751,878,49,33,601,325,50,462,616,615,101,303,549,873,686,302,814,13,622,103,41,282,530,520,46,620,97,599,40,870,617,297,107,929,638,360,201,366,311,47,620,577,113,23,45,618,622,817,33,649,553,751,303,41,577,77,113,45,297,42,529,559,301,731,10,7,633,516,678,113,366,193,345,9,809,41,601,522,622,296,583,266,842,733,45,367,591,265,557,609,15,633,39,582,29,110,992,553,685,557,513,14,115,545,133,106,417,577,522,558,281,551,559,103,361,301,40,622,143,265,32,77,744,353,102
527,813,554,673,929,645,607,733,175,569,858,793,930,1000,929,393,234,554,463,256,951,762,735,193,664,886,826,799,299,649,233,937,225,735,970,913,954,568,946,194,541,987,953,763,937,968,921,731,960,665,402,696,269,595,923,577,393,760,841,919,938,539,907,670,413,25,669,967,681,521,91,921,866,57,296,501,412,909,665,469,949,799,524,936,975,196,175,490,89,73,794,819,909,397,521,569,917,761,714,906,714,745,777,964,68,941,175,555,524,794,397,281,553,540,730,725,918,522,425,698,683,809,874,921,591,608,745,944,97,538,281,218,840,730,846,83,543,917,543,234,936,943,1002,845,477,489,963,521,925,200
346,590,841,784,200,104,430,296,6,278,328,776,790,382,792,838,782,545,14,872,248,506,369,779,224,776,107,14,203,400,298,712,976,425,874,264,366,8,70,8,94,88,281,504,784,846,361,367,104,75,88,576,88,534,281,800,63,556,344,625,56,590,783,782,126,734,874,542,232,388,432,8,522,74,840,312,608,113,200,591,368,741,376,824,568,776,40,360,17,14,264,592,262,376,272,586,88,74,104,74,134,40,108,568,342,880,104,256,193,1022,585,251,540,8,608,776,26,619,26,565,16,72,888,872,600,776,75,610,324,374,8,14,62,79,822,56,809,778,120,587,872,590,120,78,146,844,808,275,590,624
135,235,194,455,384,239,249,737,113,249,502,151,510,158,97,1010,249,103,64,241,961,193,174,28,199,646,667,141,727,248,697,1022,224,879,169,863,193,177,255,116,245,670,569,528,195,249,671,517,995,230,666,464,225,651,97,384,158,198,676,142,674,135,375,129,161,249,102,225,130,994,677,230,953,91,992,578,498,896,935,153,1011,217,225,225,1003,671,473,980,153,113,113,121,546,233,250,96,118,201,150,158,613,121,135,683,999,409,569,197,225,236,247,652,89,583,473,241,159,129,113,153,240,225,229,199,222,921,225,193,248,673,703,681,185,193,246,639,193,847,641,143,230,57,502,129,249,230,848,198,65,230
82,107,714,386,156,139,155,315,265,301,834,267,156,168,210,139,395,56,154,27,130,57,267,155,682,157,147,27,3,771,899,11,348,155,232,250,557,531,67,4,195,27,744,155,824,202,114,1009,859,156,91,155,26,24,406,339,43,467,405,155,155,166,253,154,155,540,634,296,120,787,129,861,283,156,27,776,27,762,163,139,348,699,223,779,907,11,923,233,524,157,155,155,155,312,26,13,29,139,42,42,129,28,189,588,170,357,141,276,100,403,213,700,148,284,184,154,154,283,645,155,116,381,147,226,186,211,171,763,859,295,945,979,603,26,314,274,155,283,413,794,653,40,859,851,28,301,602,234,981,155
237,568,551,682,194,613,761,73,637,187,207,616,639,767,769,371,127,359,44,536,225,231,231,636,82,311,39,643,680,103,328,666,255,623,731,511,67,696,111,743,487,222,615,673,360,740,911,617,513,619,639,823,325,254,497,73,375,536,127,449,618,808,369,243,32,247,631,575,697,247,615,17,706,761,344,248,494,559,702,97,993,495,586,879,249,134,638,118,383,639,635,254,641,96,202,353,249,766,211,590,486,622,761,799,766,472,697,549,359,667,191,607,608,77,760,97,480,635,617,327,767,947,961,65,633,217,95,736,99,318,224,639,97,14,217,217,543,63,817,255,675,819,408,263,379,615,255,98,697,369
666,66,173,198,568,550,723,250,562,998,1020,400,720,709,601,686,752,258,582,798,66,570,773,666,198,797,194,646,264,80,250,446,249,110,562,317,514,728,764,98,922,82,94,710,646,722,6,752,660,626,220,578,70,24,694,562,771,727,925,797,725,606,724,720,730,756,562,105,628,494,646,154,519,438,706,403,192,45,854,514,762,694,565,670,2,999,514,0,756,722,252,454,646,721,514,14,514,70,726,514,838,589,580,594,571,142,754,566,198,726,68,598,782,498,574,23,564,198,630,231,895,282,546,66,85,219,722,542,770,50,81,570,514,518,70,245,759,102,672,1022,598,546,94,798,710,664,586,792,515,514
870,957,95,4,751,504,354,484,407,282,471,356,609,504,245,110,308,756,920,100,1004,124,430,97,484,354,387,820,356,738,505,412,408,1007,292,100,228,864,154,388,75,201,378,864,226,483,170,107,1019,782,196,303,439,872,996,282,482,423,922,507,242,906,114,866,370,434,378,1007,292,713,160,71,988,378,792,811,114,290,884,266,244,352,477,52,354,384,176,162,228,380,244,227,811,434,508,420,360,420,378,866,508,196,50,876,730,387,356,496,860,840,468,309,490,2,780,52,370,827,292,272,114,494,280,363,653,827,123,867,382,909,166,998,864,975,876,507,50,1020,59,266,356,277,420,416,28,834,135,518,294,349
710,214,422,351,454,478,811,966,714,326,550,70,470,774,963,474,486,322,552,265,446,422,346,487,454,969,350,971,342,486,870,714,967,809,299,495,846,960,476,474,471,507,98,190,686,422,455,966,470,966,454,462,1015,506,987,486,288,1002,448,584,422,870,858,459,198,455,462,432,499,106,459,485,398,474,454,446,480,334,614,1007,506,632,298,856,207,298,474,474,462,960,452,507,298,470,378,1014,506,502,728,858,448,440,972,417,952,706,958,479,302,958,710,462,1018,606,460,903,997,51,470,282,330,550,454,456,447,345,424,550,444,480,461,862,710,987,457,954,718,462,296,458,289,202,842,967,478,478,986,350,392,222
169,541,55,529,82,629,761,536,69,657,628,569,337,653,131,661,285,672,661,533,273,145,273,272,240,949,560,665,148,540,425,272,632,521,3,107,125,278,621,20,401,537,665,9,683,717,813,245,84,37,148,565,653,156,1007,753,681,665,523,381,301,381,221,532,649,144,17,666,537,41,10,631,641,753,749,491,281,641,117,557,653,761,725,285,660,715,277,89,25,552,808,21,757,660,595,789,536,635,282,20,273,273,26,688,173,416,152,20,149,45,144,949,155,27,96,8,19,785,665,9,157,729,276,53,793,26,673,240,1004,669,721,569,652,657,660,581,661,972,133,640,531,656,1012,880,689,533,797,149,613,541
270,827,280,189,89,479,382,1018,799,383,364,254,892,1005,413,324,380,268,437,893,191,297,350,335,253,315,366,388,105,157,368,332,302,460,332,831,345,368,333,138,889,332,1020,255,373,526,104,1020,253,382,635,125,252,346,250,270,543,381,398,895,444,494,254,387,396,332,374,335,819,259,444,983,621,428,378,348,414,367,884,499,366,380,315,397,700,408,896,306,439,534,270,376,439,335,844,316,380,963,828,381,318,142,813,367,845,616,360,254,748,399,844,308,135,891,125,623,508,380,489,540,416,255,382,772,414,793,354,330,318,397,391,382,377,367,367,333,973,358,368,396,432,108,511,376,409,381,369,894,654,369
735,88,886,88,969,846,970,600,1004,1000,905,888,860,559,121,22,8,618,140,54,92,233,617,590,466,107,590,556,106,935,473,112,185,860,492,64,88,606,436,73,761,151,632,984,204,426,365,106,112,717,729,813,1004,118,76,89,616,213,972,492,365,130,480,612,104,776,681,598,361,680,528,877,40,584,1014,813,472,617,620,108,168,356,602,724,780,35,632,1016,369,620,1017,616,873,488,104,584,41,92,113,553,533,520,847,248,892,108,443,41,617,549,552,151,108,105,104,1001,924,591,874,73,86,524,872,858,804,521,970,348,782,1000,698,874,605,1005,600,540,744,121,108,221,332,70,717,975,490,105,105,616,110,105
881,973,533,889,497,951,1021,16,183,521,624,784,887,373,529,631,105,47,616,565,814,977,521,841,759,855,597,247,849,757,129,521,623,123,885,657,523,529,521,880,822,793,528,773,929,757,183,535,71,519,433,785,630,708,593,976,833,773,337,779,633,785,1007,265,535,65,823,631,372,528,525,659,869,691,528,657,1013,948,517,437,183,521,863,663,535,879,785,145,368,904,565,262,245,677,585,375,7,944,911,529,956,803,133,518,385,629,55,695,789,905,245,699,300,1015,893,805,151,873,529,513,33,137,9,277,909,887,630,645,693,802,649,630,209,521,633,133,631,933,717,886,629,531,720,279,582,559,929,768,81,521
317,828,929,267,31,325,23,261,533,885,316,375,411,883,611,629,775,541,19,357,147,369,515,775,381,615,1009,723,131,773,885,825,309,361,189,945,549,21,701,628,883,821,967,325,773,547,3,981,19,19,841,1014,627,421,772,873,517,321,259,309,949,775,947,371,885,263,697,671,53,309,927,373,519,353,229,257,117,791,869,823,101,565,307,883,515,645,261,291,903,261,947,293,817,517,629,877,5,561,885,307,773,157,373,631,821,27,723,275,405,114,285,261,271,189,101,613,685,629,869,133,327,631,513,881,657,573,185,101,631,797,665,645,513,807,629,433,583,885,723,319,19,317,373,573,19,311,371,773,301,3
117,545,53,215,289,346,820,305,383,89,289,625,320,113,601,397,49,689,208,303,68,321,176,173,324,301,53,850,69,80,849,351,896,89,221,865,857,313,438,160,369,232,179,418,88,259,111,32,380,371,319,841,16,58,562,336,560,529,123,292,176,185,44,944,65,927,784,803,849,165,289,55,821,115,97,105,224,338,322,369,75,374,220,241,33,351,657,724,288,316,324,913,273,836,288,345,268,297,49,469,112,51,208,964,568,336,384,729,340,306,112,383,319,4,57,257,80,935,335,305,17,355,280,295,337,65,33,97,163,38,147,593,291,156,106,53,315,848,255,48,388,43,38,831,183,68,99,696,600,963
126,969,589,542,809,244,676,18,860,305,869,118,553,545,849,569,55,9,53,277,237,875,701,112,65,851,233,586,137,341,99,385,852,943,0,36,768,587,50,7,136,42,574,655,100,340,269,37,685,792,147,805,243,112,580,61,769,164,208,266,165,9,553,576,569,782,124,849,253,620,317,554,256,336,612,276,694,561,512,469,80,51,753,525,556,53,761,411,124,277,585,592,849,251,522,571,320,808,656,61,552,805,210,809,765,574,85,666,356,329,768,517,297,908,337,630,310,781,564,676,513,317,48,41,424,556,52,533,563,260,501,203,592,264,565,340,45,53,785,147,36,618,724,610,0,613,1,561,612,44
17,403,757,537,475,339,121,97,482,507,485,371,93,989,169,21,27,405,573,187,72,314,985,415,91,119,26,809,289,603,857,533,341,55,735,441,444,181,325,303,337,405,476,341,87,507,467,291,93,135,861,437,452,475,43,127,802,421,489,438,165,219,337,101,483,85,489,595,593,359,103,595,291,469,85,356,293,153,352,481,347,379,82,603,444,280,277,468,374,93,740,468,784,369,87,499,307,229,176,428,451,285,344,789,356,89,587,69,937,611,475,273,467,210,963,36,665,349,483,473,721,547,117,483,123,276,284,474,677,405,419,613,283,631,90,275,119,352,210,29,797,507,337,917,27,219,613,341,347,313
14,159,10,31,158,29,28,31,27,110,111,31,110,31,556,158,90,287,118,36,31,30,92,415,30,431,59,45,431,92,99,49,407,104,121,30,31,6,28,316,46,0,156,93,30,99,278,31,129,46,428,495,30,108,101,94,31,226,140,412,120,32,158,159,14,6,92,18,120,134,232,29,15,97,287,785,108,11,121,512,54,47,38,104,30,7,157,16,29,94,990,97,880,408,0,111,383,350,29,489,30,108,127,38,500,108,30,124,31,45,36,191,159,24,542,28,284,286,429,31,7,536,165,104,481,30,14,0,233,556,25,92,782,463,76,88,100,28,127,216,927,286,111,17,222,108,170,621,489,29
859,340,103,467,951,509,636,468,719,766,869,794,466,146,418,882,365,636,162,323,345,610,762,987,875,230,758,87,370,218,621,764,890,1014,361,737,634,195,85,241,995,500,766,87,610,355,783,668,116,53,254,828,704,1020,636,482,932,376,579,978,245,608,359,373,188,1010,85,164,633,626,728,376,614,767,56,506,997,797,888,380,830,211,101,728,208,902,728,766,459,200,214,482,720,524,468,221,630,667,729,364,352,997,500,598,636,740,710,984,745,103,95,1020,163,475,1007,443,194,223,788,350,186,246,742,658,735,468,578,755,68,674,343,726,339,1018,363,636,390,746,434,235,508,998,973,602,67,250,724,710,692,635
146,502,698,130,324,499,658,763,534,307,230,330,730,67,806,300,532,277,307,10,539,58,146,594,858,307,826,56,660,763,146,318,547,643,307,10,682,378,528,124,3,338,361,266,530,326,778,50,52,643,466,924,883,498,67,68,424,554,850,405,776,658,778,26,420,171,731,146,537,645,10,546,11,810,274,528,192,213,802,466,728,402,819,897,133,259,129,274,281,763,402,434,88,317,611,410,555,523,34,141,320,133,50,786,857,222,658,536,658,186,259,516,850,35,308,43,665,211,168,643,530,306,243,659,179,180,826,707,563,451,894,711,122,274,26,675,376,818,563,886,314,218,290,307,370,405,570,564,402,131
89,252,100,396,929,305,939,472,333,382,42,393,341,607,227,46,432,67,120,116,461,86,60,56,708,194,144,212,197,218,154,172,506,8,269,668,220,492,213,269,184,424,182,713,482,36,120,679,419,253,56,984,468,304,351,137,852,893,652,168,249,168,676,650,896,236,700,201,165,424,607,508,161,255,609,268,477,260,909,265,854,220,142,420,384,778,248,116,267,219,150,483,95,137,777,159,284,204,256,252,653,232,643,92,181,465,356,760,857,731,260,657,941,969,344,303,316,323,140,745,313,300,692,64,9,979,253,269,380,420,429,269,62,184,256,299,178,269,469,232,424,344,40,40,181,428,304,428,508,208
765,83,966,848,844,814,81,892,335,730,749,762,850,714,708,779,1012,843,730,750,322,837,334,827,842,380,621,364,380,845,183,204,706,271,596,876,58,764,181,858,891,858,206,815,107,363,124,763,254,272,217,749,110,746,638,235,749,367,709,140,730,228,846,138,749,875,93,886,81,331,108,724,555,976,119,685,853,594,206,803,635,832,245,76,890,321,100,87,986,625,704,890,585,110,491,778,773,250,465,102,364,486,860,58,983,58,143,997,289,102,890,52,621,715,708,306,852,324,346,836,787,340,344,769,236,662,463,557,197,957,905,340,874,1020,598,966,621,616,966,755,704,491,866,841,811,838,109,558,750,863
282,801,500,57,1020,57,291,1017,783,305,28,594,673,466,809,672,121,263,163,801,238,992,875,20,841,873,979,835,980,253,825,49,299,364,880,818,539,372,635,985,113,997,165,303,869,453,0,537,858,240,113,880,321,346,992,965,49,622,66,347,848,372,321,753,345,129,839,960,857,439,861,216,500,821,323,545,109,241,289,817,335,576,702,856,165,135,621,773,261,850,26,977,1001,537,629,991,724,191,809,130,261,2,212,990,13,750,1021,906,373,776,1008,849,48,752,851,752,665,625,479,688,916,299,565,228,73,818,56,865,335,968,889,208,336,267,105,426,340,523,347,348,596,98,379,480,827,112,593,216,877,848
666,729,734,644,258,877,23,730,871,837,271,135,485,143,127,27,337,22,274,838,411,851,347,135,967,705,589,717,464,268,455,26,349,135,415,263,727,271,205,214,675,903,732,752,199,319,105,78,722,766,135,867,815,282,710,86,86,759,726,859,103,682,815,727,86,310,34,674,87,779,26,925,694,124,415,335,277,59,722,271,927,766,415,727,743,793,610,295,637,375,205,585,874,82,690,9,271,359,425,60,193,333,52,447,702,345,939,99,955,233,225,796,695,237,267,382,694,623,889,873,727,463,383,493,519,554,874,70,659,11,623,718,331,926,85,743,122,267,923,483,425,207,626,271,731,321,739,287,973,450
417,698,737,720,662,220,726,154,512,784,228,185,660,865,350,807,281,784,168,960,881,290,720,253,361,380,888,801,602,794,314,754,793,826,844,642,305,154,394,720,186,617,197,14,390,685,745,265,596,438,725,807,420,720,338,133,788,538,356,756,321,361,143,689,252,826,817,181,275,786,1004,225,44,621,407,728,198,836,988,336,417,612,192,258,865,873,229,248,213,264,556,904,264,421,144,726,278,160,299,848,312,696,170,538,659,314,713,867,673,863,913,54,682,196,720,288,658,180,313,377,737,824,840,365,305,150,244,386,670,697,803,437,542,753,144,359,825,656,496,311,940,272,753,690,871,904,794,736,880,888
160,904,817,505,624,336,679,449,712,537,552,578,781,736,942,347,489,953,9,137,808,387,462,334,444,731,651,344,784,673,770,889,782,518,224,800,608,1,658,473,416,532,512,433,42,542,201,865,97,587,449,674,643,904,590,224,765,904,441,946,62,317,336,207,433,648,735,338,97,597,920,443,716,542,255,453,434,398,926,418,30,569,408,492,424,473,140,81,687,544,528,475,874,105,260,96,0,8,175,905,131,792,792,410,15,527,201,723,688,520,347,12,642,1021,479,2,424,536,149,47,256,474,908,96,649,841,289,473,322,461,512,267,752,233,67,295,256,346,78,512,76,473,803,8,16,930,620,520,746,493
713,848,250,470,862,42,337,68,940,215,626,75,500,15,496,124,250,578,108,908,479,1002,251,224,988,230,522,1020,220,505,180,833,386,127,116,237,505,964,380,866,75,464,402,470,450,363,226,390,220,329,497,249,44,76,268,73,1021,156,511,122,472,982,73,705,668,331,26,444,724,470,978,484,508,967,509,380,986,508,122,630,406,122,379,121,202,240,508,125,840,125,696,125,432,86,122,1020,1018,202,408,215,122,340,250,454,866,252,730,476,476,508,448,244,472,200,214,511,54,841,282,268,442,112,944,109,122,125,50,991,127,220,224,992,509,1013,381,5,752,397,451,464,132,1017,592,639,507,122,450,845,488,408
857,309,208,583,171,325,719,645,242,587,113,1011,846,57,900,733,99,797,371,708,593,277,881,342,971,529,630,45,215,613,347,369,349,677,340,223,236,850,447,382,840,781,197,850,322,666,146,966,337,341,187,863,209,942,145,798,304,350,886,196,909,819,839,666,582,196,842,326,202,341,347,232,259,383,731,96,838,767,328,451,857,184,582,731,515,93,565,656,212,624,679,307,215,833,821,452,697,730,247,304,381,135,626,710,889,258,149,133,265,638,766,859,435,884,146,202,854,323,373,704,228,821,326,816,406,187,886,242,135,884,937,413,852,767,219,259,980,354,639,277,375,727,852,158,311,370,166,158,701,635
47,438,651,390,335,171,370,43,391,400,393,138,81,270,179,683,187,507,179,79,442,171,515,107,487,194,875,195,451,387,431,943,523,507,699,439,331,763,23,491,455,337,482,364,384,115,43,83,171,393,497,243,402,439,475,379,443,279,439,359,755,19,403,147,851,171,179,268,60,221,643,458,187,431,131,418,234,686,60,308,251,426,107,139,379,434,366,375,131,354,431,194,647,42,5,355,127,369,487,963,391,723,427,74,915,707,427,179,162,171,643,19,419,810,110,458,507,395,227,172,15,39,107,447,211,447,251,47,350,371,131,209,163,875,940,175,359,147,179,487,727,203,203,844,42,791,421,651,161,444
1011,810,218,806,242,874,786,762,762,234,914,46,478,747,824,813,532,759,266,522,566,809,1021,715,374,755,763,446,730,860,914,538,763,1003,555,714,443,255,1002,235,1010,50,505,622,1018,946,206,231,78,778,615,974,906,971,559,334,1021,259,54,471,622,62,707,242,438,892,587,78,694,83,234,362,819,898,286,221,774,987,686,462,282,961,209,375,58,932,966,768,1022,243,589,26,242,378,699,502,964,928,395,458,499,682,311,598,92,734,730,462,762,554,202,618,462,744,1011,574,787,158,626,619,891,970,911,50,1014,507,494,144,726,74,371,763,762,906,910,250,242,142,457,782,563,707,494,462,474,406,242,1006,1014,854
660,526,844,318,972,94,713,470,133,522,536,508,217,821,509,505,945,315,402,785,985,392,980,160,292,12,604,774,273,316,746,1006,124,432,157,21,917,364,655,234,276,958,741,766,788,440,543,844,472,334,149,708,16,956,124,380,148,184,499,468,664,433,828,430,216,668,876,785,874,859,89,380,540,1010,1006,862,202,182,1016,802,68,986,52,13,16,543,828,1013,20,365,785,404,781,789,747,740,319,1016,536,488,251,508,940,812,52,23,785,967,1023,945,982,656,100,529,220,528,332,502,300,964,252,491,106,1008,148,27,712,836,733,750,668,988,838,616,538,427,982,720,977,732,460,238,145,379,159,964,642,892,135,666
99,713,557,14,782,1,289,284,238,29,459,135,993,294,5,41,361,75,295,801,847,165,267,803,526,646,448,32,585,843,845,269,259,629,265,44,429,83,621,33,801,567,100,910,930,6,800,100,236,709,870,460,644,77,489,141,911,227,97,259,545,44,55,269,270,314,680,81,38,49,4,72,265,335,32,448,8,265,203,33,38,522,117,801,269,49,805,72,467,34,259,969,193,38,449,740,165,106,261,45,401,141,271,41,483,12,138,339,776,353,263,469,101,847,445,88,135,33,65,102,311,273,662,14,714,815,961,941,73,132,13,110,51,101,73,38,157,461,295,485,297,495,550,6,333,550,77,545,9,270
842,493,411,768,887,408,694,99,670,852,692,678,887,466,37,525,164,869,1020,787,818,612,822,978,152,924,693,984,710,924,1005,1010,660,581,646,793,932,388,858,972,550,670,880,794,694,869,599,641,664,547,753,972,349,152,790,635,512,388,447,885,1010,1020,827,742,114,923,1009,977,970,434,660,743,289,574,652,837,300,131,566,593,604,794,506,1018,154,987,246,289,523,244,924,756,16,547,693,983,465,692,958,1005,974,637,742,435,769,670,764,419,312,33,976,670,921,601,44,612,138,474,820,678,682,900,876,540,572,132,988,808,926,950,924,986,925,670,624,602,447,602,646,921,475,696,533,893,767,501,638,381,671,821
150,664,595,735,473,875,728,434,964,969,799,493,1013,247,731,754,483,304,531,499,712,632,651,725,689,935,636,231,1011,806,199,607,83,970,737,181,243,783,785,678,714,742,575,592,713,895,597,333,869,874,951,612,687,576,372,734,399,753,739,254,243,731,969,598,524,713,1012,630,650,995,999,947,734,469,206,497,742,711,790,803,752,536,798,782,1019,887,952,437,968,420,1007,1009,133,946,755,726,598,689,916,174,452,891,999,319,763,838,668,986,494,295,792,519,376,694,543,436,819,694,439,999,505,790,958,946,853,418,99,693,670,996,993,848,926,310,907,713,182,730,790,759,475,599,975,758,690,816,863,263,940,917
494,563,305,1018,185,386,510,494,427,245,277,562,303,331,751,1005,345,46,182,231,926,308,280,476,283,118,188,509,473,617,701,611,970,760,602,246,1020,691,827,434,1018,756,456,965,27,297,314,510,440,601,475,1003,457,179,390,21,485,477,79,121,167,245,614,54,11,988,961,125,1010,474,930,1010,317,1005,474,475,206,947,312,502,450,478,301,413,961,246,717,786,319,910,623,109,313,734,494,553,963,971,379,315,755,969,791,302,473,109,824,889,213,67,318,312,473,947,515,473,520,435,1014,145,1001,420,473,466,152,344,104,762,473,699,125,119,671,1016,315,369,222,872,436,985,47,623,342,105,602,251,566,435,505,637
31,380,436,92,112,561,156,128,800,145,116,789,68,314,272,996,312,915,92,564,132,824,288,293,191,817,292,44,112,412,244,129,292,708,353,120,28,876,156,312,728,293,753,726,997,829,33,220,125,124,369,508,177,5,273,112,301,33,436,352,882,211,120,356,568,412,628,184,312,817,836,304,612,436,353,369,184,284,227,121,627,4,445,300,144,780,436,220,526,317,244,304,820,720,912,817,829,324,196,784,140,994,163,497,225,204,521,131,540,283,203,836,524,188,836,76,761,317,466,880,433,412,780,100,116,9,629,484,16,832,488,608,826,604,819,21,49,441,756,800,859,508,57,632,49,96,830,288,900,960
641,452,397,1006,440,894,169,742,805,615,230,202,165,422,418,615,838,97,488,140,609,202,134,418,11,398,162,450,98,161,549,870,182,614,296,715,962,943,12,167,226,1003,998,101,712,7,608,485,715,905,334,38,714,103,154,201,133,226,578,354,437,774,478,391,202,357,374,771,106,996,166,43,478,712,425,8,171,971,905,8,35,137,621,653,0,9,1022,487,714,119,653,171,583,737,7,521,217,464,225,160,199,38,578,170,654,139,135,903,137,485,430,613,198,393,21,1005,926,154,481,642,130,225,33,36,685,715,259,39,201,286,241,364,230,738,138,460,33,125,382,294,646,326,458,171,138,327,552,230,105,294
1004,898,174,958,803,930,898,879,953,851,618,329,967,899,934,587,654,838,878,864,836,815,717,879,514,823,842,839,654,426,898,903,390,7,927,583,514,934,358,886,986,934,583,895,559,902,386,937,841,870,681,967,330,943,846,299,810,557,899,367,1006,715,907,871,127,541,962,144,879,919,647,898,1007,968,710,898,938,962,934,847,419,513,770,650,999,583,823,720,886,551,937,775,325,898,564,519,735,330,897,991,166,526,962,749,875,960,782,514,524,359,582,514,938,458,942,802,558,559,362,968,800,934,834,431,321,954,646,878,966,834,769,994,695,922,903,900,710,934,914,811,879,779,916,902,878,835,807,198,222,422
307,2,259,959,568,825,819,963,59,79,307,959,128,525,819,211,817,15,143,271,827,831,882,585,527,827,127,306,262,1009,827,895,338,576,974,387,305,381,11,715,947,643,710,571,331,306,552,435,429,771,771,77,827,319,792,499,602,818,851,96,907,122,771,2,755,905,508,339,883,954,315,698,371,370,859,1010,976,864,907,434,828,112,582,498,1017,848,543,353,819,947,963,243,882,18,306,946,905,308,831,11,803,827,274,755,243,1020,963,387,50,67,304,962,332,381,259,346,274,307,825,434,698,769,310,723,1010,682,62,499,514,848,1011,259,779,572,1022,122,946,442,827,771,786,839,642,323,121,956,442,907,883,963
206,194,170,138,394,508,242,786,960,398,271,194,932,980,134,506,716,450,178,1010,448,496,456,78,476,134,966,835,984,894,448,764,515,835,834,167,194,346,268,282,82,450,266,846,323,390,946,782,434,930,974,270,780,780,202,890,378,252,416,18,705,130,979,450,866,334,146,257,1022,448,960,674,675,386,839,434,842,827,798,206,940,195,1010,506,910,782,270,130,700,514,370,330,419,460,930,835,435,322,899,778,69,383,386,894,16,1018,242,497,332,174,498,462,259,988,268,200,890,130,207,392,334,434,432,974,193,700,458,138,591,388,383,270,460,390,467,499,472,1022,598,974,73,835,786,446,450,974,202,940,846,896
577,323,957,141,777,641,397,417,904,133,944,589,833,320,832,334,428,420,883,899,369,640,137,898,641,881,13,877,321,641,896,833,577,369,951,172,397,333,433,439,457,640,833,881,141,333,225,377,325,833,323,325,421,689,369,360,397,829,200,889,192,369,627,353,723,65,281,825,397,463,898,193,192,265,645,817,395,369,177,251,392,896,925,437,323,708,335,383,321,496,317,197,959,323,643,576,321,339,385,428,963,833,833,581,847,65,384,398,444,700,1010,128,689,673,867,320,433,771,945,397,425,640,141,443,141,21,334,463,328,382,333,386,35,280,65,833,881,147,321,265,265,897,385,919,841,640,573,897,128,399
191,461,622,190,706,752,642,674,988,703,684,686,707,175,589,672,690,990,642,770,589,642,582,822,586,410,561,601,394,658,690,521,579,914,686,904,79,390,666,658,719,755,767,695,691,778,626,714,715,706,706,378,66,2,698,823,830,658,698,378,654,347,707,74,579,587,146,699,178,655,418,763,698,698,998,587,571,623,650,578,622,970,426,674,710,651,783,746,606,647,206,686,570,143,706,755,594,915,158,654,703,686,694,610,698,702,582,898,642,162,751,674,203,587,72,679,394,139,598,634,526,842,434,1010,526,242,206,722,802,690,639,654,656,47,655,114,130,141,518,766,146,719,627,475,266,674,591,567,690,591
655,734,640,716,399,575,572,577,3,258,242,146,764,563,512,826,521,611,218,518,730,937,917,588,589,606,570,76,591,321,332,830,256,718,782,584,573,542,714,634,254,639,722,144,127,719,1000,590,805,522,131,200,762,600,518,350,518,973,520,22,635,639,445,534,731,187,400,507,515,720,516,528,772,194,705,540,734,576,479,592,467,232,876,513,726,744,744,990,732,251,705,833,972,705,750,221,521,704,530,719,662,705,559,531,575,319,470,201,214,979,79,213,19,603,592,79,709,611,766,243,539,255,584,759,207,902,207,670,195,65,299,94,248,577,878,68,2,79,524,971,81,131,518,718,534,944,721,572,452,527
289,4,435,65,197,333,805,165,177,393,379,133,395,197,393,835,367,327,433,392,151,821,425,392,835,455,101,65,263,333,513,637,354,641,419,702,375,136,131,181,715,323,203,331,395,837,129,421,135,313,287,64,299,891,13,296,236,485,947,105,945,389,432,459,410,320,181,363,328,837,576,289,385,320,133,183,387,389,77,423,407,833,322,770,437,325,389,359,181,377,325,971,387,937,384,654,179,419,391,229,391,170,387,265,71,171,888,579,133,371,165,421,438,393,169,388,965,625,845,552,393,425,945,397,835,433,376,69,385,937,485,389,394,360,416,389,71,584,417,133,123,649,405,384,899,949,391,849,389,103
716,622,648,540,134,569,105,754,965,624,762,563,377,236,308,1016,756,791,65,620,755,220,78,683,270,805,228,27,120,312,760,888,748,372,250,744,122,252,632,266,615,633,762,300,232,252,714,728,826,740,981,6,762,105,536,698,745,632,540,676,547,100,225,592,889,724,117,568,505,624,760,104,121,745,264,840,965,520,744,760,474,746,760,234,739,764,591,69,932,362,575,760,649,116,744,869,567,746,636,292,653,773,620,681,689,107,661,168,551,968,728,565,760,36,514,522,200,614,645,635,62,231,231,531,716,623,737,111,96,227,644,885,764,681,648,200,808,504,615,224,36,240,744,996,737,744,952,726,248,548
665,605,581,745,684,481,512,553,545,353,687,677,864,669,621,685,597,613,596,649,681,684,685,809,687,109,940,809,977,684,669,677,688,876,91,941,676,677,45,812,685,36,681,933,677,772,805,612,669,172,673,349,621,559,931,89,808,685,621,617,621,673,664,156,580,733,612,677,673,941,544,621,629,533,609,789,937,605,93,105,869,673,868,596,684,685,603,89,621,797,105,669,925,621,547,533,708,37,529,679,548,623,548,865,621,97,607,669,608,301,621,533,353,551,165,687,100,593,921,733,469,749,557,340,633,874,545,803,277,683,797,673,684,173,813,701,657,677,612,996,108,809,676,668,697,813,621,905,685,677
827,298,834,728,434,930,81,450,388,642,406,810,10,262,375,507,274,314,302,1002,1010,842,963,887,506,952,298,270,622,14,490,370,986,406,506,990,990,882,890,426,842,601,448,450,1006,258,163,1010,286,163,576,974,475,990,442,987,502,273,226,890,570,354,882,771,884,307,335,158,866,574,86,274,395,438,78,314,1006,1010,852,382,451,698,242,586,62,374,258,64,782,786,946,116,782,886,900,10,442,34,866,390,394,575,622,822,567,866,54,506,845,122,26,382,146,462,466,258,419,370,380,343,148,858,942,275,780,154,966,179,408,478,770,886,415,318,939,851,94,382,646,642,926,410,938,442,310,507,14,259,946,438
668,829,928,429,401,174,876,141,889,944,873,416,421,589,617,658,941,365,621,833,677,876,927,986,809,941,941,669,911,941,681,877,355,879,929,801,543,173,124,875,784,414,956,419,739,873,849,405,861,988,607,937,669,428,877,893,932,372,837,354,877,303,929,917,801,877,876,877,1002,161,845,777,885,891,713,877,645,941,988,925,97,761,445,833,845,930,717,605,801,813,363,419,946,853,665,937,225,678,740,225,941,605,641,933,879,685,999,93,955,941,789,877,864,964,213,845,861,745,944,844,681,684,859,296,865,859,831,844,171,349,861,429,349,833,768,605,953,929,939,93,417,895,591,877,605,109,669,912,861,833
661,828,853,23,781,909,564,325,972,852,893,798,836,981,797,855,805,845,799,957,588,769,840,973,589,832,787,933,563,736,789,807,789,884,792,772,783,796,853,540,845,662,568,799,861,278,873,900,852,596,916,866,813,850,894,693,908,796,709,596,773,844,853,596,854,543,854,333,779,845,781,725,802,854,319,327,916,813,315,831,84,337,799,891,849,205,573,837,828,784,572,844,828,957,853,813,316,892,836,527,289,572,785,786,977,333,80,845,917,836,860,525,968,589,588,284,844,733,781,814,513,891,861,865,796,862,797,566,854,735,861,822,588,844,796,844,908,606,782,957,851,567,796,589,535,788,893,780,68,829
453,885,781,671,982,383,784,854,764,433,782,973,916,1020,398,896,681,691,300,332,604,348,1021,892,837,964,385,436,834,797,274,276,892,1021,981,406,346,908,877,775,396,365,941,796,396,268,332,69,364,924,981,989,367,397,837,837,837,828,933,342,908,470,901,782,780,924,455,940,1020,388,935,399,820,855,948,128,268,660,204,325,925,412,988,988,470,844,500,909,286,260,860,405,1020,341,983,909,572,108,142,412,951,892,892,980,508,264,212,636,812,302,412,452,317,332,773,924,893,812,401,924,956,780,886,908,1010,892,1020,452,1004,342,370,902,461,676,908,924,381,848,908,292,921,1021,324,284,892,908,916,972,904,837
871,868,868,860,429,821,993,892,848,1020,910,889,852,117,813,959,909,959,877,831,993,856,948,665,965,988,964,864,901,997,864,871,740,669,940,956,897,964,604,264,892,965,901,933,940,1009,836,895,840,700,864,814,1012,940,817,864,848,852,662,869,957,989,780,687,956,605,941,852,548,993,941,869,724,1005,297,861,948,497,997,908,996,868,908,161,876,909,953,481,572,909,947,941,828,581,668,892,861,44,557,885,604,849,684,989,949,877,417,749,876,560,861,344,669,925,772,660,964,957,989,743,36,77,809,735,908,831,869,892,959,813,956,773,613,717,812,477,224,933,861,949,748,861,557,936,948,901,870,997,1023,828
172,84,667,485,717,488,732,889,981,855,228,996,993,722,780,780,225,982,468,911,678,660,551,212,173,103,174,724,417,599,31,295,672,808,932,644,479,180,172,212,678,980,352,166,766,758,748,166,215,679,679,756,357,487,679,984,749,430,727,234,246,470,759,287,790,727,501,397,938,439,822,813,423,750,998,420,982,816,388,797,744,742,238,190,972,198,760,615,791,188,808,870,724,1023,668,724,742,678,973,671,828,212,510,933,594,726,724,672,864,726,394,431,661,868,687,327,982,966,428,487,516,182,974,468,151,550,905,389,726,682,688,612,543,702,935,719,949,1020,89,1000,940,967,652,415,414,143,468,980,228,722
123,647,486,790,759,712,662,914,1015,716,642,875,740,1018,665,739,92,682,79,338,948,700,843,566,661,531,606,714,131,566,979,530,827,146,754,1014,707,962,534,975,711,574,534,715,716,770,643,883,90,890,522,634,594,207,1011,594,98,8,713,754,378,755,644,243,684,546,755,1016,619,718,290,574,722,842,592,755,730,882,718,532,170,755,403,594,624,642,276,635,1010,698,722,716,904,916,739,618,714,520,634,734,675,722,766,690,518,718,528,653,674,603,764,679,520,722,570,716,443,571,732,506,760,78,643,590,762,526,685,624,768,587,716,627,570,790,718,719,678,539,714,574,574,898,846,590,514,538,624,14,684,755
646,667,454,581,872,1022,641,590,848,908,318,711,94,209,583,749,678,268,84,533,401,1006,959,881,791,982,782,879,535,445,830,524,695,718,9,887,982,959,271,1011,444,141,908,877,581,648,709,569,911,915,494,446,655,537,924,313,898,405,1003,904,655,540,524,749,268,855,621,1011,654,621,782,788,642,135,742,908,709,828,181,574,641,976,327,199,966,327,704,879,908,647,654,685,781,922,558,701,958,525,640,750,191,774,727,690,964,652,342,268,911,78,111,670,1022,1013,655,369,908,956,153,124,982,653,463,640,846,488,726,983,648,773,829,966,708,774,772,143,537,484,902,655,695,780,590,597,945,873,718,751,876,750
84,127,356,383,864,110,342,742,262,998,4,622,844,103,551,496,214,46,487,580,126,326,6,870,620,486,334,7,103,358,303,489,318,620,357,534,935,7,63,812,162,999,87,512,135,804,484,98,326,342,789,36,356,822,106,0,528,102,262,894,794,4,46,374,470,7,278,964,102,284,886,878,486,516,38,46,583,314,647,982,47,486,126,870,612,425,195,110,454,102,264,614,38,772,622,638,558,487,186,100,680,38,21,280,270,106,343,878,574,338,46,486,44,184,38,356,618,462,44,44,608,588,786,6,598,110,278,542,355,262,398,446,278,508,744,328,326,254,359,124,110,4,644,100,614,328,302,1007,38,870
717,957,56,20,226,173,501,200,44,752,47,556,541,420,156,133,149,564,740,668,453,213,204,752,52,962,483,733,988,578,460,552,676,508,56,205,171,212,688,172,517,598,108,680,716,292,516,254,268,916,696,564,168,715,761,381,668,188,940,540,156,156,172,196,1003,460,680,290,109,52,192,404,204,164,496,732,204,324,212,697,188,912,192,152,716,24,189,750,621,172,501,952,32,499,649,244,681,220,856,204,904,50,227,165,244,688,20,648,1007,981,149,204,228,64,244,716,631,660,44,718,701,680,4,68,713,112,932,239,651,420,193,180,681,489,937,216,167,972,1017,952,933,196,164,157,644,220,292,412,172,997
986,314,294,1015,536,516,266,303,188,46,894,9,422,452,574,294,1001,294,857,318,286,310,834,624,806,444,762,306,311,349,372,318,500,928,881,911,1014,258,798,901,447,192,799,771,443,319,727,381,344,18,310,511,922,647,783,304,116,442,638,830,303,244,373,817,318,441,346,512,849,768,305,769,416,304,318,284,350,196,465,987,819,413,319,796,857,338,261,414,864,848,818,291,318,214,345,830,780,418,383,348,355,427,551,315,418,826,265,441,863,894,62,372,190,797,256,29,382,1021,879,384,627,960,856,445,385,296,319,312,884,563,102,303,374,526,119,332,446,317,421,954,1002,516,461,441,782,63,260,647,318,666
303,457,427,721,265,347,207,66,47,837,61,265,105,91,21,397,304,791,201,79,217,395,716,1013,193,289,83,645,265,361,711,25,811,321,321,820,395,185,153,643,1009,309,195,201,362,363,589,95,781,197,41,193,177,205,449,179,323,667,15,325,297,77,105,45,654,395,325,67,207,66,3,13,399,259,611,805,929,279,747,15,141,265,783,17,203,73,73,585,145,257,437,833,73,461,143,157,325,15,81,171,413,33,975,409,297,77,65,93,283,941,377,363,333,237,145,247,45,269,717,143,207,352,193,67,577,143,243,73,781,107,69,139,15,41,589,245,269,9,195,66,333,201,139,321,193,23,161,207,129,193
596,96,128,410,474,32,645,1002,802,103,113,168,221,530,410,664,96,1006,613,102,562,696,934,244,641,152,722,186,34,216,872,50,496,50,533,414,112,306,483,251,152,870,100,474,700,560,728,875,776,250,738,922,958,331,249,472,434,48,804,243,195,77,58,866,682,157,920,714,382,610,686,10,609,896,97,584,566,56,32,722,354,97,302,347,724,234,171,96,682,984,442,362,887,173,378,48,950,616,184,178,751,436,770,184,930,98,10,682,728,56,867,308,426,254,185,664,138,434,760,360,776,101,666,97,608,64,32,554,504,641,1006,532,109,241,50,114,760,362,696,600,867,675,672,254,920,914,325,482,290,610
82,914,67,88,115,83,331,81,455,72,101,896,641,969,729,861,834,1014,8,225,125,753,609,987,104,323,114,369,975,275,840,731,193,209,841,228,688,330,265,370,142,407,256,322,86,82,641,609,107,753,952,844,244,73,181,217,74,613,205,745,351,993,155,321,438,91,475,0,960,224,708,728,267,898,918,691,571,77,83,72,713,690,947,915,761,850,9,4,987,145,107,241,608,115,403,745,753,1010,217,912,475,1008,72,843,619,331,656,626,56,764,201,66,304,1015,284,312,72,1006,18,1011,105,331,847,241,584,138,220,779,370,186,300,951,512,176,347,1009,764,104,905,1004,131,835,73,737,144,82,1011,879,745,1018
435,123,945,31,947,315,173,175,1,393,345,936,171,553,977,217,441,116,438,209,89,75,331,1010,27,471,104,809,363,219,49,457,499,595,1009,949,299,1003,907,473,531,250,210,425,120,113,443,107,489,49,265,387,401,353,699,947,363,345,671,947,313,449,1,723,442,859,449,360,33,99,488,3,360,195,577,939,121,209,905,137,505,89,267,947,485,699,169,137,250,299,821,155,873,299,98,439,297,401,441,393,713,35,1,35,971,315,761,275,89,427,1,843,427,537,505,41,417,441,281,425,443,459,377,115,11,459,563,377,937,922,411,811,385,569,441,648,121,321,123,15,79,809,17,481,923,503,89,211,123,122
721,85,901,56,168,199,826,463,453,113,130,677,290,447,861,857,769,307,105,785,483,935,433,171,943,307,865,316,515,55,433,999,785,773,829,117,189,449,453,488,189,319,583,383,487,225,27,185,170,771,295,17,471,161,615,497,117,776,1009,417,489,7,305,865,794,369,551,417,43,321,329,35,420,231,33,901,233,193,819,6,163,783,675,233,739,449,965,123,284,946,281,979,369,361,413,407,38,832,897,690,450,815,151,32,513,395,643,851,257,801,579,435,321,43,867,800,821,163,259,887,79,33,199,302,343,825,437,785,369,209,939,160,883,849,897,339,171,17,399,273,627,797,175,707,313,179,171,393,675,673
705,387,227,433,327,262,385,381,490,143,478,679,309,277,294,413,365,759,437,887,863,447,143,893,295,347,15,575,721,368,846,147,585,358,421,195,701,1,333,277,439,5,316,135,317,213,231,655,529,207,934,437,600,125,261,389,485,725,85,951,422,357,79,257,141,511,497,707,917,325,23,335,165,351,375,277,465,440,325,937,335,205,381,583,143,259,189,371,353,277,807,11,387,272,411,893,357,6,271,743,444,407,769,364,451,357,174,221,709,175,272,191,655,643,47,167,661,281,885,433,183,267,423,423,71,463,273,453,7,429,273,269,769,391,464,263,39,429,359,327,306,757,429,309,501,317,67,3,651,273
964,818,850,318,352,828,676,690,687,926,769,826,648,638,887,500,868,680,566,804,680,802,960,636,847,44,1012,648,436,884,170,684,764,1022,620,306,911,716,620,384,1017,23,700,934,684,1000,559,1008,662,893,934,986,790,764,524,886,690,374,970,370,570,919,116,294,932,574,684,102,854,892,759,930,886,695,1012,996,920,292,886,66,894,240,878,364,708,293,826,851,358,820,884,982,116,932,367,683,704,652,886,648,375,938,118,628,757,884,379,738,937,886,832,878,882,500,916,525,594,892,694,1022,652,950,358,21,1022,790,390,556,206,722,855,372,864,532,12,599,866,542,846,376,886,36,950,882,884,360,684,652,992,356
228,316,90,826,108,36,254,1010,284,285,30,216,242,166,476,300,448,600,309,324,224,94,252,606,29,428,678,204,174,233,146,142,588,654,602,184,238,157,294,78,280,186,14,140,286,188,12,13,60,238,479,204,470,286,652,446,262,94,8,722,937,692,451,798,158,134,508,165,662,190,430,302,52,286,286,764,605,266,350,218,460,200,620,372,204,238,72,62,182,396,334,130,252,620,10,350,508,486,166,508,458,564,192,252,472,229,220,110,826,710,66,539,252,798,190,134,356,764,276,46,826,238,794,420,108,12,710,135,165,190,782,680,238,140,558,156,570,46,318,330,148,213,860,257,826,222,204,292,670,372
238,890,145,98,121,502,170,198,494,235,830,183,484,433,149,28,464,1,177,222,160,869,605,625,242,518,477,115,290,68,536,711,612,837,278,51,686,353,338,165,286,53,165,202,50,69,239,628,176,988,353,17,123,463,630,661,35,608,993,78,231,96,143,784,476,792,150,60,537,302,692,290,199,337,339,742,309,997,616,134,64,458,768,126,900,103,377,255,134,254,660,253,868,454,329,105,240,965,482,17,626,608,78,308,178,235,477,133,312,142,6,677,814,349,771,938,613,193,3,316,526,50,998,485,221,993,298,549,764,50,64,757,546,495,1010,1,485,920,753,37,785,494,143,96,130,741,825,828,934,850
41,195,890,853,850,837,915,780,691,905,851,263,987,725,768,555,760,539,996,929,939,309,663,536,904,663,161,689,850,360,258,968,718,536,520,840,916,663,485,860,795,109,663,927,689,536,355,613,721,23,661,977,976,626,904,582,818,681,543,90,724,954,901,833,847,970,362,566,762,836,725,715,854,923,695,279,969,855,843,777,833,897,1019,941,705,777,738,833,631,535,837,835,781,904,506,725,569,913,643,663,848,940,269,563,746,725,600,563,226,922,809,662,846,661,724,928,723,331,874,562,565,596,759,835,609,855,662,808,555,544,553,791,837,938,567,888,649,781,537,619,599,741,841,900,293,854,736,694,781,43
263,807,136,634,802,378,454,872,361,818,842,173,67,707,416,579,552,688,402,578,600,311,839,1003,283,294,579,672,795,169,672,362,648,114,940,894,633,73,858,899,634,70,529,771,832,694,787,670,515,87,311,138,96,779,873,868,407,947,141,209,122,75,824,986,915,362,594,170,620,857,910,807,310,831,844,91,116,27,251,666,439,798,584,283,447,293,840,872,670,185,601,790,420,904,388,895,746,606,18,760,824,80,518,664,664,360,138,877,719,293,970,626,145,682,650,778,676,538,664,732,711,941,169,688,27,122,185,746,783,351,363,774,747,606,386,700,163,750,635,820,366,877,416,292,971,852,822,234,252,112
705,261,358,884,643,316,195,195,24,52,807,24,81,184,531,928,705,256,491,389,627,499,482,81,673,762,161,141,641,1000,113,714,483,100,103,82,55,117,67,817,704,74,247,910,628,179,753,676,566,49,674,356,530,71,833,884,628,66,689,932,444,623,67,643,993,564,609,129,59,707,832,868,688,213,678,242,198,627,101,126,243,882,672,182,193,71,706,176,488,180,640,678,883,675,194,130,877,676,246,631,851,192,16,481,704,246,938,544,8,65,6,323,376,871,750,490,112,880,601,631,264,939,161,631,138,48,487,229,161,752,801,753,90,323,944,32,640,736,531,132,433,871,195,166,242,483,67,103,308,14
441,63,172,167,480,171,388,331,143,511,391,805,484,399,376,228,200,31,395,877,331,284,278,480,495,226,992,319,208,474,331,389,115,349,383,107,160,115,184,611,67,260,540,236,499,400,345,181,207,792,294,331,371,143,443,496,800,534,337,283,786,204,140,83,407,368,216,204,156,162,505,399,211,372,483,496,234,888,27,441,346,283,447,166,396,399,59,185,339,363,74,443,415,217,371,123,202,414,508,120,90,143,856,952,267,267,74,368,70,462,635,432,1008,113,31,284,448,283,443,204,361,128,851,279,444,73,107,20,111,393,124,490,368,167,194,323,379,284,896,511,281,9,88,849,399,67,352,397,0,225
362,804,158,783,673,689,438,560,474,824,928,885,833,535,832,672,563,414,946,929,938,836,64,827,406,789,552,695,929,937,937,833,918,640,967,529,947,280,846,530,806,693,850,799,529,34,938,550,785,818,836,936,929,114,474,896,665,576,785,906,666,549,265,562,577,176,657,896,544,178,795,832,979,332,918,773,777,858,387,176,331,371,528,535,310,538,826,187,179,791,919,515,800,793,954,818,720,270,769,697,817,573,929,720,688,863,1013,945,953,856,681,833,691,837,548,898,887,871,564,278,578,820,817,969,807,823,768,51,836,903,832,799,769,896,898,212,424,912,944,540,774,528,835,897,514,613,897,620,538,801
1003,843,454,743,567,622,520,808,579,1012,947,779,735,659,587,983,539,668,851,711,53,512,811,812,732,668,81,771,927,1007,875,872,739,691,824,711,366,536,593,867,947,512,963,968,279,967,611,444,776,922,555,739,664,1007,603,527,940,8,843,296,769,780,835,752,577,834,879,732,776,1006,711,872,295,721,564,491,721,868,591,291,880,884,492,735,132,656,664,847,531,536,404,560,867,679,751,51,591,423,772,730,651,843,540,603,716,776,495,212,266,749,964,727,1004,408,524,635,531,836,664,944,729,42,383,328,657,704,972,1008,843,216,855,683,715,616,636,735,943,607,922,745,619,867,632,499,659,524,611,635,668,953
158,358,323,384,115,359,497,300,98,51,102,417,967,835,400,211,423,455,428,373,407,151,130,179,149,316,211,925,372,295,17,403,168,506,496,432,167,407,976,199,326,369,4,417,324,331,115,259,644,176,228,303,112,935,266,256,100,51,308,4,51,272,176,259,1006,384,183,451,683,500,835,41,304,240,419,116,494,151,190,262,355,165,475,475,164,295,497,410,295,421,403,407,172,292,163,79,275,394,174,58,180,436,814,243,800,39,323,186,303,756,307,231,444,989,359,92,43,240,164,120,404,74,304,23,475,116,15,272,276,772,164,243,39,511,884,699,260,287,164,267,499,560,179,59,474,292,813,294,16,48
636,687,748,331,404,456,24,519,904,107,527,297,651,760,666,284,859,460,797,1013,463,760,634,863,11,695,282,889,396,521,536,463,703,456,44,741,171,672,701,829,43,328,152,447,239,392,680,1004,312,908,160,252,563,299,573,699,764,79,309,777,459,767,188,586,556,164,226,796,997,127,918,517,568,452,776,283,975,893,11,666,132,400,901,313,232,315,460,399,897,444,170,810,682,279,399,172,280,239,556,456,164,376,524,639,684,778,620,410,715,556,790,24,619,312,106,521,1004,907,765,724,459,803,289,907,352,1007,668,456,570,548,846,312,284,559,651,537,504,907,876,228,492,607,684,41,538,909,360,296,897,681
615,847,296,222,698,315,436,104,1012,311,292,247,715,331,123,208,276,896,612,72,574,111,368,111,36,776,455,913,819,826,304,264,111,88,495,128,307,307,367,77,552,240,447,176,107,484,709,169,881,951,312,980,500,711,495,880,251,590,584,394,774,315,340,711,439,449,440,15,356,104,312,332,219,623,619,292,647,368,708,952,308,332,124,427,962,328,87,487,922,314,636,48,328,508,104,895,708,744,619,279,266,916,260,102,343,680,835,343,130,648,307,276,986,591,348,136,136,20,335,72,772,111,430,109,715,307,699,367,91,820,260,492,956,211,879,740,955,372,213,456,239,836,332,99,500,704,296,8,335,1003
49,375,10,101,564,599,269,134,151,76,82,792,342,129,37,271,908,566,564,149,424,108,956,570,14,372,268,627,339,307,662,959,836,509,259,179,246,182,151,135,141,281,660,678,816,438,432,386,689,391,446,532,260,365,118,593,40,52,109,73,150,146,37,564,259,133,768,150,708,150,580,748,295,861,989,399,183,430,109,402,876,110,438,903,466,387,294,495,511,404,61,591,577,310,666,393,135,570,465,569,359,381,518,470,911,526,498,438,149,877,37,462,140,150,117,594,103,330,718,207,651,513,97,413,293,390,523,893,198,77,665,183,150,786,83,65,141,887,53,142,178,582,5,663,73,701,494,644,237,900
24,91,87,964,452,644,771,707,132,415,135,440,44,919,414,103,299,12,876,91,75,446,204,370,67,452,607,79,631,283,154,805,895,134,643,19,701,796,476,135,364,399,116,183,115,913,473,380,599,129,385,828,159,926,599,400,227,970,567,651,311,531,583,317,207,676,221,422,128,74,76,419,494,173,99,316,0,376,414,643,936,158,958,135,182,239,823,150,101,519,26,695,159,135,36,740,275,136,900,567,407,63,635,60,438,103,471,7,158,20,314,414,164,136,16,567,79,275,7,339,460,918,140,375,472,523,784,118,23,518,300,531,567,190,579,110,87,396,766,135,477,318,175,249,368,109,60,81,520,419
749,778,633,908,521,759,354,705,334,537,758,182,566,778,758,801,642,700,290,654,634,749,763,374,386,705,389,182,521,215,143,89,919,639,806,858,886,258,767,686,82,538,642,488,766,690,495,762,764,649,847,674,979,908,462,620,455,756,774,85,694,569,328,645,764,265,2,757,111,142,534,94,863,738,143,123,139,729,91,793,765,742,221,625,286,662,770,718,925,603,756,646,911,913,678,530,259,621,961,727,289,771,846,411,762,198,742,722,992,485,829,695,635,770,905,604,872,991,932,669,772,166,633,748,131,770,231,645,893,467,1016,777,262,745,982,755,727,850,998,610,765,991,568,667,785,867,116,735,102,677
178,330,702,586,718,53,398,790,23,746,955,414,658,747,559,675,934,1023,507,285,499,431,887,655,498,886,654,642,398,654,563,822,754,719,1003,658,763,853,991,815,14,394,1003,914,490,1006,506,309,497,175,279,799,455,117,749,543,746,653,787,268,1006,915,391,947,790,762,819,335,370,854,755,503,667,926,401,914,311,295,30,434,910,922,574,279,459,503,937,421,243,289,814,947,294,399,952,426,483,435,499,783,994,285,463,251,431,746,623,746,565,662,439,498,535,782,398,434,366,907,765,319,957,907,914,739,650,747,79,998,394,675,746,823,667,259,413,620,1007,738,903,1011,1003,311,762,680,962,782,271,543,349,331
299,471,323,708,429,429,333,35,323,423,37,346,289,435,469,471,439,435,423,423,323,309,304,75,419,339,951,354,420,467,205,817,291,469,39,421,481,263,907,39,331,349,331,323,452,453,290,423,392,348,991,291,167,453,439,801,329,204,295,462,919,453,679,289,421,328,297,354,811,331,950,339,423,471,302,802,337,439,321,471,451,291,462,338,439,323,931,949,468,421,421,289,323,323,835,299,303,471,423,347,288,194,321,323,452,298,913,990,547,421,437,416,315,817,81,291,471,469,455,213,318,343,725,835,439,391,259,291,446,449,353,389,149,439,310,291,339,347,339,966,959,391,85,323,260,477,833,812,552,723
164,232,210,163,854,496,216,466,324,432,354,36,548,368,177,100,6,355,496,52,978,324,160,304,68,231,550,465,296,294,458,240,240,690,582,467,124,373,32,434,80,44,162,419,340,176,340,211,328,302,306,880,362,208,414,494,402,356,168,248,410,129,176,160,568,128,355,102,854,336,480,407,178,804,111,931,752,210,304,118,839,928,294,108,132,722,434,4,163,780,480,110,168,353,288,424,256,464,112,240,672,38,227,87,451,34,201,562,180,448,100,336,250,291,373,224,448,178,226,138,344,224,358,195,488,496,68,56,304,178,4,178,448,720,128,495,102,70,324,120,630,358,37,124,438,418,208,322,84,424
886,838,431,631,294,743,620,900,342,615,614,507,555,806,965,558,674,615,293,359,481,579,161,936,38,162,226,807,294,738,394,39,773,418,364,192,995,1017,739,839,533,423,912,161,674,613,226,487,6,613,882,902,878,652,358,482,899,303,738,306,34,738,248,131,690,316,672,358,738,997,774,423,583,574,679,938,614,967,869,612,999,551,871,758,898,530,170,259,286,232,871,423,572,674,835,483,481,39,513,615,673,642,839,870,103,259,39,853,877,801,359,611,674,900,515,261,71,547,422,869,98,98,682,610,871,743,871,993,614,359,805,738,33,6,34,871,775,161,292,518,565,295,550,997,999,807,812,752,870,609
23,483,593,514,413,121,339,727,566,487,771,763,407,259,674,857,627,935,375,272,391,759,411,518,3,373,323,787,503,889,134,889,16,228,135,283,230,371,379,244,411,327,19,391,354,217,16,614,275,501,888,373,275,518,259,257,115,884,651,785,455,115,347,196,19,514,882,155,441,817,485,275,667,257,355,529,259,504,369,257,3,355,787,291,274,99,20,507,855,289,148,391,495,614,407,511,422,77,280,281,760,256,614,272,379,344,870,377,566,391,304,647,762,7,71,923,742,391,635,498,262,611,327,132,355,339,115,263,399,275,49,611,391,371,272,390,337,500,135,347,247,155,245,355,291,294,869,274,455,612
1006,878,671,190,471,793,999,494,890,596,222,778,1022,558,663,219,580,414,974,1022,909,964,915,575,538,726,746,938,926,58,850,734,894,255,158,266,686,766,990,62,670,1006,702,670,735,634,619,670,189,990,790,378,891,550,150,943,670,927,572,849,991,159,990,989,94,907,919,783,539,621,770,906,958,1023,926,827,959,539,663,946,271,26,830,727,414,925,543,594,158,24,911,190,669,1011,735,703,842,442,542,727,574,382,984,874,951,819,924,895,971,671,935,1023,920,792,890,542,719,958,904,825,158,970,692,854,702,670,581,660,630,922,957,782,895,925,22,847,874,830,886,990,990,935,978,718,911,429,702,88,926,778
135,981,769,502,0,147,394,498,129,248,234,880,751,488,75,248,53,507,915,336,112,800,426,400,311,52,238,19,488,144,1008,405,276,456,1008,238,251,264,474,492,770,488,128,822,211,266,147,108,384,234,387,864,235,142,352,14,118,15,260,10,192,922,274,988,532,148,232,1018,179,272,83,123,65,205,909,384,490,904,369,496,22,300,675,491,392,108,178,146,198,302,87,318,904,401,851,445,47,426,46,160,471,376,292,402,507,996,18,804,226,56,311,163,208,526,793,186,151,147,136,179,502,215,176,904,656,400,402,459,752,184,232,387,120,482,243,482,192,127,200,208,501,904,86,403,3,147,224,656,706,496
614,714,66,780,36,930,68,675,176,70,128,53,324,294,324,36,492,482,324,38,108,128,898,69,68,332,192,292,38,60,327,591,550,84,374,70,36,68,361,350,78,325,34,242,38,320,416,1013,914,581,46,454,992,68,68,594,262,68,70,192,6,300,36,386,294,102,258,92,416,324,216,164,836,465,320,6,774,36,80,110,162,316,192,876,292,22,834,278,20,340,352,4,838,82,54,36,154,68,289,128,837,36,68,326,20,192,68,84,196,4,804,336,160,160,166,128,4,928,4,384,194,69,322,202,348,22,69,864,752,868,322,100,79,32,195,68,444,36,322,269,14,449,582,456,450,317,68,992,774,334
181,101,81,213,213,977,247,976,184,448,245,10,181,192,729,215,243,467,693,118,727,400,55,214,721,85,113,627,755,805,497,741,549,354,160,755,535,630,736,54,353,82,565,188,84,147,195,65,738,499,468,577,119,661,148,705,584,197,244,437,177,52,600,813,215,241,485,659,786,181,725,983,211,567,1012,724,164,180,865,160,715,169,99,721,97,130,579,116,181,208,700,212,598,191,967,743,711,820,67,583,86,87,679,241,57,949,144,84,87,231,181,480,325,723,181,112,468,37,166,53,701,693,468,177,215,241,65,599,560,1,833,229,544,47,235,86,84,202,70,244,209,496,371,749,241,181,629,693,629,976
396,427,474,14,343,459,143,58,56,219,80,459,314,332,15,857,335,202,79,367,459,456,202,846,404,491,939,334,206,47,812,190,334,79,72,12,191,296,222,90,42,979,472,78,475,67,811,328,987,195,216,79,937,218,170,426,905,398,332,203,299,911,852,202,511,969,207,346,210,207,315,72,339,171,459,143,428,14,111,76,201,520,203,906,74,183,90,862,76,76,458,987,844,458,211,475,987,12,969,450,267,186,79,442,78,95,331,179,123,200,90,187,31,715,457,832,858,459,975,862,202,303,347,713,254,90,200,579,334,103,28,955,80,143,606,219,203,448,466,58,348,266,459,47,59,940,302,296,202,591
260,357,813,64,759,477,420,296,343,600,371,512,646,989,804,329,19,144,284,989,900,620,559,269,380,880,269,1005,516,464,213,661,812,28,401,309,932,877,932,107,661,262,117,109,576,605,373,288,820,426,875,29,878,804,93,803,377,29,297,68,237,76,821,288,299,594,657,525,360,972,805,825,662,805,292,376,725,932,149,464,239,45,941,836,614,605,384,93,901,378,663,913,469,279,517,676,109,722,32,89,141,869,364,637,295,645,576,930,352,559,672,21,256,645,39,838,533,98,165,800,566,822,468,205,297,832,140,812,101,352,104,284,52,381,21,55,581,644,661,617,389,20,468,213,89,677,699,392,209,64
843,595,203,808,698,570,954,859,861,665,770,699,756,114,811,570,853,765,833,251,703,752,953,530,659,460,922,833,862,735,939,258,931,379,826,920,95,863,795,935,979,351,827,783,570,731,979,651,579,570,618,799,819,763,1016,117,590,728,143,862,690,977,891,826,803,761,835,635,763,754,899,835,803,899,26,811,859,811,923,735,265,857,778,843,824,562,803,886,890,91,279,839,859,675,946,859,863,755,811,1018,867,787,91,771,792,1018,823,787,571,793,839,891,1019,859,811,762,666,91,851,659,826,938,634,899,887,891,95,5,889,603,67,731,827,815,667,891,827,938,698,891,771,881,547,816,859,891,883,884,115,916
778,0,86,930,68,69,292,808,593,996,532,290,932,102,516,528,231,683,132,13,576,69,464,869,452,675,103,0,46,534,396,622,532,17,0,429,92,111,342,100,810,30,289,308,529,79,0,38,899,197,789,82,364,554,103,78,583,110,172,944,465,28,1,69,30,458,172,1014,90,98,607,94,1003,557,29,529,456,218,604,69,101,696,533,50,843,536,871,559,897,591,143,20,920,112,914,396,32,76,594,401,800,420,528,123,118,7,83,17,520,201,537,88,916,548,108,6,581,528,81,808,600,522,45,865,960,984,68,4,622,11,532,417,813,956,69,632,396,369,382,5,583,384,867,858,31,196,448,810,82,357
588,924,9,996,702,956,718,983,253,697,989,592,563,998,796,719,60,701,782,189,660,972,996,692,526,447,533,618,740,972,1023,762,618,597,900,956,701,700,84,885,188,477,959,590,573,645,566,921,875,694,117,614,861,599,702,972,949,572,631,741,764,629,404,717,719,573,664,704,413,708,1015,741,921,845,245,517,508,576,694,668,716,869,839,63,261,1012,606,822,858,903,767,5,249,565,635,973,919,526,712,1019,712,535,741,1013,126,560,917,1014,516,953,903,892,668,584,629,695,589,484,406,538,189,308,741,948,69,460,718,703,920,951,460,974,796,437,972,902,728,959,708,735,957,573,414,623,700,532,700,716,950,885
39,860,366,356,742,428,430,614,684,92,798,598,557,530,871,468,812,620,300,353,883,862,351,61,20,566,377,868,92,609,736,626,326,802,940,598,564,551,999,557,572,92,686,616,555,91,702,301,867,358,118,345,291,599,791,111,1001,602,636,612,535,432,695,552,339,100,807,478,541,228,295,23,598,402,612,612,862,95,340,102,786,274,860,780,518,543,668,423,614,302,84,57,62,117,870,565,1021,100,356,810,293,309,38,613,705,809,855,625,420,293,311,54,298,572,274,750,547,46,581,868,614,596,328,620,293,615,301,742,627,530,39,684,487,531,143,545,860,589,189,629,940,783,852,389,535,277,160,428,422,544
825,560,123,0,552,433,456,6,529,265,56,125,401,705,392,288,42,180,449,0,288,705,41,495,65,139,817,833,833,400,960,193,881,25,81,249,267,23,37,0,419,595,433,256,209,785,681,128,697,865,355,1003,449,514,881,448,209,0,639,579,640,65,487,33,649,553,529,832,682,992,57,41,145,113,720,416,25,0,392,960,404,357,193,297,721,257,257,293,424,53,593,48,265,902,577,644,89,48,193,937,536,672,234,80,175,640,279,530,2,323,48,185,185,904,881,512,579,81,36,960,633,665,881,385,489,437,73,930,67,833,600,197,536,353,352,80,0,313,453,595,392,897,593,34,769,271,723,518,641,577
917,789,67,777,73,543,840,821,85,41,333,896,693,645,517,557,821,645,796,501,285,615,217,678,629,12,605,13,709,381,605,861,493,329,93,156,145,637,589,97,589,209,388,395,373,173,845,245,5,181,149,540,637,268,845,412,761,269,333,305,277,13,586,125,668,844,772,677,129,181,841,181,729,651,321,440,725,821,381,93,517,381,221,188,524,589,780,268,521,832,60,845,853,316,349,317,589,276,276,341,125,117,885,209,47,821,821,809,533,221,645,465,180,361,629,304,517,93,509,381,223,412,5,752,693,584,847,119,645,524,1008,649,8,689,253,492,308,540,285,733,589,797,28,445,285,292,9,181,45,513
160,176,384,504,499,433,496,746,744,592,690,379,989,1016,252,496,817,44,1016,1014,932,338,550,672,968,1018,295,761,1012,442,764,420,72,356,112,816,896,126,384,410,1023,940,57,728,241,584,694,160,942,328,128,380,500,936,1019,1020,1004,244,168,164,915,456,496,160,436,209,432,217,72,456,508,360,852,56,164,217,72,896,970,200,635,441,500,62,728,1020,190,112,208,56,356,164,732,248,1016,120,649,0,432,143,408,338,900,287,1017,176,122,57,418,220,930,120,928,500,166,604,216,336,829,945,160,16,880,536,404,110,153,38,1008,288,506,52,516,435,672,177,986,284,820,428,504,418,426,46,249,490,106,1020,384,48
883,543,91,221,558,731,565,656,394,401,89,720,802,63,1006,298,346,966,870,936,731,731,823,821,162,861,550,930,31,843,1006,901,751,105,288,812,681,605,1006,151,931,231,166,893,867,244,899,621,719,757,978,481,677,872,233,589,727,932,928,243,934,599,742,557,89,930,652,1015,682,688,405,205,160,751,605,303,549,1015,859,93,591,717,678,27,780,726,717,198,146,918,110,233,567,254,118,850,211,913,915,150,531,704,831,893,879,0,1014,859,737,21,751,545,856,101,170,279,885,746,748,652,738,595,757,98,733,7,547,102,751,550,606,806,503,743,302,919,549,731,543,605,938,779,866,743,762,119,68,852,997,91
626,77,9,115,28,555,13,62,911,87,807,823,270,75,907,813,502,19,521,14,70,290,93,430,7,820,479,45,356,116,381,303,487,453,518,431,177,709,370,13,387,29,34,13,496,365,441,520,79,813,299,806,15,963,282,57,933,242,25,111,15,413,293,675,489,933,13,174,863,114,295,291,270,1014,61,449,458,355,523,967,362,455,374,898,21,421,541,525,43,265,427,454,569,388,654,499,627,809,382,13,350,1010,607,342,395,781,443,782,65,295,301,116,759,295,663,15,289,133,523,1010,936,358,296,374,911,390,1009,994,440,331,270,120,361,42,983,11,215,449,971,525,45,423,654,51,15,887,431,304,9,920
318,16,294,305,272,318,561,626,310,52,148,158,190,144,91,152,318,331,258,626,331,294,434,16,310,363,16,38,294,115,48,264,292,306,876,40,950,238,155,22,807,256,258,314,74,322,310,422,77,182,634,818,316,754,870,18,672,362,238,413,302,362,28,531,28,590,362,286,10,306,294,138,818,310,451,218,322,90,38,307,574,8,304,378,306,990,798,202,130,894,259,344,894,887,950,795,43,106,846,56,782,90,376,20,66,648,18,372,129,366,378,610,272,148,578,305,258,430,316,360,586,575,318,554,954,523,822,306,80,34,304,108,122,618,200,26,306,490,676,75,294,158,782,22,353,547,762,238,298,46
69,96,37,114,16,975,309,914,70,173,377,370,134,274,514,100,66,18,628,757,147,702,770,292,104,364,18,289,2,109,187,290,148,364,227,163,614,67,0,76,194,16,2,100,18,360,275,36,19,594,1010,725,113,69,768,374,41,16,594,723,37,144,36,572,147,786,258,17,133,784,626,785,11,820,120,273,86,193,5,4,164,120,16,763,139,643,201,107,313,140,140,83,40,16,322,500,35,107,78,42,585,358,164,636,295,289,777,109,276,875,320,808,18,54,770,836,204,376,60,660,16,16,750,653,904,165,106,306,9,135,114,575,449,237,330,345,92,818,577,786,150,162,66,226,12,98,72,73,91,112
566,657,981,110,209,454,388,471,486,467,496,456,848,235,424,313,177,202,400,475,424,494,475,500,372,502,114,495,428,501,193,387,472,760,456,427,454,291,756,503,948,548,706,104,475,996,966,388,464,84,256,388,703,263,792,332,428,427,11,737,472,500,494,886,241,920,240,420,492,404,344,68,101,492,763,956,956,332,464,848,240,244,174,472,920,430,424,459,424,792,507,1012,989,69,448,628,128,422,500,966,459,736,172,80,456,453,806,364,502,455,674,487,366,264,469,136,726,616,419,264,1004,500,748,471,970,969,913,991,1017,452,113,976,464,692,919,935,501,344,468,236,909,656,848,453,576,416,179,417,87,460
427,531,939,230,751,418,499,431,474,147,174,547,797,586,690,611,695,675,254,35,679,503,50,628,998,237,655,708,622,547,543,291,759,19,243,526,547,563,71,47,47,535,562,1007,591,947,410,566,393,167,799,663,302,311,567,927,931,155,51,299,599,190,718,179,230,177,434,687,153,15,945,975,463,743,519,619,227,195,115,487,823,675,563,615,35,799,819,27,559,622,175,430,911,230,558,243,939,99,615,115,147,674,786,101,687,583,263,524,819,738,931,686,34,534,946,622,559,695,777,1011,945,343,162,747,871,725,417,819,767,399,346,46,238,270,47,738,558,759,742,167,270,663,174,179,907,98,231,851,177,431
544,560,758,720,697,954,527,58,36,822,564,532,858,697,572,764,561,54,260,120,56,800,440,560,952,800,36,825,576,85,560,56,564,53,568,53,442,730,48,772,320,296,186,562,612,53,568,748,508,677,376,106,148,296,354,628,118,965,612,528,541,949,628,806,61,573,772,627,757,496,636,80,624,104,532,560,44,497,824,607,544,241,1011,696,108,56,76,552,556,854,249,624,792,173,885,148,628,570,182,368,644,441,76,185,824,541,826,964,696,532,932,914,876,912,241,117,876,786,568,964,204,568,610,44,849,645,45,939,848,822,888,792,625,8,776,812,569,560,832,58,824,318,540,568,700,574,257,636,116,820
639,535,804,583,539,519,552,591,62,382,535,823,317,27,3,568,538,303,795,895,553,807,566,603,1018,539,39,539,319,377,317,538,579,895,822,27,939,515,539,524,943,872,599,314,819,115,3,332,795,791,543,279,855,743,543,287,855,807,591,882,111,27,634,842,729,536,1012,519,778,774,1022,899,595,274,297,570,558,23,119,507,115,539,539,827,538,514,115,990,559,331,335,566,319,115,27,283,377,827,523,806,551,557,827,807,542,817,654,539,536,53,54,835,639,83,810,820,827,810,517,286,119,807,635,826,583,539,539,828,827,791,823,839,559,315,311,535,742,299,364,807,531,604,807,539,323,298,315,809,9,518
56,490,212,657,505,874,146,245,340,282,604,85,311,184,642,69,74,187,1020,217,281,152,45,320,169,589,389,204,186,368,963,616,216,642,176,278,232,974,177,80,78,964,540,212,234,200,57,241,57,461,810,254,492,1020,969,748,56,342,619,244,250,184,209,145,906,188,811,146,238,1018,184,589,169,794,206,514,90,212,21,182,496,192,178,408,714,920,156,244,846,649,784,196,205,504,232,674,226,78,424,850,997,937,230,144,146,176,325,206,586,218,841,841,496,29,877,1020,214,295,232,211,186,168,181,685,122,768,98,765,97,234,73,968,21,956,77,977,240,214,908,204,98,542,82,224,110,178,509,674,840,104
198,837,103,229,227,199,455,937,799,871,494,255,661,125,829,345,229,733,135,255,623,199,367,356,639,234,862,223,869,839,69,679,455,455,587,501,575,575,895,683,665,101,250,59,553,130,687,11,41,397,263,635,334,74,847,991,366,455,73,173,295,413,543,196,207,725,925,500,37,715,367,455,890,203,703,353,74,325,843,301,333,1023,941,198,255,202,461,553,201,621,39,313,454,243,295,863,159,217,263,661,958,627,725,63,775,253,351,431,677,675,454,9,321,463,295,837,527,879,101,961,405,841,231,815,839,687,250,163,761,228,383,7,85,565,667,559,687,99,1007,327,229,165,99,493,237,687,829,133,609,95
704,318,509,492,399,34,964,424,244,830,432,673,418,152,294,404,965,485,141,578,740,922,959,906,820,494,334,710,511,484,358,896,444,2,582,223,948,4,45,836,104,447,924,444,444,959,693,690,929,438,260,258,492,429,422,566,948,284,132,928,934,411,486,420,556,936,996,510,430,98,708,101,422,904,6,463,142,38,198,494,689,756,1006,944,101,938,189,48,508,602,814,447,950,102,417,546,502,735,696,128,822,444,486,997,36,144,188,118,486,60,180,157,142,175,148,940,165,997,411,489,430,692,304,106,429,868,955,244,428,54,942,426,166,998,710,408,472,950,423,418,44,223,688,710,508,420,956,447,935,406
697,129,472,750,1011,973,1015,1004,708,973,974,909,986,911,1013,971,987,1006,963,978,250,969,870,960,479,209,998,471,495,971,1015,974,754,887,1004,968,730,154,977,1014,330,927,950,729,460,707,1014,643,254,139,143,494,744,709,234,1010,986,719,154,983,986,934,1010,1009,986,1017,222,210,695,716,714,1010,435,723,729,527,603,906,886,327,973,656,1012,725,459,1015,783,974,571,833,962,746,901,723,747,967,155,702,194,1016,706,719,175,455,482,978,1015,1004,889,1012,139,723,973,907,935,307,193,190,902,973,995,959,1007,931,1006,482,463,960,668,961,975,985,1010,1018,731,247,911,741,181,908,459,927,731,223,762,724,678,990,942,722
303,319,834,89,1012,675,191,81,316,822,47,253,889,573,104,610,895,55,285,59,880,827,599,766,882,839,1015,63,502,279,400,387,419,271,812,611,191,287,161,37,505,799,563,206,18,293,169,299,446,942,284,910,736,883,895,513,169,120,751,328,883,1011,883,823,28,505,737,63,882,755,178,62,962,125,120,399,835,231,71,783,167,279,515,275,378,637,387,259,151,147,861,783,725,121,886,120,38,304,279,886,244,746,734,159,37,191,75,559,278,266,579,399,53,883,543,309,193,121,595,662,320,190,319,887,216,61,267,743,444,739,888,169,889,432,826,1013,59,887,828,200,505,611,273,73,846,754,963,594,566,34
290,536,183,324,199,522,6,327,299,449,290,700,37,565,28,948,613,343,293,422,639,306,115,367,538,67,608,298,711,269,306,838,750,86,72,836,756,303,6,997,41,609,775,588,774,309,145,298,867,109,908,35,291,321,435,637,39,967,754,761,627,215,196,43,152,291,581,483,14,318,615,539,889,314,720,874,7,954,436,604,279,215,943,167,932,553,875,55,90,363,263,627,997,379,935,320,154,48,312,771,548,792,779,668,290,123,703,195,374,884,565,610,839,671,346,371,307,973,47,261,602,309,455,214,286,326,722,526,218,639,440,99,843,537,888,319,249,291,295,428,600,842,618,74,97,603,643,865,582,839
304,416,556,928,118,304,100,232,334,124,350,772,878,596,780,308,258,74,626,20,964,814,943,76,834,282,76,604,20,166,106,525,292,108,801,26,600,988,532,256,540,540,218,536,532,866,548,56,100,170,444,578,70,30,868,420,92,12,54,628,490,53,452,958,100,564,288,124,636,428,77,628,254,572,114,515,68,414,904,516,950,179,596,616,592,869,622,292,446,196,118,650,294,12,572,360,316,828,488,412,366,234,370,364,234,604,108,444,948,892,588,308,388,28,164,844,933,800,40,790,611,125,78,602,596,108,98,108,269,38,564,284,130,172,540,701,68,948,12,299,364,540,572,516,5,60,543,945,401,988
979,305,307,106,490,563,536,490,539,78,170,1000,86,379,289,94,613,30,554,494,825,706,26,90,522,371,26,852,348,866,531,339,922,91,578,512,82,295,826,202,454,200,100,655,363,371,201,315,59,542,464,475,94,626,727,554,2,594,418,473,720,530,18,298,94,306,306,531,314,306,18,26,370,506,555,312,818,469,19,850,32,380,474,555,478,383,122,598,19,30,378,75,220,530,378,453,106,126,19,884,90,657,995,307,423,531,608,30,471,606,94,410,108,54,362,283,607,892,18,538,866,34,530,658,914,313,567,482,614,892,474,19,657,197,146,19,36,85,300,152,47,363,612,18,306,345,762,420,830,539
433,495,689,161,1001,157,479,478,401,653,235,167,321,999,961,429,429,169,997,677,725,381,447,87,157,509,165,429,681,23,273,157,751,215,17,237,493,316,427,293,673,673,895,103,739,708,41,757,193,157,56,961,133,136,749,173,420,993,220,417,243,215,441,975,26,997,685,285,165,305,405,149,91,133,221,161,925,134,354,197,195,145,374,153,173,752,997,1013,485,421,379,147,463,431,289,1017,207,149,493,464,149,935,155,145,155,958,385,273,91,173,145,865,397,1014,764,641,434,447,149,159,725,433,995,425,1023,321,901,963,141,129,401,157,485,151,235,93,733,94,189,417,725,311,1006,195,107,429,725,256,149,83
925,308,734,661,436,540,149,18,531,918,212,219,237,772,343,485,639,941,668,991,1013,246,951,924,433,523,212,795,399,1002,261,1022,766,692,950,533,956,496,439,212,419,1014,1020,504,722,732,496,607,57,407,1007,853,702,500,372,222,770,477,823,660,998,701,308,726,746,916,209,660,951,607,222,924,932,1020,730,404,222,954,656,982,470,891,975,855,478,726,910,1021,503,32,83,948,966,1004,146,594,726,618,988,372,948,748,727,982,885,146,510,734,214,1023,662,484,819,907,1020,826,702,242,1012,984,214,148,402,494,1002,811,388,719,692,602,437,722,28,748,726,741,776,951,148,920,540,927,446,502,475,26,954,735,212,814
950,894,585,575,125,406,461,703,190,464,478,421,721,383,663,603,678,981,437,510,951,941,920,767,261,647,175,220,511,829,1010,143,951,86,645,669,655,571,74,669,653,703,911,155,261,671,493,504,442,980,607,647,377,943,950,941,648,876,213,207,641,395,755,51,710,955,94,906,443,654,719,463,701,870,653,655,913,369,398,959,692,662,1019,655,701,253,406,664,975,727,942,597,367,171,678,933,667,203,935,441,940,382,932,509,647,223,495,459,703,479,443,315,702,185,597,943,231,511,699,205,491,659,157,31,519,37,795,957,743,895,395,669,602,207,247,140,363,909,511,173,822,377,383,933,435,951,368,892,79,167
522,769,801,769,544,818,192,801,325,137,321,838,192,36,1,653,801,196,240,226,539,98,497,65,937,457,934,865,192,359,103,368,449,641,673,748,641,718,520,641,809,937,240,128,316,803,576,128,32,656,921,577,144,705,449,930,707,544,705,519,225,816,598,384,193,640,640,929,193,195,728,194,193,640,614,641,706,406,326,852,320,999,692,64,195,305,640,1009,64,762,65,581,705,673,321,230,993,640,193,376,706,728,96,675,255,656,528,495,240,870,811,710,96,640,685,497,144,657,225,256,369,72,193,273,664,929,827,225,193,324,673,801,497,129,897,135,816,641,641,721,777,441,656,928,841,639,640,493,716,196
474,392,86,140,460,419,104,360,586,392,68,398,26,168,499,334,879,110,14,636,434,426,586,430,219,46,154,342,436,602,74,60,378,415,176,274,18,14,872,610,236,953,714,14,904,280,43,290,932,922,18,120,24,618,441,538,367,280,22,50,440,843,618,377,343,398,538,898,100,154,508,266,91,760,92,464,618,70,14,498,634,776,186,152,594,192,218,274,18,394,794,350,306,796,278,44,872,290,618,248,270,267,602,322,858,2,506,415,440,182,415,136,252,136,458,412,82,178,589,104,491,70,870,25,208,106,168,563,510,776,30,626,506,16,12,202,404,56,172,268,91,74,118,139,906,588,137,276,8,14
984,334,858,792,58,210,408,158,856,872,988,978,314,924,630,1003,784,920,664,496,688,806,914,252,920,824,920,694,224,608,808,762,752,702,920,540,848,120,142,438,984,948,816,200,928,370,760,944,120,118,506,928,416,980,858,858,152,344,358,236,642,882,982,464,248,120,864,746,856,754,816,210,630,768,994,659,568,620,241,664,472,920,250,790,782,248,786,784,700,456,882,80,194,98,114,1012,400,914,793,998,764,349,856,129,678,402,338,408,348,474,688,912,158,32,152,710,984,234,776,784,800,193,402,784,656,794,246,875,730,924,352,178,920,562,792,696,984,830,496,816,690,482,414,812,238,542,466,116,336,824
749,472,644,213,524,12,686,165,834,558,54,360,612,838,742,36,748,615,748,604,525,638,44,455,548,246,299,118,740,822,535,172,236,605,1002,621,5,237,695,742,631,527,63,142,526,1,549,703,550,548,229,526,614,630,848,573,118,847,544,409,548,116,629,14,421,550,806,599,100,541,756,206,740,812,158,624,589,550,532,46,127,561,512,38,246,54,548,420,607,88,20,687,292,71,358,25,599,270,452,46,765,964,740,742,948,1013,52,36,550,742,534,628,805,62,620,631,118,164,343,823,626,372,686,518,23,38,130,844,615,686,374,550,514,654,38,535,758,744,998,854,628,364,774,526,796,778,716,244,230,14
820,636,424,370,799,311,894,884,581,462,894,798,318,954,830,874,103,429,1020,348,486,875,37,301,936,442,990,958,6,382,862,875,877,927,288,830,822,894,18,786,800,879,914,952,303,894,118,63,996,874,174,464,1018,362,943,367,882,948,942,948,942,773,950,1001,279,789,378,919,878,926,364,390,43,190,894,368,948,341,494,875,1004,277,291,380,854,804,991,306,508,888,421,313,958,786,914,895,446,429,895,311,940,1005,1006,456,94,298,36,482,954,878,348,894,958,430,599,362,862,862,941,402,822,439,810,57,327,1015,334,789,886,382,941,879,310,335,380,621,383,942,830,494,991,686,277,791,1013,1002,568,826,565,734
314,683,899,18,882,868,883,826,841,695,108,337,848,290,272,813,867,815,875,904,362,936,868,559,892,873,939,844,793,860,956,611,779,954,882,291,807,892,421,257,890,841,137,875,949,939,1005,821,938,877,893,619,447,275,881,879,557,871,584,537,869,840,358,840,826,303,364,892,888,608,873,816,555,213,956,904,686,120,877,634,922,972,963,851,877,350,955,907,316,805,817,842,330,915,796,781,784,43,849,879,321,839,240,863,947,811,337,588,827,854,843,627,270,77,507,779,877,844,841,894,482,842,109,328,883,888,890,787,633,604,842,956,808,848,570,895,862,600,787,621,781,874,870,361,876,879,811,105,349,853
963,898,858,663,843,108,808,849,394,338,795,862,321,40,851,975,211,865,320,971,944,872,92,355,128,178,331,601,129,544,83,83,503,857,843,905,957,65,769,400,859,26,127,843,304,906,368,577,892,905,347,874,498,971,459,83,329,457,67,448,80,39,408,498,337,114,915,448,862,593,51,17,389,385,857,337,154,347,339,17,341,65,331,9,73,377,586,344,459,85,86,852,483,835,275,243,339,290,634,6,27,251,530,154,890,323,675,911,341,378,835,856,55,598,845,955,865,320,347,888,347,880,257,172,775,848,995,623,91,89,110,411,123,497,2,330,145,331,321,74,411,584,329,793,346,320,970,19,126,65
298,359,294,302,996,444,424,295,375,52,422,438,432,780,500,478,446,358,980,944,295,280,775,446,895,295,436,831,631,623,300,305,438,486,974,268,438,286,319,775,959,230,439,316,703,116,510,484,263,454,55,272,302,308,479,806,439,496,564,238,452,318,260,269,438,318,910,966,986,175,332,317,384,319,476,894,270,286,422,286,395,871,502,400,482,96,55,391,222,336,390,430,423,308,278,916,39,496,274,114,910,294,481,820,438,870,54,438,471,274,282,374,36,271,339,446,493,884,422,476,126,319,1000,486,951,334,364,311,286,263,366,284,408,822,261,807,307,164,319,334,444,911,319,478,414,303,430,1004,302,439
181,811,33,299,234,688,64,33,240,162,464,253,40,529,239,113,696,224,125,222,221,448,100,24,389,745,652,113,241,737,234,381,234,1009,241,57,241,126,480,944,33,154,2,45,561,809,945,1002,249,753,409,106,216,247,677,200,723,243,373,168,352,129,477,216,753,802,769,113,264,401,234,210,0,925,161,801,873,220,208,474,153,871,49,241,800,242,549,80,104,617,315,89,681,41,222,651,57,755,45,209,234,389,55,744,170,753,753,65,1002,507,889,251,998,178,497,243,183,230,137,490,738,528,482,234,217,241,569,229,290,224,183,211,809,385,34,29,497,128,939,769,234,481,241,41,138,369,80,683,97,10
648,686,630,688,674,749,701,122,516,505,650,605,681,621,696,591,681,626,611,721,651,643,556,557,674,116,762,73,701,690,681,651,568,592,940,808,693,169,591,514,650,178,516,101,681,648,758,699,634,668,573,145,429,697,701,690,181,195,179,651,665,631,569,590,153,685,681,140,575,755,684,628,601,254,647,588,456,693,682,668,656,179,654,686,759,630,85,691,231,589,562,646,128,587,333,713,909,665,577,630,881,764,686,946,647,678,734,681,762,675,612,74,684,512,762,676,161,669,114,655,651,613,716,703,184,693,689,697,558,618,701,593,649,117,651,75,671,392,693,657,683,648,981,562,577,525,649,892,670,540
602,402,343,304,302,201,54,646,983,503,913,499,306,878,424,436,356,941,288,963,973,971,202,309,854,750,306,305,769,535,378,598,117,262,566,13,426,411,942,333,1006,292,315,850,331,331,85,705,484,482,687,506,68,497,278,17,266,953,439,310,821,612,483,420,962,254,495,484,759,294,391,576,310,583,434,993,691,480,955,225,341,322,69,831,257,495,617,979,485,422,659,522,310,268,490,535,423,790,561,807,275,278,309,414,279,648,482,482,416,54,355,445,403,3,738,307,486,469,358,278,491,497,65,663,433,541,531,450,818,932,725,260,630,446,694,330,533,998,439,19,420,469,494,21,302,311,23,497,81,34
300,383,270,381,795,530,303,334,443,498,97,430,438,169,479,775,362,607,907,314,834,259,367,286,315,373,383,331,6,803,798,329,129,346,379,351,27,379,285,994,307,625,379,371,346,862,71,66,579,797,346,341,514,274,822,319,315,323,446,325,266,270,267,62,271,310,218,902,594,259,379,343,834,335,905,270,370,291,302,291,266,835,261,894,842,88,402,326,350,79,322,291,262,338,278,99,351,307,97,416,342,798,414,354,352,450,369,414,285,603,363,802,22,317,411,341,940,62,339,795,422,54,890,185,882,374,811,518,770,514,14,321,419,350,782,258,346,354,987,406,271,475,346,730,369,905,818,93,329,794
366,360,216,912,136,64,417,958,196,1004,336,960,488,55,204,188,878,384,940,1007,452,232,423,176,172,186,903,293,935,482,454,450,364,492,476,168,449,416,166,30,350,130,948,920,44,0,904,67,362,480,456,508,166,957,204,686,349,480,198,428,54,934,76,271,710,455,4,490,1020,416,827,428,482,198,488,493,1005,460,565,16,236,160,166,1012,184,61,488,62,36,872,556,689,462,46,332,167,418,299,577,952,193,872,284,912,384,175,1020,451,486,36,466,684,588,180,938,421,78,333,924,682,264,46,397,460,455,988,102,39,733,167,877,270,360,416,56,289,173,188,220,678,680,356,455,331,350,958,366,450,97,454
905,161,1015,439,597,927,33,695,159,143,465,750,973,919,425,159,693,438,897,773,776,959,654,607,759,827,247,767,328,477,975,645,913,849,215,336,175,247,840,759,23,901,935,217,953,241,280,927,959,345,439,65,506,937,255,276,753,197,447,439,905,215,695,973,1015,953,249,54,376,312,1018,821,113,957,255,767,249,87,437,909,1009,533,937,935,241,767,826,249,645,767,923,1017,217,207,237,73,223,87,153,994,609,953,1008,909,919,545,447,985,697,911,246,270,129,945,254,233,683,249,761,881,215,473,605,153,233,241,929,791,949,1015,600,950,145,824,501,401,433,249,1009,919,169,249,438,1015,903,909,945,1015,409,679
202,162,119,50,36,67,928,67,87,330,64,212,934,628,547,34,214,71,194,67,80,174,192,806,67,4,337,933,67,483,781,24,431,210,376,234,173,757,83,546,189,210,43,750,426,390,55,84,749,67,221,147,456,194,19,34,210,775,35,627,163,163,77,195,130,279,79,82,35,403,64,10,327,195,195,739,870,163,165,35,867,166,55,64,272,5,347,43,351,197,136,379,690,747,195,179,197,627,339,84,323,71,203,401,197,338,161,285,195,141,80,192,675,64,91,211,65,330,199,39,210,68,261,195,199,391,431,51,229,37,43,195,71,66,69,195,133,386,451,133,70,88,4,619,142,258,127,381,342,941
18,224,275,116,113,272,17,192,12,0,278,566,369,976,276,822,150,170,468,279,144,376,246,148,274,998,384,114,115,40,19,144,115,116,116,128,321,195,402,932,144,446,6,279,500,420,410,406,436,150,596,252,400,320,320,18,149,113,404,406,16,412,422,144,119,385,304,112,292,195,150,470,49,210,464,287,400,404,560,134,23,272,151,46,198,180,406,405,180,118,658,279,864,448,400,144,54,480,400,144,262,17,406,172,118,16,240,12,150,240,188,281,195,464,186,244,160,246,580,115,333,452,128,442,251,436,885,402,119,32,473,922,6,918,134,18,21,114,148,192,101,250,216,177,1014,864,188,499,115,615
58,623,758,546,699,59,58,62,298,892,330,346,298,818,69,603,330,58,534,394,314,338,298,402,554,541,634,522,286,586,85,349,301,330,632,56,330,10,555,571,790,552,331,114,300,776,140,318,298,898,182,454,54,46,56,560,684,635,318,50,46,87,42,314,349,667,60,297,306,316,58,161,540,42,172,58,892,323,58,323,330,616,410,314,26,347,298,424,514,74,579,439,797,97,633,37,667,58,382,426,26,529,538,83,731,266,634,60,860,307,773,584,634,323,506,118,58,90,560,861,930,346,370,363,61,44,274,36,626,471,68,950,74,602,330,584,32,616,594,305,314,628,597,10,66,512,571,348,112,637
855,378,210,402,302,116,881,837,88,492,240,296,244,787,293,594,3,20,404,717,141,978,571,339,69,99,482,186,417,114,216,416,4,296,59,7,117,500,11,1019,7,3,867,492,788,442,724,107,123,240,362,274,134,115,116,114,311,115,34,496,475,115,250,3,146,504,851,11,339,242,16,102,85,528,795,883,454,364,128,529,868,240,130,240,18,224,37,915,7,240,948,240,722,150,306,16,48,81,154,232,114,500,6,359,11,531,651,244,500,299,498,27,176,242,16,474,252,259,5,283,363,262,65,498,907,244,250,83,971,67,415,600,490,116,368,850,451,226,375,426,376,354,307,484,101,978,114,243,611,11
746,384,768,397,269,243,127,643,36,135,771,751,225,499,243,765,757,459,283,50,275,317,69,267,462,125,399,736,901,355,287,285,386,402,643,597,92,914,239,109,157,381,866,21,405,929,219,618,151,108,762,751,267,643,765,743,142,1005,396,645,911,84,410,810,249,484,20,627,227,830,116,715,187,893,290,127,413,225,84,875,644,995,892,226,252,911,461,907,797,1005,80,179,147,740,867,117,151,267,733,364,1003,899,85,543,348,875,802,893,563,139,409,773,381,391,276,287,172,143,371,381,141,245,766,411,926,26,365,380,115,422,898,241,1021,131,397,50,595,744,259,399,797,23,85,148,134,299,1011,907,61,957
117,527,268,409,935,1011,743,12,399,247,809,783,396,444,935,370,956,903,185,563,925,4,205,975,411,191,231,495,881,167,229,29,420,412,743,108,927,419,805,701,189,472,596,228,772,815,757,148,1017,495,679,1007,247,1003,193,405,665,319,780,280,747,133,839,251,637,740,517,164,677,141,555,618,487,464,239,184,405,79,500,892,524,505,735,237,469,777,967,1023,104,21,687,485,767,335,756,485,4,29,493,395,225,113,167,997,399,719,783,40,399,924,397,55,700,965,927,740,845,491,395,327,772,948,840,757,207,828,221,783,121,388,661,335,613,23,541,15,44,663,501,328,875,445,476,125,148,776,55,383,247,10
5,304,1012,660,740,213,756,661,531,658,724,520,660,917,87,865,660,660,628,276,660,644,1010,918,632,660,535,543,117,988,661,922,1012,533,757,899,244,853,978,765,112,724,447,756,756,1013,1018,916,948,849,849,313,1012,529,662,660,870,55,883,402,146,148,851,852,754,810,757,988,436,916,529,148,537,785,664,1010,1020,407,146,308,594,518,628,756,624,1008,759,640,658,760,724,529,632,841,756,861,976,605,1010,996,656,885,168,340,184,561,884,567,658,663,980,1008,58,740,1016,658,533,858,29,951,820,692,212,926,656,148,756,664,612,660,660,986,672,554,865,148,658,484,532,986,533,537,913,532,661,924,978,538,150,962
983,425,910,945,754,660,976,958,983,954,953,522,913,766,908,779,351,1002,959,921,252,345,958,563,81,968,755,923,949,666,721,921,1007,562,863,895,958,990,862,979,440,881,857,470,442,1022,652,825,742,694,687,922,1023,839,601,863,969,177,479,793,851,986,814,775,986,545,1022,400,945,898,999,762,913,981,465,982,414,305,313,946,633,990,1023,788,446,918,793,201,215,986,529,825,402,920,922,926,478,921,173,663,883,473,954,665,510,625,572,857,944,912,945,841,414,455,958,857,81,769,633,232,986,979,764,698,827,853,895,947,970,926,457,563,950,161,989,210,178,850,978,799,989,980,922,527,955,401,229,881,943,922
626,95,789,884,238,532,527,80,384,516,629,22,0,784,652,122,536,696,592,596,1015,720,596,612,624,116,562,542,147,632,626,528,145,33,612,280,274,24,537,956,620,122,142,628,84,580,8,90,540,260,120,820,82,744,816,534,617,625,626,140,460,122,778,13,18,80,628,36,880,633,18,287,536,892,530,119,602,825,336,280,80,903,906,592,418,18,568,306,184,516,626,628,256,48,800,112,751,368,148,380,521,340,22,121,634,1014,217,121,600,541,568,283,118,90,244,112,130,560,120,458,785,81,893,889,807,124,307,266,92,24,272,742,633,18,537,932,15,601,88,629,536,1012,256,788,124,1008,122,22,850,528
516,626,188,598,156,342,18,530,824,628,598,917,476,785,758,152,114,883,762,662,146,748,661,592,18,20,883,534,18,638,548,531,218,52,1011,22,306,54,307,374,229,84,18,754,852,634,20,658,18,964,567,86,720,607,819,596,532,298,831,742,20,380,765,882,532,722,790,918,741,532,754,52,884,55,630,724,310,148,533,662,570,978,148,115,261,634,114,626,722,372,20,630,187,658,630,722,84,570,80,662,532,82,82,404,212,507,708,855,628,95,659,858,54,851,725,595,19,53,52,212,856,20,661,635,54,18,850,828,636,660,988,850,852,20,204,883,549,660,660,630,585,660,412,660,150,724,638,566,661,147
661,1008,787,413,210,176,731,930,760,250,667,221,658,896,178,343,729,727,854,947,179,155,731,722,947,218,602,697,179,179,698,692,1014,693,223,723,218,5,449,27,219,691,1012,657,18,555,90,193,432,691,255,226,725,561,593,593,419,219,172,210,177,178,761,154,467,393,178,692,443,980,71,224,197,733,432,691,614,586,839,442,673,944,178,213,215,200,184,443,728,186,723,732,731,978,186,673,91,82,720,592,445,216,159,202,412,979,1010,213,314,477,383,179,19,979,466,983,165,219,251,703,293,730,155,731,850,22,18,696,1011,35,963,733,57,701,186,58,699,26,185,723,692,215,441,565,771,184,757,688,179,152
838,676,711,556,905,935,671,651,655,708,293,38,228,544,565,203,355,934,673,773,1006,110,1004,709,1000,649,703,719,928,613,806,668,943,664,710,744,774,646,903,649,1004,664,905,710,900,647,500,1006,717,352,913,655,913,806,981,814,105,971,641,520,668,717,909,712,12,917,710,993,209,733,672,903,711,317,686,679,714,431,700,580,521,934,480,717,610,1004,711,709,932,193,805,711,537,757,248,761,484,902,654,900,750,619,863,524,948,512,735,678,649,1006,653,238,687,717,279,207,224,654,935,1001,715,864,1001,913,541,676,1000,781,713,29,905,695,751,772,719,543,152,157,761,495,688,695,588,218,901,929,756,717,896,169
876,258,445,725,380,158,84,90,336,29,475,275,216,214,563,211,308,316,149,42,72,213,76,844,291,187,593,219,213,475,338,980,193,5,84,445,211,276,298,212,292,304,98,85,184,252,67,693,244,299,275,147,213,299,468,501,722,210,84,850,171,727,243,794,212,283,643,339,475,275,691,91,722,725,180,211,213,46,312,850,468,491,375,256,355,191,723,470,178,771,366,443,147,774,596,916,130,919,724,923,308,11,1010,596,567,565,308,338,916,595,421,468,188,332,885,44,99,208,377,80,211,858,244,858,272,642,404,277,275,80,213,411,436,221,599,724,208,387,68,483,275,754,403,99,464,83,212,307,323,812
693,796,670,754,646,730,734,701,760,694,690,945,702,685,687,702,845,703,664,964,173,702,762,221,616,270,988,698,400,668,764,700,413,686,751,711,798,537,990,815,904,696,916,206,686,702,653,716,700,269,944,668,668,700,509,245,170,764,692,762,668,222,732,107,734,766,908,456,204,14,950,691,540,766,188,254,696,750,246,700,654,492,470,746,701,762,958,668,189,460,882,764,200,735,766,699,701,456,536,363,927,760,409,745,988,167,754,542,533,950,416,990,610,702,636,764,669,699,702,730,1018,125,133,478,701,690,701,670,699,664,574,189,949,212,680,252,766,540,980,542,974,153,664,670,670,693,626,762,765,734
160,169,680,46,206,766,175,35,47,40,170,79,683,47,464,589,450,929,325,1005,79,495,78,782,591,687,553,110,46,552,40,294,168,74,113,78,679,686,360,78,878,174,426,463,13,862,182,454,511,73,425,39,680,546,230,169,152,209,758,169,715,35,67,174,142,594,77,635,591,6,366,78,872,254,573,430,166,134,191,552,175,335,681,647,582,168,128,424,326,101,450,390,46,590,184,320,335,909,42,92,134,680,851,162,453,215,41,78,518,165,878,190,166,114,39,450,299,3,334,42,172,46,99,50,75,152,963,139,174,495,642,631,79,168,140,46,72,206,367,206,173,46,47,718,366,13,174,408,697,878
482,179,301,843,501,234,28,208,249,498,1003,89,403,400,497,194,502,420,923,600,63,407,226,385,372,401,248,164,245,131,885,913,229,434,474,487,10,917,899,531,260,241,307,61,459,245,243,831,467,208,98,82,482,138,434,498,995,2,451,141,1008,910,724,798,98,401,1019,155,226,914,154,338,974,433,221,898,242,95,308,84,118,119,724,437,898,243,105,996,37,235,351,594,210,1011,487,91,897,408,162,218,350,371,500,472,162,125,437,434,80,205,373,237,403,51,416,133,273,403,418,273,373,739,179,738,434,339,231,26,542,93,405,787,219,335,417,308,500,818,710,443,761,99,660,403,123,203,565,1010,507,27
364,843,840,813,875,845,939,827,844,45,810,357,557,349,907,874,366,523,809,70,845,843,577,838,841,874,777,893,575,879,866,683,677,834,844,905,804,318,841,843,968,809,810,842,345,777,813,349,581,842,813,864,843,842,651,873,779,171,875,833,524,877,868,585,872,1005,645,360,74,161,739,907,1003,812,843,677,773,809,841,584,937,811,812,673,873,891,355,845,924,202,877,3,993,826,794,865,585,810,564,453,875,781,845,809,939,813,941,842,811,301,685,525,974,517,813,554,873,365,521,684,827,885,1003,862,521,934,890,685,947,845,845,489,777,85,861,614,557,873,973,844,939,873,523,555,861,845,845,779,836,76
64,15,310,245,461,670,209,437,54,838,1014,38,345,308,438,69,630,305,670,421,70,477,185,6,177,417,57,333,225,353,609,294,230,81,161,551,953,199,64,96,54,593,22,253,510,814,182,689,169,608,255,577,38,169,780,193,983,999,39,488,945,988,48,732,24,919,671,228,913,200,917,127,231,974,961,288,496,583,471,197,433,439,582,157,806,64,438,287,438,65,433,79,871,177,177,53,495,86,249,1009,33,433,412,56,421,341,654,417,465,363,965,825,681,49,821,397,581,199,705,337,304,593,77,711,725,450,160,841,551,45,964,189,101,837,304,717,609,961,198,885,289,173,421,56,209,85,582,757,214,311
965,941,240,1001,397,466,177,240,49,681,893,465,406,497,949,25,757,1009,433,900,529,981,241,113,177,945,945,689,912,416,49,129,167,369,977,372,735,838,902,713,753,113,509,225,689,705,181,186,545,686,181,305,77,1008,724,433,76,401,23,465,465,553,983,709,517,33,335,885,829,201,245,995,208,658,913,847,151,937,113,36,147,253,133,688,725,241,57,65,614,178,155,753,656,19,21,923,741,501,519,83,817,57,433,216,753,117,37,179,311,149,953,221,1001,501,965,372,240,969,685,155,577,217,437,433,228,889,817,21,117,569,539,725,165,126,89,433,287,965,1009,133,149,764,185,465,981,474,209,981,484,277
575,679,345,925,608,541,525,687,683,831,291,55,213,170,469,359,367,609,75,806,567,819,701,831,535,551,591,738,111,679,694,221,545,383,29,243,177,211,698,113,639,971,41,189,241,683,287,622,583,642,271,87,857,781,311,627,665,299,533,89,149,626,221,127,501,811,535,547,303,286,38,803,297,15,651,525,917,190,515,317,240,655,524,115,13,565,189,15,627,797,739,275,829,274,859,41,575,279,797,27,738,303,243,208,64,751,611,91,551,875,70,61,851,9,519,298,591,15,875,279,687,285,629,617,23,703,302,830,525,558,58,739,491,223,125,555,93,121,31,279,636,25,31,431,547,595,807,83,518,285
592,806,514,532,46,46,248,384,68,68,516,524,830,58,324,588,208,96,584,158,70,124,314,188,746,124,368,124,182,372,276,268,536,162,770,32,682,56,694,158,234,318,676,540,572,107,170,856,170,89,20,12,240,842,162,762,98,54,232,234,244,60,666,686,214,103,124,598,620,89,896,104,182,539,630,56,70,522,150,908,766,56,875,730,624,246,538,474,558,386,255,120,572,46,54,234,440,640,254,508,548,234,168,118,96,364,630,394,118,724,416,107,28,110,42,124,814,726,584,43,707,314,741,40,36,42,108,525,538,612,564,554,714,117,140,174,20,94,252,312,186,194,244,172,40,60,588,56,778,64
185,369,53,429,727,27,25,191,605,669,601,521,497,767,651,303,389,665,391,143,662,1017,545,817,413,751,189,245,43,809,543,533,191,853,413,173,677,74,1011,767,157,917,1011,167,445,165,121,401,157,29,973,681,985,599,665,53,717,481,935,155,191,809,813,701,317,191,753,831,669,175,985,237,693,147,813,729,713,179,925,55,1017,811,189,753,701,493,603,255,851,1009,370,729,607,55,264,764,857,25,559,119,44,541,765,25,229,141,217,637,429,957,711,107,533,983,405,657,283,682,313,701,685,445,381,709,381,525,1021,886,665,440,153,241,409,63,795,728,917,187,155,309,861,155,610,617,115,223,189,45,1021,671
495,31,371,307,499,583,277,46,341,373,639,527,301,313,549,798,295,279,791,73,319,55,853,265,785,359,237,595,51,803,379,345,639,663,547,869,877,307,379,115,826,365,601,19,275,775,335,33,383,23,275,137,785,765,315,47,307,39,307,967,95,365,771,111,815,859,219,373,611,287,277,563,825,31,207,375,18,279,873,539,503,615,49,315,367,89,627,379,347,73,730,571,273,655,59,307,619,63,619,127,105,127,274,281,891,306,338,275,91,287,783,367,3,315,377,774,515,529,19,753,295,155,87,531,803,265,339,259,563,275,799,371,559,35,19,350,127,851,551,381,281,347,819,203,345,326,61,803,49,525
87,923,557,44,494,85,341,359,356,643,224,151,325,262,135,549,349,263,545,231,231,673,786,212,103,354,273,288,53,805,516,335,640,595,289,217,100,257,87,69,80,352,599,343,521,639,625,367,862,226,455,736,235,745,753,487,784,68,204,805,515,93,336,39,33,337,753,353,112,508,369,784,592,42,769,373,657,257,101,334,325,239,361,274,127,464,67,365,342,29,69,325,89,97,807,329,531,469,243,259,605,528,68,882,85,351,579,321,667,101,69,335,353,85,196,67,545,225,366,367,356,355,357,309,69,97,129,3,76,232,343,279,256,357,371,353,256,275,101,41,101,471,513,624,992,608,161,103,295,1001
1,487,487,230,59,424,306,829,25,868,419,396,395,495,271,237,996,71,181,299,21,211,109,41,86,7,92,468,100,33,199,397,269,368,285,183,385,265,433,138,257,941,53,495,509,293,541,437,67,295,389,207,49,179,1017,388,813,846,709,280,904,71,412,155,457,11,517,167,949,215,523,441,157,1018,407,397,949,239,462,294,119,437,419,431,897,135,1009,965,437,889,565,303,171,487,477,497,331,421,137,53,495,947,491,425,405,503,765,456,888,271,503,341,985,624,715,548,201,329,948,279,143,205,85,441,51,109,425,399,267,493,455,373,10,593,432,1019,113,471,509,365,443,955,421,236,171,998,279,35,374,781
552,66,1002,66,694,568,94,558,888,75,44,331,10,78,93,734,605,628,222,90,66,745,182,96,543,589,102,78,42,522,47,186,586,74,102,330,95,15,471,886,66,202,144,742,58,678,971,154,64,252,138,1006,586,238,66,70,832,590,978,216,74,714,703,774,614,453,86,514,764,456,599,520,110,330,74,520,218,90,201,1004,21,586,44,745,445,558,533,642,622,522,738,998,680,584,670,10,297,138,810,110,910,86,194,192,506,22,328,202,622,598,686,104,754,206,745,90,588,718,836,254,968,927,622,717,544,519,991,581,74,74,74,992,970,673,762,86,614,700,151,578,184,74,66,66,74,712,8,578,1,518
72,365,756,732,216,528,202,456,728,758,753,476,320,729,353,204,270,456,644,878,808,476,1022,474,344,732,360,213,328,344,456,328,1012,456,968,733,335,472,332,123,888,352,476,448,881,922,418,229,976,801,699,86,320,373,292,330,417,716,480,968,870,268,456,1000,721,461,328,160,473,320,338,900,451,845,396,889,976,464,344,836,420,868,142,397,285,205,470,108,449,757,356,929,328,449,716,726,202,973,396,465,669,713,328,351,508,212,188,733,326,900,220,860,971,686,192,398,492,396,1016,2,824,491,385,829,586,168,461,149,668,732,472,1022,237,884,396,157,341,396,360,776,172,808,233,288,984,332,881,756,446,856
296,453,261,952,1000,391,452,804,696,423,817,903,323,424,711,332,295,992,135,288,277,292,260,966,799,389,396,326,389,1013,290,328,952,388,452,643,452,492,452,776,288,485,976,897,192,881,417,133,911,736,453,460,332,297,416,844,484,28,858,454,122,989,453,464,965,424,905,465,453,352,325,188,261,848,360,484,908,288,773,83,384,260,332,1020,437,256,262,769,239,612,956,911,147,812,38,883,289,945,260,465,688,397,356,485,356,744,454,772,967,944,297,921,427,688,271,780,844,978,364,525,289,860,448,389,929,460,944,97,852,384,1004,454,392,424,676,995,851,785,228,196,216,161,1018,424,776,558,296,1012,224,650
25,667,477,540,253,56,91,869,63,89,991,594,459,153,669,757,152,209,688,409,210,662,57,575,347,907,829,19,27,829,350,17,787,507,465,317,525,443,465,29,12,19,350,185,923,893,407,467,978,531,159,541,425,507,953,830,569,917,191,667,475,605,985,467,27,829,157,24,475,411,923,145,575,978,191,99,1011,977,59,285,861,899,431,61,977,1017,973,1023,349,915,457,51,457,25,313,991,647,765,541,187,29,155,542,529,971,345,457,465,403,824,31,155,539,318,504,543,985,989,531,473,92,477,763,47,515,625,287,159,305,179,666,475,410,479,370,543,30,569,985,121,473,671,75,221,477,95,20,797,159,371
219,419,385,463,0,487,355,399,207,123,111,198,422,451,223,47,467,65,103,47,451,587,395,386,67,385,55,163,163,22,323,675,435,174,419,79,66,65,707,184,7,42,71,75,387,117,207,71,74,78,66,143,387,398,199,76,66,15,651,119,171,71,390,163,451,417,391,490,678,111,31,992,111,131,615,135,171,171,488,386,399,138,650,111,103,425,235,425,71,403,463,117,450,262,108,551,401,489,75,495,64,334,3,291,75,131,1022,386,163,483,46,71,115,419,451,137,39,422,909,387,907,70,451,631,463,111,39,230,42,947,455,135,175,455,485,136,611,945,142,483,947,804,143,207,198,494,214,419,95,943
661,83,913,500,475,973,465,465,404,20,25,33,845,213,213,353,406,85,405,517,147,219,532,317,5,405,94,406,338,921,49,471,477,661,505,981,559,280,509,405,854,87,916,470,172,927,341,679,491,4,21,657,278,406,989,559,85,479,463,276,7,473,340,92,983,22,52,473,309,405,725,510,144,596,534,21,285,230,287,980,311,917,501,374,21,397,214,261,213,533,1017,28,22,53,437,453,156,976,213,349,29,61,694,981,378,980,405,6,727,209,21,20,277,151,262,605,23,6,21,501,309,517,470,384,131,721,415,336,496,53,724,219,277,276,948,23,20,20,465,405,53,28,292,509,232,29,277,21,21,468
745,562,232,640,210,952,233,645,761,609,667,893,561,56,529,985,136,736,969,137,635,650,361,472,705,648,326,565,216,708,784,1017,553,688,724,958,745,626,838,950,82,624,922,772,617,675,151,863,683,785,36,553,232,73,758,302,805,552,890,684,893,234,349,747,728,648,676,752,246,324,4,973,53,860,261,250,5,250,904,332,232,140,289,26,118,569,946,792,735,803,217,837,193,553,665,649,732,820,986,570,364,551,601,889,1,361,104,742,839,249,71,562,763,17,817,818,801,568,874,1018,761,513,198,325,250,657,762,1021,676,8,584,516,261,744,192,544,521,890,992,161,516,715,648,328,632,820,192,1,889,839
291,803,227,753,37,243,279,627,219,546,291,251,751,275,755,275,227,163,363,219,39,729,51,23,755,211,304,347,363,160,570,739,211,563,275,103,227,561,227,251,239,763,739,570,303,11,161,115,305,291,227,307,343,235,483,195,483,3,147,35,307,51,307,213,273,754,370,187,311,251,203,481,227,735,721,355,51,227,291,291,227,227,227,719,160,207,19,307,115,234,227,38,275,109,51,371,291,119,228,739,307,265,311,307,177,291,539,358,98,739,787,363,107,178,755,746,37,55,628,241,243,227,19,481,227,163,3,227,787,291,818,803,259,147,163,291,451,691,531,311,123,227,311,739,289,435,767,379,307,99
36,21,332,204,12,456,157,282,143,222,700,140,111,204,141,40,348,202,110,332,26,361,8,156,140,68,204,168,844,393,141,292,140,200,136,76,218,284,668,200,477,0,204,204,200,844,643,716,201,152,266,348,365,251,200,192,84,12,140,192,348,200,124,0,392,286,712,20,64,68,137,324,138,136,460,863,332,340,78,332,28,204,220,349,200,200,205,140,348,129,200,128,120,328,204,200,396,204,201,514,732,364,154,204,262,344,408,137,333,522,836,140,222,376,526,268,396,128,328,148,136,392,348,152,140,202,204,10,220,0,132,200,29,128,456,269,364,204,335,142,200,200,17,400,136,205,202,332,472,262
392,126,908,810,507,1009,46,629,235,778,880,505,296,504,1021,505,937,820,237,456,824,816,470,957,481,911,509,828,756,245,304,825,957,393,820,747,148,245,1021,40,480,60,764,380,297,994,305,813,1020,260,372,324,106,316,313,332,671,44,375,231,885,500,1006,100,1016,809,1020,301,812,952,828,440,61,466,116,496,229,329,380,52,764,444,484,138,476,485,316,250,822,360,457,206,304,424,304,648,264,226,380,380,249,300,930,140,554,376,79,654,227,952,995,806,62,888,300,226,316,241,68,116,299,504,952,498,1017,828,441,380,824,800,185,572,936,317,317,245,959,777,877,459,286,304,491,206,159,426,441,816,624,372
882,383,767,995,629,721,566,758,891,695,659,731,885,875,755,497,880,759,750,867,755,527,530,541,739,563,860,979,767,627,743,565,559,767,39,995,815,751,759,316,19,882,530,851,639,719,757,984,675,754,529,551,830,356,623,211,341,981,253,254,755,547,530,647,871,979,738,753,639,891,816,755,875,247,597,759,707,547,739,707,513,559,895,549,695,755,659,230,881,1011,755,563,739,757,815,767,115,717,247,759,1008,559,547,759,998,243,547,383,803,243,867,762,739,501,639,1015,799,246,831,559,724,531,737,567,999,719,795,359,755,755,375,915,739,1012,867,755,563,707,561,723,867,882,1011,672,767,711,887,817,519,723
431,611,107,515,448,1019,594,75,297,66,935,962,34,618,427,611,918,931,586,930,619,987,135,907,579,619,123,203,426,750,427,227,387,659,679,619,119,87,393,315,586,379,498,547,91,651,103,945,843,123,515,71,197,939,615,588,619,586,587,467,1001,1023,121,987,64,138,939,411,412,779,1003,907,123,867,619,931,386,619,451,582,971,721,491,970,555,459,105,615,579,610,587,470,131,386,145,987,939,585,75,459,974,586,602,578,579,67,810,602,410,457,394,167,535,926,583,89,75,587,939,578,123,683,427,623,835,419,586,619,273,67,264,74,938,396,643,253,579,83,650,962,75,970,919,683,107,71,619,947,75,586
908,572,484,263,805,279,900,610,492,416,970,973,12,4,695,840,470,972,458,747,644,332,908,40,474,260,300,332,428,260,292,360,164,474,112,996,12,554,799,134,394,350,411,348,456,456,952,236,266,612,964,1002,132,65,356,358,488,11,468,389,332,460,1004,388,772,300,20,488,72,456,92,218,458,164,248,376,661,460,36,488,139,300,964,494,293,970,103,474,326,926,36,348,269,411,392,876,452,488,366,462,420,420,452,396,68,394,788,968,12,356,12,462,460,822,804,424,454,388,38,666,971,364,326,460,392,479,672,458,294,860,972,396,284,108,458,488,938,44,910,260,36,394,86,296,94,476,484,408,338,940
385,140,489,489,405,128,503,736,933,445,481,469,788,736,69,511,311,629,71,365,509,321,305,498,342,504,377,413,444,637,320,241,150,130,385,257,809,402,874,321,352,509,406,386,428,159,644,214,481,389,414,211,496,509,468,252,482,191,488,479,239,352,469,386,481,848,129,413,506,938,444,480,481,132,924,509,180,157,390,423,413,134,767,125,414,621,697,764,83,998,744,385,132,414,493,765,1013,509,494,493,413,388,482,384,414,493,386,412,643,228,337,444,496,470,468,385,281,212,509,613,317,468,470,445,384,415,900,509,487,450,453,789,897,485,858,189,253,900,486,859,392,385,360,157,630,397,765,386,769,128
16,384,243,632,135,723,1011,140,764,227,213,170,899,639,60,195,147,923,31,224,151,534,216,240,448,537,500,1004,387,996,159,601,483,224,235,152,350,861,982,505,138,901,508,659,392,242,760,659,926,935,659,963,912,652,253,1011,192,504,128,503,56,503,157,467,819,223,484,929,251,927,131,463,640,912,428,242,163,923,123,767,488,1015,671,245,997,756,504,153,888,475,1019,980,927,156,760,435,685,412,562,183,251,564,171,917,547,439,1013,412,767,58,155,395,763,144,759,27,939,912,387,928,424,283,539,887,243,1020,1012,915,983,1008,975,466,128,1020,671,675,500,940,471,147,436,895,692,904,383,963,12,408,653,531
71,384,455,750,201,490,263,208,209,455,242,246,197,436,766,454,670,126,215,990,493,13,448,100,225,631,406,120,239,250,422,466,766,214,55,975,238,177,254,198,334,690,162,195,71,94,160,537,50,445,413,980,413,214,798,178,161,286,449,69,162,150,1022,182,22,405,437,125,218,448,858,677,670,153,198,193,149,549,1021,315,130,50,149,927,1010,994,449,405,446,486,238,846,833,454,94,474,40,212,454,413,453,54,241,210,950,486,454,498,486,801,757,205,312,103,190,466,334,392,150,218,189,18,464,341,385,373,285,474,442,149,178,494,942,389,213,442,12,501,310,253,448,40,466,455,237,559,176,314,207,226
670,673,985,475,310,740,249,308,742,544,77,88,504,929,1013,125,483,151,698,728,32,102,225,693,100,665,211,727,656,690,725,475,151,669,666,47,65,707,729,178,289,794,89,757,473,198,661,193,99,673,697,677,992,973,615,665,733,25,250,57,483,666,188,983,463,916,753,183,160,53,693,817,1002,536,491,432,26,545,151,985,676,703,180,745,597,595,865,569,723,319,154,183,637,929,54,956,693,252,201,930,171,35,532,481,564,764,755,281,471,158,410,726,564,711,70,945,993,564,983,1015,717,93,282,341,915,590,505,278,184,564,562,791,944,675,932,219,754,711,729,566,217,355,54,96,725,422,572,754,967,148
906,407,378,243,805,1011,440,897,478,739,96,589,547,983,464,443,465,679,710,991,456,548,435,756,38,443,691,607,435,450,298,499,823,951,408,679,131,627,858,304,695,411,1009,695,965,368,863,711,411,411,715,843,564,312,582,979,308,331,339,469,223,992,836,806,503,600,753,741,312,761,112,104,420,387,727,863,692,396,895,667,439,280,693,960,387,603,440,944,443,737,975,392,848,820,923,204,472,263,472,451,347,666,676,282,996,549,663,179,692,467,968,650,227,128,728,736,443,539,904,215,378,499,443,459,491,731,955,679,315,519,487,955,437,333,312,588,287,517,835,196,952,896,443,955,378,933,931,436,429,490
595,824,553,832,916,840,491,717,292,299,599,553,288,464,11,561,292,270,839,888,1000,840,307,44,836,825,857,891,777,832,452,831,775,580,324,832,525,289,156,816,344,840,99,632,852,844,836,314,424,314,520,217,929,856,807,824,816,587,843,568,328,568,588,832,584,424,72,521,420,306,56,428,329,266,568,852,516,289,863,836,327,532,876,939,542,843,873,795,876,824,600,839,844,172,984,765,843,376,784,876,779,312,633,888,788,873,576,801,328,298,775,508,811,840,186,824,860,851,568,312,330,480,876,325,551,841,784,344,840,848,329,816,635,668,556,580,612,272,595,585,1013,472,863,800,827,292,588,780,527,852
158,511,439,485,1020,472,595,256,1004,444,414,419,483,476,388,479,436,715,316,508,320,412,252,478,511,464,496,496,503,165,448,468,268,496,819,435,432,107,431,1004,468,391,419,823,445,399,496,399,911,447,391,703,429,472,495,463,451,282,447,364,823,488,432,331,431,495,212,428,448,688,220,384,332,131,400,468,924,397,511,388,487,1005,288,44,480,495,401,480,972,77,478,432,511,396,444,474,495,396,440,445,431,943,448,432,380,972,386,76,140,223,389,478,388,493,263,498,425,935,485,224,507,495,496,840,875,444,825,200,456,992,224,509,444,495,784,500,846,704,400,440,419,490,495,412,492,256,500,472,999,401
893,945,955,942,494,261,939,131,463,141,19,993,853,277,860,967,623,558,232,815,491,197,1004,1010,971,964,870,572,980,407,819,1005,863,1020,868,1007,877,903,368,979,912,873,878,393,92,419,928,83,879,365,268,959,366,1023,464,942,780,864,827,383,919,917,751,967,273,1011,967,477,959,247,362,488,272,769,861,214,898,921,87,363,923,265,46,450,537,529,956,951,957,360,687,596,772,369,404,777,989,460,1001,969,942,275,63,473,1020,826,1006,447,565,400,911,318,357,903,270,920,409,392,959,991,847,484,878,967,951,900,663,192,794,410,1017,988,789,317,861,905,236,965,687,269,409,916,915,973,110,920,353,381,896,1002
701,334,350,877,271,569,540,59,266,295,37,382,291,556,840,73,541,732,829,421,800,365,365,358,318,893,841,735,871,571,798,330,320,957,616,577,351,376,870,74,738,42,842,541,299,284,279,809,574,406,606,296,327,57,827,285,64,319,735,275,810,557,63,317,110,30,637,520,167,574,953,284,110,46,997,109,383,894,314,318,813,806,877,569,584,351,266,800,257,287,643,451,606,993,701,41,260,542,691,472,350,365,565,587,315,606,62,877,510,57,569,125,585,553,287,555,700,704,266,606,541,843,877,312,81,354,586,257,621,907,44,953,732,29,380,57,78,322,869,985,95,374,952,6,805,917,468,549,75,953
727,124,623,721,780,272,592,580,889,611,614,956,525,993,429,865,762,607,838,765,63,533,981,3,774,125,701,582,357,381,644,581,55,125,786,799,627,528,625,582,673,886,720,561,121,831,775,339,836,142,288,17,785,816,529,37,535,621,913,124,503,531,894,529,61,580,253,878,624,738,646,693,518,530,933,958,881,252,625,114,555,497,625,637,597,981,653,676,540,772,605,113,780,641,686,977,653,154,37,573,830,23,529,582,156,785,762,679,828,580,625,990,228,318,792,5,568,677,534,734,921,529,617,621,113,62,613,701,789,583,369,115,790,606,192,534,557,615,127,653,369,551,603,39,590,958,317,801,645,724
777,329,137,8,388,266,312,825,278,385,26,13,856,1001,1008,425,3,824,248,848,271,152,139,457,227,207,137,10,25,189,234,175,864,269,146,145,25,152,41,22,809,301,172,543,432,664,730,945,100,481,297,978,429,186,974,175,152,171,48,521,45,388,872,130,385,172,1001,194,912,271,777,172,400,149,869,249,131,8,198,365,28,88,312,802,174,771,11,136,792,302,429,962,16,298,537,976,251,488,537,423,153,488,432,147,322,368,769,168,213,153,291,141,646,874,204,939,73,175,272,267,1001,152,312,856,662,153,216,162,162,16,864,7,170,295,281,23,171,512,296,24,168,264,429,996,414,261,201,144,928,58
273,479,309,253,546,421,375,170,717,295,71,788,139,407,207,385,117,494,919,443,229,474,13,782,132,435,574,317,309,614,351,39,398,925,301,431,70,420,917,942,286,129,170,304,270,124,420,399,135,180,135,266,102,279,500,513,847,478,299,734,295,174,307,310,538,574,174,433,357,406,396,934,813,460,439,831,286,308,773,126,174,355,372,318,324,404,66,453,443,301,573,726,148,159,691,678,406,447,467,559,270,611,357,302,303,190,383,5,309,995,281,373,12,317,453,830,918,349,303,238,372,13,502,326,391,438,364,310,398,533,263,309,13,285,164,308,686,300,418,439,951,261,390,942,471,917,326,565,804,669
231,319,750,227,219,480,926,251,183,8,866,487,411,883,246,907,500,867,251,443,42,291,980,463,995,494,179,199,210,289,369,198,251,939,9,667,203,107,800,7,109,419,187,955,110,241,138,227,359,243,234,227,825,354,883,167,777,137,252,98,226,115,283,352,888,800,811,151,227,715,127,54,50,378,447,554,423,255,834,251,494,142,443,758,179,404,415,225,246,868,58,244,767,867,942,487,890,27,7,231,335,128,189,729,15,228,250,361,241,771,123,203,416,306,291,768,224,547,215,51,368,623,709,527,753,231,907,123,8,295,127,6,7,915,314,10,903,1011,248,231,357,309,255,943,362,59,679,864,507,252
595,819,198,738,849,867,507,707,862,595,578,663,466,747,747,523,482,643,352,955,875,731,687,328,533,654,859,770,739,577,260,704,779,879,354,597,674,588,639,592,464,914,927,243,627,707,851,767,537,694,957,858,1000,178,367,530,576,677,967,583,1011,642,832,642,577,947,767,922,704,963,95,538,962,595,599,401,738,635,579,1023,761,739,321,1003,529,676,637,12,244,859,1001,123,994,637,121,866,243,955,898,739,131,608,634,482,227,930,700,802,145,995,851,472,51,21,635,269,997,229,867,947,579,635,760,739,891,635,111,761,577,765,690,779,756,459,543,974,860,690,799,832,636,662,751,635,629,660,963,595,310,576
239,701,501,407,267,172,196,38,324,89,172,680,289,437,159,494,171,240,301,353,537,317,197,254,171,345,319,106,1023,62,141,729,235,365,102,949,302,176,312,27,205,1002,127,458,305,821,124,772,59,46,240,14,127,223,313,228,178,281,189,383,98,230,829,416,785,301,62,673,178,854,49,136,597,1005,571,141,96,85,463,363,485,274,165,554,701,45,479,605,710,901,407,987,244,306,417,318,34,235,677,180,463,672,470,169,891,314,469,132,557,701,496,301,447,389,301,684,195,310,480,44,359,140,893,191,14,154,238,437,301,36,421,509,82,335,225,445,174,400,407,590,189,318,242,21,441,683,294,564,663,34
22,165,645,134,447,287,63,100,375,311,222,692,636,439,431,412,287,775,12,391,546,148,318,382,766,431,166,164,366,190,382,564,593,157,79,709,390,319,300,69,901,407,279,693,949,286,422,316,700,366,182,405,549,157,287,509,296,431,28,942,294,356,14,623,53,277,599,390,382,620,693,975,407,644,943,255,767,178,677,830,511,318,2,54,366,14,61,660,206,387,431,495,655,636,532,407,701,46,500,196,830,796,15,407,678,197,407,53,111,208,612,311,189,222,949,724,1,324,487,254,345,693,1022,580,238,341,255,212,182,398,14,85,574,644,431,667,85,453,447,199,78,798,509,311,501,996,526,430,277,365
381,869,365,290,712,845,190,993,554,569,552,985,243,630,749,845,542,669,962,901,799,399,823,504,553,346,538,462,742,731,687,262,891,380,754,10,253,637,512,738,605,637,452,597,829,406,588,346,875,235,534,460,698,519,537,858,742,526,846,474,550,442,8,605,872,299,715,742,877,881,510,891,616,956,608,742,474,708,554,74,693,717,801,565,484,997,901,869,613,538,0,992,462,422,738,498,549,878,15,797,229,262,742,877,565,296,613,558,506,762,545,825,521,637,488,998,737,816,552,277,676,436,759,698,626,901,229,499,565,825,1017,452,638,899,358,587,549,533,901,921,684,1002,226,709,357,256,556,218,842,925
594,998,808,179,440,424,683,34,1002,849,104,57,27,26,175,33,94,805,995,267,586,123,393,163,428,699,417,299,147,985,569,803,936,907,328,298,82,377,602,466,40,440,546,730,330,32,616,738,187,552,425,305,190,195,59,938,122,563,585,312,552,122,401,562,58,547,264,571,666,907,448,103,570,586,265,1000,377,26,323,491,297,91,203,211,504,447,491,451,634,168,123,449,548,2,74,985,640,9,169,88,938,138,44,427,35,859,346,11,42,283,178,379,569,390,242,322,554,938,529,131,620,41,522,497,546,569,562,360,360,296,647,459,803,690,345,657,473,811,171,963,59,881,538,761,307,594,937,175,1016,545
1019,770,806,13,142,287,769,675,602,906,579,585,694,251,316,998,790,846,472,58,966,535,669,580,687,834,580,1010,806,802,1014,624,654,349,742,711,886,949,639,183,842,947,370,188,889,66,846,669,898,614,78,734,818,816,315,370,269,70,705,985,1014,906,147,821,887,789,14,825,770,282,781,313,702,580,840,928,526,573,564,836,810,598,184,633,1014,982,75,626,840,650,589,542,870,809,962,128,221,710,624,961,743,22,829,242,841,841,634,761,801,414,308,630,702,949,650,792,774,502,438,729,100,979,564,810,829,190,638,985,742,706,574,650,1004,514,794,1013,137,734,330,521,628,881,710,198,74,318,580,979,415,662
299,496,411,31,117,506,92,475,57,435,542,320,442,91,594,176,114,155,428,88,368,297,483,44,810,492,381,296,84,9,148,387,404,883,80,131,263,363,923,106,489,467,18,504,155,50,488,122,159,427,141,586,143,360,303,298,731,50,423,27,984,59,296,635,197,186,378,303,672,75,811,339,456,759,424,51,464,0,164,294,249,483,173,364,112,460,492,109,424,643,241,256,8,176,808,162,346,361,44,368,983,164,107,305,105,247,168,429,143,35,942,869,88,1001,458,617,140,108,110,272,156,243,185,140,423,428,247,808,880,165,345,307,152,162,163,371,296,824,187,786,303,80,985,251,458,179,139,56,168,468
538,936,701,622,445,643,973,781,849,842,700,605,988,267,474,768,906,146,785,516,474,849,678,321,401,694,98,638,856,665,602,805,748,607,986,485,701,807,743,848,774,421,555,944,930,706,676,944,550,816,777,347,711,664,60,902,824,295,676,730,1022,656,730,840,604,899,329,769,537,316,519,791,88,554,538,848,795,454,901,623,648,665,905,946,954,787,638,470,873,487,622,1004,474,442,791,854,915,987,666,873,968,316,441,551,266,712,674,854,473,693,545,550,43,690,661,1002,625,730,971,306,986,832,436,318,517,752,706,782,670,688,694,318,694,785,842,693,574,153,573,691,957,54,880,522,589,659,607,925,795,162
977,103,749,907,829,323,301,1013,281,804,284,281,281,572,322,557,829,359,38,779,899,919,281,152,1003,987,713,731,52,1012,394,79,513,742,713,131,685,963,303,787,100,17,317,656,513,942,17,971,625,687,205,880,275,329,317,724,241,751,287,725,693,771,39,997,871,904,340,333,487,791,209,861,125,519,903,137,190,793,323,491,659,281,857,55,670,527,539,707,700,339,649,395,687,715,48,611,671,701,515,643,656,793,925,429,181,1003,853,281,292,323,1011,213,7,383,742,316,68,487,557,285,280,188,551,729,96,41,99,36,595,321,785,306,273,685,517,643,205,369,281,341,358,282,71,445,815,253,180,279,180,729
82,122,30,472,551,210,36,314,546,466,818,418,279,158,510,878,400,246,973,674,410,184,342,379,548,506,174,774,850,768,409,820,166,34,464,382,86,468,254,210,446,222,210,169,472,512,362,640,402,182,484,107,456,406,424,1000,484,346,74,458,160,218,318,20,154,86,428,507,398,1020,986,132,790,822,268,492,768,446,438,86,282,82,31,160,244,286,212,92,458,379,292,22,72,492,606,462,314,166,382,582,434,92,751,146,448,936,110,755,394,708,106,84,290,442,510,770,210,86,487,702,262,456,18,460,84,342,822,336,978,602,520,386,86,210,72,110,490,318,388,858,448,278,758,336,230,810,82,494,118,138
548,587,293,11,175,75,413,505,549,437,1020,50,336,95,298,365,161,719,317,335,98,302,191,329,340,187,52,865,998,419,219,300,52,732,373,297,516,667,649,0,327,391,347,875,444,485,215,121,330,377,423,820,221,52,11,107,377,549,1023,251,145,495,357,460,193,325,20,565,526,308,286,263,651,413,245,623,97,698,419,494,24,387,114,133,262,97,775,185,442,33,729,375,33,281,402,605,345,81,445,317,462,100,404,357,38,419,462,275,131,491,106,319,377,657,117,545,57,657,239,413,529,321,325,733,110,256,181,451,437,917,383,66,1021,10,718,503,422,441,62,994,321,592,85,719,475,70,83,21,567,92
189,443,314,226,555,463,102,205,19,304,923,296,1005,659,757,327,177,106,992,352,303,3,1013,186,333,471,49,926,398,443,498,333,21,443,117,567,4,490,736,222,120,5,415,319,418,315,412,461,993,379,77,353,122,204,947,443,928,719,287,571,99,523,222,249,125,2,491,699,355,121,51,490,443,41,716,225,516,640,315,255,31,496,947,348,223,763,119,409,709,58,535,287,459,509,219,545,10,674,58,517,287,420,13,370,77,263,591,701,57,3,711,417,378,106,924,767,13,186,762,225,47,183,21,929,61,342,903,443,283,107,947,915,361,225,287,497,319,597,283,353,440,6,996,287,32,731,150,82,389,387
705,505,187,101,896,968,973,787,969,521,109,585,417,969,441,403,474,415,183,856,515,639,513,861,921,445,502,513,416,1000,322,13,513,400,921,520,93,489,552,639,761,67,223,793,45,45,247,25,155,1005,471,801,513,559,383,635,943,933,547,1005,475,421,73,65,551,12,559,63,639,901,949,265,389,253,439,641,401,769,609,705,559,423,767,768,1009,879,921,633,491,347,1005,513,373,558,11,550,372,389,794,426,692,675,603,389,429,247,396,551,913,253,430,63,895,520,473,645,507,137,941,997,555,1013,319,629,647,812,898,882,901,907,829,108,989,520,722,557,556,665,513,822,899,503,631,693,385,677,575,896,445,321
584,103,15,97,147,477,921,380,207,451,83,429,587,1015,398,487,199,963,55,3,399,558,779,14,410,120,64,1008,364,957,722,704,763,498,990,15,537,542,116,994,573,714,505,950,992,616,999,100,200,835,871,266,45,674,8,677,102,940,216,94,408,255,91,871,235,943,19,215,447,311,765,66,102,626,790,951,486,202,981,114,535,982,43,102,273,595,559,346,586,273,390,649,595,971,665,173,571,235,491,374,999,395,877,242,362,815,238,1018,277,398,1019,13,178,125,103,43,298,602,349,50,986,101,450,218,903,495,103,300,542,1011,1011,271,908,27,90,806,247,30,911,648,509,115,428,996,471,687,434,627,467,5
1018,168,618,696,111,1016,801,990,8,474,818,406,485,1018,461,250,646,248,101,488,248,250,494,756,96,454,334,791,186,157,1008,755,250,396,690,256,496,488,388,4,910,264,340,616,1018,148,908,104,84,852,178,224,973,836,560,480,58,172,35,460,146,516,226,352,452,262,205,488,616,10,2,250,754,310,96,398,490,180,902,428,353,69,489,68,818,29,180,633,198,434,838,418,214,930,178,621,156,97,824,480,196,434,738,480,780,892,296,440,552,489,134,520,476,248,226,478,362,324,196,1014,818,186,156,890,12,900,424,468,304,1000,914,342,744,440,552,488,796,748,96,840,168,818,200,534,4,72,690,774,840,178
82,889,889,1,157,971,291,498,377,265,364,873,366,177,964,768,905,752,962,218,889,248,310,347,467,1,354,226,404,74,824,293,37,462,844,240,876,673,124,177,346,1012,364,138,374,93,377,332,888,777,517,790,110,82,56,108,894,464,787,248,40,346,325,905,157,786,716,819,994,34,860,972,279,249,980,250,973,489,89,77,56,377,142,853,194,76,499,392,346,14,900,308,55,131,197,902,378,1011,136,182,915,307,137,770,114,197,225,14,924,108,771,745,74,170,380,185,772,141,952,104,660,160,489,81,335,996,797,35,743,459,364,197,854,966,964,889,441,801,892,438,228,338,964,1020,144,321,226,797,178,288
74,526,712,330,328,529,74,520,526,437,641,654,72,466,471,471,215,209,724,74,74,31,563,404,454,911,518,467,463,200,81,533,207,526,222,494,407,527,459,343,563,249,586,533,497,512,459,96,406,901,143,478,117,128,944,915,457,394,400,415,514,463,398,493,30,146,527,465,214,371,18,975,263,402,392,199,458,533,583,448,520,341,844,462,75,341,330,524,336,791,279,415,462,392,452,507,207,69,463,463,463,654,779,118,784,683,470,72,394,81,66,477,459,477,400,449,114,458,56,447,338,400,464,83,7,334,6,78,905,568,462,910,406,848,16,22,487,23,650,847,523,847,37,336,331,971,526,529,203,529
918,72,904,900,518,784,528,536,905,664,1008,393,512,968,908,984,520,896,450,516,705,916,531,920,529,774,955,896,904,976,472,80,780,401,80,904,386,945,793,63,944,516,520,219,512,921,88,448,896,592,73,391,941,941,921,73,907,592,968,919,781,109,907,80,960,84,522,528,265,920,516,522,520,96,448,512,528,784,912,530,912,568,80,779,89,994,918,609,926,521,579,10,810,512,912,912,899,808,536,783,776,896,896,513,67,520,72,784,828,900,72,104,512,419,536,458,915,901,571,916,400,896,910,64,212,896,518,912,571,522,532,994,68,904,900,784,520,530,907,912,97,910,585,456,912,960,77,904,400,942
911,869,56,991,5,412,956,636,508,724,936,280,300,448,991,41,40,842,1020,999,924,929,160,944,12,668,676,637,770,121,980,429,617,988,896,623,292,572,910,984,1008,991,1021,160,988,415,154,933,615,913,636,632,762,532,956,424,281,957,868,56,792,57,524,29,1017,191,425,600,901,933,124,985,932,26,644,781,225,95,304,519,868,188,13,981,162,1022,957,917,317,921,988,632,657,612,36,832,940,13,637,991,583,61,608,944,869,32,900,316,605,633,344,829,828,526,972,384,156,924,988,4,522,580,476,956,901,957,988,604,188,293,988,729,285,988,1021,203,597,605,943,960,945,284,1020,890,589,313,668,622,253,623
31,31,950,494,63,70,115,533,119,59,113,127,945,119,117,575,375,567,71,112,927,110,41,87,479,367,482,558,923,295,263,381,575,495,967,954,959,951,367,575,499,94,59,917,699,509,343,691,541,95,897,533,991,86,471,407,903,431,947,695,559,479,967,371,388,575,807,79,311,869,506,5,549,391,23,503,933,687,278,831,447,958,489,735,101,97,446,869,501,26,903,692,439,695,503,439,69,447,565,455,384,447,443,591,446,923,967,127,1018,383,83,55,503,279,967,959,831,247,94,573,538,503,543,839,111,955,55,791,487,422,63,29,573,709,67,125,389,59,483,119,415,989,87,421,69,439,959,471,111,47
223,7,227,923,71,485,119,127,415,995,487,527,943,1010,567,95,959,659,18,118,575,185,1010,999,591,947,837,63,951,115,546,957,652,501,563,511,491,271,7,475,513,343,515,959,485,851,487,925,127,119,639,575,126,735,550,543,639,35,1007,979,543,503,439,255,1021,511,951,490,561,295,354,950,677,1014,1023,871,559,471,86,85,102,937,485,245,511,261,575,627,124,1022,926,189,559,806,636,946,466,575,499,55,63,935,7,1010,998,47,949,598,798,54,99,445,999,469,612,991,499,559,918,535,111,367,471,422,79,127,115,542,61,934,943,111,253,1005,519,639,487,35,624,2,962,86,87,103,551,478,487,557,931,959
126,1015,570,680,711,678,514,947,958,674,476,830,732,768,468,967,102,676,733,638,804,522,957,486,700,738,126,612,548,351,932,958,998,255,866,670,534,760,541,700,671,930,574,805,575,643,824,550,670,699,939,916,666,550,805,994,548,769,547,644,738,930,674,572,36,794,280,640,934,162,620,676,184,550,831,712,737,544,702,993,956,575,802,676,672,742,548,972,608,738,788,956,720,926,1020,831,706,574,998,548,957,859,672,735,862,28,676,28,664,675,351,615,934,142,966,574,678,119,792,422,996,806,958,35,675,430,695,909,926,236,932,158,678,256,39,819,538,990,540,676,94,678,949,572,676,803,956,603,944,414
800,627,776,112,370,391,351,808,635,242,464,762,128,879,177,305,571,1011,636,900,752,179,48,210,530,808,550,616,203,821,482,939,954,137,619,683,337,823,235,907,683,303,41,823,162,370,895,303,52,813,234,160,63,60,653,853,879,823,951,778,723,309,754,891,636,683,827,177,755,403,41,186,306,785,748,612,78,638,745,496,763,810,562,785,187,460,883,685,305,238,561,168,251,936,624,755,946,782,178,680,320,326,813,809,23,882,585,763,754,303,40,791,58,240,415,319,367,810,685,650,875,371,882,813,777,843,883,51,682,270,543,1013,971,782,168,684,729,817,685,498,104,969,381,334,819,238,266,815,371,243
190,289,261,386,597,436,390,228,198,832,860,164,432,132,262,156,752,158,161,833,842,130,269,293,728,134,262,272,138,257,262,432,732,180,168,130,148,388,228,769,860,256,131,138,384,178,852,132,383,640,334,221,840,725,130,180,6,277,710,176,180,144,190,385,705,130,741,152,274,176,848,176,133,805,198,258,425,900,213,388,180,129,259,20,346,284,256,928,384,180,716,260,270,133,280,143,176,869,158,260,181,177,129,257,384,256,261,514,840,257,134,319,260,182,164,276,194,132,165,156,130,705,448,706,832,832,784,712,136,388,133,257,842,388,182,360,884,149,261,176,133,262,837,284,837,836,844,878,149,134
165,637,285,609,951,903,416,72,485,769,291,561,499,115,123,14,413,415,838,302,63,631,417,165,531,678,289,581,514,393,65,908,39,869,7,513,305,185,260,39,259,721,612,312,321,477,94,201,331,607,773,487,929,99,981,665,543,431,5,494,83,321,934,541,256,442,609,581,922,257,419,484,430,641,55,65,607,19,311,407,444,615,317,883,604,455,276,741,952,154,261,932,199,91,292,576,33,933,543,405,430,16,212,319,945,189,465,389,127,516,161,35,253,999,511,484,389,157,289,917,393,391,319,833,129,260,615,510,68,929,239,927,891,935,263,419,263,392,731,660,245,95,90,275,5,101,830,611,445,517
691,370,821,226,686,690,695,354,819,888,1006,691,866,867,562,638,998,656,672,442,818,872,344,570,466,638,557,690,355,479,812,567,610,232,854,600,882,808,808,610,750,678,675,694,875,873,815,648,483,818,681,361,108,824,28,370,905,554,595,835,74,215,359,416,883,817,934,355,650,952,536,818,416,931,807,819,355,729,355,840,336,829,582,235,780,887,553,531,880,42,1000,951,872,343,603,627,736,617,106,1002,136,680,358,205,633,998,358,891,1010,243,938,240,497,818,554,603,588,778,507,379,1000,684,920,114,267,555,751,698,819,192,886,507,656,944,817,851,263,694,802,306,226,808,818,720,682,850,605,818,139,498
591,543,903,862,701,846,550,3,773,525,516,886,2,579,36,18,591,870,355,899,994,325,418,838,566,545,484,931,7,844,530,555,547,610,612,302,262,515,365,515,126,550,876,402,610,519,580,805,548,866,520,994,822,34,325,183,964,949,46,771,862,1004,866,527,550,76,626,859,570,110,2,421,835,559,636,962,578,516,690,606,387,803,515,575,878,931,590,546,486,308,831,892,626,608,834,518,110,76,355,732,546,82,2,35,532,108,966,614,882,99,579,558,934,868,558,548,242,611,356,803,576,550,450,612,999,834,550,47,35,606,66,229,544,322,867,582,934,684,547,1007,576,1000,542,807,646,839,556,70,291,642
447,442,519,871,112,374,785,787,250,617,91,279,286,674,123,759,267,317,629,625,631,290,754,523,513,1003,787,756,723,450,887,895,859,369,795,275,554,19,758,839,657,832,903,249,513,119,757,478,91,758,703,885,736,183,867,27,445,343,178,535,301,743,546,539,724,125,803,434,67,855,639,483,215,757,377,870,884,51,743,892,147,627,309,87,799,869,242,792,755,763,759,354,354,671,886,597,818,821,779,18,319,827,890,947,799,799,639,370,354,791,996,379,319,663,630,229,795,804,631,794,883,594,826,890,615,51,234,790,771,771,123,10,887,869,442,67,787,785,355,863,888,791,885,383,797,763,755,768,283,166
898,114,440,768,396,966,16,33,320,222,232,544,12,321,114,98,336,174,521,97,58,98,144,232,96,102,513,702,484,678,406,896,100,256,750,498,802,241,608,616,1008,608,402,900,478,557,550,896,97,97,172,804,773,113,141,652,634,627,626,354,993,944,114,998,208,342,52,233,734,346,2,2,900,608,237,544,388,236,376,1004,464,44,264,754,150,100,688,0,99,480,108,8,114,268,420,4,1000,1014,626,588,320,994,110,944,384,102,114,524,494,100,320,1000,548,628,98,556,525,0,68,550,768,393,650,400,336,976,98,495,4,655,228,170,481,521,109,509,97,108,0,918,755,352,108,245,114,106,897,524,105,384
905,998,99,99,135,3,131,547,999,515,1011,3,687,611,225,487,399,909,387,505,999,359,113,99,656,501,123,997,139,514,868,900,133,229,403,103,299,19,487,901,517,739,999,358,393,246,610,51,115,637,113,513,97,117,627,485,994,1015,507,231,423,993,3,432,494,109,507,391,387,741,407,395,997,103,737,463,611,509,37,389,867,995,747,395,847,899,901,535,305,741,503,975,98,547,997,229,101,515,99,935,293,149,483,609,999,901,495,99,931,55,536,99,1,249,495,115,9,227,645,999,109,481,459,229,741,387,885,487,697,4,131,751,139,747,131,3,759,999,899,417,523,1013,609,875,595,116,627,771,967,355
115,687,139,109,225,131,401,455,649,673,771,624,179,736,129,640,225,259,393,109,161,481,129,525,353,207,130,737,640,649,440,825,155,229,763,641,664,737,665,481,130,736,49,789,784,257,605,135,163,747,131,200,657,227,643,131,171,521,166,225,641,136,269,830,132,153,385,167,773,960,25,137,1004,237,435,225,739,249,257,163,833,217,768,385,128,147,257,921,657,355,130,643,273,155,656,279,433,667,129,639,133,781,745,627,129,513,63,73,428,193,673,769,131,138,821,224,886,137,261,355,359,263,738,137,705,251,353,648,130,663,1011,737,265,177,135,224,225,387,609,653,762,128,192,197,463,673,747,128,649,129
675,277,31,648,306,823,254,246,755,822,694,879,279,670,254,176,802,279,250,1014,311,659,280,258,755,590,475,343,791,664,334,350,766,591,339,62,670,693,1010,187,1013,791,730,744,171,350,893,245,694,338,316,758,228,738,759,230,351,678,659,507,382,219,380,752,866,790,414,861,878,754,254,259,790,762,930,554,759,816,631,408,786,169,690,726,767,639,722,306,787,210,502,894,738,418,335,862,399,704,882,299,822,367,663,746,994,458,62,126,307,211,799,723,276,294,255,302,758,999,118,523,115,179,822,822,87,607,879,761,732,275,306,958,144,63,506,149,667,311,762,281,757,797,342,191,62,899,106,286,915,238
896,120,480,516,491,1008,580,459,480,233,1022,1016,633,896,1020,960,1001,1022,505,1005,405,548,763,120,961,534,537,389,866,884,636,347,953,514,613,544,412,1012,955,641,542,473,117,288,286,881,345,120,1021,833,1017,345,981,609,116,792,1011,757,264,921,176,565,831,936,115,898,861,259,538,604,604,613,633,1001,538,858,313,954,441,120,313,933,601,532,555,640,529,29,501,692,620,537,523,699,808,121,537,48,561,418,933,601,609,477,996,573,481,537,116,913,608,488,525,929,696,504,97,501,1017,344,929,549,921,277,497,505,505,562,532,923,488,570,533,537,618,123,569,402,601,893,928,120,660,536,549,536,545,901,25,1016
222,330,264,339,494,80,427,225,39,39,96,10,457,707,592,434,178,288,592,78,566,576,289,479,338,296,610,436,465,158,78,463,66,26,296,11,305,51,353,49,894,640,51,519,142,337,9,6,810,75,14,567,860,86,294,367,86,811,191,41,166,46,368,2,821,1019,206,48,297,802,320,374,885,309,655,822,325,147,337,18,305,290,706,304,322,471,106,150,298,190,130,346,609,337,106,70,314,607,326,330,941,58,205,310,587,56,445,290,922,663,74,947,328,554,321,76,201,875,78,57,93,322,174,304,83,168,297,446,602,693,202,582,80,201,310,402,367,562,87,246,22,312,278,285,14,423,862,323,174,305
933,685,763,766,730,977,506,922,952,25,985,457,982,1017,905,932,914,850,690,421,824,697,905,1003,934,990,921,971,978,833,473,706,955,987,850,184,697,849,984,938,974,905,187,745,969,977,555,819,979,966,592,860,706,986,974,729,678,975,745,955,678,577,953,977,971,541,571,584,793,458,937,550,551,945,602,442,560,986,945,987,912,977,544,730,922,449,968,1001,970,571,920,585,709,921,929,962,795,590,289,959,955,566,409,978,806,346,920,329,969,555,597,1008,525,979,581,201,976,730,274,1013,946,602,577,545,170,990,442,985,570,907,977,954,953,801,921,434,794,954,168,934,577,985,231,946,744,762,728,601,955,985
985,849,953,699,929,569,763,205,873,818,602,817,681,193,701,427,985,571,345,699,827,437,831,715,961,817,577,643,937,153,937,715,969,786,723,585,981,713,1005,982,1017,998,123,961,849,915,793,713,1009,961,506,729,842,1010,995,673,202,695,833,601,857,571,75,935,179,269,489,198,603,91,937,249,803,891,713,827,827,569,930,919,1003,969,963,737,962,985,873,936,835,347,857,761,939,929,305,223,955,617,827,829,779,121,329,561,939,897,1018,833,985,253,689,887,617,41,429,445,565,801,760,529,986,859,897,593,473,989,697,901,364,139,832,841,811,985,937,845,1021,540,979,818,605,889,201,150,603,689,714,131,819,938
114,242,1003,900,169,180,114,880,48,232,75,80,112,138,464,43,608,112,47,232,714,260,104,784,160,170,136,356,51,81,106,144,735,168,664,54,843,294,8,756,875,312,132,80,20,320,19,901,364,138,59,52,112,234,62,504,496,52,494,106,650,404,20,810,401,114,202,330,104,948,112,133,97,900,400,35,218,110,167,672,363,234,100,250,30,392,32,42,938,108,44,82,184,168,24,372,91,151,231,535,468,824,171,264,1015,267,907,76,167,78,92,24,298,40,2,91,6,560,8,111,112,234,40,43,424,676,36,175,8,543,138,36,639,42,416,40,332,866,367,233,148,410,246,882,936,393,74,90,172,1008
885,642,896,998,796,798,496,102,262,285,413,959,1023,391,102,360,351,24,129,612,824,463,74,448,984,38,961,412,424,492,307,380,72,394,742,316,875,737,284,910,573,209,25,882,327,925,383,861,284,284,294,362,491,284,525,24,1005,478,541,277,848,271,224,1015,361,284,404,377,501,88,1009,737,833,312,765,256,110,369,623,263,68,145,764,504,124,798,278,368,509,625,783,20,491,398,335,1008,496,413,865,158,762,380,176,796,831,1007,408,361,629,856,28,494,269,331,109,276,921,866,860,822,224,797,362,796,414,412,301,634,284,143,1,799,120,684,285,413,768,28,320,493,507,473,314,120,334,572,797,357,408,286
849,826,974,712,758,436,721,670,311,200,811,385,578,619,166,835,177,128,58,206,219,808,886,650,350,240,620,58,571,122,570,73,54,525,618,924,571,628,525,674,718,546,416,643,579,118,513,650,130,698,142,652,50,860,594,681,698,50,129,296,672,286,171,77,682,734,48,850,9,846,202,180,35,46,185,381,9,718,644,305,180,616,893,675,186,160,77,841,826,168,88,176,73,928,353,562,59,180,666,224,584,83,718,76,869,170,626,74,674,40,672,819,443,976,586,594,67,740,682,562,107,650,589,118,42,169,808,104,186,716,254,34,561,843,585,58,812,562,162,26,928,186,1014,964,568,554,783,146,584,170
927,618,818,399,319,591,557,815,671,43,399,849,204,658,803,794,776,599,735,313,51,463,973,334,283,819,687,207,339,559,527,838,51,586,219,195,425,667,327,831,991,407,683,289,321,718,387,823,439,871,299,932,783,851,51,463,691,803,863,618,823,55,727,599,587,184,471,307,983,595,813,305,716,847,855,296,687,680,599,302,967,943,707,543,815,319,268,815,461,55,45,563,763,845,303,367,651,755,334,559,33,855,222,555,358,718,827,830,467,595,718,974,301,967,830,59,375,328,875,471,837,591,343,331,599,735,810,271,350,826,509,430,807,60,811,8,643,14,617,908,590,467,947,755,816,329,493,95,703,795
771,40,833,948,784,772,793,741,940,963,617,801,900,949,781,879,836,780,779,116,16,31,888,877,780,121,805,818,880,1009,968,629,900,852,992,236,849,16,605,41,1013,812,82,901,16,811,952,909,237,892,927,801,993,918,865,880,14,813,119,971,769,183,773,776,992,879,44,1013,803,767,784,812,703,52,776,793,77,864,557,225,784,839,814,399,784,911,944,839,918,97,40,749,885,887,935,111,908,806,780,781,785,95,778,853,798,783,784,778,61,610,593,812,526,769,15,877,1016,520,903,977,799,929,237,559,845,254,812,615,783,821,815,809,783,785,56,47,551,967,913,903,945,769,969,784,784,54,806,785,908,771
917,539,779,168,1000,797,491,193,992,68,23,195,491,64,72,256,261,160,103,284,1018,946,611,208,16,224,609,406,748,1000,898,945,898,907,993,671,24,869,992,206,967,464,324,136,128,99,760,651,9,232,889,99,403,917,99,24,1009,915,705,611,231,565,139,197,936,900,785,995,343,775,227,18,243,481,875,737,144,234,904,608,870,99,618,839,227,231,912,608,575,684,400,200,865,833,481,944,640,392,239,377,649,129,771,244,961,963,197,256,232,146,0,152,109,64,105,633,933,1001,253,117,189,629,228,105,541,277,640,900,97,801,901,875,880,55,931,629,427,232,132,919,663,4,865,806,763,489,133,96,992,357
769,275,625,666,527,283,874,795,515,339,97,479,571,673,705,673,355,45,557,787,859,819,749,354,705,691,305,339,449,327,791,913,625,817,51,441,433,275,850,613,704,285,691,803,323,331,179,401,797,321,157,273,821,497,578,561,603,441,547,345,531,377,675,339,282,749,563,561,386,294,376,787,669,926,787,387,283,546,274,403,769,410,577,731,386,721,925,601,331,385,961,923,50,347,339,955,289,371,97,945,273,687,563,395,281,365,371,97,627,307,641,723,410,594,845,91,941,429,305,367,291,737,339,530,773,25,357,995,371,473,271,718,333,195,418,443,459,442,305,339,289,305,562,707,757,305,370,141,833,913
883,588,533,535,763,26,647,697,431,67,347,705,762,698,315,377,857,539,703,602,90,534,633,219,667,658,1017,489,711,754,373,514,130,537,1015,399,385,387,639,984,105,299,515,143,503,289,474,519,539,587,859,14,537,402,537,763,647,441,35,225,683,587,639,503,767,671,811,923,521,74,753,537,723,521,637,753,373,507,746,751,307,569,255,745,149,527,85,606,322,699,623,463,189,559,593,857,463,559,122,90,121,597,505,437,470,622,521,507,950,63,218,536,607,699,91,634,746,603,417,619,90,764,18,647,491,611,767,585,1,465,666,345,699,444,767,457,101,521,1018,89,409,246,537,603,489,683,638,703,921,489
688,44,882,935,676,280,538,624,622,336,427,416,528,595,556,82,683,892,803,628,571,296,96,548,52,690,570,677,275,688,516,282,542,562,299,316,338,544,1,538,565,532,594,570,382,544,676,222,344,513,592,528,595,600,426,562,308,496,554,312,801,531,548,673,41,239,951,560,620,560,560,595,531,592,592,274,608,434,620,56,32,595,512,520,531,691,795,109,628,80,584,560,547,776,109,530,59,540,36,824,538,532,185,101,0,71,892,544,558,272,180,534,592,757,620,80,564,692,571,594,660,581,21,595,533,276,293,464,442,690,545,628,600,617,736,613,74,513,612,0,177,295,786,547,1012,540,595,614,542,696
