1013,547,359,887,110,106,817,363,64,352,358,361,205,717,402,499,311,359,77,125,623,242,704,126,105,64,875,617,205,493,873,85,1005,65,375,84,373,739,296,745,243,423,359,759,501,355,489,129,481,737,245,247,693,86,194,495,737,477,769,993,297,407,509,193,397,77,247,288,480,233,493,85,681,240,617,375,365,631,109,623,119,55,493,353,678,247,491,852,496,49,653,113,631,419,106,423,609,495,631,363,311,65,309,705,111,28,617,6,751,246,617,577,497,866,119,495,493,597,489,759,744,631,246,499,616,105,70,424,359,675,85,486,597,873,215,364,725,559,359,617,261,69,129,213,489,588,352,483,487,119
47,755,151,25,915,307,825,323,311,541,1017,191,319,653,1015,913,47,303,869,313,789,12,387,999,17,125,533,679,1,953,1013,31,299,133,49,13,139,910,912,1011,97,663,387,257,19,19,483,227,9,689,31,389,699,666,20,411,447,911,902,671,179,919,55,153,9,927,774,211,979,935,959,911,399,245,1005,397,977,185,663,25,177,907,399,563,1015,49,302,383,699,378,911,405,139,960,191,165,339,191,925,279,389,265,781,247,159,467,703,755,53,57,825,661,481,959,247,643,509,475,189,31,63,171,25,643,45,817,927,385,145,914,175,0,44,792,897,907,771,13,447,403,812,831,949,387,191,185,449,133,191,953
1003,786,993,685,823,801,549,310,937,22,751,945,625,185,1,562,567,131,929,657,902,919,823,715,613,823,290,512,578,637,183,246,553,539,224,711,93,311,693,375,161,291,819,922,801,55,551,813,807,726,519,11,976,1007,513,929,117,807,949,553,611,43,651,9,518,551,555,291,559,982,801,911,293,612,526,551,551,103,951,659,20,911,519,883,923,832,119,617,943,655,551,827,481,54,310,9,983,949,801,21,594,955,638,103,54,662,513,115,183,27,847,435,550,731,811,629,975,1015,769,406,569,492,551,183,558,903,369,915,1001,586,727,1008,723,1003,551,896,911,504,621,54,919,538,806,307,509,59,987,1,63,871
221,113,983,97,226,265,917,573,1013,773,281,981,727,149,883,229,227,850,289,81,165,770,916,885,597,821,33,121,627,282,69,405,867,163,228,525,149,113,789,961,256,409,259,546,53,17,285,291,777,131,803,609,769,797,974,841,33,27,281,509,281,955,281,250,965,792,981,223,411,729,405,185,925,17,181,821,734,115,479,165,768,132,258,263,339,309,285,245,792,797,727,233,293,817,227,185,149,281,289,769,341,141,195,917,416,264,124,412,317,419,521,901,699,963,51,579,280,821,830,157,893,607,952,227,84,155,131,533,156,201,345,259,229,229,309,140,946,21,777,192,253,409,197,281,89,445,81,93,775,149
71,291,415,905,71,685,911,117,829,19,585,947,879,445,315,71,335,135,369,245,270,975,303,775,199,137,437,263,811,341,155,969,799,243,709,227,825,229,947,298,795,983,55,911,63,857,747,446,963,159,313,47,111,291,607,879,301,315,418,105,299,168,779,135,809,790,239,811,137,861,773,307,371,825,285,479,261,1001,819,201,275,759,585,73,239,127,47,171,307,810,975,11,111,1001,107,775,905,111,937,847,467,419,1011,317,931,59,803,811,797,15,927,421,107,9,819,280,551,827,974,59,42,741,159,411,71,936,111,1009,303,265,291,73,421,169,321,115,111,405,9,943,25,871,830,229,273,47,811,971,333,307
83,839,616,601,242,594,779,587,167,630,559,586,254,330,263,6,774,597,790,150,767,513,879,853,987,594,278,618,979,590,589,145,146,336,10,516,848,242,202,15,610,784,209,238,835,239,531,859,562,178,598,959,849,211,157,582,630,140,525,858,605,774,205,263,593,150,585,604,71,627,296,145,186,799,563,589,515,139,859,199,530,848,848,847,849,565,596,215,859,776,848,202,859,914,516,845,139,214,866,368,241,156,230,881,559,914,624,774,147,211,432,39,70,231,158,589,787,220,524,170,845,836,775,583,159,562,625,155,790,242,787,145,80,83,216,132,255,977,746,528,967,775,883,239,215,464,595,959,574,842
331,918,597,956,554,525,476,575,886,161,707,542,992,593,544,324,542,518,326,477,652,896,993,466,578,633,330,430,936,326,854,606,518,163,970,801,286,192,445,561,185,624,470,924,734,543,609,857,536,714,855,652,945,943,484,141,1004,930,644,464,985,642,704,790,525,719,194,348,252,462,508,638,266,889,644,671,544,329,621,195,1020,588,67,553,618,518,350,271,733,284,902,537,651,579,644,709,158,608,158,670,944,706,914,916,525,548,960,607,624,240,902,463,224,462,949,130,608,984,224,724,525,333,927,706,862,208,479,988,753,571,708,259,578,482,952,900,642,260,980,1012,685,898,581,10,856,1010,893,179,330,896
935,32,1022,22,456,150,704,399,661,836,418,181,816,46,537,542,658,420,276,782,282,473,778,1021,522,436,545,393,551,626,462,131,574,530,144,642,444,1022,277,270,182,647,948,458,21,713,662,194,530,405,143,457,531,560,898,724,439,442,814,409,433,992,423,920,274,150,412,399,591,273,786,131,542,196,854,902,147,267,648,61,428,564,452,754,386,544,68,400,84,658,761,906,909,314,660,983,132,154,458,542,904,387,645,181,658,85,662,842,484,428,142,30,850,280,644,417,608,429,26,651,442,745,788,151,186,434,868,660,372,439,483,864,592,234,817,503,878,19,264,282,677,715,546,4,904,778,497,497,437,8
71,614,589,757,423,477,371,235,465,595,356,754,689,235,196,207,464,245,358,1003,28,589,428,156,518,147,465,589,971,371,548,196,636,307,324,463,691,592,689,586,753,236,619,587,266,370,594,243,477,324,484,746,162,236,973,742,595,587,197,586,209,204,492,604,204,964,977,686,592,497,500,976,210,251,437,742,211,116,1004,756,224,235,448,243,742,394,434,282,197,587,579,434,970,912,166,220,196,627,236,237,716,594,371,407,112,232,612,987,484,747,464,748,414,872,195,110,196,595,170,756,80,87,758,781,588,743,505,631,309,226,611,752,973,778,235,241,196,225,584,5,107,404,379,490,420,612,92,224,604,39
131,925,397,465,144,181,177,144,401,526,401,445,144,343,776,912,50,449,470,8,951,916,152,528,910,381,405,24,264,537,415,457,913,468,147,521,536,529,306,407,417,508,460,396,455,411,521,605,926,400,400,400,481,401,400,413,136,509,543,668,139,984,92,307,460,656,159,608,306,305,409,400,406,400,464,310,420,191,447,148,528,277,544,137,484,28,7,153,479,425,540,624,405,540,164,146,269,48,260,318,180,395,977,530,848,135,401,560,316,179,526,444,793,528,157,188,902,80,450,403,662,128,916,400,406,840,252,376,136,135,400,11,661,165,176,180,144,49,164,152,401,542,276,561,401,487,276,141,249,390
750,314,388,638,174,293,785,915,822,522,575,457,690,511,47,506,554,990,622,772,105,817,887,391,370,683,686,990,878,606,826,889,388,158,410,261,863,274,863,878,242,774,857,8,8,757,855,891,426,43,472,415,735,846,779,427,990,686,848,567,846,990,391,553,89,815,503,72,463,446,231,458,327,861,959,822,297,811,815,623,799,897,950,391,794,607,809,601,754,65,566,410,815,863,109,490,361,826,410,810,418,887,629,475,327,27,787,839,807,22,43,909,427,775,902,658,330,602,950,699,775,443,567,847,760,910,939,622,443,815,757,559,918,400,550,783,414,273,251,775,272,585,714,523,823,863,566,586,258,127
173,870,254,20,350,468,326,404,214,91,330,302,39,697,306,302,235,681,382,383,298,292,316,10,8,315,215,238,98,189,370,261,876,307,260,390,468,308,320,210,170,692,395,11,344,218,195,246,697,140,298,49,179,246,68,90,472,13,220,3,198,550,260,24,488,326,562,216,50,248,71,750,200,136,488,132,190,283,116,188,197,230,326,212,229,469,7,215,11,730,666,90,852,210,14,744,299,324,510,374,644,239,488,322,369,292,189,248,829,788,198,618,326,166,192,19,443,337,368,380,256,258,9,375,286,734,693,162,298,274,502,19,327,70,197,264,137,218,246,238,858,292,789,264,198,26,164,667,70,455
178,272,881,969,193,929,465,585,359,659,383,353,777,649,424,960,815,880,240,641,224,359,1008,800,33,454,122,485,303,452,834,342,848,428,508,884,160,184,149,339,368,240,808,288,838,877,358,85,819,48,959,816,422,625,401,913,295,785,679,888,96,432,137,897,936,1000,304,337,816,744,647,375,273,784,614,72,456,647,840,72,819,946,747,918,785,328,606,59,203,300,320,260,288,881,777,486,969,369,960,369,90,801,657,137,176,1020,929,881,544,334,354,265,788,388,370,406,416,696,808,231,336,295,788,928,498,706,909,97,480,608,560,833,312,359,329,510,609,121,679,416,855,318,927,456,424,141,376,456,357,841
307,866,154,155,267,851,839,486,423,963,826,775,865,839,682,802,671,435,353,867,276,802,1014,295,393,396,865,137,326,678,695,309,163,85,482,887,476,191,140,819,830,323,469,782,697,855,279,823,390,934,882,132,195,263,686,879,769,392,820,835,820,888,719,311,224,883,822,659,780,67,355,328,197,368,454,698,139,831,656,307,451,779,314,955,599,308,450,265,658,936,482,832,25,331,451,580,835,23,200,435,892,153,309,775,803,822,320,273,877,667,855,290,137,615,139,264,163,835,321,846,370,823,761,313,57,886,295,298,312,355,313,272,282,179,607,803,842,419,885,883,508,374,99,866,994,119,836,948,888,759
779,815,337,856,349,694,513,253,513,218,219,129,489,139,217,518,275,350,651,361,822,259,107,935,256,829,685,350,289,858,714,522,43,271,217,747,371,728,344,350,181,3,283,731,786,858,787,986,769,153,257,557,209,257,257,657,383,8,71,316,219,806,923,198,294,867,695,907,697,778,829,697,280,199,729,758,300,817,691,173,526,59,67,646,683,11,46,394,54,786,889,46,339,375,553,601,345,302,366,484,971,1,607,301,142,528,647,219,641,856,714,138,241,209,222,491,888,175,723,350,479,317,575,807,631,886,203,759,366,95,733,345,313,171,867,345,347,771,265,346,267,333,555,885,234,315,104,278,499,859
681,768,646,197,943,716,129,816,717,903,253,143,713,641,847,901,693,702,109,645,892,814,649,645,720,200,131,716,752,676,697,840,745,596,564,728,514,644,602,902,473,765,688,652,640,748,680,561,609,666,697,756,744,856,648,729,712,976,605,704,530,885,1021,766,753,645,644,752,722,636,977,764,625,898,764,764,649,655,788,717,657,649,650,743,991,640,912,646,665,984,954,617,760,978,980,1005,972,808,680,752,640,732,177,753,640,720,729,793,723,757,749,194,241,705,648,384,925,765,848,978,136,753,733,723,945,945,892,805,728,607,901,646,727,817,753,729,712,848,771,509,884,729,690,643,840,845,764,649,984,728
832,594,198,444,736,331,279,52,227,289,382,373,270,445,360,440,776,321,276,383,293,56,320,70,272,284,44,197,317,511,145,257,357,101,205,1,256,828,273,34,454,322,79,967,206,372,334,334,341,803,332,366,298,126,344,30,182,122,284,268,381,451,17,78,56,267,471,323,182,292,352,438,95,129,908,182,481,293,330,278,279,383,444,102,567,129,429,592,832,866,351,288,271,194,355,17,280,168,444,288,785,355,142,269,466,32,227,355,316,188,136,477,374,150,296,449,332,1000,52,368,915,53,291,161,206,143,208,356,316,124,360,277,262,511,501,437,1021,372,379,482,272,296,376,301,306,123,355,408,17,330
931,1005,967,627,765,182,695,650,595,897,721,997,855,837,951,709,650,899,749,737,893,487,419,930,525,739,199,283,480,627,693,923,999,1023,843,691,722,765,723,753,660,971,947,677,851,642,650,1015,566,983,889,917,884,881,850,727,251,930,274,870,853,552,947,513,726,385,899,906,685,133,690,979,372,887,884,931,893,141,725,859,618,971,227,251,716,1021,918,953,913,787,931,331,133,986,589,661,884,687,965,931,929,643,715,912,421,931,930,921,225,779,842,878,931,643,950,897,711,753,97,901,970,899,434,1015,976,842,530,970,929,453,349,651,897,893,247,931,714,967,916,850,678,747,718,531,933,709,667,465,867,899
868,589,868,602,868,614,633,1012,568,660,532,156,546,633,1002,612,996,713,589,668,212,644,844,848,212,151,120,820,524,740,122,748,708,669,844,704,849,908,956,588,532,914,730,484,736,190,722,712,865,70,888,588,740,706,720,876,612,532,724,844,788,538,588,788,790,860,866,858,68,518,678,580,848,612,516,588,154,797,996,669,700,764,788,746,806,546,681,541,834,584,550,596,713,888,568,980,660,532,540,1004,212,870,852,908,604,624,888,919,832,864,57,665,614,555,870,825,868,740,790,706,845,617,790,606,860,570,832,628,602,666,850,724,696,586,600,740,656,916,768,665,1020,741,809,996,59,889,534,605,993,866
506,511,900,17,463,545,463,21,132,79,438,437,469,468,552,560,95,222,407,804,421,479,216,529,259,389,161,222,32,439,398,791,389,115,190,459,417,459,1011,459,913,207,245,947,228,250,591,134,424,467,115,463,117,75,463,389,136,884,445,418,351,601,953,517,590,84,399,575,78,432,398,470,405,254,479,246,15,181,201,928,98,194,164,89,421,549,477,573,161,971,419,359,127,22,84,468,500,335,363,639,73,85,467,94,421,465,391,77,719,88,448,77,77,222,617,479,20,198,391,163,35,85,317,639,115,491,407,148,145,407,91,135,421,492,178,155,31,259,417,48,469,45,218,477,462,562,163,49,787,480
279,995,1,117,321,871,788,352,357,629,390,540,518,487,533,404,31,641,517,517,637,23,885,376,21,824,485,660,277,614,385,284,535,568,149,533,813,869,517,277,427,354,265,380,357,616,21,532,20,405,277,480,599,661,261,229,869,784,885,229,357,309,372,1003,789,721,284,789,276,513,519,117,228,488,892,609,961,789,485,396,997,295,637,647,685,871,709,865,101,507,484,871,517,868,885,292,641,261,870,530,45,869,869,417,876,517,665,737,868,853,529,789,869,769,871,885,492,892,788,1006,868,277,613,884,517,903,855,21,144,809,273,373,236,364,891,365,29,869,809,952,5,672,261,615,997,401,836,681,865,17
741,225,125,641,998,249,501,264,357,997,485,257,457,757,889,133,657,134,337,238,758,121,222,243,1004,397,917,618,181,655,983,133,919,901,741,385,181,658,609,917,229,389,1018,791,265,492,947,149,229,917,407,677,747,657,106,129,653,979,149,388,759,147,486,147,235,755,1013,241,147,765,49,229,916,641,764,150,433,235,997,237,225,229,21,389,465,913,293,762,508,759,405,741,481,761,247,680,473,633,411,136,219,407,242,403,698,744,997,485,250,677,481,743,666,237,617,243,182,491,129,102,661,887,764,753,361,97,360,389,396,905,1013,168,405,641,1019,905,846,409,239,37,163,154,254,510,905,279,1021,661,744,489
257,489,392,286,234,392,712,922,712,64,184,680,680,33,649,729,648,248,170,649,417,521,268,289,394,232,361,737,866,356,729,1,108,434,385,169,64,393,201,384,392,353,265,100,490,720,49,200,649,393,355,586,385,392,392,364,393,369,112,503,490,616,682,648,494,265,361,747,410,351,363,297,490,385,1001,488,266,680,872,673,633,216,136,823,873,201,842,41,104,417,392,392,56,729,393,305,289,107,874,700,545,384,177,104,673,584,641,468,641,271,257,360,618,392,282,1,568,717,200,433,744,265,217,424,113,424,168,686,392,1001,216,72,394,744,429,392,100,745,490,424,193,488,193,616,269,355,410,620,237,9
989,124,848,96,829,848,893,351,857,605,829,1015,819,720,779,604,637,863,888,793,795,336,156,750,1015,908,911,924,636,813,222,864,890,893,226,926,908,828,717,596,988,848,604,990,157,850,124,638,63,604,861,124,863,893,684,861,90,774,825,924,733,568,446,812,61,861,127,126,299,1021,578,868,60,903,810,858,829,910,31,576,380,994,124,56,79,110,140,263,190,157,84,1022,943,624,780,860,61,29,110,885,975,895,303,894,812,308,614,844,622,196,827,892,220,80,554,846,639,61,320,978,11,92,869,880,633,336,815,74,89,765,845,808,751,782,624,847,829,840,845,255,79,868,868,45,575,863,84,364,271,891
197,197,423,204,234,935,997,206,4,205,933,422,943,205,173,933,931,933,173,175,181,422,974,430,972,1004,203,935,166,956,197,222,965,964,910,175,942,975,801,165,78,342,142,814,967,167,1022,206,452,293,292,904,748,974,933,975,454,163,73,207,655,929,167,199,196,846,11,973,956,134,207,974,204,421,1015,207,420,494,215,492,334,199,200,974,161,76,206,206,486,910,909,718,199,193,239,974,69,966,974,974,967,981,574,165,462,421,940,288,1022,942,934,942,302,428,975,1006,174,198,205,647,206,68,428,455,974,932,420,204,1006,460,964,143,204,204,916,975,1006,966,903,965,134,197,204,966,325,461,437,980,206,206
297,632,885,808,826,892,520,466,376,648,857,890,520,523,559,1001,556,266,288,568,298,648,608,373,791,840,601,876,264,872,456,536,547,657,696,516,660,587,872,825,483,570,297,542,665,513,649,568,524,695,698,634,682,329,798,556,264,358,881,682,456,264,440,552,676,1018,730,829,88,628,440,564,634,520,824,728,614,536,1000,573,520,792,697,776,520,553,497,568,524,825,871,568,764,744,826,114,333,425,603,607,828,892,889,553,696,890,570,520,800,825,634,776,666,581,825,841,798,825,521,344,538,261,681,557,633,771,541,169,266,345,858,308,310,889,890,810,1005,371,868,609,862,624,740,843,632,856,517,314,425,520
621,23,87,63,106,253,830,871,766,110,543,63,26,279,351,343,101,6,886,1003,14,782,3,519,638,639,32,7,103,134,23,242,90,47,6,892,250,634,119,58,791,765,582,54,93,238,251,102,123,190,790,766,888,587,62,60,839,15,249,121,903,47,911,41,894,939,878,686,70,621,535,630,845,206,95,798,326,47,107,903,110,183,110,893,926,231,155,118,15,821,101,98,629,59,19,54,102,583,95,358,67,548,110,452,22,584,558,7,438,30,886,827,21,31,821,247,30,186,582,247,831,87,535,24,891,326,72,569,119,538,74,798,783,118,55,549,794,302,886,789,573,380,775,287,247,599,891,635,374,764
867,962,690,850,842,930,462,674,794,850,550,930,722,978,934,454,678,798,834,833,834,66,697,47,34,934,802,978,442,418,1011,946,594,786,858,802,941,547,594,930,938,159,43,98,470,674,166,706,98,881,930,806,42,982,984,465,54,34,866,478,982,786,289,841,474,722,486,222,338,986,631,922,886,543,974,340,258,811,214,848,550,970,285,450,990,802,690,15,762,370,331,679,827,466,472,330,378,546,523,174,834,978,842,775,86,937,578,557,539,985,934,41,431,539,34,367,210,834,1020,90,554,842,949,849,298,962,835,850,854,298,158,943,843,978,173,802,650,801,350,806,786,593,811,666,676,930,786,811,667,144
111,130,835,962,91,825,423,65,817,531,278,840,827,154,929,600,897,377,623,122,71,41,49,219,226,657,979,120,894,43,882,569,681,66,171,650,58,75,115,107,117,17,691,2,35,27,33,114,39,637,267,675,794,321,35,849,449,945,242,14,19,51,739,56,367,42,954,710,633,600,345,42,186,35,578,851,962,237,129,539,119,721,49,849,162,33,27,627,882,362,65,120,209,67,2,130,752,859,227,257,219,347,406,59,531,377,145,984,106,11,865,513,81,515,262,755,1,33,33,466,771,379,581,537,81,146,695,650,91,881,193,753,514,170,698,33,594,185,218,74,883,186,324,627,859,139,337,965,810,67
461,457,428,1022,217,192,189,200,697,958,922,372,831,425,432,430,841,617,922,202,509,589,201,240,717,236,230,188,72,941,425,222,158,328,954,90,832,201,409,642,502,297,484,829,929,468,953,244,424,944,32,156,169,413,446,142,502,313,473,265,995,827,202,937,186,652,415,1000,795,201,856,752,201,189,445,415,173,57,320,280,959,754,969,989,205,191,960,937,554,169,386,240,937,739,383,502,138,826,173,973,244,233,713,425,905,775,96,185,411,332,281,322,89,425,631,40,411,274,429,255,430,169,61,185,64,201,184,186,132,57,413,425,445,464,701,460,438,189,713,245,181,429,60,436,712,182,506,172,425,421
651,424,143,809,900,668,109,1009,937,581,1021,861,1009,389,758,137,265,904,441,909,595,808,693,823,649,313,273,905,701,1011,129,185,145,415,889,943,145,907,651,503,903,937,969,323,811,133,341,1017,619,389,389,488,969,937,439,898,856,231,950,937,644,301,943,977,133,633,976,901,464,145,653,902,549,137,148,901,613,137,941,921,877,152,457,825,651,284,152,936,973,405,137,972,645,424,933,943,916,969,421,942,557,473,901,665,469,553,809,662,908,645,901,167,943,815,945,575,484,869,511,688,902,885,873,489,693,221,649,586,965,808,969,904,457,905,653,665,581,969,921,905,925,657,951,825,393,921,679,459,887,441
417,776,777,157,167,265,201,264,171,793,649,259,285,105,393,449,386,266,266,351,384,483,1002,449,345,321,405,389,618,267,128,360,393,853,393,392,257,394,413,327,105,268,191,916,257,906,424,393,663,375,351,85,481,258,782,425,138,779,549,925,85,170,266,23,408,402,394,395,807,215,949,429,394,171,401,649,267,439,427,71,339,330,425,74,795,390,778,265,106,465,265,267,327,293,394,413,193,266,445,385,385,266,227,385,791,265,73,265,448,8,337,939,266,93,941,59,18,257,265,347,389,393,281,415,393,265,392,445,158,267,95,345,73,501,842,202,448,194,394,70,247,385,257,30,215,375,942,267,393,161
987,815,991,888,227,811,244,887,327,939,984,786,902,184,890,788,884,827,223,387,987,1018,708,703,918,866,968,967,964,810,859,970,891,816,723,574,823,987,472,874,468,895,824,818,456,703,168,386,850,396,1019,383,971,772,1019,980,450,980,811,1019,831,927,427,663,768,987,582,727,987,915,827,860,899,963,386,890,885,345,970,91,987,860,955,984,780,987,191,266,379,859,906,951,859,874,919,772,811,891,770,875,987,926,976,780,1000,979,1000,83,540,991,976,799,947,855,606,222,243,964,818,890,827,759,435,328,879,472,987,858,987,603,843,893,439,777,1011,843,931,787,987,887,915,879,785,475,802,854,880,922,859,783
876,882,977,214,991,876,953,89,473,109,791,126,881,367,486,323,946,877,382,889,878,463,357,430,365,535,507,890,243,657,306,495,116,883,538,822,234,144,598,217,333,891,488,366,972,844,242,882,854,94,894,223,313,210,37,864,409,976,469,51,301,286,854,878,546,880,473,889,365,936,140,720,306,876,787,878,42,10,382,313,30,110,237,123,436,953,495,361,336,365,366,32,859,866,191,107,358,93,590,880,854,882,857,25,25,112,333,142,858,77,302,953,90,111,857,469,879,891,110,570,366,942,88,78,191,594,889,414,209,870,723,879,145,718,890,361,208,345,564,88,879,110,794,369,30,879,779,804,46,11
639,927,667,988,966,814,923,407,183,271,851,911,396,695,795,772,279,911,182,291,855,539,931,664,391,323,703,91,927,695,919,959,135,921,449,742,283,431,175,911,687,403,840,15,479,959,991,447,447,943,991,71,223,843,915,891,223,803,831,951,959,889,520,927,419,951,986,398,599,318,959,391,835,327,439,711,964,919,811,235,387,411,959,331,291,283,855,775,683,275,871,983,354,991,931,383,199,855,431,167,199,697,1015,919,838,143,343,951,923,799,903,119,883,739,924,951,387,959,983,959,296,959,462,395,959,391,967,895,700,651,945,887,903,833,959,711,392,951,727,163,263,607,991,902,999,407,647,923,271,791
585,796,438,855,440,535,326,121,134,411,7,661,158,873,97,455,926,491,1019,565,771,226,669,624,438,27,754,948,216,446,150,948,541,67,694,806,694,279,794,413,61,971,854,406,531,886,505,514,538,287,538,660,26,24,738,510,500,471,720,424,843,435,308,469,387,159,543,134,421,62,922,326,814,511,501,926,822,539,222,502,515,795,598,855,820,538,171,750,555,28,944,535,267,278,944,165,170,570,615,986,343,156,43,210,154,21,795,448,41,439,942,436,512,26,283,666,258,104,814,930,555,144,220,770,768,4,23,1021,944,926,22,534,437,443,544,154,696,370,506,853,564,6,514,538,255,538,775,157,508,558
210,977,141,75,45,34,216,301,373,483,774,584,290,473,12,220,204,221,144,87,733,617,397,239,104,851,801,977,944,568,243,541,33,77,452,387,449,86,314,768,229,204,467,619,623,49,395,254,141,736,208,562,625,492,207,821,231,476,221,730,785,792,60,33,205,313,648,193,421,193,957,253,463,849,57,461,346,293,629,349,81,181,84,46,301,212,105,704,592,573,254,769,33,300,545,501,621,107,585,449,813,33,973,35,48,109,205,769,393,828,355,668,393,33,545,241,45,13,556,25,45,653,557,605,140,45,547,293,37,197,708,188,46,58,572,181,745,56,33,301,222,289,569,493,430,124,629,301,574,108
207,275,7,246,306,160,451,195,424,239,499,131,203,338,482,171,307,143,141,480,171,67,99,239,274,147,129,455,126,50,141,149,118,137,160,481,151,238,207,137,304,131,498,502,651,483,453,502,481,131,98,107,210,98,829,905,235,906,206,129,139,417,23,250,146,225,135,149,169,13,491,99,195,171,406,139,111,146,73,19,139,461,432,502,207,183,171,214,207,96,218,175,144,503,407,86,423,363,192,18,169,141,99,203,427,18,182,239,22,1022,499,153,721,309,483,699,182,169,463,143,363,241,153,439,341,484,239,155,115,73,502,211,131,143,865,219,289,107,18,163,989,131,78,140,264,21,209,187,491,67
118,946,887,162,139,171,138,691,534,163,95,891,674,677,960,241,354,190,250,182,648,181,674,694,551,539,686,678,183,643,141,886,4,722,173,955,641,3,65,642,769,3,25,873,691,163,22,129,105,162,563,693,189,227,498,163,8,991,693,939,515,323,949,662,188,431,702,162,131,641,163,929,599,609,547,567,619,139,770,867,64,172,673,643,651,630,563,873,937,674,884,190,3,574,187,233,674,630,53,178,186,190,82,995,190,188,673,139,521,127,145,886,651,150,178,251,886,713,979,651,1014,130,617,381,383,99,498,645,151,147,178,522,2,107,150,239,680,105,502,679,121,162,194,578,690,69,387,130,465,132
941,731,567,363,30,837,967,127,207,49,926,579,511,715,627,63,12,262,127,127,587,919,126,647,71,861,93,987,1018,76,655,669,113,350,991,887,859,75,115,71,679,727,643,371,511,206,103,603,725,615,947,127,606,132,723,114,712,79,919,586,910,123,11,715,639,92,974,235,715,319,95,66,759,91,723,583,939,75,1019,83,611,227,16,639,603,607,495,973,715,975,911,991,1007,787,731,91,716,731,74,983,91,114,87,695,599,587,127,539,590,91,223,583,607,74,1011,973,413,587,287,724,733,643,87,95,309,127,747,75,239,719,127,95,578,727,538,735,95,599,523,523,735,219,91,582,543,79,767,635,635,811
79,237,97,381,107,511,197,383,545,107,454,105,71,15,173,127,133,69,205,373,79,358,395,235,353,117,255,889,207,123,5,35,243,397,583,198,115,103,332,107,11,479,79,107,97,225,123,367,239,107,341,383,463,79,491,507,709,218,141,237,357,115,497,53,235,141,111,511,251,65,489,359,332,107,378,375,395,103,509,367,759,7,398,227,51,357,361,249,185,155,373,79,68,225,506,79,499,457,77,212,223,297,77,647,183,489,491,105,231,224,399,51,332,225,119,387,348,363,245,419,76,115,423,113,77,227,299,159,289,103,123,105,355,117,363,457,233,105,267,225,77,141,491,249,243,383,367,15,171,97
309,173,147,161,471,65,445,43,40,492,683,481,447,481,441,425,961,64,315,160,485,387,94,99,693,279,435,191,368,737,45,779,938,417,337,495,448,149,486,162,91,395,179,50,193,197,724,97,418,288,267,337,33,756,209,243,451,178,57,4,65,449,373,173,242,428,425,969,3,438,998,233,193,480,481,160,118,175,491,499,465,483,451,165,229,96,177,241,482,401,209,320,457,499,485,1009,417,209,177,109,423,169,323,209,481,385,553,427,473,913,186,449,483,18,43,174,491,231,171,46,961,421,944,711,833,177,393,193,297,137,64,57,169,741,497,755,233,482,369,41,192,147,342,83,419,195,338,101,745,683
454,452,349,422,420,428,486,491,476,491,326,390,937,414,300,470,335,423,445,450,501,487,452,268,495,495,326,452,455,485,511,350,326,491,494,462,479,452,325,463,397,416,426,455,462,833,479,388,796,352,462,502,507,446,260,427,462,444,399,327,454,511,186,452,44,462,220,478,295,407,494,366,352,450,335,421,232,348,324,270,399,302,469,302,101,492,798,491,303,350,335,497,478,333,334,324,490,326,430,294,310,359,439,447,335,448,504,462,390,479,350,478,329,483,815,327,213,268,495,414,476,301,398,367,487,494,292,298,455,326,327,324,446,301,431,811,870,315,303,353,327,445,490,335,495,491,351,414,391,430
804,804,852,768,325,769,806,805,549,292,837,548,785,788,277,773,292,876,868,548,612,869,849,812,876,804,324,804,877,932,292,949,932,356,852,532,833,868,807,421,892,833,345,613,708,352,836,317,804,356,724,533,857,292,293,292,804,620,768,261,997,877,621,836,804,620,796,316,788,620,837,997,325,805,292,584,356,893,997,804,420,804,876,853,848,852,284,876,833,328,293,853,868,805,828,452,704,261,832,956,840,804,869,1004,588,101,288,321,845,836,845,804,933,257,876,844,293,596,292,804,805,804,868,996,805,779,872,548,292,445,597,804,868,292,836,876,708,869,916,549,804,620,828,868,260,868,804,292,552,804
435,919,710,896,949,921,433,391,981,949,951,914,435,439,471,459,950,439,948,911,451,407,951,972,565,909,903,215,980,900,978,972,35,929,949,181,949,455,942,439,919,468,437,962,717,494,785,471,431,940,949,949,469,983,709,946,169,937,53,750,981,947,949,695,955,412,939,911,811,909,471,468,179,918,949,693,982,407,951,674,903,897,445,718,935,983,438,693,935,896,493,437,438,880,898,972,915,129,209,933,646,733,201,941,431,385,468,659,980,471,950,948,745,929,469,794,439,429,423,402,435,949,983,918,179,915,435,945,727,135,425,919,916,925,982,469,935,468,254,911,469,951,941,453,964,439,947,945,949,983
401,149,463,399,917,475,1018,660,407,729,643,151,177,425,400,933,459,401,410,237,218,421,403,213,155,425,426,463,969,176,424,791,941,400,938,917,615,424,434,410,417,401,403,712,58,151,149,174,179,227,409,473,945,160,417,173,437,174,669,224,929,730,687,687,919,907,757,76,429,917,176,136,393,383,401,403,440,477,460,149,436,217,603,913,179,414,209,425,165,947,401,952,160,401,934,401,968,904,405,203,1021,252,165,684,401,180,977,461,473,434,1005,146,182,153,419,177,987,988,434,398,425,430,438,911,385,680,393,405,787,457,68,429,935,457,907,401,461,897,395,657,462,166,145,461,655,462,469,501,476,942
429,289,201,917,945,1021,461,509,893,1021,1004,935,825,949,445,949,1017,397,936,165,949,949,949,985,900,405,437,909,421,465,433,395,937,422,917,949,429,945,809,913,508,429,1007,949,397,437,1021,949,389,397,849,954,903,397,489,493,413,908,791,392,429,947,391,395,465,943,473,461,945,981,404,485,473,909,400,1019,1019,945,435,493,136,493,405,437,908,493,421,427,419,907,439,821,391,435,909,953,505,413,956,397,929,900,489,427,433,471,397,381,397,893,421,821,439,277,397,381,435,957,913,949,1013,437,431,993,940,437,493,937,419,367,389,1000,981,393,645,957,945,909,949,917,1013,269,433,829,951,396,949,959,933,408
877,749,749,1006,751,713,701,668,820,542,743,255,1007,988,621,621,878,564,492,692,550,577,766,684,741,646,580,1005,738,749,105,1004,749,602,350,770,750,765,861,894,376,741,744,988,621,730,465,676,765,668,986,750,686,493,743,764,1006,1004,675,684,1005,877,878,941,729,536,926,737,741,688,238,620,621,1022,780,653,871,381,894,621,909,741,101,878,590,860,741,765,621,734,862,535,1022,647,730,749,747,892,694,1007,229,701,706,767,222,220,590,844,764,841,542,623,511,986,812,1002,1005,709,748,902,751,732,968,744,244,950,621,751,612,517,646,37,648,620,749,620,476,580,733,749,142,728,206,729,751,781,748,767,750,600
354,1001,794,90,602,936,872,1010,936,779,1002,883,360,920,145,760,872,712,410,792,875,804,758,940,601,492,380,943,447,488,878,371,372,118,122,336,866,1010,920,410,848,371,362,890,881,146,498,664,626,1009,366,748,922,354,779,803,785,371,104,948,224,830,790,472,952,620,1006,872,795,304,776,334,73,502,792,626,1000,904,974,624,756,379,369,1020,460,746,456,1008,315,820,659,296,872,996,959,373,510,288,424,972,368,956,892,1006,923,442,840,296,881,821,915,938,1020,841,539,876,302,848,972,536,336,447,280,874,382,808,338,365,943,794,357,926,892,894,362,877,360,280,827,957,1005,768,979,880,880,912,880,1002,812,915
252,376,934,346,284,610,196,172,602,410,975,1021,763,334,989,255,1019,412,712,318,213,1022,948,765,250,858,766,493,289,454,1020,31,72,985,561,330,764,477,968,369,506,438,127,376,504,458,968,457,915,88,413,126,859,486,118,107,971,1021,608,1010,624,765,61,714,157,984,96,1022,626,1022,454,832,754,639,639,255,329,375,671,1010,892,202,123,624,124,380,840,474,857,638,753,511,1020,893,501,156,978,125,380,508,842,473,221,638,763,1018,832,508,919,537,472,376,204,668,1022,901,492,189,511,332,125,246,383,115,511,989,766,765,510,839,126,1018,639,181,894,1020,1005,452,376,112,509,255,765,372,250,948,449,90,507,466
237,634,900,90,884,941,470,1012,966,184,745,760,924,302,1,756,994,890,628,956,572,963,573,271,89,712,568,553,74,570,996,568,756,1003,620,925,858,537,760,556,952,944,840,713,970,28,14,629,281,594,551,829,988,926,985,150,690,570,884,490,922,971,940,436,542,932,140,193,1004,1013,651,668,593,492,705,862,1017,971,982,974,933,567,914,890,956,964,564,1020,589,572,748,16,953,52,969,555,604,489,634,988,951,413,961,741,912,971,619,608,519,236,553,175,728,906,531,650,73,427,398,653,926,871,130,653,553,557,628,262,137,782,236,66,414,716,350,541,572,69,594,575,366,569,996,590,109,731,890,20,628,313
148,119,901,579,449,195,55,753,619,716,88,156,535,246,648,256,822,497,579,431,545,433,502,915,744,772,831,181,933,488,880,837,456,89,718,443,101,931,117,428,567,422,68,760,488,624,1012,502,464,679,609,53,863,67,903,721,421,759,449,556,156,929,583,609,983,821,86,65,94,86,663,721,241,560,417,777,757,464,161,551,420,449,71,403,746,963,679,425,840,423,212,451,425,86,806,65,854,933,951,49,677,760,67,567,616,432,914,325,451,160,886,561,803,567,260,519,86,451,982,449,614,404,935,323,323,219,453,417,209,210,621,1012,420,579,451,778,835,81,584,148,197,4,215,438,480,556,568,67,119,196
887,338,23,496,960,918,151,47,516,816,353,144,18,151,611,241,534,118,272,381,52,976,966,470,149,758,834,23,947,246,274,38,816,272,96,659,102,966,627,610,582,630,151,978,96,822,751,995,982,30,918,632,406,466,151,262,280,161,661,530,23,961,321,929,819,601,989,162,732,662,963,1,945,740,960,901,93,147,118,1008,144,704,1014,549,162,76,484,663,450,150,246,39,580,334,887,159,368,512,899,52,18,502,286,382,656,278,1015,150,204,920,941,125,920,624,573,704,864,211,545,16,2,947,1011,347,167,1,787,147,978,371,168,112,503,924,463,1014,993,1010,31,41,252,663,754,256,370,18,947,995,18,274
543,634,89,948,917,545,1005,998,870,576,264,933,529,126,85,720,726,629,595,313,928,840,51,21,978,429,544,87,1019,977,976,946,433,289,450,597,74,32,544,53,946,451,34,533,594,832,945,820,607,935,675,105,546,707,122,979,939,509,459,981,970,434,902,65,597,991,677,978,576,115,82,926,1023,454,989,987,587,35,411,866,928,428,34,691,934,383,1,93,815,618,85,946,1013,947,32,563,949,805,717,949,34,39,641,1019,947,566,543,833,681,948,830,576,435,115,605,961,705,541,37,479,459,118,547,82,853,576,678,599,978,947,125,886,83,438,916,981,606,945,580,1005,21,925,885,486,947,51,813,405,566,241
987,588,95,590,595,314,330,731,21,595,533,718,1009,569,318,536,947,564,561,137,60,194,319,573,363,348,523,603,597,251,318,97,668,763,595,586,624,431,893,571,65,900,789,520,148,715,911,171,329,581,165,723,147,62,867,595,309,185,659,852,956,763,957,334,301,179,605,635,559,279,59,548,852,596,548,718,911,988,479,431,987,981,47,187,528,979,861,348,603,724,477,179,955,659,629,636,123,983,928,163,987,979,915,635,948,859,953,595,532,395,509,628,979,316,636,58,129,755,31,531,639,555,615,404,26,380,735,40,881,977,477,763,576,563,679,117,827,573,316,987,190,603,928,596,977,460,980,531,948,51
427,62,825,305,672,141,741,365,154,189,446,794,762,787,942,364,250,377,451,939,854,581,365,826,770,312,748,385,42,896,494,853,332,155,108,792,211,414,778,301,793,874,796,201,24,556,302,686,570,40,701,446,232,784,931,362,780,469,858,76,618,325,755,289,241,394,555,210,1023,832,241,410,160,684,508,832,130,736,890,750,241,894,572,372,401,830,911,630,414,753,96,417,776,381,78,332,140,235,385,73,377,314,457,755,777,813,498,317,238,243,942,252,383,651,498,305,1002,46,556,45,69,769,456,777,301,248,776,818,42,684,558,652,371,663,785,234,922,792,653,934,126,787,296,536,241,784,334,302,786,654
559,513,1020,569,361,58,555,447,1023,20,154,345,607,951,58,1020,647,90,11,637,724,14,24,575,287,20,1018,931,571,825,102,991,653,183,226,374,344,344,569,56,23,216,443,312,620,104,567,991,402,1005,1008,981,31,984,50,511,615,345,140,990,555,927,11,27,568,58,684,287,907,903,951,620,502,962,626,26,511,553,202,921,570,536,570,551,409,191,573,947,343,407,1023,503,927,329,971,911,971,287,178,503,507,185,330,63,215,543,952,551,909,1023,443,345,201,344,857,95,921,359,267,1019,601,472,527,665,600,982,921,394,944,911,107,442,385,1015,10,1012,375,539,1023,351,56,1023,201,546,274,1017,634,176,408,1016
133,390,323,202,803,161,130,235,274,142,670,267,1,227,306,268,647,338,517,341,576,662,832,359,672,357,498,918,3,332,384,662,221,371,326,325,245,693,356,240,515,264,358,194,358,549,163,561,289,162,167,694,131,178,836,422,459,805,832,336,70,230,375,355,771,277,235,166,353,228,576,129,325,235,354,128,198,272,215,646,264,165,138,210,404,200,356,524,454,852,333,167,133,806,661,370,161,837,802,805,354,50,66,11,324,265,259,683,341,762,18,331,373,977,192,371,229,503,131,264,131,789,212,768,347,805,359,330,353,340,131,528,388,513,806,564,3,69,246,341,230,774,768,192,773,822,683,646,338,694
242,346,889,220,259,160,753,254,751,582,362,955,226,589,1010,695,290,722,251,220,899,908,767,228,257,246,680,791,26,194,476,18,181,1013,882,1017,229,766,213,576,912,362,978,916,610,249,413,562,914,195,503,562,770,191,791,643,226,743,681,255,129,914,591,765,10,785,658,554,755,147,764,826,689,788,570,140,575,826,959,348,351,959,628,383,649,914,703,80,594,641,883,687,893,287,301,794,115,623,226,732,993,274,314,239,815,274,756,250,466,821,995,516,229,274,595,752,354,701,978,279,355,647,257,812,724,890,871,620,167,634,191,898,213,511,703,643,764,325,829,810,620,765,757,671,661,274,213,638,755,816
526,575,878,459,78,30,667,811,969,232,88,1022,406,606,619,815,955,427,981,1023,631,522,614,574,31,846,519,199,619,31,510,535,958,590,331,916,627,974,575,894,398,575,897,967,73,991,841,606,429,1022,990,703,174,43,575,419,429,46,427,46,424,596,554,42,808,455,42,443,478,844,938,606,604,419,174,941,540,97,1001,594,587,541,972,123,399,721,147,576,588,526,306,698,837,363,492,572,572,395,510,1016,953,575,126,543,478,621,568,467,944,811,919,923,426,952,573,703,584,568,624,729,1002,286,42,926,427,536,301,542,216,1011,625,970,539,584,622,452,544,318,241,524,571,610,600,574,160,10,703,591,1000,115
235,421,14,743,46,225,229,229,237,34,209,80,229,147,33,45,77,299,83,47,226,173,237,65,119,484,169,226,283,261,743,557,36,425,599,39,205,174,90,495,43,233,18,37,229,229,682,35,130,47,525,43,237,581,485,70,67,39,69,237,230,543,727,45,869,230,77,357,226,33,78,171,175,486,173,229,70,98,481,737,295,102,66,161,47,581,189,0,747,11,749,101,232,47,770,3,11,571,179,227,229,231,437,38,485,77,357,741,523,495,230,47,427,79,525,295,173,3,69,494,101,105,239,99,229,105,47,229,547,69,333,165,658,754,131,247,174,482,47,445,229,356,174,50,26,65,357,557,226,45
48,248,246,116,116,182,58,88,61,212,90,698,246,632,56,982,117,638,566,631,532,250,630,378,694,534,265,90,118,287,522,216,54,376,122,630,74,4,694,564,570,342,630,741,566,574,53,117,720,630,128,116,122,282,609,186,86,86,548,532,86,634,634,631,58,58,568,102,54,94,721,18,930,666,698,86,220,20,600,247,560,124,120,214,698,602,178,57,538,564,274,222,566,108,606,726,20,132,344,568,758,52,690,714,657,706,570,628,518,516,638,254,564,240,570,120,534,628,630,726,630,976,564,632,574,646,10,675,120,108,568,530,189,136,605,639,52,54,120,210,618,822,698,566,568,312,253,573,86,566
836,322,847,943,811,994,795,339,851,930,227,847,576,972,915,580,76,961,579,702,222,1004,912,921,1013,323,1022,994,931,320,853,953,843,862,459,836,996,1006,994,842,1006,994,988,1011,971,942,858,306,928,995,594,914,1016,931,388,603,847,566,898,456,971,435,996,861,951,914,754,839,175,355,851,928,682,674,1003,843,845,526,499,835,843,800,844,847,992,424,851,53,844,819,798,899,115,931,900,814,1007,911,659,499,971,335,848,596,899,851,1004,36,996,832,875,844,856,898,67,340,930,839,396,930,840,946,872,959,901,783,1014,931,398,930,200,229,780,844,839,346,840,67,830,715,895,995,940,839,851,274,842,900,956,836
590,751,103,707,83,321,687,652,46,642,604,838,168,162,689,448,33,684,747,675,745,742,748,78,78,177,131,220,65,679,320,648,577,130,576,688,895,236,577,81,818,418,289,643,663,322,184,727,577,686,617,558,833,238,215,294,576,745,167,739,615,537,705,578,241,320,589,46,72,590,685,833,762,709,617,577,138,105,43,191,748,833,654,751,576,47,199,66,761,750,694,899,37,554,701,960,558,705,550,34,190,670,704,691,66,616,697,272,617,617,705,619,322,711,9,682,679,47,495,686,579,709,326,745,232,301,195,290,173,80,593,529,577,78,576,107,583,717,737,590,169,105,579,680,681,737,35,551,582,207
808,454,366,872,458,421,340,956,38,810,216,422,328,352,797,966,201,73,841,47,966,326,430,621,809,777,489,422,806,97,879,326,286,49,329,457,580,458,292,326,73,293,808,295,841,353,104,454,1006,261,290,416,488,325,802,297,457,298,298,864,329,810,473,294,422,806,293,294,1003,377,444,421,810,166,430,494,197,672,44,453,353,968,842,550,485,353,937,297,996,937,490,457,809,806,489,741,334,261,992,806,457,837,902,490,424,294,292,826,294,1002,297,809,1007,501,454,805,538,200,473,454,233,332,806,772,324,294,296,970,1017,362,454,297,808,297,969,998,166,453,494,1006,110,452,710,390,806,218,488,292,841,489
514,524,380,768,898,364,876,768,828,1003,48,224,898,992,364,880,748,608,948,338,288,380,619,376,306,480,514,44,768,300,780,731,579,608,1011,876,960,876,378,1004,876,36,890,546,524,301,292,396,304,362,116,620,316,812,436,891,396,648,259,431,972,364,812,536,82,876,32,816,768,512,834,588,803,306,812,364,586,658,588,268,545,640,736,596,268,792,908,804,864,876,620,268,772,832,256,512,0,548,1000,44,514,300,364,642,772,611,636,875,559,364,872,548,152,548,876,122,8,818,480,194,878,787,306,780,364,611,365,992,396,900,396,259,396,813,894,312,256,492,512,648,736,498,652,380,268,812,44,772,288,512
173,662,130,740,594,404,549,128,645,629,854,236,838,232,738,248,664,409,666,134,618,741,800,123,666,740,529,685,224,232,153,546,544,225,236,124,706,644,977,644,410,389,45,1004,518,60,624,660,548,188,134,138,217,20,60,554,644,616,619,113,136,622,904,149,42,148,132,728,611,744,646,356,686,700,360,56,992,100,125,666,730,327,736,761,389,248,556,166,572,612,548,62,608,244,544,9,145,832,9,369,339,101,96,924,166,937,596,60,300,226,608,555,701,260,570,732,252,662,377,864,548,736,714,645,581,620,644,761,838,375,634,684,618,517,563,915,648,133,226,183,752,35,633,613,614,917,128,230,736,149
641,426,723,279,250,831,306,279,869,373,842,419,399,937,859,295,168,548,172,593,444,438,188,831,109,986,278,281,527,563,338,347,631,1013,885,569,849,799,760,857,851,816,426,546,578,306,375,579,851,701,777,54,841,593,822,847,851,809,350,279,959,597,586,255,313,859,852,349,63,573,401,553,607,79,1017,262,89,947,849,145,713,952,373,577,574,913,31,1005,392,511,846,474,589,549,191,374,1018,335,834,70,1009,345,945,887,593,847,38,690,80,935,957,849,253,885,855,941,846,883,277,63,1023,59,814,937,851,401,863,978,849,296,563,317,83,121,787,189,63,281,33,873,1001,13,83,527,160,90,862,235,787,968
82,124,118,857,89,57,310,406,818,1014,826,700,304,442,838,574,50,66,86,309,50,65,570,602,380,905,80,50,52,858,74,310,314,314,286,153,479,98,54,688,25,322,76,284,406,26,829,55,305,59,630,83,371,282,26,723,90,90,322,74,561,377,54,54,426,505,186,86,124,310,26,74,305,818,306,346,33,154,242,66,308,150,125,281,90,42,285,890,54,310,310,48,550,26,890,26,306,49,592,49,822,138,49,61,304,118,305,40,88,545,52,806,89,348,118,438,51,796,50,602,310,58,30,318,166,26,310,538,50,59,467,306,82,76,278,702,241,410,502,70,153,54,180,332,550,86,310,890,856,58
353,273,285,473,281,257,353,355,353,369,317,37,285,274,365,491,293,333,353,371,369,870,365,330,321,280,269,137,265,521,268,285,287,267,463,421,413,237,352,1016,393,993,497,353,273,269,866,367,369,257,253,353,864,870,347,429,9,780,295,403,429,45,17,370,359,608,410,274,237,256,356,270,258,241,353,525,367,769,269,399,257,397,289,353,397,781,268,274,494,318,783,807,12,257,429,353,371,29,257,109,366,281,269,285,333,413,354,780,272,371,353,781,494,441,111,304,461,422,273,301,1005,301,1009,941,541,477,284,471,429,370,353,269,337,999,237,318,425,353,493,297,306,285,273,74,352,355,353,365,281,354
908,415,813,814,270,990,734,470,488,428,392,854,394,928,424,282,408,371,326,286,302,374,344,974,948,661,408,401,294,414,364,260,268,282,950,988,408,300,503,910,996,280,661,428,814,927,408,414,352,932,86,318,262,500,662,830,436,870,512,136,466,430,927,414,950,333,922,318,503,446,283,822,447,470,312,936,734,424,503,822,430,870,940,438,210,422,340,796,303,383,424,434,295,382,440,375,336,447,910,502,927,850,360,414,410,501,926,1014,943,312,446,288,926,303,296,657,325,980,426,398,414,414,430,447,318,264,765,398,942,974,926,408,852,446,414,424,60,424,502,895,396,942,1014,806,270,904,884,98,318,286
144,735,186,524,674,146,742,674,642,698,160,692,645,642,222,160,234,545,726,146,688,306,42,680,416,130,691,186,670,222,142,148,218,178,912,674,698,716,562,150,98,672,304,50,744,146,204,217,681,897,234,722,163,672,553,534,654,218,174,726,59,187,238,146,154,40,194,553,928,682,282,682,746,644,260,52,162,188,674,250,202,682,218,218,650,162,566,206,58,674,137,206,680,154,436,734,731,649,546,724,150,680,722,162,180,140,437,518,526,644,714,160,184,298,176,37,306,42,699,610,690,146,248,4,260,686,152,672,144,672,178,160,666,154,688,177,926,952,122,50,698,682,662,34,178,161,314,954,174,900
493,821,299,560,195,912,274,777,300,285,897,281,83,471,788,309,791,403,528,312,285,818,286,930,180,260,916,811,443,456,344,546,346,802,1003,549,792,269,23,304,804,18,932,436,490,435,919,272,381,349,426,304,298,167,987,280,419,284,383,400,299,1006,307,169,76,310,915,132,512,21,290,331,20,914,900,429,384,17,20,418,893,555,411,285,132,474,469,298,805,178,464,915,5,408,770,511,289,304,265,39,34,256,475,819,897,43,795,299,822,276,298,258,819,490,274,912,405,912,564,822,914,807,816,250,475,172,19,17,312,387,411,315,418,308,48,457,1005,987,915,200,772,235,179,859,914,715,798,282,784,1002
225,223,197,135,406,279,353,483,919,103,416,471,407,211,481,224,467,467,401,357,326,171,375,467,278,247,465,471,46,357,403,321,367,22,197,353,51,105,23,100,115,483,159,278,481,367,94,470,471,407,359,147,391,97,144,104,487,993,407,493,481,23,275,343,984,480,403,485,481,350,841,353,417,156,353,416,95,417,337,464,1,485,294,337,417,22,315,17,356,97,351,233,145,499,452,299,111,85,353,327,481,97,364,487,342,305,847,39,353,345,16,483,39,895,659,296,775,225,431,295,110,38,295,16,471,407,342,431,238,385,19,481,481,401,336,999,185,81,33,608,353,215,91,419,213,215,43,228,246,183
970,904,602,508,768,816,923,810,314,811,982,1020,808,902,888,816,906,890,957,955,782,794,986,546,835,630,905,830,563,952,672,874,923,896,938,776,906,286,896,644,374,572,874,979,30,936,854,944,809,407,946,955,524,854,1012,840,987,1019,512,874,360,974,992,776,538,930,904,856,923,396,776,779,998,851,816,638,955,858,264,618,427,952,780,802,834,518,840,779,1019,998,979,768,603,896,577,816,512,562,875,319,994,688,859,1000,818,890,554,826,262,827,918,984,824,769,588,832,1009,946,904,818,824,798,803,442,852,864,912,872,984,863,974,534,297,816,859,972,974,427,802,939,827,984,954,908,971,446,822,582,986,632
82,182,21,38,530,150,19,80,72,67,104,592,96,487,695,656,120,146,102,528,521,150,4,18,92,744,654,564,77,86,144,222,54,125,182,132,719,83,598,169,10,618,162,436,16,550,150,222,530,254,432,22,144,112,150,6,16,134,70,432,656,598,144,16,32,0,6,60,374,34,64,38,82,34,342,182,407,39,166,254,134,23,86,112,54,566,160,180,560,86,640,786,154,39,94,72,948,274,416,18,102,534,162,128,692,902,4,18,222,430,630,86,219,546,132,54,439,120,64,22,48,150,64,32,95,22,317,96,160,16,274,72,0,16,528,350,22,384,144,342,550,390,598,150,566,534,54,470,95,214
836,442,479,372,64,445,490,925,42,368,880,468,496,295,68,960,112,421,416,304,920,322,347,436,403,3,34,448,68,778,312,316,786,384,392,98,508,232,252,921,66,19,298,312,500,994,904,64,418,270,194,308,426,368,26,418,468,490,364,394,323,770,336,803,426,112,99,410,372,212,856,354,1013,340,442,372,850,926,440,482,944,356,164,432,352,896,418,911,274,446,434,355,363,418,190,300,778,184,496,794,432,323,436,930,432,368,298,518,394,440,910,100,954,426,68,462,858,466,290,510,20,3,68,368,336,20,368,226,112,454,452,366,956,278,398,312,384,500,240,883,342,388,826,99,357,387,130,67,372,796
659,216,915,981,177,683,45,595,735,749,673,228,725,679,661,436,106,220,983,156,643,867,727,660,727,741,725,921,722,750,640,721,933,916,212,34,721,673,685,148,724,723,657,748,723,533,740,682,661,501,767,935,645,190,949,741,736,676,675,749,723,724,736,703,207,549,739,669,735,157,741,658,417,551,732,741,677,145,675,747,551,733,725,945,659,934,739,758,917,733,733,228,741,913,711,231,685,590,237,556,976,677,928,547,724,246,28,917,739,469,218,405,669,213,733,725,725,663,727,735,725,677,734,673,686,695,741,187,741,691,740,1005,683,165,677,643,167,677,871,931,734,149,677,660,724,661,724,738,163,977
525,887,852,918,734,726,864,957,857,523,1010,758,224,224,870,594,889,706,115,210,196,745,999,849,356,936,483,739,101,408,730,720,866,612,744,1008,648,174,12,593,617,850,71,716,100,845,168,359,1008,964,217,121,169,726,802,708,846,836,98,995,630,751,1012,235,801,982,992,703,884,889,741,144,836,232,649,834,886,598,720,92,867,86,224,720,992,653,708,548,87,671,204,755,721,256,965,736,978,1008,727,681,761,800,865,864,352,226,836,696,992,213,882,658,594,726,736,196,210,920,226,200,680,738,1005,655,984,100,864,246,764,496,868,738,336,709,246,864,994,744,868,836,168,720,114,754,742,1010,80,739,960,690
803,541,428,289,804,517,87,500,235,711,387,259,967,215,879,389,447,431,487,13,263,199,367,679,311,174,195,67,495,323,851,631,503,839,252,359,995,375,831,852,967,93,723,999,295,996,363,511,469,253,13,375,449,73,29,419,175,221,499,697,313,959,467,255,796,467,355,871,373,913,155,1003,457,553,331,751,969,51,469,503,195,161,275,763,375,447,61,305,469,999,517,245,371,487,711,412,265,197,183,830,311,612,737,276,185,349,815,579,367,372,461,133,1023,13,721,109,381,332,757,455,727,373,359,491,110,271,247,286,199,465,309,327,819,195,213,773,503,423,127,135,270,407,265,503,487,30,756,319,341,879
197,461,973,897,394,317,821,4,198,323,653,869,387,28,91,117,77,285,30,268,26,91,653,514,306,261,771,205,69,221,69,119,960,322,49,381,441,261,66,453,193,3,271,124,14,221,333,550,898,322,27,284,834,835,2,767,542,477,261,11,69,794,11,387,382,2,605,387,451,3,282,453,2,93,37,507,267,354,282,206,397,114,474,69,452,282,507,572,123,67,3,962,598,66,795,237,453,389,66,582,322,126,61,5,205,125,387,779,67,5,5,799,461,61,477,29,90,193,962,125,898,460,114,510,797,10,69,69,3,910,386,317,3,891,950,258,963,33,453,965,451,309,105,270,93,77,29,962,451,478
977,723,135,855,523,471,855,203,603,791,163,712,65,539,589,849,1007,102,527,156,785,741,237,728,781,75,861,863,767,851,845,910,859,777,741,824,719,223,859,859,92,72,243,841,843,95,851,137,851,579,861,717,213,589,598,155,859,193,8,888,72,584,859,343,853,791,791,8,539,27,721,719,723,815,608,841,849,851,552,347,201,849,813,855,599,795,283,712,599,209,909,883,793,991,851,852,727,602,1,471,859,841,155,735,30,584,983,593,713,788,200,83,138,776,193,849,712,347,9,87,123,681,83,137,45,197,10,139,195,204,991,727,604,859,83,869,851,29,768,213,787,735,512,27,25,729,84,103,855,983
871,93,704,638,992,224,476,70,606,872,870,1000,219,858,1022,728,930,838,224,582,854,710,946,958,928,861,1016,90,254,926,1011,62,816,847,888,590,71,942,891,842,326,934,760,838,894,701,189,232,872,862,968,253,842,872,893,810,864,869,233,1023,1002,920,1021,188,114,186,101,856,968,122,864,867,570,813,106,1018,187,934,922,477,96,1022,872,216,186,872,922,998,835,88,232,878,1019,944,957,714,890,868,942,842,984,1018,605,1014,506,947,846,864,992,631,832,834,992,1016,860,968,959,1010,646,842,838,1006,254,240,885,891,922,733,869,227,743,792,888,1004,862,189,217,718,998,840,890,1018,718,88,1002,968,875,920,890,621
909,321,129,903,245,839,385,896,73,961,898,192,192,834,5,775,128,193,835,1009,861,887,145,147,783,151,175,803,327,772,193,1021,967,769,835,961,961,967,450,533,248,581,967,147,975,65,907,977,83,896,962,191,833,903,775,983,961,65,192,961,1,199,515,0,469,985,199,193,967,839,967,773,407,834,907,323,9,591,129,241,193,17,881,385,147,583,775,1010,967,967,981,1,151,960,776,391,455,978,529,81,477,961,385,178,1,961,135,775,65,481,899,983,77,475,1013,135,949,192,199,247,391,996,210,195,881,960,711,128,196,449,909,449,80,71,769,467,705,193,927,1009,401,833,911,991,519,327,961,192,961,243
326,170,334,329,250,846,15,321,333,65,383,327,889,73,641,640,336,330,323,395,266,71,212,877,21,134,129,77,854,335,78,327,383,371,454,64,256,323,8,66,80,322,326,847,78,493,331,167,330,342,606,487,738,137,72,393,198,336,118,458,105,66,124,74,326,77,73,590,141,833,77,641,378,65,883,898,393,115,938,85,1,321,336,321,66,64,322,124,385,394,320,82,266,399,130,99,10,646,327,462,853,521,834,457,211,682,322,10,318,321,270,70,215,65,94,838,134,833,361,342,326,75,262,225,265,137,134,833,334,329,339,889,214,250,584,971,518,361,626,321,400,335,77,125,832,69,845,134,333,342
880,822,86,17,78,599,118,711,278,264,760,526,647,758,567,198,591,246,758,55,331,311,142,840,180,199,882,711,22,279,513,758,48,822,854,516,328,742,827,688,721,310,337,1,711,128,726,206,121,591,468,662,711,693,710,785,534,817,465,794,598,535,85,759,311,128,855,48,263,196,48,130,80,880,713,229,752,310,6,304,553,566,22,848,599,153,311,209,463,89,715,54,356,265,310,598,846,752,710,849,84,737,533,312,718,17,688,130,847,279,65,310,992,151,304,838,55,183,60,199,81,857,712,837,928,862,171,21,716,54,856,854,304,762,855,780,784,266,310,489,304,149,54,886,663,709,695,311,241,663
341,400,493,482,483,348,795,1018,380,410,988,900,483,508,504,607,266,472,387,988,469,124,509,699,704,724,472,507,762,918,781,923,451,765,435,504,477,507,755,762,113,388,987,99,406,880,381,1021,499,340,162,907,507,666,365,420,1005,337,697,365,507,762,491,893,412,108,509,498,962,657,80,1019,652,669,501,507,1018,883,477,507,984,117,349,700,506,26,475,493,723,477,498,506,486,403,369,704,483,621,99,69,88,483,403,120,411,347,508,482,476,699,507,490,661,945,106,1010,748,277,987,362,100,499,381,628,348,664,507,640,451,475,915,363,77,365,984,890,699,667,477,496,661,920,388,445,125,509,108,667,476,349
756,1002,950,1014,690,453,1013,244,497,567,501,1010,610,612,822,40,498,245,1006,498,758,629,658,488,629,99,1013,994,626,628,949,613,1014,816,749,1012,437,614,758,629,501,758,485,1008,495,34,498,629,1008,626,628,1014,486,752,626,1011,500,626,499,352,1014,608,1013,457,753,1009,674,244,657,1008,630,1013,1013,1014,1014,498,981,501,1014,1006,1014,710,966,1013,1010,709,621,582,612,754,501,1002,55,106,758,17,1014,1013,1014,113,580,1014,820,501,498,758,502,752,1008,626,736,965,965,1014,212,258,869,626,950,966,276,613,616,242,664,1013,483,752,117,68,54,501,690,754,1008,1005,948,755,1011,502,1010,37,1013,652,1014,650,496,496,754,594
44,39,366,792,173,222,289,364,63,132,472,382,344,30,90,250,27,110,31,58,63,124,618,666,361,42,126,92,171,431,24,927,95,802,111,10,987,347,170,927,394,460,184,139,95,17,46,188,940,862,30,313,859,170,155,366,380,174,863,138,772,764,15,419,676,280,652,862,317,75,141,81,364,798,436,79,985,286,62,108,170,585,92,188,431,494,895,280,623,287,399,26,463,44,158,972,170,122,795,32,87,154,856,159,31,427,408,316,317,878,458,419,108,286,314,127,58,257,138,58,20,218,62,136,286,28,654,544,344,366,65,46,649,158,12,504,350,375,29,886,90,47,59,41,934,174,90,30,894,106
442,314,170,539,498,320,570,780,414,41,444,570,782,954,802,890,442,370,446,442,315,410,826,398,442,442,398,798,58,570,300,410,434,782,442,538,946,862,314,410,432,698,296,946,442,958,536,447,830,286,680,922,308,635,442,436,890,635,572,814,1018,575,251,571,414,384,770,318,282,434,574,432,414,402,442,830,538,858,926,442,922,702,270,118,808,878,530,414,379,506,506,890,830,638,402,507,442,536,300,420,910,378,953,314,940,282,434,304,442,46,952,364,485,702,40,404,986,1008,826,634,498,402,664,634,634,56,26,368,506,402,414,634,890,1018,431,890,402,314,318,794,420,698,824,570,506,570,409,830,830,409
243,73,709,460,577,872,488,612,594,198,806,845,705,552,836,988,552,838,776,904,905,584,680,200,417,930,852,708,711,805,330,776,73,604,596,975,760,777,556,761,717,709,876,200,264,812,264,870,736,392,968,517,968,708,966,700,846,709,742,295,457,526,606,853,844,839,842,264,712,870,838,740,649,604,552,490,834,809,708,201,971,859,204,577,713,871,599,72,378,809,549,836,851,88,713,897,973,604,735,442,853,934,997,953,297,193,333,742,683,808,73,712,836,717,685,196,928,861,1005,329,855,860,833,584,40,709,941,676,797,465,164,840,954,996,837,540,76,435,297,741,40,581,598,869,711,562,45,966,166,547
385,19,901,635,17,794,859,984,9,791,137,409,19,59,393,417,409,49,133,777,484,8,130,201,688,769,663,333,393,433,179,641,947,829,26,728,499,663,385,825,786,137,264,105,57,777,265,9,793,155,59,279,441,696,955,133,786,859,213,307,533,920,939,776,425,154,777,641,923,357,776,921,409,313,82,641,623,874,470,313,441,641,9,901,128,265,446,769,265,411,641,7,144,659,134,9,499,922,793,393,443,265,209,393,242,474,787,794,385,424,778,9,681,809,179,696,489,57,929,270,435,933,816,409,539,274,673,498,57,18,793,409,907,921,435,137,859,264,87,107,425,755,137,147,529,25,425,265,408,1
621,554,68,617,360,766,53,108,942,763,617,104,579,895,767,748,508,8,744,492,357,30,237,322,388,397,91,238,491,459,357,108,335,76,100,392,108,610,98,73,547,490,461,479,493,511,523,746,737,588,574,383,638,219,610,126,610,365,735,367,11,365,637,89,226,489,111,494,763,574,104,391,458,1003,365,202,621,298,621,779,971,719,111,493,859,557,67,589,847,717,147,237,617,347,83,158,109,141,574,489,483,365,291,239,362,393,749,334,254,357,616,479,609,252,205,460,367,493,194,630,379,115,575,527,545,428,617,170,494,427,495,421,748,621,73,167,361,719,366,682,748,493,30,511,731,115,749,101,141,301
506,1019,160,296,776,948,360,362,840,794,315,425,808,171,800,378,232,699,168,160,661,672,154,136,792,297,827,697,488,312,137,776,443,272,545,336,264,292,315,170,394,265,745,827,430,984,808,282,288,394,394,868,920,457,425,928,795,440,265,809,264,776,310,682,794,987,937,929,161,666,937,416,200,172,372,298,143,329,329,328,918,257,923,160,280,441,795,170,409,417,161,367,260,968,792,297,819,282,698,138,793,856,425,936,314,828,778,697,809,274,296,809,680,840,264,641,760,680,700,792,648,307,163,650,160,904,955,297,683,696,312,698,800,809,841,813,904,372,312,303,844,168,905,808,225,808,360,772,141,430
504,498,506,490,481,814,246,506,506,106,488,868,506,490,826,890,872,506,118,790,506,506,886,122,458,1010,574,878,698,378,890,176,126,122,638,506,870,58,448,454,954,54,862,502,826,890,490,438,890,122,638,74,123,442,122,442,122,510,1010,98,246,878,19,26,630,458,458,510,314,498,388,818,502,58,502,126,882,557,872,890,506,506,510,40,891,506,506,510,106,378,106,510,502,424,506,106,502,874,74,886,506,122,894,842,506,392,122,122,242,414,410,106,42,826,895,442,510,492,494,122,122,570,1018,298,78,890,510,954,378,106,118,438,890,890,458,123,470,446,414,490,122,494,488,458,466,510,114,506,106,890
89,15,108,268,985,489,969,492,25,504,1006,361,269,353,289,105,107,489,649,357,333,415,751,1005,217,652,109,651,922,396,46,748,360,745,745,793,635,283,494,126,27,681,761,921,41,393,359,661,105,108,9,611,9,357,681,265,537,361,360,27,749,281,645,360,348,654,920,425,365,237,300,321,363,809,25,665,397,671,392,524,281,673,30,363,652,8,363,329,543,637,109,397,393,637,133,669,921,359,729,745,105,745,136,1005,123,505,257,675,745,24,89,573,25,393,428,361,105,301,524,730,984,364,617,749,766,649,345,511,109,921,303,667,9,329,367,59,1001,716,265,681,833,685,699,107,393,361,717,937,25,1003
632,390,501,253,653,828,831,893,196,952,413,4,243,389,145,255,869,876,132,797,460,113,783,163,865,755,461,502,717,127,647,890,847,439,240,859,897,865,861,884,156,796,807,704,204,637,228,636,798,197,717,781,131,253,836,419,893,229,500,493,134,209,757,769,253,892,893,185,887,823,961,141,175,141,225,177,837,61,236,275,109,237,764,876,887,205,877,229,125,444,895,663,713,163,77,705,509,775,213,245,621,757,142,1012,140,780,893,757,888,814,774,885,879,637,252,893,199,31,391,197,993,646,885,225,140,389,780,389,764,781,389,249,893,594,508,33,1021,237,893,879,793,895,895,396,205,892,205,109,509,823
271,111,829,527,829,575,637,701,237,952,893,815,765,269,255,959,703,1007,61,943,263,253,15,831,669,893,821,753,545,35,701,623,317,703,295,525,303,445,421,877,765,783,943,957,703,125,447,991,989,895,829,221,781,663,909,943,829,957,573,15,753,207,943,701,63,1021,687,957,943,333,909,847,957,829,815,959,573,689,957,862,435,47,719,559,189,559,47,572,935,317,815,829,35,703,1018,125,45,519,701,781,893,679,943,687,419,895,221,559,831,381,957,687,940,447,393,943,829,957,700,703,397,1020,431,255,621,551,319,701,525,815,782,701,757,957,107,319,815,125,687,317,445,783,815,701,319,271,767,181,935,781
193,257,180,260,716,257,158,335,959,597,689,183,566,557,948,964,332,471,909,181,700,468,310,308,716,215,565,145,309,916,344,519,966,668,52,308,309,919,23,580,308,372,276,260,338,936,226,734,208,260,311,62,901,471,615,149,722,728,897,513,695,659,990,260,258,372,941,311,932,316,677,528,933,621,966,572,262,648,54,914,967,724,1004,344,316,580,949,315,324,661,54,414,276,465,564,535,279,321,260,300,321,320,340,286,901,292,288,957,320,949,676,566,276,320,286,277,540,598,900,310,696,564,190,991,310,544,727,595,950,320,600,727,325,916,699,292,316,309,30,308,275,580,700,599,984,318,897,703,787,351
426,202,386,441,298,458,196,420,480,497,456,264,489,77,363,419,460,480,64,384,320,218,462,441,424,509,482,506,176,503,186,683,424,425,198,458,353,482,313,475,506,223,128,232,447,488,478,124,417,489,1007,494,417,1,480,169,427,428,483,128,10,296,100,0,424,428,489,419,8,10,10,428,952,480,38,482,162,446,318,448,234,489,170,429,490,442,482,418,508,425,426,440,172,488,480,329,102,228,300,314,481,442,424,492,238,444,238,106,312,414,482,425,427,30,78,322,456,56,107,226,442,11,426,430,462,225,73,113,192,314,461,137,492,426,456,28,69,429,462,408,510,475,460,426,410,171,44,430,442,490
981,936,952,900,732,544,933,620,676,997,976,743,867,188,685,612,849,676,596,548,997,548,692,684,996,743,100,704,704,696,228,172,676,700,914,832,948,612,309,516,907,181,576,38,1012,703,577,932,701,548,700,932,672,935,748,612,640,180,812,983,164,737,684,229,828,837,608,677,537,724,613,956,1008,167,677,958,937,700,956,701,884,805,942,856,857,680,676,726,612,889,720,161,188,56,720,628,568,713,960,817,100,740,516,676,980,982,188,580,956,580,664,892,792,684,580,843,614,828,932,956,960,629,603,740,538,376,548,836,680,868,684,551,100,164,68,676,676,949,561,548,169,808,928,108,609,573,869,582,568,472
244,210,37,194,341,225,646,196,327,107,116,941,16,866,293,39,169,235,57,303,21,54,192,276,33,148,37,398,163,933,116,177,313,245,173,870,130,148,81,528,194,65,112,128,328,48,263,36,705,116,370,55,259,244,599,86,135,276,305,473,198,90,44,302,114,116,325,202,169,880,469,36,69,109,16,336,469,357,116,398,321,232,188,260,338,195,171,197,37,208,77,229,75,65,565,133,132,98,493,271,52,101,228,432,13,169,993,80,197,194,247,37,869,804,397,224,65,756,240,192,45,109,42,166,245,466,342,151,697,230,140,481,194,364,486,101,237,45,227,82,214,56,173,308,290,325,60,101,810,202
741,644,268,628,405,303,826,86,900,794,588,854,524,885,468,809,334,462,772,484,524,718,526,657,620,286,1006,660,526,914,904,748,605,748,630,151,621,564,772,781,797,796,717,784,789,276,1004,1006,773,642,1004,405,741,868,1007,332,804,956,796,52,812,596,908,726,1012,460,849,657,533,230,829,636,532,918,334,844,405,791,720,518,815,524,270,566,280,782,917,724,781,277,964,788,796,657,521,942,927,904,908,726,284,917,1006,529,364,598,781,513,140,55,905,566,276,885,620,388,550,918,628,894,783,532,493,732,844,852,584,766,534,894,812,606,878,860,342,886,732,260,706,448,742,877,524,336,629,270,796,1022,974,38
177,309,496,249,273,291,192,209,191,320,768,65,216,771,505,170,289,187,321,203,165,699,48,193,83,300,308,576,293,32,827,0,195,305,459,289,721,208,321,345,673,2,929,225,49,487,321,11,208,289,209,408,289,160,776,323,465,305,833,813,293,219,164,336,291,193,209,293,209,245,884,318,75,227,56,289,304,832,3,288,171,992,464,857,167,229,289,185,71,1009,305,801,32,39,35,392,33,209,203,289,593,705,3,291,231,291,373,153,265,347,65,577,65,503,24,713,203,449,801,392,289,673,808,193,740,313,292,288,312,323,304,357,683,183,807,193,169,209,209,555,473,720,817,195,945,192,247,277,505,273
127,902,623,350,389,710,25,167,446,927,910,846,111,165,629,126,382,472,184,1021,957,853,479,781,574,925,1020,506,485,476,493,333,639,413,407,61,41,5,509,709,551,1005,958,573,876,516,837,31,989,927,445,998,365,965,917,573,637,861,471,486,351,1023,205,974,861,125,493,6,932,437,350,861,124,94,605,77,589,29,223,63,413,974,1021,349,837,963,833,1022,405,506,1021,589,789,822,398,349,55,460,461,478,989,861,988,62,895,695,925,77,462,493,125,478,483,29,311,133,546,83,742,517,1022,605,517,47,1005,974,1021,894,998,606,965,7,453,510,350,127,602,71,1005,477,996,806,806,847,510,493,791,383,614,925
994,996,645,868,419,759,705,516,604,931,864,867,552,68,641,274,547,769,999,799,622,263,36,263,739,699,965,17,903,159,909,967,731,132,850,129,837,781,755,892,1011,999,1009,423,373,803,845,753,358,739,772,772,772,545,967,772,867,790,167,996,773,832,839,900,1003,132,995,797,967,807,312,993,258,425,827,390,908,837,669,261,263,737,7,673,801,759,481,555,287,616,739,796,796,35,871,807,16,690,775,773,887,871,791,599,736,868,996,771,71,259,775,987,772,643,775,647,815,265,275,575,999,519,998,755,807,715,775,227,868,313,871,736,257,653,740,4,579,800,773,927,4,263,203,836,931,803,899,867,263,508
392,464,476,1010,312,343,953,492,350,410,137,465,912,408,184,872,498,1016,1009,466,244,184,472,136,456,759,376,496,106,496,408,345,465,1018,392,600,410,88,1009,496,104,504,976,371,489,504,401,912,1019,369,147,56,440,371,465,9,1018,440,1009,393,464,81,888,969,458,402,816,108,9,176,160,340,129,72,408,501,368,472,944,976,857,490,137,472,457,104,458,957,313,448,232,498,905,456,488,368,504,570,204,210,118,120,297,458,458,124,499,149,393,344,672,432,457,370,426,408,936,360,474,48,57,988,240,490,986,497,474,376,788,248,106,144,394,200,496,1016,121,106,496,496,474,337,489,240,888,792,504,472,496,506
530,543,672,914,738,608,930,514,40,768,658,616,69,648,898,624,34,156,530,676,529,547,136,26,460,82,857,806,73,528,764,992,64,816,802,538,536,579,554,522,124,653,153,796,724,538,512,1011,696,636,1010,154,520,146,747,855,551,846,522,714,535,723,882,802,774,16,641,794,650,642,992,530,770,804,1010,802,776,938,784,592,536,800,664,690,794,34,48,4,666,42,694,153,522,536,858,573,682,574,768,666,650,540,566,554,604,431,1008,608,642,568,356,1010,898,546,535,772,642,841,514,539,658,778,786,538,928,854,784,610,978,534,528,512,34,679,34,896,600,787,890,528,512,546,1002,672,549,841,530,933,696,130
177,508,180,468,169,241,89,242,705,81,193,576,209,284,473,978,704,193,208,209,181,217,671,309,125,689,193,185,501,337,183,176,752,929,752,245,689,145,498,845,208,208,945,720,161,49,181,821,595,152,304,211,279,833,240,177,721,245,195,153,160,317,244,409,276,1001,505,303,465,209,308,192,445,80,213,181,209,211,433,217,244,221,729,211,211,176,20,237,157,291,209,1009,221,177,179,291,496,25,208,209,241,217,293,193,219,192,217,171,293,308,475,17,208,304,240,665,305,181,437,353,216,247,765,211,825,1001,689,136,241,179,160,576,281,208,177,921,305,58,198,181,179,201,217,249,305,348,247,337,500,220
438,570,871,79,76,934,551,783,464,8,393,423,805,962,550,769,600,207,605,942,972,76,556,396,12,932,17,585,947,945,977,15,99,1013,579,15,677,976,409,417,732,420,997,851,776,445,182,406,985,65,588,549,128,484,484,19,264,72,108,1004,558,140,992,923,435,539,49,551,932,43,625,462,985,481,112,810,721,87,1011,384,778,403,167,969,398,984,908,934,536,963,420,817,1004,425,423,609,775,456,487,76,797,92,502,997,587,419,876,38,1016,477,925,780,804,33,791,741,268,448,307,805,420,356,740,787,813,465,475,119,484,173,501,37,976,823,268,915,557,411,460,772,204,51,919,78,782,1002,832,985,37,997
271,390,722,347,251,218,960,804,730,360,347,539,759,255,667,652,838,658,219,379,723,1019,255,198,563,283,38,859,859,831,571,902,231,799,327,787,291,330,307,806,283,1018,251,816,195,265,374,199,851,358,351,743,795,119,652,284,723,240,379,795,292,59,539,536,347,703,731,30,9,283,265,272,1020,807,62,339,374,708,144,435,31,764,802,863,705,379,243,378,666,863,191,566,922,62,736,841,199,571,774,27,178,890,839,859,98,374,379,827,683,396,519,347,312,4,68,719,59,935,859,379,841,383,1018,294,216,524,795,772,763,743,320,932,859,839,187,211,768,747,396,294,26,27,848,863,310,900,242,403,1014,339
246,560,878,934,430,144,526,49,525,564,330,906,111,526,550,204,122,494,133,904,558,110,97,520,892,76,567,566,120,550,562,74,558,770,550,76,486,485,898,934,66,869,459,74,375,451,524,655,599,225,876,558,941,243,531,893,39,902,949,685,934,973,565,540,458,533,231,231,906,593,625,100,239,934,310,910,557,100,910,126,949,392,935,270,946,870,494,538,791,518,943,230,502,206,786,333,52,522,564,107,551,566,550,567,926,545,543,14,838,494,74,551,557,466,390,567,66,951,986,934,238,1013,558,870,910,118,873,935,952,113,39,89,422,72,559,435,622,906,654,462,547,906,92,107,819,450,918,499,250,564
692,244,717,237,457,828,565,907,703,116,457,573,537,486,541,461,889,729,193,713,549,485,221,757,575,293,951,568,789,537,346,100,82,294,66,537,701,70,571,485,948,253,529,397,919,500,34,122,769,507,281,809,73,473,537,549,698,537,701,537,481,54,701,125,569,828,129,473,484,508,741,829,678,695,125,453,756,537,805,366,57,531,509,525,564,537,701,508,213,377,373,729,906,225,649,381,557,917,228,465,667,385,773,323,450,517,357,793,549,823,81,69,572,641,485,372,815,472,265,934,701,537,998,921,233,741,93,702,470,773,509,87,920,508,693,409,317,53,505,549,729,757,509,228,956,537,485,203,225,473
52,609,19,626,286,983,36,929,998,1003,1009,625,34,32,11,980,299,909,9,739,404,610,35,47,754,33,582,35,991,263,398,148,1010,52,983,40,22,174,34,1002,230,991,626,975,43,763,724,479,46,529,992,790,758,971,459,906,562,18,997,784,16,412,457,790,42,34,434,583,136,32,1011,992,232,1010,491,759,714,18,422,995,619,407,27,434,939,644,608,22,32,41,47,398,968,1008,340,795,747,626,426,42,482,144,21,48,916,34,1012,459,619,201,937,360,48,791,6,711,364,43,130,7,416,233,32,9,40,310,50,176,279,1001,980,470,882,583,968,905,296,170,822,562,370,310,458,23,207,966,18,995,899,450
409,778,398,842,642,75,610,418,998,777,409,701,309,949,473,677,89,503,443,61,933,601,26,439,8,384,155,910,409,596,603,631,966,388,489,578,925,408,29,26,638,987,637,586,446,81,625,38,577,90,314,4,401,437,601,729,373,637,437,393,9,950,921,949,326,422,633,345,607,637,423,1,459,1019,448,904,389,629,447,39,409,640,970,638,985,729,646,601,968,857,61,72,630,585,410,822,431,968,577,625,501,386,693,549,415,63,615,409,491,21,430,853,623,602,409,409,630,750,386,473,962,637,445,638,806,605,600,74,630,392,797,405,649,421,867,409,714,410,91,345,590,729,25,411,119,409,600,444,623,615
964,683,287,440,576,599,591,727,183,407,31,711,284,443,55,847,61,243,530,75,589,971,407,439,443,242,1003,435,287,319,439,22,599,55,55,695,82,399,567,443,604,631,563,971,278,719,719,759,439,223,415,95,335,432,406,31,278,627,436,404,655,599,627,207,87,439,415,571,543,991,51,383,604,975,447,1023,407,415,195,611,79,543,975,16,322,31,983,585,732,27,43,1019,31,966,307,523,1003,607,536,427,1019,415,335,479,415,436,855,619,1023,854,488,525,747,909,136,627,587,543,92,447,1009,311,399,690,39,436,385,982,638,408,119,238,107,619,983,599,267,15,91,587,435,287,207,604,59,727,983,511,855,880
634,143,803,161,189,674,839,496,696,621,259,699,760,801,193,1018,805,104,97,77,685,777,701,190,626,141,13,440,507,635,1018,816,1021,737,263,498,505,152,293,845,701,607,609,889,434,892,979,982,345,315,845,497,188,691,133,806,122,114,143,527,837,136,172,146,185,172,288,271,781,248,730,99,177,776,836,505,19,182,205,709,179,133,248,263,728,241,141,259,497,261,217,822,178,852,825,632,283,419,179,279,691,581,152,270,207,98,291,710,199,517,890,202,301,893,541,197,120,808,495,633,328,866,973,143,377,1019,773,965,754,1011,705,883,604,120,351,626,277,104,773,619,833,250,289,163,583,626,843,698,486,561
600,563,272,468,421,593,411,968,727,740,1003,792,544,168,985,296,14,887,316,404,308,395,619,308,20,916,883,784,315,560,404,315,752,117,263,471,816,1003,724,1003,731,445,84,121,372,872,468,1020,343,51,491,746,23,1019,406,299,1017,596,309,610,599,420,610,63,987,304,308,1014,811,942,260,732,624,547,2,708,744,740,50,251,374,636,20,272,23,150,725,441,176,623,40,752,35,996,24,171,413,404,994,539,1011,939,24,709,288,22,155,752,268,126,753,984,212,22,420,724,619,952,1017,622,985,308,439,307,564,437,1015,563,531,982,710,244,811,284,43,1000,759,468,304,360,1003,420,736,133,60,732,190,424,714,623
312,126,920,640,906,638,648,126,638,668,138,617,563,559,250,617,250,264,760,14,752,606,506,52,681,586,126,132,121,34,558,623,502,264,34,24,305,152,282,604,540,649,507,651,760,613,366,30,669,558,254,632,624,706,604,267,539,410,122,153,662,154,126,693,117,720,154,509,566,766,742,622,767,410,24,24,606,250,633,456,513,266,656,12,664,10,22,629,120,416,136,115,487,619,472,656,104,662,737,764,639,297,31,750,649,539,39,78,362,160,912,138,537,152,552,536,633,34,640,658,630,663,670,762,10,393,608,416,24,8,626,694,656,538,674,750,714,952,639,422,752,664,710,624,142,926,622,689,159,236
779,666,933,464,285,994,402,993,373,410,499,1013,153,277,869,1003,541,994,409,995,651,454,477,871,410,922,947,379,656,498,1013,405,448,484,256,221,400,651,501,508,403,277,252,391,472,485,747,493,931,404,400,659,501,411,357,277,637,497,909,485,401,1013,744,661,1003,994,399,1003,483,483,687,739,402,747,408,497,836,482,277,466,994,939,402,497,389,401,413,1005,239,289,992,642,800,979,40,499,763,401,403,901,405,669,909,347,291,501,611,386,509,509,389,404,499,410,997,995,403,509,400,744,491,684,360,501,659,277,994,768,901,498,496,721,408,789,429,493,405,509,941,409,469,992,431,747,432,661,413,635,409,386
559,61,299,13,747,347,35,514,47,47,602,39,591,719,10,271,581,621,47,49,555,64,39,74,47,709,828,61,295,573,170,559,463,543,43,79,772,602,11,39,562,559,706,91,66,83,35,575,623,520,555,616,557,554,676,693,877,618,554,552,285,34,549,602,559,31,7,42,581,586,49,549,217,607,47,631,10,303,749,27,218,578,749,842,526,77,26,583,42,122,579,35,605,549,751,607,603,591,719,270,605,605,626,603,559,303,42,47,554,579,582,42,207,21,47,607,581,268,77,541,581,427,45,47,303,90,560,581,297,42,175,602,879,271,524,601,11,45,79,37,303,591,283,301,235,69,13,587,5,261
1023,729,425,950,429,58,603,601,474,975,943,942,298,954,868,586,729,191,639,603,681,687,878,991,46,684,735,430,603,682,243,426,735,45,639,957,926,543,730,735,685,543,814,730,555,671,735,235,970,991,924,830,299,974,942,684,607,702,559,69,936,604,684,218,715,173,573,607,573,828,974,927,863,963,165,333,605,134,927,591,861,732,391,30,733,733,844,991,831,604,541,606,644,299,943,814,303,328,530,671,941,922,171,159,927,636,857,412,1022,858,429,765,837,571,815,140,682,556,588,862,734,602,172,735,600,431,957,811,47,937,494,559,985,717,940,428,605,428,990,959,786,860,405,349,837,685,847,717,850,601
616,782,270,910,121,378,808,974,783,366,782,254,360,126,222,40,153,94,366,382,108,846,780,14,555,822,88,590,109,782,14,266,398,616,334,878,366,286,344,878,874,30,522,14,782,441,840,779,270,366,46,902,782,398,310,431,777,42,564,622,286,4,126,878,588,523,880,200,350,126,451,78,270,366,30,284,334,782,622,110,326,780,70,846,8,573,270,888,276,82,70,76,126,875,598,126,378,382,360,776,958,126,955,784,398,874,110,382,822,270,105,328,125,910,622,110,268,14,494,127,132,286,328,123,264,13,15,382,282,868,776,379,94,126,821,776,376,376,382,776,350,92,126,328,782,334,270,782,124,270
193,238,179,727,103,115,171,77,227,70,883,231,694,174,1022,781,253,237,126,180,900,1003,423,106,247,246,177,109,645,391,193,208,231,198,224,647,49,546,151,135,518,206,691,651,139,175,135,789,982,158,742,579,706,167,163,236,887,717,903,135,135,163,102,135,224,691,71,223,225,738,225,662,231,239,241,591,891,187,254,117,755,247,247,237,109,1015,195,229,719,387,241,241,1,515,174,451,199,131,190,231,644,497,943,492,146,246,695,567,3,646,77,276,647,235,183,175,101,74,705,155,247,225,231,187,135,946,515,215,235,141,247,606,722,171,557,237,197,443,618,243,199,644,187,205,245,245,224,908,688,629
380,252,349,233,41,155,157,111,686,174,121,237,14,748,266,157,747,161,859,917,862,27,109,26,621,157,539,253,193,764,383,44,249,620,27,251,233,886,105,925,147,889,489,45,491,268,633,66,153,253,153,124,28,356,209,876,1004,188,428,233,2,770,315,109,157,197,636,253,156,710,156,28,25,125,879,156,233,396,233,175,21,140,791,949,252,124,783,111,620,156,508,141,173,157,173,620,636,425,797,529,234,154,30,106,617,155,125,123,45,39,105,28,365,109,508,244,156,410,29,156,172,761,249,28,255,892,173,156,444,27,620,126,556,157,1017,251,26,30,233,238,1003,380,381,44,876,28,229,394,251,155
512,488,712,253,115,664,763,8,623,237,135,645,789,541,75,111,248,157,105,538,746,120,13,112,514,233,88,156,739,588,757,512,541,512,632,527,517,120,600,141,512,584,237,205,125,648,736,616,717,124,247,0,16,617,531,78,280,362,669,523,522,653,231,232,792,518,652,141,105,773,109,224,586,645,533,93,752,520,560,664,649,645,256,179,240,885,493,567,242,77,520,541,527,755,664,640,205,482,118,744,248,514,525,111,565,616,653,696,448,99,140,378,762,493,520,648,618,345,381,141,512,380,781,285,505,370,520,5,21,354,757,745,37,117,241,736,253,677,255,522,12,572,504,245,524,8,542,120,521,127
592,296,757,926,752,560,678,644,561,713,552,512,676,528,8,296,540,34,710,721,584,624,666,581,688,565,784,658,168,448,160,134,280,624,726,640,73,408,386,256,758,752,148,900,940,761,528,29,726,581,968,360,704,0,216,626,598,25,696,16,752,692,625,705,560,41,528,132,136,248,12,961,811,758,304,553,695,760,80,528,261,809,582,214,10,22,688,710,539,401,798,2,312,712,70,720,784,708,766,930,760,1016,108,737,560,418,584,584,250,684,704,726,139,735,753,757,697,536,96,1014,280,384,264,32,960,644,640,756,240,949,41,512,664,719,726,754,16,721,632,752,144,576,536,760,4,486,174,560,21,293
896,130,246,112,510,906,374,390,610,610,8,1000,413,499,361,498,138,260,130,836,318,16,130,368,282,388,158,386,256,842,726,120,1012,102,47,226,774,5,262,388,116,944,389,353,1010,496,488,808,496,902,400,264,488,152,102,100,951,776,328,378,111,256,995,804,527,896,394,136,227,790,360,774,380,371,896,105,366,903,496,132,506,357,316,899,610,770,466,358,624,778,254,624,126,256,503,370,882,258,204,64,1008,406,1020,378,362,944,255,122,626,814,120,408,114,866,362,815,870,135,412,488,272,370,783,102,326,396,256,950,230,628,370,82,810,138,166,106,908,906,367,384,808,911,24,775,222,274,868,898,328,439
990,1015,990,495,768,109,478,964,990,282,510,487,926,998,966,474,491,450,280,374,466,1014,422,478,478,841,768,422,336,498,768,966,582,600,399,478,475,344,398,442,281,338,452,886,474,918,474,358,335,282,264,576,423,482,742,458,454,338,775,490,88,486,999,493,770,1006,422,504,78,454,334,350,454,965,986,454,270,984,394,456,863,451,263,350,938,479,488,511,1022,984,774,449,974,894,841,478,418,468,455,976,455,553,390,334,860,798,480,494,454,474,798,168,770,470,775,502,923,855,322,986,730,346,966,496,362,966,420,263,424,990,1018,490,462,982,344,462,474,333,322,962,451,351,481,415,975,478,488,985,502,982
757,117,165,757,924,720,269,562,804,16,540,553,533,520,536,545,165,517,672,33,660,6,937,216,57,677,789,553,234,520,5,517,625,200,533,9,682,726,529,151,21,536,789,13,520,808,153,13,4,525,949,21,693,916,777,778,233,29,205,665,521,709,909,150,533,533,982,21,209,25,549,525,664,212,569,724,681,21,25,9,645,780,536,88,678,249,21,20,230,533,533,5,773,932,977,552,709,661,68,473,728,212,901,41,809,57,213,132,677,537,213,521,230,624,272,701,212,21,913,550,726,794,724,204,537,977,180,984,15,661,420,534,8,277,25,980,212,520,520,697,21,473,145,788,408,521,713,820,777,792
444,157,30,253,494,494,401,433,189,781,463,446,61,414,446,350,701,301,957,190,893,110,365,381,414,334,898,334,364,409,969,381,369,445,285,141,254,423,495,270,973,393,430,845,924,65,460,446,449,313,114,585,846,374,456,328,691,283,380,190,429,348,445,173,177,335,333,285,509,462,354,383,753,612,381,446,396,17,1020,364,370,446,447,391,47,476,460,350,445,653,495,354,946,445,319,398,365,460,394,1007,332,383,365,286,590,333,334,93,389,287,332,500,814,31,921,573,92,370,909,405,303,388,119,328,418,984,274,382,205,143,597,206,370,573,447,332,382,414,383,509,322,457,18,1021,913,302,391,335,367,332
604,85,78,428,600,297,861,873,342,92,936,880,150,106,649,878,651,616,348,264,110,124,617,840,844,494,874,649,586,424,88,813,715,399,8,950,104,572,152,72,879,734,344,425,508,648,862,304,936,878,840,730,77,586,77,872,589,553,102,765,686,273,873,342,90,176,578,600,383,874,217,79,936,584,600,811,856,622,840,593,307,75,635,120,623,90,341,393,176,598,424,74,889,168,126,173,938,621,134,925,596,712,844,241,684,94,253,430,108,681,872,108,602,617,585,877,639,177,681,632,926,100,212,587,328,232,719,927,749,856,691,669,936,875,663,875,360,72,105,809,985,589,368,218,638,345,90,623,590,882
1008,823,577,897,569,789,337,817,449,534,797,111,855,529,183,849,769,429,804,135,1013,821,540,936,773,213,945,769,950,527,788,881,61,569,849,806,911,956,817,9,684,557,881,532,640,565,903,77,788,689,514,811,562,724,815,585,1021,695,567,911,871,917,919,528,81,505,777,257,53,913,602,299,521,693,82,557,927,577,865,234,629,773,257,845,520,775,570,86,513,598,934,85,276,692,517,849,950,591,840,945,836,839,533,605,535,310,806,694,805,954,559,513,1013,751,305,561,545,950,112,84,439,925,541,279,524,519,807,854,641,703,65,29,519,769,727,245,951,801,829,853,277,567,880,945,777,905,917,945,801,954
582,515,71,159,263,5,57,117,297,563,821,373,1023,835,165,769,309,371,887,367,777,805,514,773,303,309,567,375,191,809,501,865,949,579,550,5,55,581,67,579,439,775,695,115,133,473,67,775,787,883,317,827,311,11,255,519,509,51,903,375,161,305,537,389,769,813,437,363,501,627,647,121,261,181,62,517,645,629,821,523,735,821,693,259,513,287,375,249,379,489,861,313,5,359,373,309,124,325,143,885,675,553,567,573,893,183,177,950,839,437,117,491,57,883,317,373,117,117,381,825,643,131,83,59,311,299,901,323,517,191,887,885,5,773,1021,5,295,264,321,563,373,262,819,839,259,433,823,903,783,315
97,353,97,600,571,512,121,259,250,602,0,5,724,440,185,225,280,39,687,423,409,29,106,80,454,529,375,321,110,405,279,379,153,821,52,387,520,260,337,401,33,595,17,119,337,47,4,825,463,65,24,160,61,884,343,945,928,410,113,129,378,849,421,769,576,369,945,440,437,121,161,442,477,429,402,105,850,91,442,85,564,164,111,337,190,570,361,58,97,297,602,369,441,417,290,446,353,38,848,343,169,368,793,921,259,152,781,810,34,693,597,420,853,521,954,145,1,611,314,258,791,832,86,122,53,259,175,241,23,358,81,421,437,82,608,313,470,336,57,123,852,256,346,1,121,263,431,294,633,345
317,65,765,0,573,240,109,33,715,35,700,746,820,317,361,907,36,96,672,284,831,428,33,201,592,85,170,460,197,941,541,597,16,348,928,133,636,4,710,33,404,812,768,559,569,369,916,117,275,12,57,529,925,63,781,92,81,534,573,977,497,464,769,0,45,860,631,96,1020,241,28,315,17,267,512,69,660,571,513,512,672,692,753,417,636,773,208,124,116,224,512,861,564,41,288,720,286,49,372,60,92,240,1,91,444,523,243,61,172,51,49,173,196,480,621,348,533,607,564,256,164,675,524,512,96,49,701,44,956,944,0,553,744,544,569,569,909,48,624,22,192,213,557,532,611,560,388,813,818,512
199,273,93,129,275,353,489,53,132,21,355,833,963,794,389,999,468,857,360,531,155,849,468,219,218,787,192,347,735,861,43,344,731,337,467,528,361,419,417,349,608,899,5,568,407,281,257,227,147,484,145,321,208,345,411,423,473,99,723,238,146,789,429,109,411,257,441,279,17,217,999,857,147,793,337,851,359,297,21,518,865,147,903,731,223,528,705,29,145,657,485,303,349,89,467,348,344,217,353,661,223,849,103,348,331,601,132,152,389,40,787,875,275,157,19,935,608,549,953,339,644,89,129,464,477,329,337,345,103,921,102,465,889,403,145,283,705,100,485,279,483,480,423,862,295,361,403,277,407,857
12,84,41,223,94,111,158,47,168,157,606,604,82,30,44,17,34,365,62,38,255,82,126,261,542,175,429,34,81,158,175,16,31,30,29,111,159,46,99,45,173,46,541,412,101,28,236,109,540,150,194,254,84,28,98,74,557,596,158,607,156,159,162,109,190,46,69,45,84,174,225,47,30,108,303,97,29,158,30,108,98,156,31,207,28,13,205,154,30,29,6,63,152,38,29,163,41,87,31,413,6,25,172,30,98,95,145,302,103,96,45,173,246,151,101,202,93,606,124,32,637,31,51,88,45,29,103,121,18,87,153,174,84,24,144,33,960,200,192,3,30,46,78,174,94,16,45,30,44,173
380,295,764,338,356,1008,242,1021,1023,248,369,1002,29,874,1008,370,301,234,756,367,1023,197,242,254,1021,544,756,372,266,376,251,1008,348,293,996,195,980,277,748,356,274,108,754,629,380,892,880,234,1022,584,240,999,871,118,710,362,758,992,114,702,218,233,245,731,348,755,372,224,383,916,81,781,249,381,106,722,978,198,405,532,1023,360,362,368,981,333,60,762,744,981,317,976,634,484,1014,788,253,380,981,928,253,370,1020,224,240,1021,817,380,1021,966,958,1020,763,960,365,367,365,894,239,202,981,358,312,458,83,106,236,364,242,56,205,19,633,326,718,383,352,58,255,365,357,904,250,92,408,997,864,341,362,114
690,261,260,212,780,404,723,189,978,805,341,21,279,268,52,152,782,141,888,277,692,572,37,880,884,357,613,805,305,298,298,988,469,524,180,755,200,1020,308,753,874,557,329,630,36,532,317,636,274,272,181,610,268,140,308,785,713,189,578,556,284,380,694,956,516,375,325,265,276,317,148,500,556,424,302,788,872,556,693,12,828,357,804,308,217,681,564,1012,700,468,180,532,917,300,518,268,220,9,245,843,788,308,460,792,852,572,20,148,660,295,838,468,280,296,525,532,308,177,820,596,809,174,136,341,33,145,276,276,524,843,557,716,317,343,396,788,289,444,788,466,274,572,276,566,757,662,293,568,852,596
462,466,470,370,671,222,254,511,490,311,971,923,974,219,911,294,270,120,132,108,127,335,214,207,330,382,1006,994,155,351,503,463,286,923,145,10,678,219,786,1006,206,281,243,221,239,979,238,331,431,142,370,987,295,190,119,95,151,38,241,47,74,167,223,99,339,219,618,274,330,290,82,1006,667,123,458,339,352,1018,107,44,350,350,919,243,383,399,142,142,233,14,353,273,275,247,33,495,334,95,1022,935,551,934,1002,354,995,22,167,23,4,242,10,46,166,662,714,114,224,351,248,250,99,138,275,184,116,67,143,927,919,147,950,222,761,166,31,969,255,82,167,407,211,291,430,338,339,159,223,263,671,426
872,233,852,873,154,103,857,231,378,867,152,494,119,848,867,238,744,424,750,798,645,209,892,192,718,491,746,841,1023,847,864,638,227,224,760,232,239,879,800,108,854,805,880,879,239,879,746,30,233,250,489,632,239,215,738,886,727,240,352,354,235,888,488,265,922,671,889,237,751,96,109,872,448,110,490,848,846,872,894,870,246,138,778,329,749,226,863,886,895,587,865,839,233,0,237,853,352,749,859,847,29,233,104,213,492,792,286,857,886,760,360,872,724,1003,872,53,105,855,495,886,711,888,870,638,894,232,871,247,783,750,856,990,238,890,244,824,806,841,878,871,200,664,757,232,440,989,911,11,226,747
548,588,246,555,310,747,758,205,630,127,394,502,354,243,563,247,67,1005,588,591,892,330,599,780,325,709,589,693,552,822,342,374,362,638,524,219,758,529,723,523,179,214,563,324,243,863,716,534,248,895,375,351,563,295,1015,169,474,435,267,346,140,374,836,307,612,855,313,263,726,683,878,311,870,310,373,274,306,3,292,715,379,462,258,619,217,1018,495,375,375,139,435,340,260,844,53,454,75,220,651,822,587,564,588,390,238,819,324,598,368,857,894,580,693,567,594,602,747,339,311,588,716,342,523,735,267,363,759,716,483,307,351,238,334,416,217,854,424,310,650,266,206,726,772,982,371,283,730,406,908,580
667,669,205,905,348,579,717,153,663,257,665,217,35,973,107,473,437,153,221,835,321,717,684,129,205,364,731,867,1020,356,324,371,681,193,861,540,333,203,485,257,353,155,157,217,680,329,333,451,117,993,613,841,733,331,429,85,665,849,393,332,229,609,1023,718,217,13,221,841,345,323,835,329,465,736,509,153,285,589,348,990,512,221,229,720,999,513,603,93,131,265,657,877,335,649,405,453,683,475,587,275,641,612,585,857,707,733,837,409,289,85,331,293,581,833,27,141,896,709,841,356,89,257,769,81,365,225,348,85,333,602,781,197,977,257,771,269,545,877,184,707,96,222,347,219,729,905,677,779,37,369
718,522,944,726,686,438,838,902,763,702,447,696,710,151,446,867,193,704,736,359,439,678,305,6,246,666,582,346,585,152,706,854,672,150,674,456,971,708,146,497,902,588,264,294,864,727,279,339,718,487,174,382,934,742,375,912,855,815,662,790,742,996,766,170,410,256,503,854,318,307,640,275,515,823,422,730,312,750,657,136,720,684,905,334,192,298,927,318,282,662,340,279,470,278,710,464,279,379,168,145,748,535,434,502,518,174,0,286,790,696,248,811,251,452,678,728,314,662,447,254,311,311,319,462,302,687,358,858,608,310,0,272,742,784,687,446,582,785,880,339,660,398,166,902,399,822,510,20,486,922
537,402,590,38,474,470,18,556,462,750,233,846,662,274,426,398,462,854,558,906,229,302,585,813,230,776,302,343,415,207,31,788,743,201,471,398,526,543,879,590,446,305,494,598,494,673,29,642,426,462,426,798,544,590,782,821,580,476,768,847,718,493,550,590,612,654,782,492,983,527,136,177,333,940,398,415,680,614,470,463,14,428,279,776,552,462,31,110,615,872,650,462,962,410,536,398,14,486,589,936,640,996,426,479,852,591,461,520,502,79,849,309,448,554,118,711,778,463,308,460,622,222,590,622,294,642,394,551,485,131,658,590,1006,462,487,686,406,420,854,520,470,450,431,206,533,648,238,910,684,535
528,90,506,728,312,121,754,291,486,1004,165,628,478,124,104,486,28,82,766,670,208,998,506,838,966,254,1001,728,760,90,532,122,92,510,510,90,126,978,510,476,606,968,352,216,740,511,614,766,97,123,450,464,504,92,472,198,862,489,95,338,222,610,1012,978,510,766,250,894,466,472,460,20,482,432,998,464,344,250,510,1007,722,480,652,510,392,990,585,453,425,506,668,500,542,160,476,454,450,736,510,766,94,53,491,358,226,998,510,338,30,480,485,86,227,414,472,982,480,998,96,24,996,978,609,730,715,718,462,509,26,122,540,562,754,420,611,511,454,126,988,734,710,506,473,482,466,80,15,448,728,464
247,255,849,851,85,149,68,326,832,211,323,335,602,954,192,338,331,324,453,337,345,76,143,345,835,909,832,599,817,324,307,782,733,629,95,588,323,68,629,628,213,196,296,723,984,197,588,804,845,266,213,180,747,848,577,321,324,193,129,516,513,788,345,76,853,212,348,194,218,307,307,305,248,208,832,346,308,545,251,627,1014,324,194,202,279,860,378,257,528,232,123,157,201,820,247,691,859,819,580,836,339,861,945,832,36,171,819,803,853,260,217,338,324,475,252,860,208,173,212,268,627,1015,128,436,250,560,338,216,211,197,324,216,194,122,347,0,854,540,932,369,64,849,136,641,327,203,964,213,626,704
331,331,712,349,91,755,331,755,183,720,82,343,589,405,587,851,343,203,684,333,336,836,297,599,392,747,485,201,851,208,71,707,963,235,328,242,781,1000,272,331,511,331,400,981,331,247,333,75,475,195,136,13,257,148,80,267,333,195,348,581,20,87,84,715,327,333,339,579,244,465,976,71,469,83,748,19,88,195,451,328,503,963,423,64,3,746,451,339,333,75,3,623,715,587,75,593,909,968,587,584,339,106,272,139,210,91,330,347,587,132,87,467,47,5,714,27,331,77,367,19,699,116,732,843,859,971,271,27,339,376,359,235,331,331,328,20,328,347,341,840,720,267,375,516,215,330,330,395,707,345
822,790,522,918,9,187,9,902,1001,277,939,937,233,402,44,277,300,1000,917,910,778,916,690,862,907,233,406,904,366,282,178,298,278,132,950,812,786,777,528,589,272,916,794,926,1009,964,769,774,538,340,659,444,956,802,818,810,905,319,745,150,938,761,844,790,89,314,922,534,278,20,280,106,969,706,297,908,282,298,794,790,90,1004,534,286,654,258,534,234,956,269,586,938,934,277,898,818,217,820,313,787,666,777,827,918,810,810,793,530,973,279,789,319,818,521,282,298,939,146,905,604,662,906,714,586,921,930,284,341,489,285,234,934,810,826,276,825,282,588,757,918,297,618,677,811,841,298,946,390,780,602
297,615,959,556,670,95,57,312,425,336,665,402,527,464,339,632,656,472,984,550,36,759,283,568,612,120,1000,46,383,687,296,366,345,376,721,691,638,999,600,980,476,980,420,995,360,312,59,1000,985,758,404,44,19,68,472,1014,564,479,612,280,472,1012,36,756,102,860,1015,1014,951,424,756,985,644,949,660,126,600,843,79,62,944,844,92,1012,548,557,940,26,11,440,247,116,1009,667,366,364,441,432,390,44,671,922,456,467,424,63,501,692,1012,976,759,752,42,592,299,332,283,120,948,499,64,697,44,662,180,428,572,44,110,88,627,183,595,479,120,505,440,915,471,56,752,622,364,918,976,657,290,38,728,360
361,517,104,525,416,480,104,195,740,207,929,327,431,237,445,225,492,473,226,240,611,552,289,167,65,704,749,390,207,613,608,428,413,232,839,463,585,225,15,111,243,243,493,450,488,77,385,490,97,170,73,173,545,67,1005,577,111,231,109,227,494,328,133,38,35,742,975,906,397,205,416,172,493,396,214,721,107,143,73,224,206,107,105,1000,73,238,847,67,409,345,462,65,335,457,497,806,616,945,297,193,50,968,129,965,359,160,489,66,187,226,224,417,335,193,239,226,193,2,104,417,864,487,15,841,239,263,297,105,360,736,172,236,225,709,929,209,834,225,15,609,72,32,76,425,864,480,865,509,102,160
285,614,1022,551,506,539,868,275,564,821,316,39,318,940,985,630,359,560,550,582,380,592,380,1022,608,316,969,1014,764,475,613,733,970,582,771,892,321,776,728,567,373,804,65,870,833,828,728,576,698,682,560,252,373,816,145,1020,894,316,25,949,1020,807,454,510,828,20,313,593,545,784,772,637,621,832,256,869,816,542,382,230,966,984,1020,884,632,734,795,965,984,891,730,827,787,975,630,1017,572,958,978,597,592,478,263,766,614,572,806,646,3,372,469,502,531,36,318,1020,830,892,565,129,971,835,1018,462,59,548,784,508,720,549,614,468,24,623,966,678,986,983,508,558,958,294,310,985,84,470,252,766,1017,889
79,407,670,781,247,790,29,804,661,424,79,727,405,277,916,315,966,974,667,79,277,722,654,980,232,702,753,595,790,752,793,616,599,472,786,565,599,863,274,215,309,533,319,824,136,1016,809,402,977,525,696,686,310,788,629,887,709,533,297,604,814,404,273,789,722,227,726,785,763,471,593,807,580,526,786,887,526,983,794,759,470,467,298,275,8,726,449,23,597,808,596,654,269,296,907,530,539,603,559,520,591,119,669,234,122,47,663,748,958,526,980,580,776,987,522,475,854,816,781,907,687,940,463,727,554,684,278,262,725,804,927,803,724,1004,512,788,410,311,723,707,445,788,824,542,853,735,788,404,781,806
9,533,14,898,473,506,567,614,929,789,17,394,380,601,405,792,542,408,110,48,528,569,462,409,897,733,182,25,362,529,793,857,1001,277,160,246,89,505,217,787,818,482,175,21,338,82,952,162,22,481,283,21,793,27,249,730,537,978,817,533,73,126,537,58,877,558,571,610,530,529,941,863,791,794,65,71,921,938,9,998,404,126,153,556,1017,16,78,409,190,915,17,17,798,510,789,457,185,425,114,88,602,1022,799,21,409,157,910,933,169,789,570,16,329,748,913,605,969,287,905,281,409,786,609,585,406,409,423,98,185,930,165,297,778,766,538,476,88,913,928,174,950,1022,49,122,30,217,505,190,537,144
990,37,716,72,996,223,276,963,54,464,387,475,448,195,826,328,1012,65,20,464,208,282,198,718,275,890,309,716,791,340,141,707,29,286,406,288,99,542,1022,65,448,275,150,253,202,0,28,469,314,468,244,979,964,413,313,733,664,155,219,364,827,266,940,400,257,464,787,208,220,208,4,206,19,795,706,908,463,732,144,466,359,234,723,212,263,484,408,156,633,1018,61,252,606,763,204,477,356,31,140,452,198,253,415,598,913,635,729,121,790,272,208,643,92,580,7,80,400,246,708,83,860,714,600,973,966,22,592,460,89,912,274,963,89,467,477,202,725,155,109,509,892,796,388,471,227,894,861,91,404,154
64,69,233,113,391,30,5,324,7,7,718,86,9,263,58,234,69,418,704,174,70,714,751,753,249,750,761,718,238,710,710,35,234,6,623,6,96,709,713,202,392,55,752,865,97,934,0,929,71,0,465,421,6,745,234,330,844,241,458,70,70,491,5,753,548,712,10,233,721,902,804,558,748,171,326,196,98,325,209,747,254,541,74,23,30,718,100,725,870,238,494,576,890,65,70,337,538,683,516,15,202,742,874,745,135,502,6,734,774,64,64,205,718,844,321,69,695,70,103,716,931,146,235,230,238,69,70,5,235,79,600,650,710,582,198,713,650,38,234,70,233,65,576,519,87,78,22,360,345,201
365,997,621,879,864,878,933,875,998,834,352,998,992,842,933,894,622,550,869,546,878,842,969,869,487,957,862,878,854,841,354,69,994,622,992,487,878,877,998,751,677,38,871,843,869,994,993,238,999,458,927,878,352,645,352,935,32,912,998,366,934,494,962,871,751,934,894,647,992,358,875,361,622,879,998,873,549,877,934,645,842,997,802,871,350,992,877,878,554,381,998,350,590,616,868,998,834,1003,878,878,105,626,329,878,638,841,550,878,679,848,998,1006,838,1007,229,841,366,872,998,992,870,993,928,846,551,992,574,999,613,974,998,854,621,856,897,877,998,1003,606,1001,859,681,550,998,878,330,961,878,1013,871
371,347,295,840,473,944,380,508,972,243,979,755,963,110,467,730,1011,1019,506,1008,979,483,283,319,987,712,947,478,90,254,1020,435,1011,1010,507,1011,849,715,463,383,470,734,243,722,993,767,755,246,267,915,947,991,843,467,1010,713,963,485,499,978,742,334,502,950,123,723,792,999,343,467,736,1018,1023,499,392,243,743,374,979,979,963,491,467,382,969,458,473,203,217,707,1022,987,1018,974,646,998,461,107,503,987,371,809,473,1011,979,646,459,355,371,987,658,507,239,464,507,951,1011,467,337,758,287,759,723,467,755,624,969,982,447,210,361,372,997,471,899,497,375,985,243,65,988,732,466,1015,499,978,1022,1015,375,969
783,771,839,471,904,270,262,866,450,842,458,6,772,511,268,640,262,426,7,20,2,143,407,789,582,390,10,322,388,13,388,514,39,450,778,262,951,1002,138,394,450,834,390,267,326,773,303,1,778,527,834,890,266,326,906,847,7,794,781,39,3,267,534,162,130,66,450,290,394,770,12,783,327,258,774,783,2,394,36,422,839,14,848,300,770,11,271,458,586,167,262,770,450,10,970,270,50,266,258,262,262,7,262,459,423,270,262,260,527,262,458,834,828,1015,777,269,2,396,772,894,522,810,458,810,420,778,846,7,186,388,263,398,586,778,270,134,386,771,270,266,781,270,6,386,7,270,258,770,367,139
961,325,557,392,969,461,389,897,973,67,941,621,961,396,257,385,455,461,387,559,716,333,429,493,709,973,865,961,325,96,865,993,461,457,901,689,338,385,461,960,973,933,323,717,501,841,193,135,897,337,76,717,449,909,512,901,515,323,67,843,331,960,972,972,941,361,60,257,28,460,385,321,140,256,417,961,401,833,908,659,65,361,305,393,961,483,300,941,386,448,281,897,257,325,421,324,717,417,653,909,385,332,960,463,897,965,257,320,971,384,451,653,739,1020,961,263,384,303,841,909,923,321,909,256,385,385,908,333,397,417,453,841,861,65,989,965,333,961,381,387,813,803,5,447,643,257,129,965,581,985
590,576,835,591,561,590,350,46,299,579,722,523,530,106,306,558,590,610,522,602,558,554,867,686,19,514,131,574,882,606,706,786,622,451,588,590,530,595,654,495,577,715,78,611,526,970,122,557,111,530,604,46,586,586,531,970,850,814,555,571,639,590,560,530,586,592,622,543,268,476,26,366,862,771,602,577,586,542,514,14,590,530,586,11,786,34,847,218,78,834,686,530,587,274,609,223,515,204,272,546,223,542,514,579,514,706,674,618,786,130,530,586,522,387,579,865,15,526,34,782,204,591,588,522,551,79,558,563,686,542,644,531,404,531,586,259,675,526,65,523,270,558,526,514,560,784,11,638,860,146
394,156,258,130,128,139,644,656,527,150,1011,527,671,902,556,516,131,568,147,128,453,518,558,540,531,572,542,29,796,529,318,192,541,144,399,559,658,530,214,671,656,668,48,83,530,543,532,140,512,664,143,158,799,544,640,144,218,526,526,514,514,578,926,142,530,672,524,648,671,156,9,795,670,540,19,131,642,462,527,142,654,540,654,514,542,513,648,527,654,640,530,572,526,524,127,143,658,561,640,141,521,531,213,140,526,271,755,531,527,138,532,720,156,909,834,146,527,194,130,514,140,525,580,528,654,583,531,527,140,8,816,558,140,530,806,688,814,188,570,158,240,651,159,79,145,54,648,525,10,604
452,463,267,505,259,331,832,202,465,257,69,308,845,201,204,581,353,449,319,460,461,101,269,419,581,365,205,877,457,840,463,873,396,877,845,867,363,259,449,75,353,460,499,325,296,475,71,431,69,827,274,364,833,843,841,332,193,775,207,387,837,578,483,361,265,328,377,323,453,453,867,201,1,457,253,8,321,449,633,35,13,391,433,291,448,328,451,875,833,846,328,197,263,453,463,737,71,889,881,321,952,961,321,455,455,67,844,113,584,380,449,333,197,833,387,359,200,961,1,489,586,449,395,457,72,199,71,331,13,135,451,449,67,205,333,469,353,271,303,888,453,73,331,387,152,76,97,389,451,448
692,678,59,373,692,52,568,590,360,932,312,186,8,666,186,570,541,36,360,564,568,170,563,933,552,551,571,690,547,692,39,883,936,756,984,37,696,296,36,772,810,618,619,762,744,40,310,818,696,216,996,251,809,60,152,693,696,676,360,56,549,744,552,760,167,931,745,760,684,700,1000,165,568,744,893,664,341,549,805,682,673,565,698,693,571,755,820,688,759,167,689,52,571,668,554,692,760,868,564,565,293,677,36,548,663,36,548,184,37,248,680,186,52,571,936,308,294,935,53,602,683,1000,1018,938,570,523,378,628,744,42,773,4,248,545,548,45,741,740,696,564,548,999,486,36,56,677,1002,164,248,697
705,941,225,675,225,615,877,995,97,908,929,941,721,931,109,109,685,609,804,685,707,749,717,609,739,941,949,749,993,97,801,716,227,225,865,657,749,1007,749,747,749,735,2,1005,625,737,749,745,749,237,630,365,109,737,639,941,749,737,1005,749,605,653,737,749,941,67,749,608,33,941,704,382,45,749,869,992,737,930,740,97,701,909,707,45,553,673,577,877,655,993,573,877,109,813,45,620,993,717,237,749,743,736,821,949,925,669,940,672,739,613,639,736,545,749,997,225,685,717,741,739,997,932,165,932,737,749,285,669,557,1005,749,692,705,865,753,301,865,621,1005,621,929,737,749,365,736,96,621,97,749,997
55,986,905,466,954,990,1012,338,874,1011,458,769,970,478,458,983,774,310,845,490,762,374,263,918,906,898,511,774,1020,1018,970,10,802,666,454,970,1018,398,299,314,506,350,394,1014,506,18,316,500,510,255,1014,978,454,1018,102,986,249,424,901,506,374,458,342,850,198,266,311,118,923,479,906,170,254,1022,822,306,490,499,1015,794,506,950,42,342,466,858,250,330,777,406,1018,1012,242,970,510,1013,510,506,451,138,1018,890,442,1004,247,459,502,410,966,346,846,506,398,858,446,633,459,850,852,264,182,466,194,778,246,970,234,262,330,180,206,938,634,382,357,778,760,967,178,906,1018,3,954,1014,406,154,458,246,434,458
874,813,948,247,897,425,737,139,161,808,945,911,807,751,807,784,145,813,813,345,427,553,685,613,429,81,169,845,932,815,433,933,803,615,613,815,928,811,480,609,799,805,813,877,416,495,877,809,813,941,807,596,803,811,1003,995,797,621,737,800,33,495,493,863,791,815,941,425,805,253,683,937,489,809,815,173,879,813,941,937,944,1001,480,421,557,295,429,815,807,811,809,876,501,171,747,433,809,877,493,811,98,877,620,813,933,934,800,609,811,737,928,497,131,482,936,943,812,393,365,227,811,931,939,821,996,937,829,925,493,436,619,1004,545,493,191,928,233,1,609,930,392,429,915,683,957,916,867,877,929,621
889,791,853,847,805,566,781,857,772,876,797,863,853,789,788,20,108,788,950,837,902,629,792,900,853,891,614,788,853,316,790,796,774,823,837,892,965,875,772,854,868,848,825,877,852,796,869,853,819,853,733,922,860,518,837,789,534,854,925,863,772,52,790,790,852,628,973,862,541,869,876,628,617,785,876,525,853,783,891,851,854,597,796,797,812,878,101,668,861,925,862,789,347,357,596,286,877,827,812,855,785,791,853,854,788,535,829,854,614,797,828,862,28,820,375,788,870,885,853,925,877,791,405,837,780,788,540,849,309,985,908,445,924,772,630,308,797,902,796,820,20,621,853,788,798,924,791,541,621,796
274,461,909,348,460,478,453,997,356,325,799,324,852,868,852,844,324,855,836,273,1013,500,860,855,916,869,428,277,852,919,877,325,798,988,1012,884,836,324,452,359,796,485,284,853,325,917,324,476,468,325,852,965,324,780,982,868,865,924,980,940,286,854,854,885,580,385,476,0,925,837,813,854,340,844,988,852,875,380,558,500,340,828,839,864,927,852,871,836,341,974,996,965,21,325,997,989,798,452,988,468,988,324,412,340,284,680,784,909,797,813,996,333,357,941,799,477,852,516,796,452,6,981,934,924,877,964,956,485,348,876,287,356,460,966,844,981,324,885,340,854,836,853,356,455,356,764,997,785,868,340
949,932,661,956,997,868,1007,865,929,700,757,1012,292,805,933,957,289,421,692,823,960,805,833,540,829,813,229,893,869,353,857,672,724,996,997,996,949,694,756,357,804,933,732,549,1009,950,792,692,885,349,925,801,953,510,832,997,885,997,948,884,993,857,832,989,925,941,893,894,993,548,997,557,700,609,596,796,982,993,911,893,996,940,636,868,880,832,821,996,805,959,836,357,933,800,436,951,909,997,588,857,804,833,564,833,869,833,804,829,932,833,820,825,932,917,908,909,997,863,893,832,924,669,1008,685,996,1012,1023,932,957,881,829,796,421,869,869,981,909,917,852,436,892,292,804,620,948,812,868,869,532,653
236,396,254,412,300,188,765,200,490,956,958,424,490,200,453,311,908,708,702,716,430,806,168,492,1018,150,391,367,955,10,830,238,718,712,942,543,364,453,458,887,440,172,646,1005,652,651,173,1005,191,303,708,918,452,940,444,827,999,459,230,484,398,525,958,780,444,713,350,158,702,186,969,392,244,686,958,767,940,428,901,489,222,13,556,12,140,135,236,958,927,236,191,239,750,938,964,429,652,140,239,477,958,975,236,780,654,126,613,1002,476,759,191,93,733,680,447,429,938,92,652,196,959,919,908,45,440,687,951,14,670,965,1007,244,491,191,902,261,302,412,975,159,415,186,174,645,972,0,438,698,647,798
628,146,694,718,519,720,750,979,744,563,50,567,572,738,152,694,678,722,563,679,642,222,810,718,538,963,515,746,566,547,51,658,236,595,786,770,690,28,723,690,978,671,691,646,646,751,666,526,622,390,703,582,995,626,677,566,562,542,514,52,671,141,688,135,998,642,750,594,652,911,272,211,643,540,755,526,950,934,558,596,29,746,652,594,644,7,678,388,148,646,566,979,660,539,734,722,83,567,538,596,646,530,530,570,718,134,566,530,14,607,594,562,655,658,362,16,605,22,564,562,854,668,542,738,697,515,83,990,978,523,210,790,679,606,690,536,540,518,827,822,646,414,542,666,649,538,803,642,695,616
774,727,389,833,521,709,763,388,1022,516,655,654,742,118,564,964,724,910,215,757,490,838,878,822,526,134,716,902,642,198,453,426,662,710,69,903,711,229,839,69,837,878,613,583,710,717,654,198,709,709,941,581,640,198,704,788,911,961,534,967,957,193,743,698,892,909,1023,805,827,759,975,326,674,953,698,249,942,518,833,653,198,838,837,711,70,582,750,703,879,532,578,201,785,711,965,209,943,740,948,758,197,846,832,855,908,790,607,965,982,838,783,581,132,12,837,708,964,831,767,582,687,750,703,655,838,323,959,944,580,708,612,512,900,709,702,886,965,516,551,581,839,878,1018,610,527,324,582,788,623,924
534,430,44,86,14,46,324,340,45,110,334,508,230,559,45,680,112,94,46,322,44,10,430,564,366,879,14,110,782,66,68,108,138,84,558,33,46,606,110,239,300,46,302,46,492,324,108,30,46,38,14,10,343,318,102,47,429,46,44,159,39,334,14,366,300,46,342,111,1006,38,622,430,681,303,614,124,367,557,44,638,23,686,742,0,766,30,358,422,199,262,175,110,750,587,71,584,620,814,46,174,646,294,92,46,358,46,120,430,79,495,838,494,66,366,69,302,323,171,538,174,46,36,878,38,814,46,46,678,46,292,870,518,491,486,214,590,22,45,69,998,194,364,1004,343,815,110,318,36,746,366
736,509,740,421,612,200,705,64,172,192,450,707,692,480,252,652,193,688,940,961,643,301,238,228,26,48,741,644,498,741,192,704,388,192,193,676,716,412,932,242,997,388,485,741,941,685,140,126,229,172,229,764,736,839,973,128,705,995,396,266,175,576,222,427,172,126,196,688,45,241,44,416,133,176,230,1007,180,692,452,413,677,141,684,227,1006,142,705,717,640,484,397,133,496,716,228,44,229,676,106,758,482,741,436,45,292,750,129,172,141,422,764,452,197,824,688,448,557,1012,716,134,704,188,172,948,168,420,972,165,16,684,699,1004,798,421,46,140,718,704,500,648,740,226,172,429,449,308,196,423,196,132
884,889,123,321,102,360,490,981,884,376,890,505,358,670,862,374,350,1022,304,954,306,592,382,374,9,507,886,343,423,629,630,1022,319,290,241,976,374,270,796,476,351,574,818,471,350,340,1017,734,574,368,340,248,117,274,817,853,319,379,378,366,1008,341,119,274,890,496,86,312,881,305,369,291,373,538,664,991,270,306,826,349,36,777,86,327,342,1009,1010,14,508,981,95,422,598,658,118,134,607,855,86,262,1023,621,889,342,318,542,630,470,79,368,279,432,1013,374,506,266,52,326,612,31,300,373,606,542,883,305,209,567,511,736,379,114,342,111,524,1018,884,451,305,213,191,862,806,356,340,1020,886,882,886,374
449,337,261,49,187,41,143,193,453,269,713,59,73,45,65,465,329,133,449,828,726,267,687,193,513,801,75,169,361,849,273,269,45,715,445,257,457,269,75,465,261,491,449,65,817,75,0,209,448,65,65,275,327,65,13,101,269,509,705,107,739,175,73,79,355,9,139,385,47,325,209,805,524,81,13,321,265,293,15,85,15,137,525,9,65,715,67,7,73,45,429,399,453,531,137,841,173,11,365,135,37,353,485,397,294,321,19,201,47,561,115,41,321,197,517,47,365,203,197,65,321,393,47,137,15,193,45,73,321,375,393,267,449,399,449,335,131,41,241,397,509,395,577,279,139,329,303,35,139,317
386,72,619,657,560,494,692,65,104,49,224,738,328,48,565,324,244,362,64,336,32,240,736,564,322,188,376,741,54,745,520,144,736,166,408,358,65,368,152,664,80,615,947,48,490,160,740,746,272,64,672,160,748,488,425,176,611,112,565,70,928,88,952,628,162,164,360,742,960,81,656,34,736,230,660,608,176,925,904,226,162,232,16,232,113,160,232,312,96,676,177,51,96,608,376,162,561,560,96,888,561,161,576,176,948,546,312,48,166,50,696,176,693,176,80,560,228,89,864,176,38,68,677,112,888,52,100,92,736,490,69,96,186,577,440,176,628,52,497,80,693,343,209,176,240,96,697,910,49,784
597,661,115,129,214,865,176,388,16,904,673,1,5,9,322,752,673,849,33,897,593,548,32,97,984,976,793,545,396,921,739,0,440,723,195,721,109,176,962,641,32,708,601,133,968,392,600,13,905,899,657,149,80,97,105,66,209,31,930,913,641,85,657,156,51,809,99,881,985,208,89,641,120,45,281,920,113,645,881,773,650,744,144,1,768,771,111,222,48,872,1,912,209,37,665,129,995,645,656,641,160,616,675,1009,675,643,35,97,181,513,592,176,195,522,129,653,180,34,517,792,33,197,856,115,352,724,1,657,412,40,768,208,89,145,672,649,779,115,700,32,693,547,229,517,641,144,931,189,792,744
247,491,364,971,40,378,1017,504,202,465,95,395,482,969,377,490,17,123,329,251,393,110,745,99,1019,75,259,224,875,91,288,489,849,1002,337,602,265,393,467,201,137,361,9,233,283,425,381,43,303,267,197,1017,347,88,267,507,511,41,491,985,355,123,767,993,987,11,505,362,91,376,827,267,25,235,491,498,201,347,793,425,168,347,219,264,747,635,505,267,945,1023,169,456,377,383,457,361,859,1017,233,803,1001,425,375,955,605,1017,299,164,24,675,505,363,365,201,377,3,393,771,987,377,825,921,1021,393,346,779,75,171,507,73,985,33,201,41,489,42,27,1003,363,251,107,347,5,11,393,545,201,363,1,843
333,481,97,817,415,369,359,213,816,231,453,29,305,197,373,337,993,953,733,117,369,817,293,145,305,81,781,265,880,171,885,133,769,1013,81,465,355,861,1009,303,225,451,909,355,481,867,917,231,817,377,372,626,337,849,817,881,497,121,853,373,885,289,880,976,352,929,817,135,939,245,711,839,115,369,965,961,821,487,409,193,83,593,247,369,353,881,309,165,337,59,483,721,39,101,341,817,657,395,372,355,1,43,341,327,195,433,227,897,70,193,465,77,199,771,185,117,373,375,965,229,121,83,113,389,355,369,225,377,353,85,295,341,721,576,205,240,487,880,849,965,369,66,484,353,65,849,419,441,449,360
181,39,291,373,325,381,325,149,167,853,409,133,5,435,477,181,596,749,65,485,661,113,477,277,85,37,329,261,149,103,501,69,469,469,709,273,213,79,55,149,35,405,333,629,661,327,1005,981,465,397,343,81,401,309,285,765,445,49,85,477,89,85,325,309,205,213,599,349,21,615,445,281,71,357,773,565,757,469,893,85,245,965,421,399,385,157,103,333,17,353,23,213,329,661,273,289,322,117,753,709,465,349,23,327,981,445,329,661,1009,348,449,299,609,669,405,453,117,117,280,285,357,245,373,407,153,565,345,291,389,343,453,269,69,17,885,381,277,413,741,661,101,69,341,330,205,425,389,323,719,257
883,948,932,886,1002,362,932,180,854,950,370,916,965,950,923,950,291,952,375,884,124,884,934,294,941,530,629,804,966,886,964,950,946,954,884,950,375,882,822,358,410,854,630,886,310,932,852,652,823,954,756,968,901,818,886,886,964,950,202,701,806,942,756,900,534,884,886,954,900,734,378,954,918,948,873,714,887,172,566,696,854,442,916,884,823,932,672,980,60,600,660,980,634,973,854,563,964,916,938,855,932,998,960,886,354,986,388,948,359,932,630,886,498,1018,950,951,806,950,884,612,180,922,806,932,950,828,374,852,852,279,850,932,886,38,886,914,688,822,980,948,341,870,564,702,820,743,636,968,564,870
460,216,760,964,318,728,146,60,196,678,172,672,452,750,206,292,12,47,216,284,452,12,56,52,44,728,228,78,732,732,60,59,167,461,9,436,12,44,158,456,300,732,220,396,172,732,205,12,1020,604,182,220,294,174,732,204,284,188,12,380,238,764,255,428,556,572,316,110,253,122,76,234,196,204,492,44,206,42,172,160,632,268,236,974,312,728,198,8,60,9,222,284,509,732,444,256,44,686,44,421,636,212,453,56,538,44,132,652,204,488,426,0,236,436,735,750,460,60,508,196,930,708,940,234,766,238,28,9,41,32,332,253,536,292,250,446,685,216,730,142,732,62,136,732,718,597,44,156,732,158
331,694,363,159,315,199,331,530,830,2,1002,827,591,482,714,107,131,198,162,67,15,202,182,305,35,826,560,194,151,550,48,583,227,563,782,711,39,195,451,195,458,51,564,210,834,66,610,971,199,184,460,611,530,194,67,246,52,829,183,183,560,152,214,706,597,38,756,51,296,497,178,561,179,363,150,1012,39,550,1003,280,824,198,390,615,563,738,39,721,1006,487,17,582,267,314,50,615,242,710,145,710,244,266,142,678,306,67,206,178,518,182,195,271,566,189,962,560,559,482,209,212,496,491,376,158,546,164,743,991,53,312,21,535,223,699,176,642,627,194,176,309,39,192,63,582,518,453,686,199,783,738
555,644,603,1007,894,660,711,571,914,832,826,602,151,682,587,998,615,865,683,850,880,711,543,146,151,594,861,694,853,391,919,999,766,978,862,705,543,19,606,354,696,666,698,543,606,608,864,151,983,155,529,570,914,710,766,539,586,610,744,599,868,538,523,634,917,1010,917,832,1014,915,622,848,867,951,619,722,538,611,726,532,602,594,887,855,600,979,490,48,615,558,670,609,641,967,284,919,118,480,734,621,610,865,543,853,610,1015,918,606,711,451,663,923,883,710,714,855,512,329,733,744,837,872,867,659,832,586,38,791,871,811,769,878,710,850,850,866,851,532,635,627,587,755,665,539,594,42,542,538,554,591
827,345,490,490,61,990,831,1018,694,307,274,784,382,456,758,392,201,830,678,894,130,715,847,939,887,275,423,151,890,411,504,182,322,890,458,571,363,411,351,1003,886,142,458,363,353,73,378,719,98,314,939,874,586,570,1018,714,882,792,55,312,703,488,923,570,376,1003,1007,467,752,364,531,85,744,1015,346,91,443,458,395,987,307,369,824,379,910,955,150,663,223,554,1005,596,347,740,889,858,206,624,555,182,491,611,284,377,88,446,888,154,893,866,304,440,551,463,602,926,719,325,120,90,814,752,830,843,922,747,731,603,890,687,794,699,345,378,923,826,120,963,664,887,304,858,442,1018,137,509,144,361,987,282
689,513,256,997,496,97,928,259,321,248,288,931,488,582,752,995,868,721,241,202,165,512,578,752,942,243,580,291,483,32,290,801,48,929,243,294,240,481,640,224,754,96,288,640,50,321,187,643,292,50,353,248,841,48,928,706,643,895,528,240,435,485,965,761,929,417,603,416,738,752,993,676,417,322,992,128,228,688,992,4,264,768,291,241,706,243,241,359,816,65,636,113,6,416,51,195,240,195,192,834,288,480,690,483,51,931,562,898,538,608,235,482,896,65,240,994,752,736,483,418,24,66,676,64,321,996,483,707,996,999,288,672,241,417,395,738,483,176,530,224,28,258,642,323,878,112,803,625,993,728
223,226,432,328,43,479,98,463,397,67,440,847,216,188,156,91,291,88,40,143,600,91,379,445,461,296,89,92,328,419,220,322,463,231,92,255,324,28,233,152,165,51,483,392,243,435,41,322,183,480,231,219,221,2,144,396,255,130,92,962,314,161,31,293,489,290,335,335,422,88,487,228,88,255,260,763,95,185,191,335,223,735,850,860,835,840,176,228,328,162,984,335,396,335,372,92,843,332,849,220,483,56,396,226,328,95,276,188,423,988,979,447,320,296,984,322,107,252,148,335,332,291,444,536,840,247,148,159,335,397,363,159,735,508,91,88,98,508,331,539,16,141,183,259,216,399,424,265,40,323
150,864,790,651,680,931,641,922,843,900,785,194,162,529,136,162,656,578,834,793,650,354,400,930,930,280,295,640,938,674,826,797,678,672,136,129,938,354,864,774,162,275,145,473,642,403,516,610,791,545,896,410,790,224,790,121,648,131,915,873,643,161,562,19,923,432,674,705,402,131,675,938,922,160,674,705,776,902,915,962,707,923,614,546,938,673,914,564,651,682,896,918,192,626,963,872,672,410,949,786,610,275,514,472,611,978,904,418,642,372,905,913,848,913,795,35,650,921,688,795,912,674,787,809,946,882,40,931,921,131,899,472,794,641,822,787,284,888,561,938,674,944,162,164,784,611,899,874,464,931
655,1007,980,400,379,715,880,1009,913,575,952,88,936,723,940,500,715,1023,709,559,716,707,955,1007,587,963,592,658,422,723,579,743,880,587,860,912,580,794,709,1000,682,963,311,559,768,768,1007,655,763,712,711,544,936,931,504,592,704,672,720,971,796,904,548,624,736,627,647,771,940,716,339,615,705,528,579,863,707,698,1007,719,971,587,627,603,732,719,859,903,687,784,912,951,960,368,920,952,999,768,275,719,708,931,592,603,888,960,963,580,864,880,588,768,675,16,891,279,726,848,916,512,160,704,861,955,604,626,351,831,595,504,584,595,672,587,456,579,851,768,960,716,704,603,171,779,240,651,744,944,707,608
502,400,117,816,372,371,432,451,232,139,28,168,419,888,389,387,903,435,324,396,164,370,244,112,404,424,164,428,116,166,799,180,55,643,151,227,912,418,388,247,882,559,677,160,35,420,420,148,183,180,369,372,36,304,168,353,299,66,481,655,499,260,307,136,228,51,23,391,264,978,392,279,665,391,388,267,180,192,384,181,143,228,312,272,659,151,160,8,119,16,1004,240,648,180,389,468,145,420,280,405,60,432,139,432,295,787,114,163,166,75,231,683,315,5,20,304,239,432,52,54,464,20,20,373,384,368,247,373,384,483,424,484,961,375,12,188,439,56,651,432,148,72,331,384,176,179,384,235,642,416
413,47,388,544,432,552,364,388,180,193,619,428,616,196,489,63,911,386,171,635,667,868,795,687,699,959,677,271,291,612,616,239,981,527,908,939,711,138,751,515,715,444,607,684,619,66,972,907,489,428,751,196,860,956,395,559,744,395,619,905,680,443,728,399,907,856,908,300,943,911,683,671,398,481,631,901,168,495,399,619,241,360,907,43,43,907,556,476,1007,943,955,90,696,396,956,367,915,911,187,397,975,360,908,659,63,655,939,687,832,899,61,747,89,139,197,195,1023,861,684,396,280,655,483,642,664,2,990,907,131,76,652,619,40,399,901,926,558,911,44,739,171,744,107,203,923,445,711,283,811,684
632,119,655,208,588,59,80,359,319,835,120,952,95,182,391,839,423,34,395,119,72,835,376,555,300,621,323,888,119,59,351,123,555,371,831,143,99,567,156,12,715,367,111,372,267,363,355,367,319,360,632,363,648,193,760,104,779,319,743,44,69,844,363,52,439,320,616,875,99,360,125,600,264,692,299,104,759,224,483,967,255,636,224,869,136,631,872,55,364,359,835,215,695,386,185,139,115,119,292,364,892,871,1004,388,191,340,315,354,320,200,355,640,872,367,363,475,363,268,632,319,872,835,824,896,247,360,300,40,363,388,991,336,327,23,759,107,967,115,23,79,360,380,360,104,364,1020,135,310,1015,56
173,415,356,431,511,478,86,90,412,213,39,893,380,725,405,257,547,718,357,372,949,662,128,925,215,192,180,253,212,133,390,317,661,143,407,501,645,780,581,133,727,316,732,311,446,133,436,220,533,348,598,318,350,125,30,318,909,46,111,422,319,702,144,916,197,108,310,790,722,276,182,398,741,382,325,580,958,334,133,222,133,181,319,950,133,668,76,246,956,647,69,38,37,141,405,415,413,135,581,142,725,556,302,509,422,420,197,863,85,306,917,446,413,349,414,477,71,149,709,415,693,607,415,702,662,982,467,196,533,447,214,239,221,407,659,145,581,406,46,724,133,919,8,917,549,414,133,214,335,213
981,828,712,219,100,172,212,315,692,172,735,319,404,884,103,902,295,404,37,406,326,732,590,434,373,319,428,317,188,143,300,420,183,534,891,329,415,908,668,599,182,647,274,563,219,828,204,220,660,140,911,508,213,607,837,443,204,396,862,884,188,717,991,150,38,595,324,562,732,681,204,118,36,363,831,596,524,444,741,275,406,364,207,779,695,902,388,36,988,375,919,291,299,803,290,214,159,317,991,980,511,405,95,146,564,671,391,406,260,79,884,55,944,29,87,447,372,625,380,372,304,364,148,214,724,75,903,221,276,820,560,181,428,87,607,831,508,735,358,290,310,181,71,188,173,180,319,108,828,339
988,560,162,566,545,234,982,873,454,919,407,449,777,713,775,42,637,53,989,693,685,169,974,729,237,758,550,346,741,950,569,698,952,680,982,986,727,78,557,727,738,158,809,958,642,677,986,901,918,693,471,894,652,962,838,978,114,569,925,549,910,228,757,833,937,542,466,582,565,702,734,727,691,248,478,902,983,467,814,989,806,990,742,476,742,616,514,477,865,600,681,986,611,5,638,450,689,747,983,734,677,549,990,222,990,734,679,734,735,766,469,901,564,222,724,650,991,736,733,222,477,33,189,515,722,865,674,61,339,897,896,893,737,685,765,741,729,693,982,254,725,686,599,677,641,825,14,160,901,473
393,310,582,1004,297,286,367,494,873,119,791,538,686,782,371,617,486,446,537,529,622,971,886,777,310,402,278,630,911,157,495,527,287,642,653,822,495,306,394,158,794,878,350,138,283,802,554,118,543,265,625,495,271,259,310,284,822,312,824,379,310,887,306,610,822,831,906,830,22,793,783,265,563,272,818,807,285,787,11,827,138,1021,526,655,526,282,359,614,997,774,806,910,386,278,535,881,750,990,306,298,747,310,273,946,614,790,885,302,541,282,1005,545,750,515,818,21,810,543,567,530,1003,637,366,646,1005,822,786,522,789,882,774,118,791,573,1000,319,10,493,858,527,531,778,539,881,571,795,365,886,315,529
823,451,457,439,329,459,961,467,443,683,377,807,415,455,851,846,455,327,471,315,320,308,932,203,455,420,611,391,416,431,343,463,673,453,67,459,711,437,161,127,431,279,935,599,455,423,355,435,384,423,971,834,421,391,297,420,423,451,715,321,416,427,324,343,483,417,479,455,939,291,571,457,423,311,427,599,342,404,424,628,319,453,321,715,371,320,102,206,462,474,435,840,459,880,452,419,935,452,423,321,375,871,407,350,951,417,961,455,423,308,823,457,443,455,323,452,453,439,323,439,459,836,321,448,363,457,471,468,199,452,441,421,327,316,459,419,327,947,335,577,263,340,823,331,487,337,323,457,419,423
451,208,100,322,868,230,28,34,876,36,175,336,692,252,82,64,494,96,167,1015,352,52,180,358,547,342,230,252,470,36,39,140,804,126,70,100,100,226,160,420,478,54,340,20,358,1020,324,496,110,100,196,64,806,306,39,149,80,511,420,474,4,38,390,230,1014,639,40,208,244,174,128,32,247,484,356,48,32,56,950,100,146,80,40,4,446,239,479,240,22,180,118,35,103,180,36,500,36,983,37,471,96,240,64,332,244,167,343,211,180,438,4,115,182,36,470,148,964,178,396,96,326,60,254,359,150,995,95,36,236,358,84,428,20,116,224,130,367,162,36,456,480,183,892,820,80,99,126,179,476,49
133,865,199,864,752,98,706,674,686,143,226,579,935,160,930,359,617,226,225,10,963,993,512,418,1022,928,675,324,353,818,992,175,644,961,930,675,678,1015,990,736,676,192,132,743,325,0,227,770,867,994,229,131,738,553,615,707,912,537,423,160,240,98,122,428,419,769,964,993,611,427,162,771,967,1008,640,569,388,163,931,611,145,741,832,225,600,418,856,160,161,752,966,99,42,611,515,899,1,864,640,673,737,544,227,741,999,643,7,867,933,21,515,771,562,758,947,162,98,691,887,306,323,970,646,898,133,867,2,828,308,689,882,530,867,682,129,659,111,611,842,999,59,42,128,683,148,169,930,104,117,648
387,389,20,789,403,391,226,488,245,132,244,148,199,379,155,792,789,515,996,376,647,451,167,133,232,965,941,919,485,528,211,386,244,391,383,103,636,635,628,989,869,383,22,259,308,916,907,387,274,168,742,149,766,275,51,483,125,95,389,899,1014,967,151,514,756,971,245,99,383,651,1004,245,390,63,899,485,963,163,228,130,761,827,967,795,997,388,807,228,471,541,390,455,131,509,979,294,135,455,500,742,119,932,742,871,743,230,408,710,871,535,389,375,916,997,483,455,854,767,743,971,311,273,135,380,383,1012,532,1023,279,407,486,758,967,881,391,115,1012,112,625,55,917,711,807,784,23,228,280,223,99,244
10,890,891,838,537,569,82,824,858,959,214,536,794,536,778,570,936,639,523,987,849,735,769,59,857,74,42,90,543,770,793,890,26,574,730,779,987,866,786,977,835,973,778,911,642,536,827,780,265,922,922,793,794,831,912,730,858,24,662,794,26,794,762,794,826,727,634,536,874,770,730,537,875,958,776,906,793,582,568,818,681,834,614,826,539,792,568,618,330,794,24,262,571,720,792,779,790,922,825,961,634,796,826,594,891,978,538,730,779,714,890,522,652,806,568,792,538,153,849,777,842,794,730,882,949,26,638,985,602,990,733,861,834,794,41,986,654,826,406,922,890,778,542,794,694,777,577,834,922,632
332,37,436,118,277,28,215,52,839,55,347,471,38,615,375,212,624,295,526,414,244,260,516,367,276,1002,782,102,215,990,116,358,519,124,294,695,324,22,340,831,358,46,870,30,437,263,1008,924,22,255,44,284,526,444,270,468,660,623,508,535,405,516,110,4,212,110,535,497,55,211,228,7,252,268,55,276,15,247,63,310,519,54,151,22,311,919,204,124,106,13,405,264,7,279,780,279,412,360,4,7,308,276,278,364,526,407,15,780,252,310,300,46,23,238,244,108,112,308,548,567,23,108,79,55,759,916,359,822,279,406,876,103,295,628,255,879,244,215,318,807,111,108,782,538,4,251,12,64,500,872
464,192,416,402,160,161,0,706,224,970,200,192,417,466,192,18,192,272,192,960,194,416,386,64,450,387,448,222,132,216,163,192,427,67,131,192,386,130,216,448,32,704,162,192,208,224,193,88,384,129,225,192,82,80,403,448,62,160,968,418,160,241,129,19,194,160,208,208,838,208,78,131,418,460,128,131,64,224,960,192,196,928,450,194,194,419,66,145,81,320,192,320,161,130,448,146,203,152,219,414,962,704,216,147,107,384,965,450,146,194,674,723,128,384,160,172,192,930,307,992,163,200,48,466,160,192,179,474,192,240,960,82,304,192,175,162,163,416,914,221,836,482,160,643,160,419,480,896,730,128
211,42,241,160,593,69,529,576,164,244,195,725,731,19,114,57,290,215,515,677,758,218,114,49,210,191,144,529,209,610,752,209,96,167,529,196,561,171,112,81,41,41,33,175,609,537,55,575,710,99,594,740,85,112,553,726,823,521,527,9,51,191,599,476,241,735,546,532,554,755,210,241,122,10,83,496,562,213,213,82,569,48,755,81,208,112,33,598,104,627,73,355,165,215,84,211,541,213,57,81,482,553,69,304,192,36,241,991,103,708,13,193,124,689,673,74,531,83,594,691,725,545,79,841,208,71,75,115,1,245,817,726,687,65,609,726,99,753,33,83,245,583,61,97,48,225,215,151,115,98
14,143,342,63,699,194,79,76,78,458,351,188,336,604,204,320,70,444,316,399,316,78,207,236,460,47,428,303,111,455,290,428,139,51,351,499,344,80,974,511,48,204,191,330,312,447,268,943,30,399,75,1000,303,840,460,11,467,428,719,350,212,143,334,475,428,92,239,332,83,863,148,263,95,94,430,79,88,350,154,975,94,347,518,207,51,431,207,431,77,75,206,428,519,91,194,972,332,347,330,315,94,204,463,687,431,82,76,86,351,202,236,719,207,63,75,970,75,460,462,351,204,79,463,232,223,351,204,91,454,303,716,430,135,428,592,459,59,133,318,476,231,79,95,198,431,351,348,831,472,287
602,475,974,605,684,987,932,73,497,998,42,819,714,1005,904,109,490,541,789,394,988,219,237,174,733,5,1009,456,979,722,906,170,372,1013,908,997,364,421,85,588,933,113,907,884,989,804,1013,986,109,677,21,311,234,61,77,225,221,748,373,945,981,1002,993,284,682,45,156,595,723,77,885,164,83,92,997,493,883,604,500,385,477,837,597,172,358,725,926,597,499,653,490,243,669,494,458,601,557,757,987,909,387,90,489,817,868,701,721,122,497,565,13,744,34,5,602,1019,92,748,842,756,556,27,862,419,405,873,667,490,935,321,629,1002,985,853,307,757,517,555,883,904,972,860,75,108,398,83,221,973,853,364
662,801,249,682,697,656,653,679,679,777,649,891,567,659,546,675,661,903,888,691,819,677,311,682,779,995,219,517,850,551,519,550,663,723,656,635,784,891,655,647,873,783,523,805,895,651,515,783,807,763,685,711,690,695,747,777,179,727,663,761,817,655,793,715,134,677,723,688,1009,663,973,995,657,697,763,702,573,816,995,679,779,777,624,688,560,535,679,982,651,993,143,711,784,765,523,637,791,689,49,659,763,783,735,265,141,639,1023,851,655,761,637,633,850,851,688,679,819,681,635,651,1021,632,653,545,515,881,675,960,563,801,689,811,649,519,763,545,649,801,663,675,689,662,164,983,651,816,960,679,801,851
968,147,998,488,1000,352,598,1000,92,905,456,298,1,979,913,907,464,976,524,460,4,510,307,1001,751,13,23,456,310,619,80,463,488,425,626,496,104,462,1003,151,88,917,337,622,486,500,393,482,239,256,416,980,464,1000,96,720,523,459,392,702,625,1008,456,336,494,937,1023,1016,112,483,476,721,656,507,470,14,128,656,395,495,494,950,542,1000,595,25,19,60,504,400,904,965,464,975,594,590,82,904,483,305,595,111,984,904,971,57,902,470,332,848,471,848,111,976,1010,470,470,910,1017,728,464,438,461,400,448,1000,982,494,910,467,470,588,594,614,720,468,104,488,440,944,392,1022,470,976,290,726,458,468,975,152
480,568,634,1004,137,325,875,636,964,543,1008,500,358,966,885,515,58,636,830,886,964,537,796,1014,502,655,964,25,765,110,456,863,622,621,876,628,1007,978,381,793,244,1005,836,0,127,620,838,119,833,542,573,582,883,583,966,383,1012,286,965,889,818,284,834,638,730,623,1023,504,241,61,817,838,823,558,313,516,836,962,578,902,49,112,25,452,838,896,357,624,964,900,1014,997,1007,68,838,948,980,578,894,1007,1004,933,896,37,835,1005,1004,566,839,61,375,961,618,322,629,578,950,922,57,1007,931,487,758,880,895,878,368,493,1014,964,888,569,576,122,322,364,834,986,382,967,116,876,413,453,490,1004,488,772,637,541
1005,746,931,186,1015,988,211,494,1004,423,679,1003,722,490,346,907,978,173,994,222,989,612,619,692,877,367,990,485,215,1015,492,167,853,861,181,731,693,751,747,1004,861,235,989,674,691,267,236,197,725,343,499,108,988,220,699,629,243,165,534,373,750,19,372,404,211,1004,983,1013,171,468,229,213,1021,109,675,479,364,678,399,990,876,619,393,363,142,495,917,1004,347,559,468,223,340,995,722,735,988,495,364,1019,1003,876,212,919,620,295,490,238,395,903,746,384,932,734,722,178,756,987,181,524,476,436,244,491,883,785,253,671,364,980,396,212,404,134,748,471,235,692,875,865,356,652,364,1004,420,421,933,90,179,180
292,723,357,440,143,403,445,195,433,827,296,392,275,939,549,649,815,733,809,801,406,939,64,312,395,270,937,683,72,953,424,851,267,320,662,401,264,552,808,428,181,190,937,488,941,942,815,216,830,824,877,17,709,105,297,427,428,147,575,278,205,713,484,931,313,225,77,395,392,313,741,889,251,441,262,8,956,440,320,17,185,784,57,299,321,671,654,211,249,379,791,323,824,415,827,555,248,969,145,401,149,320,777,285,763,1002,393,242,415,185,825,456,1011,731,1003,445,433,793,43,297,152,139,451,939,467,937,267,934,985,219,667,933,147,452,320,64,481,441,441,185,72,721,903,280,23,704,401,265,27,267
889,364,699,765,771,181,157,665,725,821,882,797,197,956,821,643,589,829,157,441,789,589,693,771,193,181,640,307,233,674,901,725,285,283,322,179,925,900,949,861,771,749,327,395,325,709,772,153,669,675,653,373,757,323,131,157,773,845,268,196,297,666,768,197,669,197,269,771,317,413,133,485,772,389,286,754,761,331,461,772,797,934,452,764,148,501,643,1013,277,653,709,669,673,325,244,660,965,189,693,155,300,506,219,965,874,809,178,685,821,716,421,781,855,157,645,952,891,899,365,421,1013,901,242,901,885,389,761,852,637,141,709,698,245,385,461,416,702,908,926,837,653,645,183,251,152,19,785,244,258,285
434,596,626,820,852,1012,266,409,380,305,270,417,434,116,116,50,640,410,860,556,144,256,107,984,298,636,104,496,778,48,98,635,176,268,114,72,259,171,66,732,512,508,786,424,1010,104,690,468,114,116,4,372,772,682,696,307,132,296,242,296,922,426,298,117,406,690,770,50,34,112,519,216,236,952,900,309,882,392,380,472,665,620,492,756,104,620,122,2,918,648,116,180,220,424,386,346,113,4,628,1012,116,380,468,178,920,512,660,42,258,899,936,1002,424,370,305,192,44,256,492,296,924,264,784,180,44,53,372,108,61,440,984,628,492,443,467,282,310,302,316,1008,808,684,444,810,116,586,628,10,106,772
492,993,753,725,280,298,757,1015,811,555,143,979,339,216,110,1023,849,746,867,393,729,721,265,653,1015,526,299,379,374,907,381,1010,727,339,533,938,497,241,279,906,929,1002,757,361,999,1005,705,147,862,999,668,877,1006,726,895,979,905,41,860,851,518,19,268,851,903,874,483,488,268,981,366,337,106,280,686,867,922,252,737,765,983,721,668,873,869,855,343,850,854,776,780,743,1003,1006,698,855,683,942,777,871,849,537,853,362,238,377,344,47,684,807,996,744,265,942,200,991,83,382,522,777,917,1013,874,815,277,201,540,723,523,741,137,213,878,749,743,871,981,147,238,849,1011,382,151,861,396,977,669,893,710,891
125,590,78,423,403,101,974,444,458,420,365,39,443,460,467,454,60,965,590,572,396,444,507,492,122,1018,460,507,127,13,1002,933,623,59,37,213,123,33,549,125,66,974,954,970,674,1020,983,469,123,138,636,618,474,177,581,254,87,71,517,494,421,546,397,303,51,390,446,709,91,397,76,485,467,956,506,43,627,37,469,118,1022,451,83,634,493,124,291,579,997,35,197,421,211,506,67,61,429,123,467,126,638,38,76,575,453,450,493,389,405,903,466,1005,970,940,509,125,142,455,458,84,83,469,451,453,138,1011,340,67,98,578,980,110,963,127,430,618,34,86,691,511,468,1018,509,458,122,468,586,1020,981,535
26,519,805,902,92,851,668,286,550,654,534,95,643,519,518,258,860,926,26,337,110,625,560,855,699,536,646,546,986,4,882,946,563,521,794,810,95,794,597,550,30,698,590,802,546,779,342,602,514,858,518,602,264,535,548,350,542,330,734,586,554,30,668,257,287,1022,546,388,926,519,522,25,925,554,88,582,558,518,934,550,586,614,47,590,6,600,598,20,642,265,647,768,849,837,581,450,261,514,654,267,642,70,540,22,770,821,2,270,545,516,34,516,266,95,470,29,666,446,285,518,632,926,299,266,538,120,97,283,258,321,404,573,609,28,258,542,38,517,782,514,770,582,550,94,555,692,697,606,26,594
571,537,820,968,182,894,294,774,359,246,520,23,855,805,1014,600,827,891,981,950,780,1017,727,117,666,806,597,795,809,400,953,0,886,809,904,886,854,534,826,666,296,0,521,982,534,675,770,697,90,788,266,506,864,376,834,708,118,869,871,983,938,122,652,770,822,885,886,857,246,928,553,826,86,806,782,27,235,893,602,889,886,340,340,212,652,550,136,648,982,27,601,730,807,980,820,598,857,77,824,280,293,884,830,78,212,791,670,886,653,663,822,544,885,768,886,10,874,897,590,853,790,620,648,780,149,514,871,650,628,591,182,536,888,694,662,155,884,131,729,247,38,889,602,1010,601,890,768,806,893,870
599,612,426,752,744,584,626,987,715,204,583,219,624,502,196,171,738,737,500,199,754,498,715,710,448,1023,184,455,244,635,824,491,829,694,193,479,738,726,876,766,754,733,1004,892,665,708,972,680,233,709,218,351,232,672,754,235,439,243,196,478,755,755,746,535,752,392,492,752,469,764,416,745,680,1005,766,759,562,695,735,1015,763,1003,624,602,737,740,217,728,725,961,607,487,747,574,809,572,555,565,460,1000,479,713,755,1004,374,968,587,756,688,199,696,734,756,745,726,744,720,488,709,683,720,104,580,716,560,738,744,727,711,479,464,656,524,537,712,1013,624,746,741,733,529,448,236,1013,774,1015,877,24,730,692
989,278,975,912,926,275,823,31,514,23,763,558,978,530,269,415,816,732,543,703,415,915,307,863,397,400,63,3,768,270,722,419,52,471,307,807,979,659,465,703,402,542,809,990,825,302,271,679,415,386,844,578,898,274,531,387,667,650,446,400,446,850,792,976,414,798,287,272,977,848,528,546,671,396,267,271,275,540,787,494,147,253,399,966,477,19,560,951,424,526,471,268,413,284,341,819,273,287,403,233,410,798,575,400,131,983,491,514,627,535,426,307,563,476,551,1010,467,460,671,598,256,701,402,467,799,403,63,269,964,907,898,407,256,860,402,559,927,531,786,772,903,802,406,81,407,386,403,799,415,396
39,240,0,768,397,862,554,652,515,272,332,784,540,568,73,348,520,624,518,663,516,569,306,856,565,447,264,768,61,263,968,284,816,45,460,267,392,856,274,50,338,264,718,590,780,453,261,271,328,850,432,770,256,458,602,266,506,513,332,396,161,385,273,33,404,288,656,844,424,371,521,0,256,266,92,270,524,144,297,265,337,829,570,512,233,87,529,45,788,496,909,263,36,268,797,270,268,256,264,716,312,263,260,816,720,36,44,769,391,810,267,263,257,292,260,552,268,456,526,8,461,350,796,532,298,264,720,312,533,795,519,861,264,103,850,993,282,570,369,516,280,36,673,595,259,812,384,639,413,257
32,39,267,11,587,311,772,559,60,60,901,72,32,84,20,10,539,523,667,335,311,772,304,52,260,35,267,35,775,11,539,319,261,612,19,36,539,47,923,540,788,316,305,10,256,42,540,775,323,791,260,532,920,56,47,35,675,263,776,272,534,539,263,39,287,697,295,927,556,42,662,551,571,282,63,263,567,27,71,39,266,75,567,39,43,267,517,83,47,543,52,260,59,619,263,331,335,267,812,595,267,50,523,654,49,551,523,571,308,47,551,260,27,47,536,273,160,859,266,119,560,260,340,563,651,539,571,7,71,348,267,522,540,264,72,267,343,943,275,535,24,43,523,516,306,263,263,539,267,779
976,835,169,581,689,710,990,102,965,938,906,650,599,241,974,978,905,394,642,1002,986,1010,939,614,1004,938,763,68,1002,644,1002,938,966,870,715,718,901,974,366,997,928,522,234,714,964,997,988,936,250,937,196,474,1001,925,1013,682,933,866,648,226,835,1006,104,718,243,966,24,222,166,866,82,521,1021,704,686,837,706,1006,325,194,972,964,966,981,845,946,509,366,615,414,366,966,889,455,78,426,70,618,976,957,729,366,560,325,242,42,1004,84,213,709,236,170,838,1016,134,1006,197,1001,357,441,967,234,933,840,914,730,1014,837,1005,986,972,965,224,940,578,365,937,1010,1009,976,324,1005,120,983,1001,845,621,1002,1014,990
510,939,673,987,769,201,250,103,885,731,523,7,883,557,556,726,731,375,731,1020,193,129,349,602,1017,710,67,727,358,881,1013,987,218,971,78,842,307,417,727,281,603,731,81,218,401,359,822,949,743,879,599,1019,245,538,126,849,734,117,1022,118,849,903,1019,801,598,785,373,714,950,211,901,328,317,732,887,765,47,633,601,629,757,825,597,855,818,382,1014,789,247,273,731,599,582,509,981,281,763,858,706,808,709,6,894,251,890,858,383,895,767,281,597,331,527,713,725,789,525,378,475,551,248,766,542,213,895,621,409,785,197,353,986,857,1022,791,365,795,488,867,773,913,889,302,195,374,583,603,31,967,41,469
538,404,668,660,446,648,403,720,406,157,673,598,400,831,530,530,902,797,657,725,541,672,637,643,984,661,725,216,376,642,674,950,394,530,192,602,462,602,694,895,69,89,546,471,461,709,346,269,589,390,715,144,386,800,1021,870,642,666,386,201,1018,958,282,210,569,414,394,438,581,642,724,337,472,700,153,536,662,152,280,694,304,308,278,342,579,402,462,400,641,429,694,302,597,516,154,700,918,958,428,171,594,594,956,604,281,979,754,484,948,664,537,76,657,261,901,677,1016,874,385,470,661,407,957,854,430,798,953,564,413,45,157,223,410,826,650,26,550,538,146,413,420,828,664,859,198,149,958,431,169,409
981,985,508,742,242,418,737,466,508,253,461,231,241,759,226,630,219,198,751,235,199,159,254,228,450,450,494,726,252,944,233,254,252,766,223,970,1022,112,238,253,455,476,478,454,392,451,210,764,464,400,451,253,464,464,741,448,964,510,448,719,253,450,737,499,240,494,230,496,201,239,1020,464,450,473,413,239,62,227,442,731,737,163,1011,493,448,737,704,236,450,227,255,477,715,254,241,254,191,252,757,236,72,654,828,706,628,637,487,492,385,63,158,218,488,464,485,197,254,754,234,465,486,344,766,718,194,178,236,704,451,969,387,216,225,734,237,467,734,454,705,243,749,219,973,253,238,496,243,749,677,389
988,755,1017,712,1021,209,333,649,275,3,907,709,923,15,444,19,963,946,384,280,716,530,129,698,415,686,1005,315,787,841,717,655,706,713,335,514,969,275,963,451,989,969,501,985,131,909,131,203,899,121,205,193,266,989,2,723,1021,972,971,210,713,178,604,140,463,977,691,66,511,343,857,275,133,579,509,770,963,983,861,124,733,507,653,152,663,341,333,957,707,370,323,945,718,77,705,329,985,461,642,973,589,713,137,349,109,5,1010,835,114,587,962,323,749,157,192,507,285,1020,325,786,82,69,73,1004,969,989,835,339,588,287,275,903,985,337,477,152,141,653,579,482,954,260,679,179,509,3,707,145,963,979
917,709,223,894,357,917,159,675,663,4,884,671,414,927,17,981,747,739,75,388,580,87,11,1015,404,657,293,468,925,725,346,85,724,276,1019,919,14,421,145,646,243,987,416,228,261,647,918,772,709,387,235,4,739,469,15,705,469,405,398,79,483,145,644,677,404,399,718,922,209,411,401,264,533,983,61,853,617,378,297,933,683,731,991,913,723,233,579,70,922,646,522,7,483,998,563,260,340,77,897,983,276,759,1021,401,513,89,926,436,948,525,5,400,452,581,321,981,714,468,283,853,720,466,745,896,935,708,661,405,907,976,405,265,324,650,661,971,8,727,732,501,470,640,956,427,13,598,445,730,981,641
144,90,448,254,870,124,98,584,220,202,458,262,122,112,64,225,656,122,464,362,142,710,684,698,112,752,616,112,410,86,202,704,592,976,143,586,682,731,214,641,208,74,720,120,705,510,250,928,118,138,1023,512,75,742,706,90,454,722,710,251,448,144,754,750,752,238,640,394,508,112,730,574,640,154,976,640,236,736,750,986,230,122,196,720,122,208,336,762,528,90,216,82,544,756,656,602,714,180,224,202,250,322,142,480,698,650,718,634,114,512,726,92,978,1008,639,92,250,80,714,462,670,990,82,208,766,908,720,748,656,586,362,524,462,730,560,158,758,66,630,721,378,624,92,138,224,92,894,750,208,138
483,108,452,224,728,196,234,158,674,190,236,608,214,669,229,149,228,237,636,202,36,98,212,606,237,44,60,617,228,227,556,212,236,162,100,228,196,226,738,255,301,525,163,470,878,212,100,236,748,621,12,549,229,212,882,553,165,172,238,175,100,448,190,554,620,99,96,163,81,236,674,254,89,621,512,748,218,455,36,230,224,550,45,523,138,711,995,352,62,856,228,208,28,420,35,234,236,692,174,361,100,215,0,540,980,564,345,228,5,132,34,548,36,238,733,60,228,157,739,225,678,238,236,620,165,610,62,754,28,229,190,613,122,494,20,96,210,208,236,228,28,508,622,675,165,227,620,164,210,197
13,219,93,109,99,165,131,343,348,101,141,84,355,301,381,279,729,339,150,107,81,338,145,41,131,67,687,115,109,43,109,65,976,65,67,83,99,349,223,475,237,465,105,677,91,239,17,197,947,93,83,345,217,229,347,107,347,67,339,365,85,83,35,345,221,83,321,235,845,675,45,241,215,99,231,349,207,219,67,83,336,235,359,347,65,939,339,981,370,99,749,347,39,83,223,155,101,99,97,235,68,99,19,349,317,29,99,219,27,87,99,355,348,75,83,5,75,9,109,237,45,157,105,243,989,275,346,338,731,349,486,99,225,107,104,1,349,289,475,90,463,67,67,109,349,114,125,343,363,661
793,704,268,263,298,442,514,964,899,854,57,874,473,786,586,738,776,463,768,904,851,705,768,512,962,840,976,120,908,973,4,786,897,258,642,833,845,475,268,739,522,894,344,796,587,809,980,962,41,996,285,914,782,522,286,962,332,810,961,786,900,962,786,8,861,666,962,275,930,770,256,768,770,270,523,856,266,584,512,786,812,576,804,962,840,430,284,780,838,190,706,969,973,674,780,877,928,705,300,600,992,770,584,451,780,218,280,424,971,259,79,343,962,706,737,860,962,558,911,776,968,994,832,258,514,845,275,64,686,968,396,714,973,12,772,964,349,338,632,844,583,856,896,889,329,784,850,840,38,297
328,457,888,355,387,969,87,847,871,761,905,841,335,267,7,825,591,183,835,56,127,873,984,901,681,631,169,535,377,193,958,587,169,712,358,65,465,841,607,87,578,327,1014,70,217,584,329,351,585,993,345,905,131,533,606,997,68,600,55,898,151,883,841,9,63,425,936,95,889,841,862,719,9,996,841,879,633,719,559,579,319,359,647,344,126,449,601,355,677,345,3,241,325,213,905,840,343,543,317,905,121,973,163,969,857,455,595,719,879,579,232,835,452,135,713,904,898,343,904,115,691,345,697,617,337,326,505,849,855,369,969,529,599,265,223,334,968,7,719,377,329,787,952,651,841,583,835,551,380,965
672,183,636,823,183,850,625,631,566,598,103,693,656,48,663,55,703,567,560,54,928,694,592,55,625,124,679,125,743,887,567,694,183,742,624,519,179,631,657,566,637,183,692,247,695,444,694,625,524,941,639,183,568,103,624,60,637,188,593,624,567,935,755,49,739,754,530,881,118,727,567,854,909,702,806,639,566,229,566,631,560,895,752,886,663,880,855,167,630,518,125,151,637,688,687,630,566,678,630,601,662,663,739,662,525,567,550,868,166,183,544,646,188,663,568,189,647,275,693,535,688,185,624,943,886,55,150,624,561,207,164,631,801,55,702,886,703,255,161,337,52,566,124,630,500,115,631,544,689,295
430,360,412,958,492,176,356,753,358,506,121,468,464,228,958,422,187,872,1014,247,190,249,502,104,110,86,228,254,292,110,246,254,68,998,472,494,218,110,492,352,116,242,129,432,234,238,718,352,242,430,226,992,200,246,456,201,76,104,492,181,239,222,502,342,190,246,244,72,120,111,997,360,376,382,222,740,360,72,376,164,104,164,360,120,246,996,494,254,190,126,422,96,116,248,112,88,230,365,104,246,32,1004,486,120,1000,240,188,246,358,574,110,236,431,116,376,112,366,164,180,880,100,494,736,974,365,670,40,502,104,376,109,504,422,166,110,376,382,556,166,40,228,240,292,250,340,302,264,112,356,638
558,776,590,896,622,776,462,780,238,782,846,416,462,212,1000,1022,740,206,238,452,814,622,142,916,66,682,782,740,558,393,110,870,426,334,912,334,636,158,792,798,388,638,704,918,750,770,144,574,546,710,824,826,232,576,636,448,856,904,704,814,814,910,1006,783,814,910,590,782,798,798,526,174,216,782,718,276,160,542,800,996,936,590,607,394,868,820,430,840,718,878,916,238,484,876,866,535,460,864,222,420,810,136,910,769,254,10,846,874,902,398,878,896,814,996,788,902,966,936,666,878,588,780,406,792,530,908,896,772,430,910,814,574,36,772,18,908,438,646,798,601,766,390,876,936,968,398,270,686,964,426
704,62,153,684,758,110,876,14,526,566,568,7,512,615,644,2,164,836,45,44,982,93,756,308,759,60,886,239,229,622,30,575,767,758,120,552,758,406,751,831,653,548,593,244,62,544,960,254,256,678,676,308,526,62,556,62,880,719,46,692,44,56,246,181,534,758,182,788,934,631,62,708,604,628,574,679,39,39,780,572,574,606,316,157,486,679,270,15,167,718,27,450,14,575,576,492,12,214,152,871,524,557,740,609,606,12,496,788,710,568,109,572,558,41,582,615,166,538,155,38,582,230,557,734,996,53,558,758,60,550,620,805,966,798,62,750,884,935,664,185,994,732,63,366,238,60,582,216,270,623
820,926,999,287,813,510,827,742,484,494,826,1016,499,777,831,496,848,1006,804,821,1020,446,959,887,1006,350,742,108,492,950,623,71,444,776,623,552,110,366,838,493,394,502,926,817,278,823,51,802,878,886,361,828,824,399,410,942,186,838,310,1007,806,986,376,354,494,478,895,1006,325,876,956,293,887,902,478,366,839,350,410,927,878,948,494,446,886,46,877,60,494,959,494,812,817,799,374,502,439,246,288,943,853,886,886,366,896,820,800,942,839,318,292,886,350,1006,790,830,298,814,495,423,502,366,934,347,316,1006,847,87,831,374,492,466,285,437,879,27,824,862,892,460,350,337,291,494,868,374,672,952,370,446
887,964,979,821,838,406,859,872,582,747,563,855,296,836,841,875,869,898,176,787,66,270,498,872,179,234,950,876,426,909,885,332,885,907,951,781,874,855,500,300,50,945,310,948,434,949,874,873,236,130,842,700,116,433,884,53,947,785,360,857,874,876,298,118,949,560,872,363,575,947,857,946,936,893,315,834,843,82,49,868,808,438,938,884,875,877,945,618,80,835,843,491,877,810,881,352,876,907,534,116,936,881,829,371,907,852,885,371,841,880,879,884,311,789,875,115,319,883,361,578,836,34,880,878,869,847,847,373,297,864,947,843,875,436,912,833,900,947,573,841,947,363,843,907,985,812,878,881,824,585
437,888,392,281,465,465,891,71,973,868,801,391,354,368,460,341,906,564,329,371,348,469,661,466,544,363,595,708,849,841,129,74,64,465,684,832,529,400,247,16,900,348,179,517,851,823,407,781,721,345,404,499,591,409,368,338,149,338,336,868,335,833,903,656,209,855,113,327,520,329,433,499,906,379,330,815,435,857,449,848,363,587,393,947,613,838,74,778,849,985,267,859,776,531,460,628,547,347,874,938,406,787,731,335,33,886,78,395,597,274,609,659,330,138,979,169,138,465,849,336,499,327,427,721,394,147,628,68,74,771,601,397,113,992,747,433,363,853,120,338,295,502,874,407,808,868,19,405,452,57
444,886,262,894,510,486,102,436,444,470,310,407,824,486,804,917,184,318,422,294,486,32,830,508,1007,622,338,622,6,923,947,260,781,260,1005,486,262,318,694,302,486,318,428,486,262,414,386,878,484,996,271,318,484,428,830,850,287,719,318,502,783,349,622,774,364,338,812,366,420,414,366,802,917,294,266,305,486,286,371,798,486,498,438,463,498,230,486,446,482,143,300,318,776,484,278,340,358,930,271,56,878,446,438,294,102,878,806,302,150,375,878,998,510,423,958,494,250,878,286,828,911,312,318,484,958,312,52,766,560,887,294,872,493,726,462,318,350,103,422,351,950,351,898,466,367,510,310,262,294,343
552,1013,737,1000,1019,239,162,449,32,881,746,737,296,42,452,499,222,552,752,243,760,249,169,232,844,680,809,321,202,752,467,536,552,744,31,979,1003,832,561,370,743,41,961,752,693,805,628,209,497,882,221,714,137,297,549,155,211,552,240,1008,233,228,368,1009,884,817,760,0,48,479,449,239,466,240,0,296,169,169,810,498,42,968,721,43,297,240,43,27,465,744,234,1000,209,417,245,440,811,192,241,169,977,169,792,239,626,664,235,1009,563,992,193,205,809,302,417,869,496,209,161,929,211,234,298,193,561,205,297,154,232,300,34,295,353,248,232,41,497,245,305,233,667,484,471,17,116,755,756,499,740,242
684,732,73,691,520,660,120,542,611,763,621,829,696,732,646,544,717,115,645,697,968,765,600,681,625,844,124,686,733,525,595,699,684,634,689,686,801,683,663,661,677,688,651,875,684,627,689,684,556,759,629,673,697,683,604,640,662,630,584,585,691,580,625,593,693,683,644,689,107,532,621,200,586,585,549,679,156,586,672,796,716,841,685,579,648,627,664,685,666,561,576,632,701,385,748,420,693,591,695,521,676,684,680,629,652,595,765,721,658,755,674,648,685,616,68,665,672,621,682,648,716,521,601,629,680,680,664,677,569,109,594,683,643,695,651,749,696,685,601,702,75,732,545,629,728,778,686,60,684,948
1017,6,564,516,784,269,532,745,419,999,161,458,827,917,191,912,507,51,468,38,855,982,868,567,726,475,723,769,126,565,443,263,484,418,295,307,310,309,495,495,811,274,464,206,815,983,450,494,454,32,822,279,304,534,816,580,999,533,50,639,929,507,822,339,265,279,53,968,315,995,727,166,391,522,309,949,96,435,491,418,452,798,235,387,439,266,611,20,522,507,112,961,875,599,202,519,590,202,277,22,251,261,1020,182,980,405,419,969,447,43,743,545,459,970,770,307,571,15,420,111,397,454,447,542,307,462,234,163,311,811,906,494,888,871,566,435,476,55,75,201,238,486,0,821,569,1014,459,975,270,245
206,258,259,987,347,315,883,795,334,395,339,223,366,280,361,315,322,548,290,263,283,375,205,386,380,95,568,984,844,895,705,827,382,334,347,283,399,923,451,347,307,356,539,346,374,795,4,803,830,335,354,199,371,411,910,78,825,288,259,470,403,11,523,330,346,842,278,347,262,957,415,334,26,579,718,346,771,351,311,799,347,282,782,463,841,390,498,135,415,287,263,347,282,332,316,514,886,803,835,462,418,262,863,35,272,913,854,339,843,771,262,334,842,931,347,354,307,283,518,676,914,358,382,110,355,355,958,876,166,258,310,275,3,863,418,191,306,847,843,475,334,399,795,350,275,334,610,346,267,844
417,490,970,341,460,236,642,463,460,778,492,434,461,372,487,412,204,779,954,1002,4,644,900,482,202,931,460,290,463,834,458,200,394,436,484,461,778,972,914,458,258,834,874,279,698,477,643,171,484,866,260,802,170,354,687,181,290,362,514,364,1018,508,391,202,100,716,738,436,178,497,181,588,546,474,183,418,676,4,258,38,380,964,460,346,477,866,482,460,463,992,207,642,42,458,644,474,444,491,509,954,426,386,495,146,458,901,224,226,258,458,446,260,164,706,845,1010,770,906,698,330,346,474,460,475,32,403,42,1006,453,477,492,442,399,930,426,180,442,506,204,492,186,5,458,507,180,460,178,210,605,348
767,757,967,247,1014,707,249,479,247,916,247,217,918,917,923,219,1023,767,503,679,401,243,245,489,457,681,931,923,233,415,393,249,951,661,663,921,753,1015,87,313,747,501,623,707,757,241,249,915,529,223,243,919,439,759,219,923,207,503,207,479,243,767,917,247,935,1013,851,647,515,919,761,787,663,919,287,235,943,241,425,439,125,241,163,755,243,471,427,249,271,959,979,255,173,767,329,807,231,215,921,241,1015,419,945,443,663,937,641,437,217,423,427,917,235,213,657,81,455,275,247,242,247,535,917,249,473,939,927,555,87,219,437,919,206,935,935,887,271,943,927,798,241,473,473,219,429,473,918,1007,279,757
3,66,401,637,84,33,627,250,203,339,236,744,91,167,165,324,619,160,196,237,53,69,195,675,219,227,109,213,226,123,192,580,197,251,579,69,193,749,82,421,193,193,192,203,107,35,306,53,80,90,2,18,564,193,85,199,197,193,309,27,70,611,36,33,90,229,170,378,165,229,491,761,193,71,740,144,89,309,107,275,315,307,309,613,108,739,67,747,193,131,161,197,278,1005,548,197,3,275,35,52,619,596,213,773,237,199,484,739,18,653,69,261,171,133,197,161,27,213,196,747,67,68,451,65,194,35,211,196,129,52,93,83,82,83,225,237,293,277,203,309,164,619,65,371,51,50,67,294,258,253
50,191,314,19,20,51,51,628,307,450,468,52,403,338,880,444,180,378,62,138,21,534,117,444,50,28,66,820,340,242,18,20,53,116,147,594,84,82,404,146,532,434,178,627,146,341,276,167,114,92,58,822,530,34,163,181,438,44,597,19,48,18,178,467,172,386,80,116,176,18,276,146,419,18,84,470,404,114,19,820,116,229,174,114,52,179,3,317,308,628,660,277,434,849,51,435,444,197,172,402,460,180,52,186,884,627,21,73,212,172,118,35,86,384,452,561,108,18,532,340,60,67,61,442,100,496,406,340,50,530,100,855,117,964,593,337,178,338,414,242,578,18,469,960,444,58,19,196,438,532
876,124,477,314,275,267,29,4,76,60,18,636,912,346,578,320,30,875,882,122,410,118,147,43,24,659,43,307,570,125,571,74,335,10,342,443,66,149,341,554,277,410,634,21,280,11,588,20,874,288,893,690,572,253,266,123,801,362,298,102,44,562,276,21,11,952,378,144,78,10,314,260,328,349,882,402,14,293,124,60,34,330,587,45,973,10,44,270,403,850,13,605,332,146,256,572,853,556,274,560,332,258,717,14,844,76,940,18,42,258,874,405,570,464,810,127,788,125,316,556,636,58,555,333,28,856,628,125,58,44,2,144,170,556,264,354,383,330,404,146,27,748,44,842,125,570,332,373,886,571
656,725,480,422,136,375,373,38,335,241,243,605,119,328,292,113,148,136,162,23,118,604,209,146,112,784,94,644,347,374,116,16,908,142,144,228,142,196,338,134,119,221,235,167,374,464,3,250,485,106,224,884,217,269,885,482,635,117,870,182,112,881,16,118,112,352,146,291,103,884,280,338,354,243,224,181,372,374,349,82,244,4,158,488,307,565,288,88,102,216,346,885,495,757,5,419,374,535,287,342,167,389,143,318,18,303,353,230,658,655,30,20,485,480,369,6,288,368,275,225,111,275,368,374,144,261,375,222,375,18,116,960,3,608,773,20,117,23,128,150,147,712,708,111,375,374,854,112,648,711
61,737,316,392,281,373,315,55,498,905,395,795,770,115,1021,764,929,237,628,311,409,283,408,391,373,8,457,306,257,481,317,346,717,315,961,863,200,280,396,396,279,221,515,267,975,115,161,927,151,339,919,437,3,132,733,925,271,203,600,247,499,501,913,285,333,269,475,137,420,280,146,370,345,999,203,144,713,297,384,925,269,782,311,393,939,1019,245,760,375,181,1017,117,243,263,741,563,245,247,409,583,417,507,281,284,231,964,371,709,743,523,413,927,291,763,743,395,91,971,498,399,95,795,755,217,842,497,931,349,201,9,77,713,55,813,501,237,397,667,243,327,72,248,796,787,200,781,837,759,917,292
500,243,171,731,468,226,859,715,11,983,87,229,203,138,27,981,907,507,527,299,229,971,979,543,259,483,346,130,373,908,371,941,421,515,649,441,4,253,473,643,443,899,395,467,133,997,900,135,247,685,229,261,651,533,905,907,233,3,979,747,211,515,493,371,715,611,985,274,165,483,671,901,611,747,738,541,485,26,504,602,603,843,31,907,370,515,819,770,667,995,75,995,420,643,482,500,370,907,891,573,20,883,499,963,907,492,92,795,994,714,243,493,735,287,423,903,419,378,465,491,539,1011,485,773,381,731,93,163,125,227,1004,541,244,653,996,386,243,452,655,648,501,245,371,23,661,519,387,484,763,307
1012,658,724,983,438,660,187,174,724,758,980,565,567,388,979,888,834,978,766,435,568,164,436,530,738,758,851,533,532,610,663,976,660,835,45,534,956,564,1010,562,662,764,661,756,722,534,660,893,533,678,1012,498,574,880,690,62,721,662,134,756,888,180,848,1006,753,662,54,626,662,978,600,132,883,756,978,48,626,627,754,701,570,690,562,993,628,417,979,1012,683,539,723,1014,758,723,151,658,564,535,54,1013,660,666,128,738,660,662,594,52,660,818,756,976,742,982,981,594,930,755,184,742,658,82,116,541,566,756,982,470,628,531,758,914,528,901,642,661,680,18,62,652,690,156,938,254,812,659,723,614,186,184
917,799,897,415,921,919,753,489,926,949,998,1022,671,625,665,927,767,876,1017,881,1014,766,1009,945,927,756,921,240,671,887,776,921,1022,796,31,633,415,505,1008,926,921,620,671,969,913,1023,1022,992,889,374,465,510,1012,569,1015,999,756,412,1016,751,919,921,615,703,894,1010,775,990,870,540,926,152,1014,903,1017,947,927,990,870,753,664,753,777,920,921,655,920,694,926,758,926,824,1017,871,990,889,757,626,894,1013,697,991,1016,950,1017,415,551,692,631,494,657,753,983,215,936,1017,1023,950,991,1023,625,617,951,948,1022,479,409,663,1023,654,425,926,801,666,815,846,920,951,920,25,664,1023,631,7,473,608,742,518,9,1013
830,564,606,818,679,528,276,86,772,434,294,80,64,248,182,894,238,442,278,256,820,786,662,84,262,160,256,514,82,596,882,304,7,180,824,86,281,816,54,768,630,606,587,260,592,631,606,656,80,14,238,516,376,784,560,310,18,120,111,711,534,126,80,570,81,616,528,90,305,382,890,892,166,766,46,0,46,786,573,945,118,634,566,878,68,338,598,566,64,309,49,85,104,534,232,756,270,530,308,594,912,531,278,601,252,638,86,775,744,257,54,530,54,81,46,632,614,272,816,299,270,632,624,176,818,632,274,726,22,768,634,816,264,634,638,654,88,1006,199,575,820,258,560,342,816,824,532,54,630,638
592,80,573,376,658,886,786,82,624,964,18,537,848,776,600,630,882,656,119,628,592,768,852,4,816,854,58,908,58,626,254,672,656,8,914,209,882,336,530,14,848,886,850,720,854,886,340,624,880,160,51,341,64,534,854,895,820,599,982,156,188,666,594,178,878,534,50,630,200,627,624,720,626,624,854,116,48,208,87,836,24,730,336,708,4,17,981,574,592,210,634,470,274,698,854,960,86,180,978,626,252,58,560,912,884,855,708,184,706,308,848,850,53,882,176,854,308,630,121,598,698,251,598,626,570,848,496,592,274,122,851,34,860,18,880,406,94,912,704,34,722,83,578,627,792,530,210,406,122,530
247,721,727,17,743,217,176,193,227,695,21,213,227,721,395,297,106,735,645,615,287,236,477,878,647,216,414,213,182,409,883,178,411,177,441,208,665,799,697,663,961,181,517,89,488,153,643,191,190,209,657,139,658,213,720,241,757,180,703,413,190,702,177,281,154,341,704,237,725,720,660,473,159,692,633,412,255,472,759,459,689,729,209,691,187,695,694,215,226,703,750,1002,153,21,159,415,153,344,328,477,155,689,542,187,759,244,689,689,688,445,192,756,158,979,176,149,693,235,213,723,153,159,177,752,575,726,167,957,860,721,695,191,688,453,951,693,9,65,755,729,556,213,723,735,177,157,797,191,23,1013
790,554,676,683,675,765,561,716,600,706,639,233,667,671,121,641,658,143,672,717,933,646,201,933,522,722,175,651,677,971,255,550,675,566,716,690,934,142,654,750,819,750,236,751,714,782,746,278,537,620,635,541,966,1000,777,649,713,975,654,138,930,785,931,173,975,718,681,779,671,685,929,675,686,214,934,233,165,395,233,934,162,642,530,121,648,230,589,926,718,203,678,675,646,681,1006,714,799,228,718,169,430,649,646,633,763,675,546,907,993,254,910,169,749,907,649,719,746,677,673,928,1010,143,965,646,985,749,902,671,715,774,142,658,237,911,933,677,231,921,649,670,206,717,654,579,678,998,672,691,806,932
781,317,123,212,276,314,92,160,5,60,468,339,349,347,730,84,754,340,84,389,293,316,436,420,364,287,752,467,20,50,567,779,236,211,627,871,407,229,266,148,257,317,892,306,492,125,313,346,276,84,469,395,915,307,52,340,339,308,1012,307,212,308,453,436,754,50,338,984,124,381,265,748,35,90,159,636,786,479,374,192,339,381,332,283,980,428,80,881,624,300,259,596,595,739,851,51,305,304,636,307,851,726,469,126,474,308,338,1012,405,595,199,98,262,378,494,192,470,51,532,178,388,304,755,50,21,636,308,256,787,786,421,680,309,891,220,883,893,667,842,254,340,276,467,220,1013,434,259,250,198,269
688,589,206,732,656,697,646,420,760,916,666,954,718,701,326,728,830,153,702,558,660,154,412,556,574,700,662,618,619,734,928,696,494,477,201,221,764,74,733,326,922,253,766,954,512,733,73,946,697,761,765,222,222,238,153,667,660,554,662,668,474,1016,696,698,534,456,585,1010,957,699,712,766,634,662,698,698,696,254,664,153,701,978,762,73,660,606,156,558,190,696,466,798,763,917,153,676,746,661,671,668,762,698,1004,729,696,558,159,200,698,981,682,698,254,205,703,712,750,1006,922,656,728,514,206,152,656,658,660,728,154,572,937,1018,701,984,518,152,514,557,696,745,697,750,638,540,640,474,398,688,554,188
0,456,66,173,162,0,315,366,77,174,365,134,16,589,38,148,109,136,253,872,544,73,552,754,45,2,45,942,460,118,46,512,590,6,36,200,36,681,162,530,42,516,834,121,66,196,170,172,165,170,208,239,522,136,486,248,150,32,35,205,2,192,1005,161,361,289,514,92,201,555,139,221,145,589,684,460,200,74,843,205,390,557,515,158,77,624,687,47,554,456,392,426,42,552,701,34,188,175,354,72,515,585,521,2,957,163,461,189,512,173,18,640,568,1004,142,2,509,252,62,176,395,47,115,733,366,16,44,480,40,73,78,460,12,718,168,141,142,527,0,204,200,139,86,644,489,73,137,85,522,461
112,163,356,921,925,294,223,409,231,231,484,993,469,437,438,864,484,181,501,228,200,434,347,231,342,372,473,465,942,774,713,484,109,101,455,975,342,486,128,498,227,502,927,502,501,455,481,326,918,119,205,927,496,33,509,189,347,65,398,584,696,434,536,640,228,432,917,471,101,502,756,213,406,432,114,256,240,390,918,201,926,488,729,798,328,397,745,473,470,589,437,691,245,934,112,467,263,117,176,644,210,432,871,240,101,247,433,502,903,257,464,432,231,151,252,231,107,1015,771,503,71,410,774,728,869,614,238,479,402,501,176,126,496,663,999,117,216,469,252,429,183,179,981,348,733,409,994,532,359,50
987,779,525,779,779,140,611,379,879,527,551,325,815,780,654,123,779,867,864,782,777,369,268,893,505,776,342,783,912,335,360,776,831,590,544,653,556,915,258,889,671,875,844,1007,846,779,837,889,768,3,891,778,521,780,781,533,857,367,363,812,293,780,804,926,1022,927,803,1009,879,905,801,672,652,837,366,875,911,777,520,841,996,143,769,907,879,841,879,811,878,379,136,800,837,362,841,652,782,309,415,779,870,557,264,878,293,363,839,291,669,879,782,864,877,889,303,353,777,497,363,777,977,779,587,836,834,867,840,907,323,865,779,877,325,520,552,646,521,799,697,800,777,781,783,837,864,869,925,895,587,777
467,165,423,451,548,276,18,530,579,439,534,439,854,181,929,1015,779,436,932,85,909,338,981,978,288,211,231,919,471,1002,453,112,182,306,289,562,933,967,597,82,471,474,55,534,541,953,176,371,579,88,439,710,738,385,678,69,935,197,8,794,109,421,181,920,31,321,90,743,392,652,177,421,678,289,179,436,433,230,309,823,213,183,948,287,930,341,471,455,52,583,369,466,173,53,150,165,51,393,929,388,583,569,455,131,899,725,162,80,740,139,85,790,545,947,342,933,278,394,917,578,374,177,560,464,450,469,675,434,86,710,275,422,469,101,181,948,48,306,177,409,418,834,99,706,209,437,467,263,611,267
757,153,117,161,137,373,288,121,373,917,553,18,55,17,952,465,437,421,377,195,753,183,185,177,213,485,277,200,921,441,177,145,85,180,915,945,1009,367,561,241,689,688,481,189,212,49,117,373,435,304,152,785,496,9,341,150,405,561,1017,213,117,513,69,654,144,1009,680,63,689,315,537,665,184,85,133,425,393,249,49,25,560,215,441,379,943,49,236,465,17,953,401,689,853,689,553,55,817,563,673,757,912,657,521,16,204,529,675,336,241,373,945,400,137,55,677,151,916,689,901,561,16,16,181,245,269,289,249,167,83,401,117,651,949,468,431,801,685,920,177,685,265,400,209,349,373,365,673,433,681,501
293,525,137,783,831,281,768,799,810,519,188,683,252,283,185,807,61,29,147,289,837,925,270,367,783,291,415,669,695,39,19,159,699,669,187,903,443,549,747,541,307,771,463,911,797,167,927,807,165,487,791,343,679,669,799,89,46,44,167,799,135,845,643,293,807,799,179,783,143,270,541,783,57,545,797,655,551,315,284,875,107,120,51,567,402,27,685,287,800,827,59,268,698,263,302,287,19,791,700,57,682,286,575,541,13,91,669,527,651,142,399,796,486,157,699,261,175,51,123,413,309,535,683,28,295,60,1009,927,171,679,677,645,415,655,235,671,927,799,551,676,59,952,618,789,360,549,314,679,679,275
168,124,219,120,320,278,162,240,406,44,102,352,330,46,82,98,52,182,534,85,218,20,126,120,1023,470,251,229,404,156,267,20,10,56,232,446,20,540,426,42,228,634,148,186,152,64,188,332,382,316,98,122,46,376,40,276,505,488,148,125,90,214,276,62,520,110,90,490,58,506,40,114,134,20,84,62,428,122,318,558,234,150,510,10,62,572,6,478,60,504,10,114,444,56,62,294,32,428,60,342,126,32,165,900,262,444,314,998,280,40,494,314,62,316,250,174,1020,74,730,926,106,510,60,226,488,638,68,426,640,70,318,254,488,442,24,22,174,138,622,122,62,123,772,26,666,312,358,98,26,139
413,909,29,665,259,213,413,60,926,31,605,409,955,765,249,445,249,173,733,435,15,749,761,573,157,405,285,159,535,59,29,175,62,661,157,187,143,183,701,1009,523,789,61,447,149,63,149,63,177,28,665,413,925,267,405,59,417,29,657,21,173,755,413,63,395,708,445,281,953,27,201,815,157,797,159,379,1019,277,1009,57,233,923,83,753,570,751,781,493,819,284,617,187,63,829,983,179,753,697,535,689,505,918,461,313,153,21,569,447,955,811,413,895,433,505,191,433,747,665,809,187,957,151,149,633,537,121,635,969,21,277,685,829,917,191,41,147,149,1005,533,435,187,443,21,313,667,151,29,605,1001,407
209,71,427,47,755,323,51,123,315,67,117,279,187,19,315,379,187,283,315,263,199,351,251,441,117,661,303,311,83,287,10,57,285,383,105,23,343,40,567,43,311,275,145,211,129,45,891,277,569,267,17,401,59,325,171,699,885,59,339,931,491,315,183,267,787,26,427,271,272,275,123,315,179,315,87,311,153,147,11,303,535,57,501,186,174,253,16,426,19,55,895,63,304,339,306,107,315,519,282,319,107,273,367,273,287,105,339,327,821,311,297,115,275,251,379,799,19,371,315,87,187,785,187,555,343,19,21,375,369,309,83,391,66,275,19,539,359,471,55,283,41,87,399,469,55,275,331,375,535,247
107,71,381,325,367,613,327,111,71,369,767,343,552,592,193,96,193,453,493,69,327,325,479,233,127,455,201,71,362,101,471,609,453,113,69,127,627,109,340,69,327,85,324,199,99,199,853,569,304,327,355,343,945,811,71,111,35,35,352,775,357,949,197,238,257,85,343,483,340,289,87,232,769,834,351,225,360,380,197,325,97,97,244,617,196,123,197,147,214,544,836,215,325,343,96,485,613,127,455,71,349,196,255,455,530,849,225,371,212,327,225,752,69,68,340,359,293,33,197,80,326,235,367,69,691,33,224,343,109,71,425,33,224,297,210,81,105,117,355,56,1011,357,96,101,199,199,453,455,3,151
487,485,491,13,42,116,477,859,99,33,483,404,469,909,33,269,21,929,341,443,213,13,96,423,123,35,417,486,293,96,681,35,271,497,161,432,13,267,479,104,427,288,491,482,417,333,415,533,335,502,431,489,397,117,101,463,85,425,461,502,13,77,433,83,417,461,949,12,13,33,15,4,423,174,413,269,399,463,425,435,85,863,483,13,477,439,42,407,415,53,505,441,397,418,397,423,422,427,355,421,469,100,15,949,55,417,96,471,372,415,78,423,415,71,482,501,395,79,97,489,553,269,41,909,35,397,459,224,333,501,417,463,398,929,53,463,269,98,399,57,457,483,98,13,75,104,399,102,269,438
714,202,723,72,14,979,578,243,992,618,969,1006,974,456,610,38,483,970,250,902,39,74,72,458,608,591,622,738,526,606,559,46,586,586,108,586,194,549,508,459,978,960,400,78,107,1006,596,114,998,242,466,736,526,107,591,451,74,962,232,38,590,590,622,200,498,235,526,82,66,587,622,579,462,567,450,482,984,224,616,330,79,490,42,206,103,963,214,978,994,460,751,76,518,458,998,550,99,96,480,586,111,960,207,74,490,584,488,514,578,595,460,616,587,126,620,590,580,726,587,398,98,104,77,682,971,235,98,975,459,591,970,614,496,978,1002,64,614,460,1002,516,104,898,970,482,94,74,14,110,79,66
197,772,212,345,356,328,449,988,451,479,352,476,368,866,236,761,732,360,708,208,224,330,269,344,204,457,196,222,1018,745,226,974,321,730,352,708,476,977,195,830,257,376,169,177,773,648,404,216,802,285,728,238,766,460,718,490,196,760,221,360,223,458,352,1020,408,451,458,705,881,420,353,473,236,921,838,456,217,864,856,825,588,216,984,711,324,75,408,212,774,232,407,192,192,192,344,376,270,192,177,208,722,991,158,1000,452,241,223,252,373,232,634,409,456,224,776,872,213,204,216,841,164,194,489,1005,460,192,399,220,196,232,744,92,353,484,392,656,764,449,134,252,861,224,375,750,325,232,972,460,332,648
689,260,839,162,324,232,12,360,391,1004,356,837,480,229,480,52,197,300,77,480,460,444,552,296,265,84,352,264,325,104,364,492,495,360,45,224,274,453,0,136,268,840,325,111,360,494,484,480,529,340,396,256,148,324,480,332,1005,236,455,256,848,148,256,431,361,259,384,260,908,429,512,180,140,301,140,143,204,641,389,172,992,352,164,645,493,397,820,418,494,494,771,264,428,428,406,481,908,160,428,387,492,271,109,428,934,140,393,865,418,301,773,460,4,164,204,204,940,612,360,335,256,342,265,812,129,236,325,300,260,291,327,256,884,256,821,387,396,776,301,332,506,385,800,912,708,393,301,493,288,752
359,97,384,36,71,167,293,103,615,613,549,805,901,818,417,942,307,69,430,5,896,161,640,100,482,319,427,427,358,943,37,898,935,871,898,615,802,421,387,901,399,357,47,37,587,297,421,547,931,613,447,930,485,294,897,423,933,417,361,365,421,623,175,613,119,47,935,493,901,783,103,911,427,229,165,867,551,42,110,933,118,549,614,101,910,694,37,190,1007,75,101,101,289,125,1,352,621,417,1,103,517,321,293,417,621,677,325,109,101,997,618,101,102,805,373,293,99,554,359,356,38,417,935,897,45,297,245,546,1005,565,931,37,939,293,678,431,485,421,430,867,551,397,43,303,293,43,389,581,591,427
26,87,87,31,91,442,147,1017,56,979,51,470,505,455,691,31,115,511,121,95,504,83,95,219,443,221,437,507,411,667,123,117,70,87,63,123,823,123,127,214,57,123,247,243,123,19,59,471,95,915,31,55,922,51,91,27,447,119,91,483,31,570,379,31,511,387,403,607,57,86,123,91,223,474,25,19,86,115,475,215,499,51,119,510,500,471,439,127,279,498,915,411,83,307,923,23,459,915,151,531,151,87,243,57,507,27,61,59,59,607,599,246,29,123,500,411,126,471,763,59,26,91,54,93,506,27,443,347,86,71,23,443,59,49,147,90,122,411,51,59,83,27,214,91,467,119,91,435,183,119
809,441,953,803,329,5,393,424,41,169,65,43,328,264,171,681,9,939,424,299,72,40,416,457,491,425,409,424,105,425,43,265,424,40,393,418,426,105,549,937,137,33,489,43,57,168,171,43,47,47,486,480,173,393,1001,299,185,939,456,424,9,808,41,13,43,71,873,21,199,256,618,973,425,393,504,41,937,51,9,491,425,40,365,392,361,360,320,429,427,169,13,111,618,133,296,168,168,393,357,105,33,43,40,99,328,8,419,456,107,417,490,683,939,169,363,77,104,107,179,109,328,363,136,937,42,936,9,366,683,424,4,96,107,426,297,105,397,106,505,363,456,936,68,105,123,969,157,8,539,0
537,169,879,823,895,700,744,652,653,756,262,245,52,584,883,238,705,236,167,805,528,831,807,761,852,220,214,212,964,241,695,713,900,764,60,712,791,759,308,724,1012,732,692,728,128,157,661,959,369,653,165,244,821,732,709,1015,660,216,173,261,796,728,833,253,776,820,247,716,301,830,1014,812,244,200,727,173,723,230,119,119,200,215,556,376,744,708,727,833,243,725,740,1011,760,180,180,805,976,268,183,368,1015,180,235,248,300,220,576,1012,707,262,39,705,975,821,612,733,844,969,817,842,716,678,726,724,724,220,135,252,660,764,757,311,892,764,685,758,247,200,570,211,196,912,728,244,848,568,740,962,840,332
845,403,767,187,159,767,31,271,335,879,733,319,221,333,159,269,271,343,143,367,380,223,241,205,607,671,655,653,782,119,223,159,87,335,131,158,94,77,734,285,303,135,262,143,158,351,335,31,602,203,655,175,159,286,269,647,207,839,367,765,606,723,141,159,183,733,815,605,643,847,111,79,303,221,255,775,430,91,207,157,705,527,607,223,367,143,139,335,831,397,143,479,142,141,143,174,93,348,175,175,141,703,143,71,351,271,719,287,79,23,335,175,503,382,347,351,215,686,535,239,175,87,303,205,13,187,223,85,175,231,95,687,239,143,275,473,221,671,71,143,351,335,191,695,719,327,255,663,677,143
178,228,240,242,178,164,290,160,272,752,164,240,242,306,356,334,244,288,252,177,292,234,304,214,502,500,306,338,45,244,305,247,240,240,240,244,293,192,241,998,279,290,246,244,48,164,226,372,236,244,236,36,243,245,288,372,244,304,36,215,244,290,244,353,246,182,246,749,230,178,320,244,174,228,242,241,289,241,208,224,245,228,241,229,368,310,224,178,240,244,308,1012,374,354,306,228,54,369,52,58,236,34,244,161,244,256,304,52,244,52,245,289,756,336,304,48,308,32,336,278,241,818,244,34,353,241,308,1014,294,228,210,177,226,304,357,224,244,756,241,307,52,226,432,181,244,304,492,499,368,240
338,832,256,960,276,268,864,772,786,576,192,490,513,832,367,308,28,81,64,832,780,915,848,645,459,460,149,796,336,853,976,72,840,330,167,850,864,77,840,332,797,400,402,578,848,163,192,158,881,4,716,973,73,456,6,476,336,108,398,849,277,791,837,893,780,476,847,194,448,878,797,476,472,842,328,352,784,832,456,156,344,784,622,336,660,784,796,576,976,402,460,340,1000,272,912,386,321,772,791,988,988,600,977,277,785,206,490,576,20,340,840,396,660,579,320,452,74,936,148,847,360,493,860,910,842,833,476,819,339,860,476,832,850,209,206,448,600,974,540,788,538,475,208,532,461,912,158,652,720,450
523,735,727,706,1000,735,715,303,347,824,872,719,756,515,755,203,766,747,847,847,741,719,719,707,743,719,975,459,825,847,713,719,719,716,667,239,715,983,874,891,699,447,975,719,755,711,199,719,763,195,855,991,815,734,207,718,31,719,159,967,707,751,543,711,629,200,222,607,719,751,847,745,991,207,847,351,756,863,718,631,891,843,888,741,599,59,763,840,715,847,199,719,719,459,876,838,650,751,745,749,859,719,744,751,719,707,733,735,719,687,991,719,683,475,463,584,723,705,747,876,207,763,61,543,745,475,732,719,362,744,557,747,419,711,581,699,747,540,968,891,515,559,715,895,735,878,651,591,463,776
373,403,535,993,535,607,27,485,23,390,118,343,117,471,791,421,39,31,767,53,509,501,511,1013,53,23,87,926,511,95,1023,479,71,679,247,1023,982,502,726,565,607,119,550,654,990,551,991,262,983,518,530,10,470,951,95,533,542,455,125,971,758,415,991,479,246,502,687,413,767,95,95,421,119,511,150,915,1023,987,215,1019,433,983,503,787,181,514,599,927,1023,990,918,566,501,599,567,63,391,421,117,541,215,127,479,1023,495,471,19,135,187,565,607,293,183,253,503,914,693,535,501,350,439,634,511,86,979,502,1014,503,538,1014,607,71,114,1023,565,623,509,983,487,598,443,638,455,950,215,575,79,534,711,545
400,346,432,337,928,424,440,688,400,908,272,432,625,402,48,424,954,30,922,888,414,16,914,432,992,432,58,154,848,400,372,344,913,148,432,336,203,80,478,436,368,153,341,562,503,152,884,821,25,892,920,80,946,374,340,48,568,346,364,636,946,336,828,368,58,124,432,314,438,275,364,94,944,432,114,62,336,252,784,410,340,447,980,351,332,786,272,824,328,29,786,372,340,824,435,402,16,401,336,410,281,0,434,946,926,372,476,84,434,440,304,410,818,306,222,51,440,408,476,624,572,442,888,436,460,188,126,913,688,402,947,954,766,914,952,410,954,912,400,336,433,56,410,408,400,108,560,948,116,372
365,959,451,426,411,486,388,995,476,673,495,703,413,414,407,486,399,560,390,640,801,511,508,443,415,427,493,284,466,384,397,387,396,398,827,451,670,467,245,394,909,610,261,644,387,399,415,298,435,409,391,411,270,386,380,415,413,176,448,354,478,905,259,422,492,508,334,458,236,663,408,393,714,646,490,123,195,385,762,415,373,0,396,413,270,510,462,415,398,287,441,440,385,249,352,412,271,429,398,398,499,444,364,388,415,414,399,415,511,418,366,511,156,926,702,388,452,178,415,442,351,415,370,411,271,958,454,502,130,352,503,480,319,378,414,156,270,185,259,487,443,465,384,925,377,781,994,157,404,413
505,664,631,90,377,497,160,541,393,480,507,657,147,912,762,411,723,886,117,156,664,538,506,728,410,764,897,793,656,506,730,379,762,913,765,147,562,157,153,760,249,137,254,667,378,408,747,154,244,913,216,149,152,424,756,488,898,297,118,643,667,664,120,244,409,401,506,40,122,400,666,505,591,155,481,536,539,262,664,915,849,659,129,378,499,659,16,255,158,923,925,248,1001,657,729,489,507,401,465,760,888,682,991,649,912,508,923,706,912,415,251,722,995,760,410,248,380,240,663,120,631,1017,328,922,412,737,528,250,226,377,306,760,296,408,254,232,248,414,705,663,408,764,385,467,247,475,241,760,414,372
467,246,256,668,447,362,284,174,215,478,690,733,414,158,476,508,887,709,733,661,472,397,436,703,156,511,413,439,92,510,476,173,350,93,412,856,669,692,507,479,221,638,566,484,667,27,677,272,205,477,467,284,508,478,222,149,431,29,93,127,702,511,249,477,189,678,397,439,357,30,675,447,467,991,71,445,39,221,325,263,400,141,765,254,415,284,223,413,461,479,255,37,486,464,479,215,7,190,646,28,479,221,198,285,724,231,326,734,502,414,230,493,240,414,26,477,477,456,156,251,526,220,141,413,509,215,221,496,399,208,759,145,508,446,511,505,670,727,361,31,92,735,158,557,489,415,767,285,498,416
728,600,439,824,633,188,568,828,216,764,216,218,164,639,863,788,179,576,159,103,600,415,760,55,600,186,175,956,219,564,176,956,632,602,178,123,475,598,673,151,891,186,504,432,199,176,675,944,639,179,176,219,250,882,824,188,542,187,831,636,348,479,447,347,403,215,184,180,966,959,568,36,576,816,606,184,713,255,124,456,600,127,255,952,62,447,601,474,957,48,508,690,1009,218,277,191,600,62,632,575,471,595,633,842,743,731,699,891,940,668,176,407,601,987,190,208,474,580,439,800,317,995,952,604,475,179,176,958,312,432,254,32,127,177,859,762,924,895,703,598,144,604,600,187,231,48,255,63,123,607
322,65,75,144,961,378,978,985,967,58,960,424,357,422,394,953,186,901,848,944,954,441,674,729,186,418,56,824,424,346,74,250,986,169,654,656,984,58,952,184,901,882,952,156,185,428,866,953,514,249,822,133,423,960,965,1017,952,194,443,17,311,978,440,951,985,959,514,957,992,326,985,697,482,964,434,184,323,945,179,902,250,945,187,312,441,98,283,549,789,194,368,931,66,421,281,960,385,74,945,251,801,57,133,141,917,465,440,955,376,963,930,993,250,117,982,317,984,501,25,338,200,458,822,1010,962,986,925,131,245,935,946,857,984,945,505,965,952,478,346,981,1001,450,705,312,703,1019,664,354,954,917
804,843,819,800,416,73,803,440,249,576,804,803,819,547,79,33,423,843,34,104,808,835,835,108,75,43,552,947,819,803,238,495,140,832,792,485,807,879,576,851,812,35,545,803,815,34,811,843,844,771,771,835,809,819,848,770,419,34,811,204,127,803,771,819,595,792,819,104,963,675,28,331,424,844,14,805,855,803,547,83,547,815,467,328,800,831,800,322,544,821,76,800,3,811,512,803,79,840,880,675,992,3,751,547,559,840,39,873,975,0,819,800,800,771,672,156,552,851,843,771,546,32,840,239,808,44,423,803,525,768,800,847,874,35,72,55,847,555,32,803,807,80,768,803,803,32,587,1007,303,75
399,511,481,646,388,424,502,478,703,711,996,387,712,389,509,801,963,386,478,403,947,458,331,967,388,425,439,390,647,154,766,190,414,205,662,391,773,715,419,987,446,645,935,510,223,391,473,391,388,492,424,453,391,413,495,257,453,550,413,237,484,457,1009,487,419,507,451,481,343,395,483,442,510,937,511,414,809,474,398,455,485,163,332,486,429,390,453,637,640,350,458,485,390,462,389,421,445,390,150,683,461,461,393,600,478,702,251,389,734,457,457,451,390,388,404,468,397,475,707,494,388,442,506,386,494,414,663,411,511,393,229,411,403,510,135,627,415,409,349,189,452,402,345,461,651,446,398,446,254,506
408,518,454,492,374,935,806,871,341,438,822,926,992,489,773,486,484,922,461,812,428,598,508,958,662,918,502,874,981,856,826,885,367,374,458,365,913,334,320,404,440,958,613,854,745,937,836,354,838,484,806,719,985,566,406,494,965,420,886,660,509,1004,654,789,789,1007,970,942,394,500,356,469,1014,853,630,869,853,456,333,777,393,510,905,874,741,918,194,918,999,1002,832,748,856,854,917,501,433,501,489,502,981,553,468,422,822,648,486,855,797,970,412,374,327,844,406,746,940,788,814,407,905,906,494,906,884,789,710,457,446,997,410,332,570,918,846,115,796,36,12,847,789,660,567,333,858,926,502,486,486,885
515,294,888,846,446,219,520,35,801,770,210,319,522,32,119,768,807,807,39,511,801,32,400,1004,288,876,50,299,294,807,200,328,814,872,515,484,288,358,816,476,290,519,797,72,596,6,208,487,4,0,828,786,290,50,833,115,946,226,239,310,292,1,874,452,467,72,260,773,7,260,258,456,776,833,125,34,11,110,259,551,352,35,778,35,4,10,190,784,108,200,231,353,295,261,893,330,39,801,896,330,587,770,452,892,35,809,229,310,145,38,834,775,487,788,800,256,804,331,843,854,592,431,773,513,43,273,517,1020,807,512,660,48,851,392,35,778,33,776,841,119,860,331,326,800,3,802,852,774,847,262
895,797,445,604,479,286,223,790,542,476,518,252,703,583,796,540,860,447,990,563,532,543,551,542,318,560,278,828,882,639,799,574,540,604,627,636,92,829,415,915,539,636,607,895,863,639,127,532,604,583,967,543,784,599,551,607,797,822,348,620,532,868,595,626,854,23,639,855,518,548,316,671,606,860,348,532,316,604,912,660,667,260,670,796,927,606,607,402,732,530,974,607,614,572,532,723,636,860,543,479,636,660,607,284,528,574,540,146,532,767,604,516,607,543,383,626,957,600,540,292,319,636,607,351,540,615,282,927,542,231,319,540,536,720,615,528,575,763,531,593,607,635,285,16,285,519,543,572,540,679
399,144,162,423,350,395,872,96,225,351,656,424,62,226,286,88,416,408,441,144,777,340,264,89,359,592,780,296,427,616,363,738,504,168,329,372,269,264,833,38,998,16,13,39,104,389,440,679,357,33,108,303,8,781,135,68,184,89,936,385,192,409,487,101,391,186,41,300,32,425,265,412,969,1019,360,423,9,752,147,328,264,32,96,872,967,777,400,936,128,400,504,577,425,776,936,360,399,258,297,87,173,427,548,616,395,168,395,169,843,150,243,428,301,368,195,54,381,299,400,791,853,391,327,96,329,243,373,392,360,89,79,144,409,984,849,178,387,941,67,7,265,226,345,144,401,96,297,40,321,144
358,901,284,264,43,383,430,76,679,423,674,42,268,277,874,318,202,79,254,866,47,207,107,143,420,97,263,69,553,422,311,571,422,207,37,202,923,301,164,423,749,355,419,302,292,274,39,422,45,311,977,115,294,76,420,46,979,266,268,422,758,366,163,487,111,419,845,428,239,420,311,263,259,294,235,267,158,103,276,46,653,428,908,76,167,319,429,527,806,375,270,215,359,382,935,164,467,183,204,204,398,302,270,271,885,423,343,302,78,109,471,109,899,275,908,481,227,419,911,389,259,287,385,270,319,804,292,399,407,294,279,47,270,268,788,127,983,404,468,467,263,215,268,780,430,199,268,332,471,334
101,200,122,98,567,71,103,71,906,378,378,575,122,364,118,358,155,75,577,583,671,480,126,712,98,507,323,410,159,715,138,400,2,152,219,583,335,579,76,120,54,899,395,542,183,223,205,507,382,487,704,71,243,543,205,108,230,579,659,683,188,812,65,98,511,138,243,667,479,3,226,393,140,392,287,411,300,138,542,455,35,411,203,204,221,488,227,746,103,195,322,579,308,901,207,511,58,130,930,603,138,250,3,75,168,623,226,359,347,138,477,67,34,916,147,240,77,219,587,908,299,126,362,714,122,779,3,74,230,68,43,71,939,551,518,107,661,193,291,102,242,971,415,138,612,227,69,518,67,231
706,603,866,706,623,915,689,2,954,194,197,911,982,755,944,651,619,972,646,655,682,27,706,610,1003,778,839,22,153,539,81,2,708,651,794,745,960,233,970,962,211,797,759,591,489,875,630,825,745,99,968,579,962,996,946,19,809,192,755,915,897,96,832,970,530,872,585,625,285,889,661,637,614,237,712,685,619,966,906,690,799,579,938,714,531,527,711,323,954,513,707,738,617,539,968,586,634,579,715,579,1,523,962,610,239,873,613,194,770,906,859,785,1003,523,637,659,706,710,554,608,1023,794,945,115,905,754,674,246,704,851,66,974,518,706,695,655,888,611,684,938,968,633,35,45,635,530,706,713,979,331
121,340,213,238,153,263,285,429,265,21,113,17,34,137,66,128,485,453,62,508,86,389,708,502,694,665,322,612,53,142,245,445,154,278,62,416,697,245,501,578,169,1016,29,193,441,237,29,245,638,505,415,306,579,157,209,550,414,509,789,83,133,302,313,103,397,755,52,370,135,381,68,325,189,630,185,669,413,113,120,582,398,266,158,65,411,70,393,415,505,61,369,414,68,257,668,774,197,452,153,693,888,159,526,1004,372,117,744,117,191,39,298,433,141,428,550,124,278,69,137,33,280,57,814,217,409,321,278,70,249,158,134,665,398,670,174,135,215,322,18,387,56,153,69,266,606,153,488,346,294,150
76,499,895,279,86,147,748,311,191,383,1012,503,292,142,126,925,277,79,84,927,87,140,316,436,87,55,71,415,300,327,400,438,389,231,284,278,750,327,404,218,15,275,324,119,463,22,31,335,407,318,471,150,151,407,405,188,94,463,351,135,828,44,444,148,692,497,892,284,188,334,183,511,455,383,132,287,204,371,132,78,383,71,180,495,40,894,423,173,247,108,622,316,388,292,558,124,53,116,335,326,44,839,439,151,188,351,151,372,684,389,399,198,46,140,407,271,72,55,399,956,383,78,124,55,286,847,140,191,983,413,175,316,196,702,180,832,628,405,142,111,327,463,622,165,156,279,71,407,150,492
917,670,195,897,804,817,197,524,909,893,726,6,602,259,568,61,537,373,374,261,261,553,639,403,1004,648,589,909,796,701,725,917,830,606,868,405,395,542,621,984,603,997,588,508,701,602,745,1017,735,910,682,543,981,994,978,858,470,844,189,213,810,875,307,786,517,540,601,375,933,604,664,492,563,549,815,893,910,533,605,485,829,913,893,581,524,503,189,286,517,343,557,583,309,568,661,554,578,889,549,273,620,811,1009,979,261,748,234,999,998,744,893,670,992,792,164,949,999,28,826,478,601,540,148,602,613,514,518,222,594,864,330,805,986,821,538,581,356,560,315,806,194,602,757,321,845,586,900,720,730,386
595,186,238,938,35,971,687,707,131,634,170,320,643,419,289,170,523,153,186,610,674,811,867,640,43,587,42,135,105,339,185,554,777,834,66,155,574,355,325,291,361,491,99,507,859,147,416,1002,107,355,538,98,168,538,683,834,419,91,442,297,0,904,593,179,103,962,473,57,14,42,458,320,603,2,800,83,435,667,578,522,556,186,649,562,1003,9,99,906,107,154,195,641,859,649,34,105,218,568,174,304,802,539,464,523,187,129,320,83,290,809,81,337,555,320,618,201,774,723,322,786,90,0,419,195,698,160,643,122,698,307,219,139,131,66,811,471,630,859,561,634,146,707,91,643,186,136,122,104,265,921
910,775,702,268,428,794,728,829,854,758,314,922,626,963,951,958,794,946,953,940,128,670,506,859,631,918,987,998,992,969,794,790,826,535,821,974,1014,593,775,346,631,993,517,774,927,798,834,887,430,794,1010,893,594,812,955,779,411,638,664,824,826,82,723,711,630,894,593,609,994,626,774,266,791,1006,702,1018,828,874,766,711,527,821,891,631,513,266,686,574,826,792,194,405,486,699,595,538,38,794,27,539,826,824,614,50,838,998,837,833,627,515,602,629,876,987,787,372,806,843,999,34,826,233,946,518,518,966,328,906,837,58,342,798,861,938,618,1014,119,630,646,118,523,914,987,787,438,565,938,282,704,614
473,323,842,373,18,179,38,122,210,296,956,202,139,215,488,386,449,243,949,33,234,484,968,206,392,237,58,249,232,74,441,33,204,50,237,459,477,6,289,547,265,77,9,996,183,410,336,51,57,405,431,235,332,42,247,202,888,569,142,320,285,538,243,211,528,447,57,258,473,202,28,93,458,39,450,181,297,10,206,18,197,337,716,800,856,456,466,256,202,23,34,494,201,181,265,106,264,200,505,288,445,447,113,281,35,188,530,437,313,37,37,393,337,258,145,165,435,128,252,1000,236,104,377,211,199,466,411,130,499,537,492,389,35,385,167,265,21,42,331,232,447,162,497,969,858,185,250,165,260,344
272,714,686,745,587,827,985,522,463,669,584,559,616,985,846,840,334,732,340,971,729,990,957,457,840,615,728,879,547,686,650,732,468,603,586,616,559,622,938,776,988,509,810,468,586,561,1006,779,705,472,735,153,604,928,860,712,477,457,395,780,795,985,843,824,932,984,861,719,473,623,697,984,728,729,728,857,746,586,790,970,654,671,585,568,984,664,458,158,986,458,862,985,650,733,703,526,616,841,720,729,521,492,540,744,666,982,849,654,715,396,857,459,664,650,88,728,807,604,600,843,844,394,459,953,734,543,794,745,1020,586,664,144,459,829,728,538,843,729,583,667,712,730,748,586,728,477,283,622,664,472
354,476,341,355,736,281,1020,134,297,831,721,209,171,221,477,761,229,355,227,213,341,369,221,363,885,451,245,866,213,847,199,263,725,193,451,203,285,323,299,725,327,469,725,469,469,326,20,747,849,213,355,253,212,738,337,199,258,241,465,851,341,327,451,3,720,198,717,195,16,7,722,469,459,313,849,207,99,345,355,305,195,867,226,227,861,910,235,348,285,738,163,221,211,747,207,706,818,315,721,337,741,298,599,208,20,757,413,213,721,482,765,753,202,880,733,981,195,369,335,221,845,715,483,718,452,737,767,849,325,755,565,195,231,711,363,195,753,299,244,6,17,151,853,725,336,797,209,707,369,569
456,86,30,8,94,784,116,598,260,150,88,478,58,862,566,790,822,290,22,160,146,19,150,86,90,418,232,986,90,478,480,470,68,90,506,4,82,122,1019,452,436,438,12,490,340,388,94,806,42,4,874,332,645,102,392,392,218,474,30,374,862,470,6,392,478,104,482,336,644,38,22,150,964,146,400,388,16,127,356,324,360,328,156,218,294,150,416,416,132,576,104,76,18,850,94,260,0,12,22,602,598,4,414,378,348,388,18,82,452,364,470,97,388,22,466,878,382,107,460,466,486,593,146,54,400,452,8,896,346,790,912,90,862,406,8,274,22,38,22,132,40,456,400,274,278,496,340,50,386,152
399,399,439,313,401,603,234,73,459,491,299,473,409,432,481,407,497,317,169,137,401,406,217,123,489,408,303,504,40,344,107,74,491,495,217,319,409,309,489,491,409,241,88,401,505,283,375,489,970,295,395,719,408,472,171,75,441,27,84,89,303,441,203,265,89,88,509,459,75,457,437,505,425,491,345,494,401,436,505,234,14,473,441,729,511,79,504,247,51,122,210,1022,455,145,495,436,107,267,1003,521,170,505,309,985,506,432,123,507,570,33,111,89,509,239,409,17,804,473,88,105,682,401,298,505,323,566,249,313,432,491,459,459,75,473,299,17,457,313,539,729,504,10,566,459,170,49,139,495,75,393
439,307,1023,40,919,168,1001,259,699,991,507,324,107,478,371,709,1000,479,194,77,33,452,207,945,242,753,507,959,107,524,564,510,1018,51,225,203,51,461,95,31,456,179,23,123,234,105,207,75,489,947,91,297,731,544,436,233,261,379,315,507,949,937,181,115,355,243,210,945,247,33,944,928,699,51,913,917,488,51,560,407,196,205,361,545,479,33,233,278,562,800,571,243,691,307,86,51,254,261,987,55,251,250,723,433,289,591,379,454,33,288,105,528,570,123,232,1019,280,499,489,489,929,694,762,33,1011,49,17,506,251,242,659,297,225,307,179,673,489,91,553,973,23,105,235,478,275,481,319,233,507,243
931,679,449,583,608,805,877,627,621,679,175,125,931,631,613,461,621,703,477,853,557,551,420,865,957,45,421,703,576,595,421,900,833,63,483,815,677,495,895,393,423,613,87,639,183,481,621,670,173,273,83,621,933,101,673,499,737,343,359,621,677,503,741,379,121,255,631,969,939,601,674,740,639,607,90,613,47,943,484,879,421,943,869,39,941,115,1010,673,453,613,581,45,613,986,303,229,791,585,613,620,96,951,621,581,119,741,485,375,631,637,621,511,853,627,45,639,495,638,1015,384,427,613,604,518,537,887,101,986,741,485,635,511,333,749,467,109,733,511,461,105,545,749,621,604,635,45,190,607,421,996
461,575,556,800,202,520,925,1022,40,460,15,831,1000,31,31,223,31,851,31,46,396,55,57,28,798,30,479,928,63,60,11,40,319,63,892,925,23,798,0,905,59,31,146,31,8,54,787,44,540,463,429,63,13,31,541,220,62,557,457,9,31,8,477,4,904,31,64,77,461,895,511,461,405,396,28,63,479,924,479,486,611,196,222,31,31,23,9,20,87,119,200,478,9,589,380,31,207,919,32,937,22,757,797,538,31,82,29,557,219,541,71,509,13,461,591,20,27,574,525,13,25,23,50,31,418,31,911,13,41,972,22,115,370,415,462,567,524,713,426,700,493,127,42,457,543,457,392,668,427,46
194,452,758,4,710,662,538,588,471,233,140,22,650,260,30,146,160,972,68,983,160,726,278,22,452,264,828,396,804,150,837,644,964,136,406,918,69,41,76,786,453,460,982,644,780,134,394,662,790,172,780,570,132,662,844,477,261,90,22,562,964,754,30,972,670,567,908,234,790,877,324,180,278,164,386,304,406,790,940,900,202,140,4,454,122,900,580,988,311,606,278,4,204,52,30,992,294,804,242,22,197,452,278,132,662,650,798,23,791,22,187,430,22,420,261,976,534,559,32,30,261,516,772,972,478,260,662,834,260,70,448,844,790,262,918,4,160,836,1004,989,76,1020,172,150,786,132,30,186,586,0
178,112,173,662,307,163,214,369,262,237,14,397,350,149,434,70,214,133,159,158,156,113,158,784,148,151,115,274,885,262,130,78,814,478,210,353,322,68,162,342,170,70,183,149,401,660,474,164,70,790,163,225,349,198,99,160,334,582,151,336,289,980,241,993,159,144,128,206,461,771,76,133,181,158,675,247,361,476,348,305,160,489,206,160,285,817,68,241,161,118,341,204,80,161,206,340,288,96,98,133,70,291,610,842,377,19,158,476,150,710,860,326,148,68,626,931,307,97,305,160,258,774,270,161,98,103,176,406,686,236,160,165,113,324,308,130,980,708,150,483,144,791,149,162,163,99,72,432,817,341
954,534,50,80,206,398,458,449,873,264,463,91,430,337,470,462,504,813,460,79,367,19,463,430,255,80,526,66,124,449,363,667,463,320,290,430,200,468,68,398,209,11,202,75,334,342,465,563,849,456,66,243,8,94,703,259,226,289,335,450,67,483,81,445,78,243,466,339,88,369,396,448,398,507,210,330,49,469,72,280,464,406,448,459,84,463,365,462,80,395,339,380,908,342,398,450,83,459,74,210,138,207,63,251,464,362,407,193,77,80,399,948,79,466,855,387,367,465,463,52,222,219,452,347,243,51,96,17,459,62,474,470,460,194,337,21,493,220,399,458,387,211,463,72,124,79,844,497,464,450
820,281,528,901,587,921,781,808,904,900,900,529,544,536,556,521,521,521,984,898,953,208,916,569,475,966,912,862,528,912,896,540,912,740,512,960,920,897,560,901,912,544,788,904,530,532,911,931,805,740,920,968,572,548,528,900,256,288,920,520,915,928,536,907,387,948,904,530,940,912,912,536,930,521,896,944,919,917,108,534,905,985,406,898,976,904,538,944,541,512,344,920,924,932,536,968,548,912,824,603,528,284,532,912,904,913,805,539,256,915,536,416,784,905,957,968,532,896,901,914,921,608,896,915,522,521,256,536,400,900,970,577,709,532,573,900,272,896,921,898,528,92,901,921,901,512,536,899,556,926
744,618,269,936,960,580,344,920,554,596,980,605,1020,1002,685,988,992,605,986,508,92,957,216,540,1020,812,746,540,924,680,896,618,596,257,1020,1020,36,965,792,557,924,940,833,922,933,172,943,173,69,430,604,124,572,577,856,1003,577,578,921,656,28,906,516,986,992,442,477,877,4,1016,366,660,730,28,1013,997,892,944,300,732,308,437,954,860,45,265,921,961,637,796,784,318,604,933,643,664,362,61,637,600,608,962,995,28,34,963,440,924,900,1004,220,609,957,856,429,965,444,554,604,988,980,860,608,324,666,857,829,924,92,989,1000,537,159,1020,604,922,540,750,618,930,90,605,1006,28,996,629,980,992,901,828
279,506,27,437,283,37,441,491,661,423,501,485,931,31,935,590,31,39,741,432,469,7,21,527,403,485,79,303,27,27,437,487,439,101,69,103,447,37,531,423,499,631,6,107,405,113,107,444,570,69,55,155,421,151,111,508,101,191,123,63,421,422,123,7,123,47,39,471,495,535,101,503,551,119,511,389,21,271,87,47,415,63,119,293,443,691,25,835,527,91,279,791,490,443,655,627,415,261,27,507,10,533,117,895,539,642,91,783,517,113,123,3,95,447,419,71,487,116,25,23,201,291,103,119,39,439,447,427,923,107,443,511,535,423,375,31,487,367,367,411,964,55,67,59,127,91,497,119,450,487
103,537,103,445,471,1011,126,1018,971,443,447,991,79,412,551,47,447,615,612,615,71,1023,190,39,379,983,31,113,637,436,967,879,625,57,447,95,35,103,856,231,295,445,807,71,615,115,1010,45,247,47,575,455,535,418,125,638,410,115,127,571,87,103,866,103,47,303,1008,405,215,23,75,109,119,418,59,102,582,583,119,415,103,475,563,22,51,543,991,71,421,431,611,95,87,999,45,593,998,39,295,623,223,498,999,755,182,476,226,31,87,571,999,35,615,423,159,47,99,1023,31,1021,407,927,31,467,583,447,422,631,422,409,291,31,79,283,43,613,443,115,385,991,39,567,529,295,23,999,983,25,23,62
825,572,540,930,550,544,676,38,88,548,698,574,559,702,574,813,871,801,678,830,544,952,680,833,644,928,813,828,542,300,792,700,167,831,734,542,544,932,737,231,798,342,678,544,932,554,926,237,703,950,286,320,903,926,30,958,543,710,672,555,786,997,734,575,926,711,672,704,994,574,318,781,150,703,792,357,228,574,864,936,350,217,702,912,696,208,540,710,686,786,832,805,912,702,662,798,932,670,799,1022,806,534,647,92,703,700,898,575,671,125,664,646,348,542,806,550,959,958,543,676,0,918,848,998,500,15,639,551,702,801,910,959,658,574,806,935,550,568,999,186,684,534,150,566,548,924,702,126,696,20
33,808,818,800,329,42,306,183,554,178,942,939,554,142,246,818,831,822,494,785,688,819,63,787,928,377,179,235,197,554,687,817,938,810,564,889,296,937,968,816,202,883,950,414,949,347,334,819,529,42,906,938,946,882,778,843,690,938,936,938,910,559,177,239,651,682,109,360,776,680,618,242,339,673,858,649,296,657,901,680,296,690,332,361,943,202,554,936,362,398,818,826,360,779,224,234,809,959,947,840,367,196,146,246,817,819,651,683,992,177,942,801,553,200,816,942,938,818,626,368,362,814,383,880,201,130,955,689,553,818,329,846,305,937,776,305,233,555,539,939,298,819,245,50,938,887,773,819,822,250
140,300,729,944,44,260,140,135,400,188,182,32,132,161,144,260,771,262,140,33,148,141,165,408,160,134,352,524,128,256,160,128,181,143,372,149,156,852,156,385,262,256,320,335,816,536,280,784,179,852,272,32,160,268,167,301,266,384,145,157,128,268,204,415,324,158,352,143,5,134,572,309,160,857,148,822,308,150,247,148,276,801,54,196,332,144,308,268,135,128,768,148,334,132,140,56,280,161,417,129,178,281,645,264,288,257,316,882,288,277,142,836,273,128,340,32,256,724,156,149,510,284,129,180,788,164,302,189,149,156,288,293,886,313,167,305,313,262,273,276,304,266,721,16,132,276,272,152,132,232
702,445,29,913,97,415,1,366,160,697,391,115,453,487,29,825,191,295,43,1,975,945,695,577,992,579,899,281,987,231,357,638,829,256,930,441,929,917,529,465,552,961,903,420,437,387,871,581,539,627,449,668,0,487,921,415,678,57,443,385,401,980,394,421,601,992,39,261,385,401,1017,461,389,455,499,257,669,441,353,900,417,58,633,673,63,305,437,292,312,621,159,391,991,415,51,189,903,156,951,257,31,251,401,799,405,133,3,992,31,469,643,315,185,865,615,417,729,519,513,405,441,390,921,199,191,38,899,359,517,408,673,439,415,2,447,621,513,129,289,317,416,453,897,185,5,1,317,508,7,767
312,658,754,748,474,741,426,866,866,643,667,788,591,850,548,970,786,298,242,754,778,748,282,746,242,875,732,620,538,882,721,859,684,744,738,872,223,754,746,738,690,875,747,849,745,662,275,754,298,626,250,874,875,754,546,675,282,978,730,910,992,614,675,562,880,856,723,394,740,16,682,962,1010,874,850,786,1010,858,530,584,792,629,722,530,682,722,562,618,1002,996,845,892,874,682,155,16,748,726,234,340,548,1001,626,242,874,749,556,468,768,744,906,690,380,106,876,50,753,602,1019,754,858,761,744,749,306,690,298,723,910,205,762,994,746,1011,786,816,762,515,866,722,531,611,747,684,876,850,621,849,733,658
839,652,316,258,564,82,532,536,514,549,513,352,631,999,294,525,998,588,558,310,607,271,431,613,614,608,967,524,609,610,581,547,934,512,549,293,293,837,581,35,572,293,740,637,639,519,482,532,289,516,449,515,865,787,996,843,517,592,842,645,608,62,541,589,817,835,833,903,628,620,291,637,527,545,543,868,623,548,515,580,17,827,567,533,516,513,532,501,609,332,573,321,566,557,547,657,631,620,603,612,263,364,533,545,516,941,609,895,929,995,621,323,359,679,515,523,621,565,289,256,365,568,301,618,543,623,589,560,358,621,61,876,319,611,869,290,725,288,613,564,260,556,839,517,839,514,644,513,547,576
893,313,730,780,736,598,113,116,368,338,598,560,892,702,884,121,638,382,460,780,794,294,601,373,285,885,530,369,565,336,638,382,532,364,893,889,626,102,605,566,610,418,604,874,637,526,798,565,396,674,289,574,785,572,560,316,520,256,562,610,420,368,320,382,869,694,825,120,728,377,609,496,762,378,949,376,803,288,584,274,758,350,636,532,314,795,526,754,593,945,771,533,355,420,633,569,517,530,785,370,606,628,722,841,772,595,829,658,596,769,521,1009,794,305,769,380,889,599,494,312,256,308,796,887,532,526,614,354,773,564,720,126,775,377,564,593,602,766,726,638,913,793,425,799,629,768,762,306,793,536
109,621,399,377,529,267,758,736,483,491,45,656,0,758,5,275,520,417,525,307,483,301,143,392,609,18,658,659,611,129,511,420,480,96,387,753,313,381,367,661,753,467,161,531,266,266,451,289,257,656,263,366,123,61,65,403,234,107,2,402,110,498,610,585,385,585,425,333,517,697,483,361,400,551,660,553,97,622,109,109,2,353,96,657,691,646,499,512,9,108,2,21,139,98,520,490,685,553,867,365,471,227,111,5,482,259,11,365,365,669,266,499,482,497,242,518,41,503,103,398,613,151,401,518,396,109,416,495,354,74,173,960,403,527,775,654,619,9,556,361,15,34,64,602,617,515,405,545,158,364
482,958,1020,227,113,1009,35,514,247,258,755,135,992,455,224,608,107,662,640,51,932,130,96,911,132,899,948,736,434,471,518,235,84,2,151,244,622,356,33,614,932,28,623,500,288,992,752,2,797,994,96,248,242,902,992,368,424,404,0,531,992,436,615,1003,397,128,3,1,992,884,48,899,388,101,260,386,900,53,768,995,390,483,876,369,7,110,288,108,526,98,736,36,34,144,1011,150,99,77,154,612,484,996,99,532,50,424,518,226,783,992,18,396,230,208,132,391,519,774,367,4,1023,783,52,487,512,148,871,6,872,514,166,52,186,632,234,640,862,1008,459,388,240,110,693,368,234,484,745,996,470,420
993,66,154,184,130,130,657,485,137,158,738,642,38,234,429,234,653,322,802,238,674,138,414,238,50,928,642,354,962,234,66,130,966,996,190,738,138,450,769,662,929,737,922,658,224,2,233,434,901,234,130,65,18,394,257,226,897,845,226,994,154,410,192,242,178,218,386,398,177,233,1,448,169,129,130,110,178,1005,922,746,338,226,30,228,154,786,925,738,922,138,493,154,41,158,1,161,266,810,110,994,1009,866,206,269,1000,742,993,130,961,745,675,250,230,494,237,770,750,20,102,546,624,746,145,737,466,2,992,402,882,153,785,962,137,34,226,642,73,129,98,194,238,226,798,682,234,738,193,158,396,641
598,560,534,501,671,692,604,241,381,756,590,275,275,284,81,543,540,971,536,368,656,432,596,694,400,372,621,273,661,693,439,668,501,455,374,809,329,616,788,741,624,277,332,513,404,660,684,275,88,701,765,516,284,287,243,299,311,316,625,749,382,956,747,372,688,720,696,592,964,252,625,337,752,404,329,628,563,948,587,948,750,556,374,448,435,368,596,836,392,505,316,700,308,700,370,892,537,361,725,860,501,752,912,279,592,307,560,848,337,503,432,543,503,560,75,72,912,169,51,364,700,756,631,112,716,363,808,568,700,788,573,767,305,620,80,692,312,592,716,412,479,483,237,316,244,752,796,298,724,883
795,671,896,147,339,116,284,735,368,299,378,438,948,1000,242,443,420,514,430,451,967,924,423,1018,583,611,423,928,251,955,959,729,418,891,787,507,932,834,280,932,122,600,728,676,920,555,187,891,123,539,632,912,407,920,890,955,500,795,156,19,924,826,880,422,996,219,120,488,123,935,920,888,1012,192,926,636,919,995,539,112,998,570,442,996,916,751,964,672,871,568,898,404,795,915,794,784,511,378,780,891,16,624,446,452,428,118,487,1003,856,26,914,888,635,315,832,931,410,280,304,375,578,91,115,632,784,627,963,624,891,891,784,463,932,920,155,899,912,26,632,124,956,539,156,960,955,514,791,346,923,568
309,65,840,33,373,93,165,90,122,130,854,33,319,98,206,41,50,849,105,83,296,289,307,170,789,320,965,46,297,110,699,51,295,306,56,32,301,26,587,135,352,364,111,75,373,61,73,45,593,138,572,834,46,466,535,112,64,834,286,42,966,169,137,127,61,32,333,378,850,818,55,549,34,193,421,105,793,174,352,797,965,161,150,861,584,107,167,305,77,81,59,193,933,26,93,573,33,378,710,313,306,273,65,201,73,18,41,162,317,960,19,77,114,644,157,322,337,81,821,366,106,317,553,169,329,90,821,126,171,555,1022,857,226,171,120,33,77,315,830,91,425,61,329,30,301,334,288,113,36,123
658,937,941,910,746,969,441,985,985,74,905,754,441,953,839,442,681,546,210,961,584,553,745,710,986,930,913,809,705,406,689,928,546,322,921,1010,722,441,457,978,918,650,954,714,470,673,810,1018,754,729,954,426,754,949,729,976,938,74,918,945,953,297,969,976,969,645,1010,441,930,298,853,961,578,458,945,505,354,985,161,246,1010,838,976,602,722,970,682,252,961,601,937,976,713,498,838,955,978,554,58,385,1014,969,918,969,394,979,560,560,728,922,713,141,938,425,458,962,721,714,968,186,647,897,981,936,665,938,696,730,946,194,970,721,674,914,842,754,954,833,1010,658,1010,937,1008,939,954,931,986,681,210,425
714,978,856,275,600,296,731,811,410,674,857,986,923,730,1003,939,410,323,440,714,433,850,978,738,339,721,960,506,555,731,835,969,648,937,735,722,970,730,955,978,368,746,680,936,720,808,962,827,672,464,904,649,599,824,458,568,1004,962,915,728,43,424,344,716,529,392,304,91,1000,834,808,306,232,824,674,715,754,498,696,36,322,955,680,956,722,827,304,954,411,832,691,856,810,458,970,431,491,411,928,474,712,600,336,680,931,937,490,602,369,706,830,409,811,720,814,985,938,115,735,240,714,714,704,336,419,706,571,824,987,979,666,240,195,490,594,378,931,467,409,827,427,944,328,296,964,698,928,728,1001,979
40,170,83,138,67,83,331,16,235,82,167,16,174,116,48,100,245,226,116,116,48,103,216,106,496,58,104,138,80,116,48,115,68,104,68,123,232,39,228,44,174,144,76,424,232,268,394,484,492,104,112,112,166,116,42,493,148,75,104,34,492,82,255,68,178,107,484,136,40,84,628,106,426,143,52,59,36,67,164,235,115,18,51,8,100,170,167,232,99,784,104,164,36,46,36,394,331,84,131,804,174,116,660,404,250,107,68,103,394,52,120,112,756,395,424,827,244,228,76,136,18,296,74,787,136,42,404,400,120,244,496,10,658,484,103,116,136,228,500,22,232,650,112,100,330,435,836,42,40,1010
337,432,849,274,507,518,278,670,509,377,179,976,916,422,224,414,337,285,270,287,733,496,284,511,833,284,284,344,536,312,401,96,343,277,269,284,349,798,403,263,337,849,846,371,286,271,414,504,863,350,366,449,782,369,348,272,345,777,912,377,823,782,376,66,324,830,796,345,260,600,285,498,248,446,440,892,390,909,417,270,1002,0,793,280,504,284,865,356,174,260,397,825,494,797,82,492,728,647,284,860,784,417,496,325,913,784,280,301,446,409,513,901,360,799,351,377,446,689,380,238,70,452,857,848,337,467,413,398,271,860,336,345,281,445,513,774,417,369,478,552,376,269,319,511,473,281,591,333,273,878
809,681,161,743,79,237,590,153,688,255,169,167,73,166,62,109,754,562,815,118,520,346,94,554,684,674,230,58,46,686,929,42,177,90,185,73,289,1022,174,38,594,168,744,250,627,119,178,607,612,858,185,233,608,40,840,169,569,686,764,170,194,666,0,556,166,650,722,674,234,185,672,208,161,200,767,524,86,232,814,337,72,769,34,932,586,32,33,765,161,228,114,739,558,48,331,226,842,577,393,440,744,170,77,744,314,110,936,58,512,841,41,602,62,751,312,758,550,872,232,174,447,1,656,656,685,36,631,552,169,176,527,175,301,178,630,744,514,680,566,612,41,600,43,257,627,170,274,41,720,134
215,342,777,303,887,1001,320,791,41,375,287,729,3,303,513,375,982,735,829,519,41,36,311,311,279,801,310,822,777,887,687,704,919,794,719,271,431,851,686,369,979,944,653,1003,247,40,775,256,759,943,207,791,812,215,47,7,495,855,771,214,704,41,511,523,35,845,553,791,707,855,143,773,425,324,1023,311,355,412,847,575,850,497,694,320,731,395,847,814,971,111,727,739,154,227,918,375,849,829,855,281,979,727,329,445,255,975,351,195,343,815,863,24,739,278,918,687,67,183,727,833,847,750,759,42,311,845,564,816,311,810,423,809,861,835,695,719,759,919,343,47,231,863,823,11,239,495,984,84,297,351
846,927,911,781,1004,816,372,701,359,962,909,847,810,48,67,304,560,845,781,529,839,817,810,792,798,577,943,811,303,580,837,848,818,303,716,785,52,536,815,846,813,845,805,837,833,752,802,943,768,772,973,804,452,880,787,77,827,811,818,548,814,1005,780,821,836,986,719,568,271,46,812,656,1005,533,849,1012,913,836,705,928,373,786,783,665,557,785,845,973,773,907,845,555,781,853,817,811,909,808,812,887,811,65,847,815,530,816,777,821,810,593,816,832,779,791,846,979,708,817,856,821,885,799,778,826,773,776,849,817,848,817,853,307,784,968,907,794,49,854,711,833,807,569,772,532,842,912,576,839,797,652
869,885,305,196,736,1004,757,633,744,235,228,41,635,212,901,851,997,1020,152,452,932,452,757,893,920,787,898,139,537,237,899,195,129,11,740,124,681,509,499,395,960,386,625,99,586,536,772,899,465,619,485,116,996,201,748,613,43,896,608,609,904,463,125,236,741,708,111,227,611,923,613,515,644,964,201,107,320,913,108,554,479,749,109,230,869,11,389,897,967,92,25,916,385,1016,256,624,751,207,896,72,891,308,661,883,1016,216,1013,204,897,897,137,643,11,5,609,504,963,907,450,933,207,765,25,960,2,996,229,0,1,900,132,112,283,753,472,764,364,561,867,117,723,961,967,764,339,920,131,905,626,37
325,591,155,985,643,634,257,283,885,801,257,909,153,641,864,769,131,275,159,411,749,277,415,728,843,603,31,150,865,787,361,551,530,333,391,463,571,285,865,687,933,257,846,793,341,865,257,799,499,51,794,699,782,659,793,814,667,342,263,279,817,337,159,263,759,287,321,822,385,257,782,763,265,409,709,449,337,781,801,33,281,795,891,871,915,761,526,355,979,450,1011,287,277,423,458,281,851,269,973,737,397,722,642,423,667,783,1011,603,969,889,808,778,273,769,773,963,263,793,279,390,411,335,133,185,897,799,361,897,315,802,385,319,91,645,262,362,11,848,433,387,31,109,973,91,287,867,865,702,825,648
662,131,131,99,609,445,67,671,251,629,697,157,97,619,514,243,29,498,541,123,763,759,539,749,99,2,535,730,67,498,727,827,514,890,175,621,663,244,503,669,386,893,459,531,42,851,249,515,707,27,542,387,31,599,43,763,123,459,26,97,217,597,709,371,85,91,726,577,405,651,987,155,731,890,631,149,54,410,669,538,107,515,725,717,118,901,798,23,855,590,541,215,151,27,733,171,225,603,739,370,603,107,247,1019,893,155,121,195,525,669,834,247,538,643,513,575,151,151,539,151,75,853,507,729,846,662,149,589,631,5,741,635,721,1021,663,729,123,194,415,626,1018,249,733,533,573,669,147,123,751,597
514,528,640,799,388,840,571,257,582,936,538,703,576,304,574,594,48,700,908,584,552,512,522,572,522,3,606,193,42,552,19,304,703,400,816,20,144,708,596,752,547,568,296,514,527,2,520,514,598,356,513,534,80,563,792,340,542,59,523,606,48,784,32,416,700,176,832,520,580,531,554,34,604,29,52,296,863,514,874,532,426,860,560,531,275,672,606,512,512,244,16,560,523,86,523,539,764,264,560,604,611,224,627,530,754,531,8,604,530,792,584,552,98,596,560,936,40,595,544,65,544,608,544,15,52,584,124,43,50,10,36,692,32,796,708,670,272,552,4,536,576,720,532,594,232,532,16,564,674,926
