845,381,501,973,65,301,171,149,341,975,197,878,502,581,961,77,227,139,488,957,137,334,372,753,335,489,395,501,257,483,684,834,235,234,207,391,875,489,375,167,301,393,355,493,361,834,207,838,342,129,291,453,297,76,489,252,461,269,725,375,381,380,499,177,123,201,708,493,197,321,196,489,461,340,243,333,464,380,572,961,623,199,1,717,69,565,230,489,118,61,493,425,341,719,844,365,500,383,461,109,429,461,241,489,491,169,973,143,461,321,175,629,917,364,233,253,873,257,196,321,487,325,373,965,621,113,461,234,229,453,865,317,253,269,234,143,399,199,369,119,268,197,111,993,717,365,705,65,717,257
551,691,559,541,517,405,397,575,447,19,227,909,11,435,213,386,931,343,955,59,559,343,179,945,435,151,401,679,237,255,60,409,239,185,558,919,23,131,395,443,17,493,209,575,185,551,29,559,441,47,291,955,95,47,407,177,913,543,51,51,200,407,13,159,75,157,559,539,907,358,24,435,443,29,520,691,295,16,51,711,195,127,23,535,395,61,28,15,401,105,191,547,403,169,541,19,551,277,563,563,431,647,733,571,29,407,569,435,19,955,23,445,574,261,287,907,419,699,395,405,471,83,56,543,163,373,547,169,179,385,59,793,663,555,31,563,395,431,57,409,167,63,425,855,923,919,552,19,551,906
875,465,635,863,462,529,650,683,1003,970,443,539,675,911,789,634,782,898,915,695,975,541,663,435,251,955,783,875,471,549,907,1017,13,787,839,919,826,564,777,699,674,385,563,915,938,535,984,909,787,912,443,664,459,806,513,875,912,927,649,809,799,547,224,1003,500,275,875,541,559,826,571,542,971,897,1019,667,815,456,899,795,1013,606,319,939,787,739,15,859,636,931,274,787,811,983,527,783,858,171,675,1019,911,782,998,1003,827,802,890,998,910,378,571,75,809,891,937,983,1007,896,549,14,811,963,803,931,995,527,959,429,961,279,367,431,799,823,455,409,953,891,552,1019,891,286,810,58,523,907,520,939,887,571
505,285,407,265,249,441,433,285,201,53,313,425,505,507,184,309,153,309,51,418,310,89,442,381,179,69,339,1,413,233,249,181,489,409,5,505,305,506,505,649,249,445,472,789,457,955,413,437,153,505,249,205,9,277,753,473,198,649,283,249,289,313,436,409,284,793,217,973,65,843,257,85,1017,504,283,179,472,345,1019,965,201,237,433,203,285,307,445,9,8,315,820,949,25,392,315,145,185,821,441,314,149,537,197,173,308,753,29,279,285,797,87,83,663,307,241,769,282,181,185,310,337,601,201,797,731,663,501,437,1013,673,221,304,641,309,313,866,1,1017,250,349,153,57,699,216,285,265,265,231,1021,139
266,743,275,907,481,735,631,479,175,863,531,71,166,199,559,2,1011,999,489,463,13,495,415,171,197,555,493,431,175,963,483,999,623,505,523,587,471,475,738,187,475,59,347,429,467,391,5,531,739,813,33,710,9,83,482,19,283,57,770,59,31,635,199,271,541,347,123,551,930,63,175,735,419,459,231,475,83,969,423,775,105,239,429,267,461,531,741,403,419,264,739,83,215,107,435,619,623,227,63,403,163,641,963,515,91,419,671,174,47,465,385,769,957,249,299,419,835,337,56,993,1001,439,46,223,57,243,675,431,19,486,635,991,723,536,31,19,67,787,15,402,403,963,779,611,419,467,489,83,866,199
1021,410,852,510,217,934,411,949,890,660,899,458,951,860,581,414,466,427,914,1020,939,863,954,858,330,991,586,570,486,1014,653,1015,902,991,981,891,626,600,954,547,483,410,1014,759,1022,832,779,999,377,890,1018,122,393,792,786,456,580,847,854,481,1020,998,960,895,470,988,699,906,533,683,849,951,971,862,339,405,842,19,1021,247,568,762,995,862,915,926,1022,857,890,506,1018,926,475,902,840,1011,890,826,991,782,916,950,1016,851,802,440,793,203,985,814,930,950,730,862,922,986,934,790,1011,200,247,590,855,605,1022,151,790,787,978,863,666,975,846,595,351,860,698,102,755,609,779,203,222,211,786,840,999,383,922,952
852,805,968,814,582,118,773,622,808,974,979,984,984,776,812,582,457,84,776,548,878,472,861,861,800,452,804,856,238,926,974,485,827,559,686,857,717,359,980,901,535,984,352,811,728,724,543,65,878,916,584,246,891,1014,614,1023,57,20,448,937,840,661,738,805,886,1001,990,365,468,961,416,569,472,758,448,952,698,824,857,992,860,823,113,984,659,894,810,660,1004,873,85,758,856,594,980,520,629,661,250,908,804,680,520,1011,942,815,641,558,539,990,784,405,886,852,528,968,866,126,904,810,582,630,660,770,858,950,970,586,812,986,730,719,991,984,986,810,358,877,1013,868,585,468,787,841,599,583,814,804,811,468
541,129,542,181,553,26,734,23,52,986,285,44,790,432,830,858,497,67,7,90,31,30,326,121,100,58,22,306,296,507,411,139,658,36,866,790,432,441,787,49,611,693,37,139,306,777,14,390,23,406,22,665,776,297,155,148,286,30,710,42,221,311,567,205,440,30,414,279,598,840,262,40,313,5,164,34,40,618,186,258,248,738,534,479,38,552,153,227,290,159,534,410,56,57,50,216,275,422,286,229,926,992,38,565,433,445,371,698,415,276,810,626,328,773,256,100,869,218,235,434,790,858,824,937,786,23,268,414,62,773,40,228,59,41,226,840,43,542,165,249,45,5,536,540,23,612,806,200,651,178
293,416,868,853,874,345,579,247,840,367,859,104,344,499,380,922,326,488,710,614,309,712,228,598,381,356,710,485,280,420,840,71,248,974,509,846,824,283,810,869,887,280,950,358,508,232,489,402,868,842,1000,868,977,1002,372,218,498,791,328,868,327,53,492,891,677,322,869,438,355,979,851,356,1011,266,871,322,495,728,707,365,879,780,889,330,747,403,682,70,339,323,839,8,585,504,494,788,740,1016,358,888,809,488,189,500,582,313,1013,362,108,996,919,760,981,633,24,330,745,842,977,229,710,195,856,328,840,856,840,715,419,451,601,344,499,838,839,470,825,857,346,444,454,481,856,771,741,837,843,9,782,356
285,57,825,312,1017,996,473,114,20,287,408,888,772,992,532,9,57,393,278,485,804,472,443,317,228,785,52,425,143,313,33,632,396,500,220,408,1017,440,799,312,56,400,525,56,776,821,409,158,971,372,7,305,436,242,1019,53,389,420,284,413,919,26,504,1013,437,25,151,536,280,530,470,20,280,982,29,776,570,314,53,280,310,308,831,44,292,4,337,280,442,1016,473,312,569,445,437,59,164,500,309,439,313,372,182,416,314,344,343,533,400,464,120,307,287,154,188,446,500,21,52,916,204,370,404,612,408,376,309,525,265,309,176,858,432,799,425,853,505,292,263,245,586,853,788,287,393,575,169,397,7,344
997,719,629,49,205,649,745,401,771,162,295,826,733,535,761,1023,290,777,228,163,967,647,553,231,857,249,40,878,289,863,869,37,368,323,888,265,161,88,289,997,289,917,249,90,985,785,555,121,310,51,606,344,1017,1017,335,145,166,375,144,806,300,272,39,157,351,915,307,653,343,136,872,672,607,845,885,129,204,795,493,256,849,691,351,125,294,997,89,698,795,666,607,265,303,703,893,297,964,399,417,667,979,677,905,861,635,839,802,179,248,116,39,253,690,671,345,901,977,88,985,672,613,672,149,729,856,888,233,479,602,377,329,121,673,869,814,565,733,214,477,129,806,459,269,801,637,735,806,550,505,179
270,456,156,462,452,111,152,230,488,323,463,78,870,814,489,34,489,492,16,78,150,238,320,138,534,580,350,144,680,0,268,318,171,240,12,348,358,438,608,216,284,131,1,616,364,334,117,130,485,25,142,276,200,89,276,364,676,406,560,673,112,46,303,888,878,117,294,252,145,109,1000,278,482,151,109,220,415,321,280,83,400,362,360,22,112,406,790,644,237,237,157,400,106,448,534,44,303,105,596,305,358,62,48,227,22,366,16,601,449,34,188,17,352,702,22,360,128,169,112,116,170,233,667,84,803,203,350,78,369,260,573,204,138,27,414,233,165,361,416,340,233,176,488,958,162,205,381,689,302,142
897,81,615,39,941,439,465,974,969,587,44,69,559,1018,27,263,835,12,78,441,438,599,950,839,233,112,959,1007,712,423,492,556,439,466,512,539,241,121,737,904,628,417,804,920,935,902,471,464,233,641,257,12,495,365,493,31,238,409,6,543,32,464,39,398,592,107,102,608,463,76,950,97,518,571,495,45,657,943,439,497,55,439,55,439,55,615,560,575,294,224,81,645,107,79,433,685,588,56,411,411,483,132,49,830,520,423,542,1014,577,399,527,623,110,254,588,215,161,666,951,791,656,963,439,608,561,998,42,950,201,518,356,494,843,358,992,616,927,566,211,376,20,541,993,950,582,39,1015,996,38,672
413,682,93,190,194,177,227,209,380,817,144,817,641,253,832,857,145,828,149,271,705,711,208,198,225,283,235,667,762,856,208,701,197,190,671,308,985,783,861,17,342,305,824,193,830,146,740,167,701,869,860,170,33,837,319,214,823,316,337,220,868,357,687,400,294,301,783,495,816,759,947,667,817,864,179,135,1018,688,229,845,821,985,629,413,936,658,914,710,155,149,731,875,144,741,373,221,892,860,325,238,871,663,277,949,732,705,235,705,307,447,535,856,688,871,29,333,20,741,610,230,235,683,284,786,333,142,717,287,601,737,229,239,740,291,33,815,654,892,667,728,851,290,131,686,204,135,451,741,321,437
1001,348,247,413,429,66,481,283,838,153,175,9,1004,311,502,731,313,310,279,287,668,837,769,302,291,993,147,377,349,934,733,259,649,399,429,959,639,539,203,164,350,63,301,798,271,223,125,285,663,13,385,183,255,245,201,139,605,761,211,211,605,804,865,809,823,14,222,393,150,1021,117,703,758,733,301,219,211,462,349,213,884,958,309,733,141,729,783,353,605,183,737,146,221,211,696,474,509,825,27,865,206,150,695,205,799,552,120,349,266,479,701,661,399,721,811,421,467,437,683,311,732,241,219,479,500,269,733,969,915,457,301,537,991,916,641,586,221,73,676,531,900,434,658,536,419,271,861,94,170,762
757,775,1008,782,772,178,899,902,523,752,772,740,512,626,476,807,774,548,719,910,768,380,690,522,369,854,852,777,631,632,805,583,690,540,821,544,839,825,783,710,677,881,655,829,652,779,815,808,731,716,855,1009,805,531,1022,248,594,807,962,620,906,847,537,839,911,365,775,881,710,140,646,532,646,759,603,512,512,338,704,705,840,764,805,620,641,719,791,305,590,1014,772,715,220,846,765,645,684,950,307,851,1015,850,774,599,68,1010,202,168,902,778,900,759,887,734,685,834,780,525,298,552,1016,722,806,889,634,864,902,501,330,552,546,753,905,292,783,987,945,712,1015,864,762,670,237,721,950,749,886,772,644,647
400,107,224,44,620,436,90,106,95,444,4,202,396,138,456,2,35,477,368,457,747,67,372,30,404,357,107,112,120,328,126,84,35,452,80,234,80,234,126,361,496,395,490,75,79,436,1011,38,416,508,324,384,1,179,105,74,138,437,994,80,355,73,307,376,26,40,360,492,387,266,331,343,542,167,498,14,254,220,3,357,214,242,335,180,256,224,35,168,220,30,258,35,267,476,454,110,251,395,306,1009,501,76,224,107,99,116,394,116,670,331,424,2,460,115,162,803,323,448,266,491,72,64,421,256,118,254,2,164,28,113,106,498,320,491,324,128,500,5,92,97,370,208,61,411,265,411,440,326,157,42
878,772,951,711,725,678,619,886,822,820,337,753,569,690,313,799,731,311,774,613,821,249,853,339,609,703,695,953,681,901,645,643,599,678,900,179,325,817,837,701,887,733,558,757,666,877,809,709,453,875,717,661,893,647,493,820,1000,720,771,873,835,679,1007,860,532,883,775,515,587,660,861,789,693,875,751,709,819,821,818,873,979,843,671,346,890,1007,467,657,751,725,686,632,821,709,725,644,879,667,548,309,661,831,853,512,710,859,807,861,951,773,741,814,709,773,771,176,879,846,644,589,824,951,791,723,513,773,549,773,661,1006,125,794,35,654,833,860,647,695,645,690,711,588,80,310,965,753,937,950,688,804
764,880,598,972,188,72,802,710,972,690,718,750,966,1010,784,692,886,698,978,744,946,590,660,808,802,788,658,430,926,324,974,663,658,356,666,1004,702,730,852,926,818,872,980,784,785,697,692,966,784,539,826,716,744,1009,892,916,750,890,656,666,574,750,538,620,872,336,692,787,724,865,657,1000,854,687,762,847,702,643,835,752,866,670,958,682,530,860,786,819,790,976,752,966,670,874,662,850,880,852,845,658,244,966,826,786,870,656,562,798,658,544,922,786,642,702,711,700,830,656,656,1016,380,666,716,974,752,546,804,830,846,868,946,814,676,272,916,664,718,794,754,868,786,1010,750,708,836,770,632,830,834,724
431,333,307,81,157,410,319,400,22,569,60,403,641,843,504,787,353,99,483,897,248,788,418,273,258,401,67,14,257,215,125,523,97,459,65,15,259,373,449,520,121,505,171,266,169,54,203,24,412,13,333,904,35,461,431,931,204,450,1,57,452,282,40,803,449,376,120,380,312,19,342,345,456,413,300,51,61,10,737,333,333,231,45,769,634,839,482,447,909,162,153,285,457,464,589,66,557,135,262,450,159,739,748,27,791,407,959,881,485,97,455,777,472,9,402,794,287,425,233,407,797,270,153,727,120,339,839,448,329,385,1,726,409,703,35,290,163,137,493,541,311,881,328,521,363,281,449,608,229,577
793,773,893,885,797,869,356,541,257,885,781,148,796,901,870,780,900,629,501,885,869,629,665,905,876,329,612,321,897,241,773,101,573,357,773,101,893,199,253,900,97,885,533,381,517,913,780,937,885,613,773,101,773,942,372,575,236,317,774,261,893,897,876,285,524,893,869,868,761,775,908,885,900,519,573,885,637,885,865,884,633,248,768,627,789,869,381,805,1001,125,359,765,629,785,867,813,769,781,845,876,869,921,885,900,261,1015,407,636,484,773,373,869,961,155,902,781,632,573,278,772,888,789,845,285,780,869,771,892,508,277,1013,5,555,260,788,885,341,792,572,757,1017,629,893,100,381,964,843,485,896,5
669,251,901,767,229,865,229,657,813,131,742,507,329,229,225,765,135,136,239,741,739,831,411,729,659,495,51,937,133,251,101,113,389,253,254,105,245,901,671,433,97,114,1,251,353,537,142,113,141,159,251,661,183,133,255,665,650,645,149,139,457,696,229,1021,509,325,264,225,509,385,905,913,557,765,229,979,853,243,997,765,137,136,1023,745,229,157,699,905,915,751,379,315,229,769,159,189,211,261,865,507,913,507,765,399,539,137,737,669,1017,257,355,665,157,377,229,255,229,113,483,281,97,225,669,745,117,405,957,159,19,229,671,978,213,651,505,1013,649,905,913,255,229,133,645,151,645,669,701,757,381,467
497,176,499,136,422,240,728,392,400,72,185,332,904,48,506,297,648,529,168,136,337,393,389,105,176,432,353,472,265,368,417,312,104,149,229,1008,408,216,132,361,401,501,408,0,462,241,145,364,201,417,82,490,943,400,152,392,881,177,424,144,409,200,488,408,383,241,168,232,425,201,205,285,144,371,689,216,400,216,168,393,328,332,715,499,394,496,292,400,713,768,41,456,240,1013,624,372,745,435,877,497,232,425,176,169,104,752,147,280,240,145,144,8,561,369,393,145,273,404,48,168,425,920,280,168,364,481,435,136,496,113,392,240,361,753,496,488,468,408,348,920,504,421,369,453,72,145,393,232,506,144
258,890,828,733,988,100,291,636,841,828,196,593,356,300,191,294,736,440,926,578,805,959,805,826,307,794,292,525,934,605,935,785,101,793,802,36,85,829,959,735,716,286,895,837,796,581,492,133,844,800,90,839,628,668,865,711,931,68,517,190,731,973,991,357,588,805,846,293,855,875,717,804,580,797,1023,637,813,773,532,356,668,868,893,804,239,421,935,600,300,964,620,895,433,799,824,604,784,605,932,716,365,597,862,314,806,996,711,588,802,970,956,800,588,533,624,615,804,785,701,836,607,547,188,637,948,381,322,751,958,861,764,567,588,636,806,933,612,599,604,926,306,593,380,444,285,1021,862,325,400,797
422,438,166,499,693,212,684,479,470,180,452,926,178,437,458,492,478,206,984,437,810,719,702,694,936,222,974,407,967,453,401,942,20,475,733,214,929,974,212,212,972,655,206,974,453,755,461,246,500,950,404,428,454,126,462,222,478,941,694,431,678,463,478,934,951,452,511,646,511,450,342,175,470,470,964,949,950,342,165,310,476,430,974,34,183,83,454,430,961,508,477,990,726,469,734,950,430,966,461,983,0,940,500,421,246,178,212,972,437,420,430,1004,223,215,663,312,438,988,982,428,990,469,809,469,470,134,213,446,75,181,428,461,461,693,206,494,320,182,470,759,966,452,663,936,150,500,150,916,330,668
552,994,352,832,960,792,1016,714,518,316,826,384,692,704,548,794,883,540,952,968,947,24,818,800,348,344,0,768,706,498,256,696,963,864,904,548,548,778,480,736,570,27,624,288,480,356,550,400,614,684,700,994,816,762,552,548,256,824,688,537,992,878,864,568,565,224,294,824,185,292,740,314,610,986,36,953,582,772,804,805,580,888,387,280,804,827,795,297,537,946,266,870,656,827,608,552,520,580,841,352,538,944,282,698,802,544,352,780,771,282,568,538,792,794,745,583,440,344,816,988,480,768,882,838,890,640,570,603,552,418,523,804,540,820,852,904,820,382,651,824,796,96,20,992,864,969,618,556,520,722
110,15,79,124,540,303,14,633,11,125,14,990,23,623,527,21,605,102,47,111,10,555,30,111,631,535,119,147,245,111,46,395,82,631,55,47,316,286,747,341,30,782,518,538,111,623,108,373,12,91,518,526,12,119,163,111,342,170,87,18,22,63,15,630,620,116,87,202,23,20,114,373,223,102,15,95,27,567,110,118,50,14,495,691,598,111,119,5,84,108,566,19,886,54,117,607,12,23,462,111,55,842,61,95,583,102,15,62,14,55,606,186,340,534,111,527,15,111,15,638,114,559,115,622,567,55,23,22,610,526,10,598,110,516,42,234,110,747,71,151,526,199,119,106,839,550,271,619,90,87
954,967,894,660,378,286,282,242,406,954,826,910,386,718,966,419,970,678,462,978,440,574,446,783,290,730,410,346,814,942,596,298,306,322,810,848,802,830,826,331,930,702,562,867,346,587,850,602,998,466,80,282,735,794,74,262,846,642,114,419,346,474,566,834,838,794,969,886,578,462,974,440,930,338,698,638,970,190,186,942,258,450,962,938,850,336,354,416,435,358,75,431,720,817,166,464,689,182,90,302,410,66,386,846,830,570,950,430,936,602,454,938,962,946,719,642,314,82,686,312,514,610,626,310,914,290,608,831,314,306,654,578,934,330,206,302,692,771,75,298,978,824,474,306,207,826,954,786,470,306
361,75,371,18,872,143,723,17,242,11,293,321,120,107,88,313,233,313,17,167,115,18,601,234,303,543,129,57,486,881,913,41,694,186,8,472,266,170,531,986,87,625,203,104,177,130,54,7,883,8,882,11,167,71,137,193,314,106,107,19,295,755,211,595,201,74,10,19,89,808,617,691,867,376,88,265,50,0,33,210,622,674,136,10,9,195,711,170,79,63,747,41,105,273,835,83,803,8,51,182,19,593,270,195,19,83,187,17,22,547,42,50,273,201,64,55,162,17,323,363,337,58,538,696,375,763,82,212,63,312,150,745,704,722,384,422,89,25,103,358,202,375,107,243,598,305,319,594,886,145
58,943,425,957,549,200,427,478,233,429,465,173,186,19,425,396,336,427,437,173,957,173,424,560,318,501,493,433,777,689,716,416,933,553,492,169,811,440,339,176,457,432,154,403,241,463,24,755,664,40,479,46,25,216,296,137,459,211,247,117,113,304,691,443,714,592,665,625,173,36,952,466,169,489,809,729,392,680,447,204,172,467,471,435,12,467,428,347,761,160,381,413,425,498,451,160,426,429,721,865,476,433,463,967,136,433,241,145,479,481,221,435,464,219,488,351,153,676,1008,435,571,392,721,787,350,180,177,445,483,171,425,653,741,44,409,207,489,219,435,489,461,137,480,432,496,424,672,141,461,92
161,557,548,809,1011,778,855,645,854,841,838,576,881,617,21,937,521,777,987,796,913,849,875,952,983,838,133,841,917,645,553,935,189,9,777,837,793,538,893,231,929,409,865,873,953,938,840,293,987,981,834,673,869,373,796,765,625,834,841,611,874,726,744,919,936,470,855,779,141,936,1019,853,133,923,350,832,36,645,409,973,138,839,801,133,325,966,825,777,623,377,853,885,756,677,675,172,879,755,947,161,1021,938,937,21,615,126,937,177,871,773,150,425,874,949,837,777,921,933,593,321,709,929,608,873,873,168,804,285,920,68,901,469,653,158,613,798,513,138,983,169,809,913,885,262,404,843,849,977,877,770
423,388,359,411,359,323,69,447,375,551,396,261,237,404,472,388,121,323,132,356,327,389,892,328,396,71,833,343,399,127,68,503,445,327,416,455,92,77,959,388,346,687,440,394,0,411,452,405,327,650,328,443,393,231,57,295,484,587,373,452,421,351,388,964,323,484,900,291,660,3,335,513,643,89,348,323,815,817,388,339,699,89,68,375,645,70,336,358,676,583,352,566,701,397,671,44,969,409,349,391,196,844,397,478,409,308,389,455,344,653,583,440,453,383,480,289,444,327,351,320,351,679,347,447,20,36,389,323,701,327,391,389,480,924,921,71,679,340,467,420,320,261,504,391,359,71,452,356,286,341
806,919,794,869,995,923,874,788,951,102,891,993,998,914,791,542,790,923,914,854,858,910,71,218,918,883,898,1007,767,997,491,789,400,751,12,923,923,795,799,918,919,58,923,916,998,796,792,798,998,797,806,804,1023,106,614,997,787,766,932,887,102,703,799,923,987,792,886,1022,965,795,870,887,822,910,917,1005,527,231,345,886,230,871,894,742,408,884,774,911,997,992,879,792,1019,838,146,987,808,786,252,812,571,1021,965,866,915,917,879,954,612,957,805,374,871,923,1002,695,861,847,764,447,155,531,251,997,788,151,876,811,362,110,911,119,888,927,870,566,980,957,919,42,911,408,805,911,917,884,150,126,831,993
799,790,255,752,143,559,876,484,927,943,227,352,747,855,400,228,852,925,18,912,372,904,828,820,419,948,395,244,54,252,919,743,791,927,160,535,865,496,843,1023,675,881,999,191,318,937,499,412,228,912,776,815,672,912,764,92,530,488,508,60,967,916,935,1023,999,918,927,496,496,499,287,386,370,876,916,407,471,342,926,915,999,124,607,156,127,496,178,885,912,499,1020,904,823,432,163,224,872,115,132,92,391,776,179,253,148,115,1023,832,916,496,264,400,28,240,448,311,300,160,926,999,843,903,820,148,49,255,487,255,1011,995,254,864,18,242,400,779,671,843,400,75,268,376,933,31,480,78,206,791,112,36
884,335,935,900,387,947,910,891,136,907,587,763,955,758,331,892,892,907,832,291,351,1023,858,827,916,195,323,802,291,811,887,807,889,859,963,33,35,859,827,811,915,932,963,535,775,667,347,803,23,379,407,283,411,951,951,875,835,351,912,439,875,875,883,926,107,339,399,871,891,855,891,423,911,507,891,652,254,863,792,411,22,863,255,827,351,452,507,887,834,923,919,147,608,291,19,847,467,1020,927,395,875,843,51,54,863,639,895,777,208,194,659,315,984,827,323,923,823,379,1008,863,674,855,804,891,423,859,924,323,572,328,808,824,335,947,919,915,151,331,197,836,883,803,430,891,458,911,842,603,803,36
731,470,662,465,858,726,410,360,982,275,605,969,362,442,537,486,702,26,791,978,790,699,329,698,962,442,710,1018,830,249,334,446,699,26,458,1006,986,542,726,848,406,337,790,817,418,490,930,574,433,562,572,697,986,986,550,292,218,845,585,342,838,641,565,342,822,506,502,26,890,218,858,841,529,417,362,662,22,950,986,985,331,846,767,694,845,826,33,794,234,922,417,654,633,853,321,434,825,674,600,461,862,805,58,185,654,614,539,845,796,918,598,978,854,730,342,308,858,353,314,342,858,274,418,473,309,825,959,986,858,490,218,715,313,465,342,858,310,474,970,32,978,470,983,565,494,442,490,280,475,542
525,749,505,680,46,196,241,225,82,745,61,1,669,193,241,499,588,77,33,109,14,749,225,33,20,238,14,238,737,665,236,909,239,708,485,32,257,653,241,270,545,450,757,281,521,670,573,224,737,13,561,77,81,225,237,105,226,672,769,17,89,527,669,40,193,577,833,231,524,45,526,755,228,236,723,127,910,573,24,45,750,237,526,226,114,749,627,749,0,269,289,753,481,1006,12,525,305,49,753,545,250,590,759,261,241,754,769,365,238,301,762,237,6,129,253,227,749,717,741,513,270,161,482,817,480,886,753,415,294,998,653,738,85,61,61,46,238,744,557,281,206,227,250,541,753,81,637,97,841,849
88,39,35,95,31,95,143,124,4,103,1011,183,47,172,123,327,292,847,159,79,299,127,287,380,7,95,837,108,104,31,475,927,463,127,175,414,31,167,295,176,35,284,167,219,39,132,219,66,39,68,159,183,101,295,51,323,135,223,172,207,39,227,71,971,864,35,161,95,52,163,475,383,231,816,167,924,108,783,44,63,159,456,44,392,141,94,95,220,252,207,175,455,124,830,23,256,348,128,360,999,823,232,94,453,467,231,131,223,419,499,13,167,37,327,487,77,55,36,80,23,1021,28,12,319,231,167,39,943,907,295,84,92,164,31,987,300,111,292,295,219,291,299,55,150,68,36,863,479,43,104
170,623,735,46,169,142,623,109,617,946,130,690,251,148,590,164,534,535,854,673,138,15,676,191,111,763,172,847,678,135,270,702,693,174,650,170,527,699,105,655,78,142,140,689,142,566,142,654,194,655,934,691,702,559,234,910,190,111,239,301,79,182,554,171,172,715,108,674,132,109,148,702,190,50,531,657,123,621,149,112,170,190,171,573,54,686,142,122,652,204,660,434,54,644,235,121,291,78,750,169,235,113,18,31,941,174,683,846,188,579,682,758,200,786,329,593,109,380,751,94,163,939,703,179,367,588,7,697,698,678,13,567,623,660,638,161,590,717,884,78,631,526,531,528,637,38,687,683,674,79
131,643,725,235,755,88,111,835,611,783,128,735,655,611,791,799,598,209,211,899,623,754,364,640,108,683,963,551,1019,979,755,666,147,518,243,582,145,616,67,228,194,147,37,611,20,539,619,155,206,647,455,251,99,663,579,659,327,659,120,211,126,643,549,1010,609,3,651,961,147,3,119,743,535,119,675,99,667,358,625,659,643,239,255,780,218,147,679,244,718,13,43,816,755,17,240,1022,631,192,248,246,148,949,152,103,315,799,35,251,78,639,639,807,66,875,204,78,155,898,640,891,179,243,655,644,87,99,749,634,735,387,657,103,145,80,659,526,731,706,760,1,667,403,763,951,669,96,899,146,659,248
652,232,135,147,67,245,696,388,102,93,165,427,499,469,363,109,301,45,424,235,35,405,133,463,125,121,97,291,475,253,205,843,331,173,299,21,4,123,781,325,601,332,379,379,73,965,165,76,111,299,115,243,475,107,365,364,235,59,299,245,371,97,107,679,333,197,173,329,459,107,245,423,89,299,83,367,67,45,499,228,40,85,93,205,107,154,37,115,107,75,268,459,467,75,296,237,141,474,550,332,45,324,77,497,100,477,475,219,427,644,197,389,59,25,205,147,349,4,469,202,120,466,341,237,461,299,261,377,839,371,552,773,333,333,213,163,427,669,327,716,445,243,373,76,205,115,75,379,403,474
463,401,56,181,401,119,729,353,65,150,274,86,228,495,495,385,147,115,18,101,139,791,165,386,663,762,487,740,332,353,147,204,416,134,103,17,164,199,229,665,145,467,960,485,64,529,699,393,466,131,135,408,255,27,113,224,736,108,386,400,403,423,174,83,161,104,220,97,104,147,288,102,753,637,96,39,488,479,227,403,108,672,529,245,403,495,227,111,489,108,403,500,432,249,193,727,459,658,107,3,160,465,83,473,403,422,100,77,450,495,528,440,439,81,502,417,747,497,423,510,489,205,708,229,176,18,465,658,484,255,385,146,657,124,237,483,464,483,417,242,1012,99,103,103,709,456,403,130,913,448
456,484,495,440,575,299,391,390,478,72,443,448,439,495,376,384,270,492,436,454,307,419,383,486,314,388,377,491,61,388,435,448,319,291,303,444,267,383,454,507,491,502,423,370,388,356,316,415,494,508,390,388,718,511,268,968,460,443,448,675,492,495,494,426,484,495,462,260,484,304,364,439,445,64,491,262,398,511,460,264,398,391,391,452,483,419,398,966,471,406,495,423,392,367,107,452,295,872,447,463,303,460,398,411,287,384,308,408,35,938,447,872,395,316,319,380,268,495,454,359,363,318,268,417,324,396,365,306,492,372,306,504,304,491,487,392,388,284,582,268,391,472,262,691,511,511,471,260,972,379
773,773,325,867,941,760,869,539,828,572,610,871,277,832,124,932,813,597,612,868,771,612,619,257,284,871,829,613,512,472,548,813,548,780,292,773,804,520,634,892,359,968,805,868,577,612,866,940,267,828,332,808,899,900,955,904,868,856,322,868,893,932,357,556,813,21,467,340,590,868,788,796,614,807,875,861,356,796,996,261,805,771,0,512,260,828,593,796,110,8,272,831,804,932,780,356,268,837,869,871,636,773,805,852,863,900,806,612,868,908,868,256,44,385,629,771,805,844,776,693,796,866,933,841,777,805,807,880,277,813,813,780,356,833,523,776,771,302,868,773,354,341,999,772,776,612,869,852,960,871
423,405,932,980,943,493,423,402,151,979,167,900,933,917,919,976,915,147,939,931,1011,1017,923,132,436,407,499,459,229,1006,947,916,407,917,365,932,661,979,944,1015,137,421,413,1011,755,903,901,911,405,997,716,917,1003,985,407,1004,675,916,725,939,903,214,1002,739,660,365,404,916,940,916,947,499,916,1012,484,983,947,883,427,693,981,1012,935,724,724,931,427,941,143,1011,797,468,935,913,147,917,471,276,500,402,146,468,736,879,939,931,151,357,905,1003,932,931,908,405,403,917,732,855,943,407,942,1008,1007,981,1011,404,858,819,995,947,19,933,976,949,690,453,1011,947,933,491,919,752,905,405,819,549,1011,1007,942,931
545,692,426,501,742,401,401,407,393,453,401,385,445,233,439,385,649,465,182,275,423,201,920,897,649,401,721,406,614,444,403,937,181,657,162,662,897,1014,465,401,485,939,407,180,721,395,407,503,247,397,913,395,431,502,359,392,188,181,1012,129,470,490,500,397,466,904,449,503,470,742,502,721,246,409,326,918,437,149,436,430,919,830,948,598,1015,181,957,52,937,913,401,502,662,407,751,646,1014,1006,265,701,145,129,439,143,450,397,922,495,456,915,217,245,266,406,658,651,649,230,145,397,811,181,150,439,117,391,731,408,308,758,919,957,631,641,503,680,447,177,352,154,189,406,443,416,401,402,466,425,680,145
392,964,940,392,809,878,920,985,297,917,169,953,469,849,940,425,955,419,940,1011,933,945,469,945,413,436,428,981,918,429,776,945,925,939,470,421,996,981,945,411,417,392,471,947,406,58,462,174,943,404,958,919,933,937,430,861,949,939,431,947,918,471,976,49,156,400,995,430,425,917,935,809,469,1011,945,925,951,425,557,1003,469,937,917,425,943,919,123,924,469,947,939,991,428,470,437,392,461,485,689,392,982,456,940,681,1003,429,917,467,78,918,925,541,993,436,428,425,979,855,908,425,953,955,555,1013,326,853,861,697,290,687,415,941,393,422,908,945,681,412,469,927,397,941,725,407,457,425,410,936,397,944
880,956,639,840,951,714,584,965,763,530,969,556,216,246,614,727,828,591,709,512,749,705,574,732,591,112,365,668,750,182,588,894,707,583,766,719,718,924,615,127,132,472,749,577,1004,1019,584,614,767,961,950,535,704,747,99,907,583,559,686,876,615,828,211,380,959,999,1015,252,984,747,585,612,904,100,766,655,747,193,491,512,644,164,956,995,255,767,709,677,715,764,75,743,1007,975,358,1007,24,113,728,934,63,767,719,705,739,713,591,782,76,1022,621,705,843,764,878,628,380,60,764,644,840,733,963,7,249,520,216,768,760,247,620,732,825,383,641,188,758,712,927,891,711,1004,1004,652,589,760,738,588,708,996
273,821,810,690,946,843,828,333,346,787,762,784,1002,909,948,378,787,234,973,524,1009,946,840,198,982,811,946,842,145,836,1016,331,1004,656,380,795,784,292,723,876,146,488,972,844,936,845,844,826,333,912,602,650,890,852,320,844,694,802,756,890,845,886,892,462,969,441,944,762,875,811,1018,1010,1004,906,690,786,888,700,1002,826,298,914,892,572,954,330,962,964,914,820,834,860,982,379,212,500,946,179,1020,778,448,461,873,891,826,272,587,968,235,826,842,388,1018,787,892,969,748,913,820,236,893,458,970,915,847,461,858,380,875,379,330,397,892,913,817,979,337,260,842,2,211,274,344,746,332,785,306,914,893,946
79,351,508,601,234,368,799,233,879,855,232,886,974,528,639,768,56,367,732,352,760,601,259,952,1023,392,984,1022,488,840,228,384,473,504,736,108,857,753,1004,664,767,95,224,795,0,886,733,352,152,507,376,728,1022,900,642,221,889,480,720,254,468,391,1023,344,232,375,991,157,720,734,991,761,468,816,153,888,155,912,967,288,254,920,872,95,863,853,356,415,345,799,152,376,863,384,750,504,128,212,863,763,248,31,656,351,427,152,469,382,159,639,803,249,377,704,504,670,606,89,328,489,195,360,223,209,496,463,998,507,894,335,889,927,494,651,486,477,380,766,744,495,408,974,511,364,477,448,983,495,262,696
836,651,848,683,860,459,22,682,828,856,527,638,468,527,108,428,601,934,797,156,634,854,856,665,999,1000,1002,619,298,875,538,132,641,762,588,587,969,652,523,890,670,796,1012,875,282,127,473,977,886,524,968,565,908,353,780,660,52,899,364,876,170,342,540,124,888,631,778,860,670,636,988,540,137,676,141,153,855,809,515,270,804,218,790,652,30,667,537,977,525,857,720,652,506,572,657,515,668,680,936,644,868,818,607,665,668,860,66,997,200,913,538,732,648,456,968,542,784,815,604,555,425,876,361,793,983,537,988,141,818,975,122,1018,212,652,268,458,532,473,799,698,636,986,346,648,898,585,967,713,895,988
877,527,999,929,741,387,145,825,62,167,852,121,421,7,256,209,235,237,627,1011,145,409,771,191,627,1,419,169,982,817,626,631,388,694,774,516,305,1015,299,754,1011,400,446,215,595,307,273,169,519,3,174,273,68,949,192,627,823,820,54,185,258,784,419,385,141,59,1007,70,592,336,545,913,417,630,811,804,56,998,403,903,247,518,182,400,804,784,544,196,177,59,56,725,215,369,0,17,907,227,1017,145,217,513,246,400,615,790,375,13,825,733,400,70,696,256,785,681,119,520,918,755,900,177,999,480,693,0,630,157,441,209,721,97,1008,932,388,124,836,273,101,628,855,427,203,430,941,574,613,611,992,449
32,33,356,310,964,83,242,227,832,995,128,61,856,912,900,359,386,882,734,241,852,694,52,210,882,147,753,548,51,58,179,971,254,132,894,290,840,50,845,608,964,708,960,610,314,869,366,128,180,145,1009,351,483,230,225,536,718,502,754,854,946,546,544,48,964,174,722,227,676,880,737,612,673,38,1014,350,98,758,832,894,868,182,998,214,158,406,685,231,690,338,845,54,1014,614,560,850,356,974,166,344,821,235,740,894,267,563,758,106,977,766,884,437,180,133,783,566,560,868,358,50,868,963,344,591,705,390,688,752,563,164,406,22,129,166,397,196,435,22,368,895,180,197,876,678,86,355,656,822,11,561
927,768,900,803,128,615,641,261,726,674,621,978,277,61,433,661,647,631,1019,642,799,700,727,257,167,546,817,817,669,854,359,599,661,483,869,642,281,789,638,102,851,763,387,699,720,826,811,46,369,903,227,980,189,535,647,661,367,327,124,827,652,883,327,1008,32,903,1013,915,640,357,391,514,836,698,1018,652,515,341,932,787,323,829,771,593,720,129,250,7,883,567,789,7,787,567,263,836,697,798,659,131,612,789,787,213,728,656,902,659,920,291,327,940,982,484,728,440,725,375,33,659,372,192,962,231,770,939,229,733,113,661,696,23,501,621,279,603,904,917,449,611,823,896,851,215,548,573,703,642,529,739
934,345,60,784,588,425,560,40,90,712,284,249,553,719,761,75,958,697,763,986,23,827,763,737,891,701,622,764,221,863,964,533,872,630,531,829,782,21,6,517,903,23,550,825,23,955,800,760,755,627,751,574,416,723,955,223,745,674,221,957,841,750,384,545,589,241,83,943,397,75,570,690,68,93,443,663,379,265,590,571,1021,723,911,751,1017,439,526,114,648,569,533,297,437,765,601,911,587,323,964,889,534,998,493,745,194,135,902,954,888,633,1005,76,853,492,479,4,543,728,573,954,512,957,530,955,83,522,570,557,533,185,534,614,983,614,108,275,693,937,859,112,755,595,439,755,914,662,726,43,745,991
835,766,717,841,865,841,649,632,172,847,346,215,336,261,8,905,853,246,680,108,972,831,904,350,783,842,189,203,895,713,202,943,779,920,827,160,810,394,130,599,810,668,133,780,848,203,219,108,440,724,970,194,786,286,764,831,89,766,732,198,167,129,350,43,714,844,819,203,856,592,792,323,191,360,138,202,320,328,888,360,792,811,655,824,189,203,832,313,766,218,423,713,217,785,458,811,732,244,826,834,905,342,538,814,412,413,831,730,204,358,723,706,719,681,863,401,280,96,704,407,449,325,257,853,831,767,761,936,603,991,191,172,270,206,203,948,156,730,843,938,834,360,767,863,254,469,824,440,842,139
252,726,767,105,989,723,590,727,368,12,633,514,991,1017,521,385,394,552,1015,507,87,753,897,831,971,581,582,138,974,661,792,73,423,400,366,511,267,270,876,686,111,126,508,638,537,461,492,530,539,598,26,111,960,296,377,333,630,767,541,111,501,108,233,910,1001,137,815,535,66,495,82,648,123,607,411,61,876,85,166,606,74,140,21,175,792,58,61,488,111,22,847,840,758,43,53,348,454,735,1021,132,127,617,980,617,494,726,975,479,747,568,214,129,716,61,942,479,19,26,111,117,590,150,537,345,769,125,966,610,898,602,552,445,78,125,816,655,88,154,649,493,587,71,610,61,582,583,631,416,7,410
80,246,86,941,946,915,342,418,578,719,96,181,358,22,149,502,290,739,805,417,8,470,352,451,848,773,846,296,612,375,367,203,483,101,419,480,81,150,796,734,48,436,322,930,86,371,48,896,334,675,289,566,997,260,3,694,708,562,247,294,1,311,149,95,371,721,143,880,1015,311,343,208,737,859,817,563,197,324,968,481,88,336,369,72,296,691,99,993,80,231,613,482,118,184,303,323,738,145,419,482,450,118,435,257,968,801,355,342,405,963,753,453,354,829,978,199,53,163,691,320,177,290,451,343,502,864,206,458,208,81,512,343,224,343,456,754,73,308,945,869,330,310,995,99,294,322,147,823,593,1009
129,769,668,514,103,383,379,658,565,553,262,649,318,122,787,442,178,596,432,661,343,810,151,654,826,558,955,839,538,362,185,833,655,938,35,789,648,359,273,882,235,873,136,764,902,500,683,866,656,115,262,123,677,873,563,658,641,698,648,749,576,678,299,374,890,668,565,263,659,841,359,686,777,865,980,701,648,789,874,841,58,954,657,532,533,110,637,819,754,798,791,172,684,791,767,952,351,839,669,772,2,891,313,608,278,661,158,824,839,683,616,374,530,797,307,238,822,649,306,645,678,910,42,520,90,571,558,670,277,698,29,661,277,137,958,448,1016,797,899,366,408,471,64,147,277,741,455,866,732,470
623,136,536,751,352,872,848,650,825,686,874,844,687,617,910,682,890,542,571,921,367,831,215,600,720,841,587,338,895,834,655,665,594,959,505,574,20,552,922,843,533,716,746,861,972,379,874,894,351,207,426,688,1020,879,344,670,953,11,184,202,601,222,646,351,218,972,623,972,219,350,615,700,615,778,809,571,642,895,734,459,554,728,956,711,606,665,520,108,88,127,879,59,816,352,591,268,108,120,81,344,48,415,350,332,73,346,878,208,196,718,891,350,913,26,338,558,413,524,938,923,331,680,291,893,953,471,89,881,895,320,187,464,649,167,666,1012,847,344,860,254,988,328,878,400,975,980,988,751,44,754
169,288,167,92,35,9,7,39,425,109,937,103,10,361,49,47,170,45,925,34,169,239,105,997,238,101,80,98,98,930,34,361,172,39,137,1007,623,931,9,303,296,311,239,167,109,871,258,365,611,995,71,167,815,81,295,369,297,102,35,609,337,941,320,65,424,40,311,481,41,167,426,143,494,41,75,425,134,141,110,424,361,374,47,47,106,871,302,833,104,110,39,47,518,113,15,802,560,99,418,113,35,47,628,39,62,297,579,35,47,35,38,559,40,158,103,137,103,97,597,71,175,29,68,35,871,164,751,941,47,28,162,38,167,618,104,1,167,7,119,131,35,105,419,41,83,169,379,41,514,301
572,122,122,178,58,758,568,284,682,58,166,246,120,150,54,186,340,618,571,656,180,650,560,744,246,122,176,560,762,52,614,634,698,60,54,650,506,760,116,182,122,640,634,634,678,569,598,630,186,126,90,314,186,958,18,752,726,890,650,922,570,182,550,48,52,570,126,634,592,698,60,570,570,24,10,58,630,54,58,686,38,564,890,544,567,126,160,124,236,54,596,54,58,182,522,26,186,573,124,570,672,696,544,180,122,52,58,692,584,122,36,86,890,92,336,312,54,955,16,50,122,554,588,572,630,52,186,120,240,424,52,636,688,566,688,58,570,570,114,52,700,672,124,52,570,58,570,250,574,566
558,774,791,900,271,940,544,768,878,478,910,1001,831,931,479,366,494,767,915,995,899,943,207,972,899,502,339,1007,302,641,419,457,774,319,590,973,519,162,790,901,654,366,395,968,782,278,811,532,803,780,1004,812,772,713,888,1001,965,775,290,561,945,239,875,967,278,586,848,431,1006,769,565,1004,763,559,490,912,420,874,996,744,786,911,528,268,691,463,223,896,527,1004,302,926,484,963,772,815,929,1012,713,304,913,566,896,879,872,304,293,263,260,517,144,899,37,495,15,773,1006,531,740,407,800,995,899,846,896,831,903,958,396,674,898,1004,907,772,1006,911,930,652,787,575,930,1023,303,994,902,1009,937,897,771,963
869,684,399,589,167,782,591,202,651,207,180,72,756,616,7,138,545,49,245,7,797,609,34,514,147,204,551,715,651,196,813,514,113,612,2,171,514,757,142,35,9,556,562,13,715,653,869,709,741,545,600,741,684,749,842,685,44,546,555,460,121,136,868,178,2,96,16,236,239,1004,677,714,171,521,556,526,547,523,1,613,34,685,234,0,173,75,687,514,387,715,90,557,719,39,611,613,659,690,654,576,651,557,398,532,162,545,597,243,716,30,512,843,716,203,109,684,44,173,643,842,557,513,685,706,18,672,142,614,5,13,44,44,34,807,162,749,307,75,25,539,613,140,13,691,909,203,587,48,740,141
325,994,416,361,334,354,900,493,938,523,38,417,938,114,869,107,290,942,293,800,427,546,293,293,869,936,933,165,427,516,810,165,301,714,370,38,430,491,36,868,938,357,875,676,165,680,357,364,420,296,778,995,359,619,874,934,422,362,932,37,105,869,98,426,939,931,101,358,804,482,101,489,160,459,778,933,421,237,425,292,482,520,941,938,610,425,426,356,292,298,357,314,425,806,420,308,1002,107,805,100,416,868,423,938,460,298,988,421,932,806,937,869,357,648,294,266,878,584,457,548,778,299,772,482,421,677,650,361,804,364,872,417,420,182,492,868,494,613,868,298,292,299,171,427,288,37,613,298,357,521
804,576,600,928,862,768,478,360,928,814,680,430,815,452,934,124,510,886,894,812,640,108,492,928,622,608,536,601,620,974,928,814,700,558,294,864,366,814,256,416,544,200,360,304,496,604,352,76,800,956,878,366,72,508,320,646,576,928,384,432,518,928,294,872,697,588,846,878,643,822,366,302,818,932,806,352,768,326,422,327,640,822,354,934,620,878,588,806,702,775,714,672,928,78,876,846,76,895,368,800,684,864,452,868,872,934,892,841,352,54,865,382,352,294,620,640,392,294,496,380,288,15,76,624,646,360,256,442,324,876,880,294,586,376,188,106,38,800,79,616,422,352,875,972,384,672,672,296,304,356
773,684,872,98,678,100,197,881,625,704,761,973,884,232,937,740,962,532,232,1000,686,745,226,209,184,56,1017,167,996,822,35,616,761,683,941,552,994,1000,169,233,633,161,872,934,633,105,574,217,754,232,229,169,851,172,45,173,738,1000,417,228,980,586,114,868,182,226,617,620,932,227,169,184,744,610,745,88,748,533,940,684,99,253,35,34,244,702,156,602,196,711,626,744,39,232,978,686,738,564,99,114,769,754,612,625,653,610,744,761,701,37,629,804,577,996,740,746,356,50,802,1013,227,610,740,232,227,100,548,843,968,742,116,96,745,684,648,857,851,612,978,732,114,984,0,549,983,36,610,744,228,232
374,877,339,349,501,17,526,345,627,543,899,255,415,290,402,555,816,857,782,297,913,758,287,251,755,381,523,533,313,345,755,842,571,790,150,982,637,269,893,497,563,662,717,482,495,554,507,587,499,723,767,250,436,305,421,794,780,945,259,287,261,356,357,837,765,559,939,373,557,571,469,555,465,241,637,772,697,830,857,1011,393,273,510,402,882,213,147,879,277,395,717,546,562,869,5,413,421,597,923,809,1017,465,889,979,465,498,517,581,882,1007,562,893,872,831,628,821,29,543,309,46,627,525,787,513,171,315,497,525,811,242,344,442,364,576,556,573,288,287,753,303,773,797,298,722,963,265,645,524,954,1011
928,88,126,880,822,122,86,950,118,102,117,278,346,126,126,78,890,10,91,123,916,382,532,304,60,120,118,378,94,62,379,120,885,3,90,84,890,106,378,892,58,147,116,346,118,504,330,514,86,49,122,340,148,122,16,479,280,74,383,182,100,190,118,90,122,210,120,123,382,92,0,378,90,314,94,624,360,823,886,118,950,100,180,770,122,484,202,2,22,266,250,118,858,50,50,410,306,382,784,884,108,119,362,190,190,85,18,148,981,18,884,20,378,306,21,894,126,122,122,5,122,22,148,122,822,378,346,61,122,959,90,267,400,514,74,108,279,20,191,818,84,86,126,788,636,66,948,182,154,828
263,865,367,288,317,607,380,463,291,355,293,317,297,169,357,509,316,315,477,375,309,417,815,300,867,813,301,315,471,353,323,321,315,365,261,481,677,228,303,239,353,583,302,515,321,293,813,498,445,273,477,346,269,351,382,480,941,807,327,811,417,336,366,557,361,299,667,353,323,321,590,513,309,314,300,780,524,523,817,839,613,617,623,317,832,894,366,289,353,482,325,300,289,577,363,289,229,431,293,599,353,895,297,315,373,356,138,301,557,352,443,299,301,417,367,366,483,353,331,265,320,443,481,294,367,555,642,322,346,298,339,294,517,177,311,607,811,317,385,369,256,480,581,383,879,353,907,300,353,303
428,288,318,414,820,190,798,310,284,1016,464,304,256,374,492,502,414,484,292,758,1014,318,286,254,953,318,436,446,506,630,414,358,182,599,428,246,192,424,286,438,791,282,496,1022,496,382,496,446,244,446,410,55,318,406,924,350,246,412,428,502,796,306,286,318,854,370,414,316,960,606,1018,1016,428,375,318,414,798,310,958,310,480,794,446,542,938,466,594,80,287,830,408,932,284,442,496,410,318,246,946,826,116,440,30,30,1000,470,446,510,324,428,958,276,282,268,44,502,510,314,116,492,319,314,796,812,502,440,484,286,964,520,824,438,397,1014,287,246,172,951,502,396,62,304,246,853,446,946,812,800,300,317
690,746,250,148,52,170,618,676,308,226,780,746,762,118,818,698,698,788,232,882,162,186,290,108,682,700,764,250,696,669,672,162,157,618,306,250,50,186,754,686,232,58,762,674,872,890,104,184,129,178,178,160,124,232,562,954,634,762,642,562,668,250,672,618,764,50,690,659,674,250,34,652,699,104,32,114,122,184,802,34,178,818,140,136,692,160,186,186,688,180,186,34,762,182,186,890,234,32,764,672,168,672,546,130,618,702,700,562,250,685,184,762,672,690,178,186,424,690,250,234,689,680,186,168,700,946,138,186,690,250,128,700,164,318,762,166,192,634,680,252,162,618,188,274,700,674,376,674,306,698
427,404,465,402,785,949,135,281,266,507,399,931,891,132,403,504,358,390,800,425,384,415,824,274,458,945,328,282,928,639,438,278,825,809,243,272,587,405,466,275,863,949,160,404,294,48,507,474,234,406,944,25,510,896,537,1018,880,122,416,276,148,288,914,363,304,318,2,388,280,442,648,491,294,426,328,841,256,754,306,258,313,280,402,660,618,151,49,400,474,534,544,432,917,21,494,893,825,416,278,162,110,2,279,497,907,361,921,890,944,438,144,130,327,660,383,389,402,310,248,418,384,809,873,91,211,94,439,535,126,384,1000,971,891,827,402,446,931,416,315,439,5,1022,419,506,262,50,270,272,458,238
320,211,375,243,130,119,471,342,149,143,179,205,339,478,439,479,158,478,191,595,338,414,193,64,416,263,261,727,313,695,702,165,466,245,482,229,199,509,357,339,274,695,157,461,286,324,145,155,325,342,503,388,333,677,87,350,245,501,254,220,131,131,204,118,321,141,183,338,371,223,261,185,229,341,467,339,325,154,307,181,349,191,190,373,213,197,205,65,279,179,307,460,229,448,115,263,417,339,151,311,275,351,298,81,165,210,333,281,87,309,392,357,325,347,229,342,257,405,338,133,182,321,270,146,663,193,343,64,348,403,286,191,262,695,132,237,220,341,343,442,210,339,80,383,140,341,357,444,381,499
810,826,890,739,564,630,292,802,370,364,786,873,848,818,884,696,418,12,524,528,532,354,518,824,549,828,1017,121,818,786,826,954,890,827,882,959,560,891,826,696,388,633,985,890,849,954,824,848,603,754,944,826,890,873,884,888,826,546,1010,148,696,680,817,882,701,884,399,959,956,880,945,826,828,894,561,160,532,378,874,882,690,824,906,538,872,888,658,1011,692,683,956,810,884,122,658,793,955,757,826,888,664,290,939,774,936,562,456,954,635,954,826,850,652,890,772,856,644,810,808,888,154,704,634,888,850,173,602,885,883,816,914,890,826,872,653,699,634,658,841,892,952,852,868,347,946,891,851,723,825,917
256,605,596,332,19,34,532,758,198,786,708,270,242,193,68,532,384,140,20,0,192,274,768,147,232,210,166,214,876,810,274,210,986,790,144,128,5,22,54,256,170,500,516,0,346,722,662,64,334,68,750,283,128,146,530,18,162,616,86,201,470,274,18,64,268,22,0,18,132,88,332,218,222,532,108,209,18,410,796,156,144,350,146,150,602,142,22,350,921,0,146,346,278,448,260,406,586,660,133,164,260,146,128,50,132,260,72,228,256,221,530,662,346,272,532,20,278,216,146,256,150,392,9,16,345,662,418,274,192,274,222,22,90,0,90,22,200,90,731,644,396,662,0,964,148,405,726,402,350,720
56,504,226,502,70,510,226,444,824,884,316,440,113,440,184,298,483,480,242,440,98,1008,994,96,354,188,318,482,752,1008,116,98,468,624,432,426,112,496,354,484,42,464,412,291,440,156,198,496,482,438,303,244,290,738,298,316,266,752,304,241,508,610,500,56,377,454,308,203,354,592,384,112,242,312,784,370,368,209,194,303,442,592,486,314,295,945,824,240,240,122,412,442,102,114,316,368,15,220,323,84,378,298,482,358,426,24,376,464,486,380,354,454,250,242,374,314,708,784,496,358,14,70,112,312,318,483,298,280,194,374,432,226,6,496,794,310,28,312,866,57,496,280,112,280,270,956,358,112,170,210
759,561,167,644,688,677,759,703,677,236,909,670,751,704,236,701,818,391,128,625,165,513,836,691,845,152,690,655,724,877,870,133,133,677,693,301,750,173,677,689,903,677,549,361,821,688,647,640,549,613,640,949,159,658,161,693,559,239,692,234,677,819,748,933,211,817,708,693,252,779,737,717,721,749,755,749,817,748,941,672,757,709,672,231,39,311,685,876,679,901,741,549,751,673,205,598,705,753,652,135,717,725,820,677,812,752,935,749,817,749,645,749,693,657,805,748,693,229,717,691,973,627,743,690,143,716,670,673,819,687,812,365,605,883,941,712,641,651,711,741,655,744,969,689,691,677,757,421,652,765
474,554,806,754,736,952,552,549,614,740,288,9,553,993,513,611,428,800,1019,552,423,561,816,426,961,724,1008,936,544,486,936,696,613,466,617,598,169,96,800,552,741,697,115,680,242,823,961,386,873,480,554,985,208,552,396,147,613,424,557,612,472,1000,556,484,672,494,523,727,688,905,428,572,963,962,255,992,40,553,752,737,681,676,534,1006,808,738,1008,992,424,70,665,998,194,816,105,729,613,612,571,292,246,680,1009,480,485,523,742,230,488,582,482,553,327,581,30,757,225,50,876,1001,998,480,1001,424,725,489,192,424,535,548,1001,549,228,568,628,883,544,746,70,496,870,800,41,944,998,992,979,424,612,742
119,391,69,957,183,89,335,63,15,463,487,183,391,637,225,1017,503,109,1009,29,47,79,511,123,699,685,487,145,857,1017,151,575,987,477,915,951,1017,1008,389,375,521,438,279,1014,950,87,319,119,183,991,501,951,919,127,455,111,603,439,445,613,590,443,55,177,447,61,1023,471,37,119,1019,1016,239,431,503,487,907,319,95,465,1019,464,7,369,783,255,639,465,13,933,611,927,601,962,319,223,447,927,599,1013,383,101,62,974,369,215,743,447,943,39,253,735,119,951,71,977,103,102,509,999,15,125,432,950,557,486,477,1009,945,407,965,109,356,607,999,447,399,508,31,983,399,963,121,407,902,943,977,245,111,81
580,387,771,812,333,392,120,111,515,387,372,303,173,767,272,583,197,68,349,115,112,604,203,240,149,522,195,203,867,135,908,901,91,628,219,10,300,140,807,464,655,845,955,387,759,269,140,130,215,651,754,392,525,834,131,91,603,771,235,320,859,539,212,388,611,388,277,66,324,507,548,348,408,15,389,532,195,863,787,204,268,127,303,324,716,323,143,108,146,195,91,331,220,636,220,287,899,909,387,207,148,149,301,333,92,463,396,271,252,151,172,899,321,148,128,771,127,120,300,131,263,859,859,859,460,380,452,123,387,259,36,363,363,371,874,324,535,323,973,242,900,836,42,459,79,667,155,860,348,115
649,488,200,981,915,339,93,991,20,543,150,968,474,985,201,340,517,975,964,439,514,59,153,534,987,601,534,945,927,543,976,813,586,605,461,528,1015,59,779,1007,97,617,605,67,297,973,719,531,989,95,595,593,706,1007,603,568,984,971,196,347,155,537,664,585,24,473,991,979,983,657,571,601,989,607,984,81,976,27,856,1007,967,1,593,979,981,81,859,793,283,215,857,842,663,583,89,411,88,585,1017,964,537,600,354,984,281,80,1007,10,963,581,961,364,603,987,617,216,568,900,955,929,534,280,533,607,981,990,535,850,987,973,537,639,223,515,603,539,915,198,90,74,374,539,796,973,90,658,987,894,555,15
188,1022,225,1018,250,974,971,636,1008,991,127,994,634,639,1020,761,254,98,102,66,879,952,238,713,892,994,934,248,606,926,886,606,825,761,65,242,961,556,1010,254,242,890,782,1017,77,190,830,233,1017,826,871,828,28,793,418,217,126,126,827,929,124,73,550,1009,746,964,608,953,194,121,252,956,800,819,70,113,622,110,172,634,778,96,601,626,121,74,65,956,226,250,241,187,639,607,801,249,513,977,796,72,970,126,102,536,933,954,339,625,975,827,39,97,985,975,190,962,1023,218,114,65,625,1022,1018,954,956,636,218,1008,205,956,988,793,228,1022,783,97,96,251,121,865,1018,830,834,122,766,841,1016,194,950,252
901,155,646,855,225,913,193,1022,883,902,1001,1007,151,999,386,647,983,199,135,209,85,705,982,833,71,209,321,391,241,579,329,151,289,949,207,518,898,85,7,897,982,129,941,522,961,961,209,209,902,833,197,129,881,834,994,978,494,979,199,371,349,833,965,135,927,862,518,194,954,65,353,321,897,791,838,225,5,1013,1,198,899,326,833,882,69,591,207,970,833,145,845,67,135,130,834,210,201,822,66,963,897,845,839,130,897,710,835,225,833,401,35,855,846,65,918,948,343,327,199,961,841,193,263,327,833,129,993,896,964,131,927,710,913,593,903,947,353,193,221,217,164,967,839,519,833,327,871,239,786,882
839,332,129,96,312,352,159,356,123,270,451,83,139,18,59,448,336,320,193,200,229,100,22,767,839,707,205,259,448,454,218,583,81,332,288,927,379,221,68,496,246,176,143,11,154,971,832,327,103,120,107,581,960,111,760,327,480,521,463,854,743,99,882,456,355,316,975,195,347,376,330,859,459,827,455,280,107,88,227,577,275,968,327,327,317,504,64,329,235,635,456,586,472,839,859,256,334,137,327,454,484,800,796,455,836,203,455,278,99,452,591,331,87,827,486,608,219,451,583,835,435,320,264,0,127,259,583,455,216,783,224,795,1015,195,455,17,66,28,78,960,273,460,27,478,411,454,582,115,456,327
968,134,470,929,78,80,439,471,943,405,33,391,72,969,81,645,433,265,965,321,833,566,904,848,683,569,435,585,961,860,955,552,465,504,561,343,417,96,417,593,615,407,921,95,350,599,565,961,596,830,161,560,151,166,471,164,808,577,917,980,534,465,586,283,439,521,663,264,919,689,598,703,856,963,600,577,385,726,336,339,566,839,401,72,89,475,184,897,440,33,980,121,454,457,86,89,965,407,817,440,503,417,588,583,274,439,567,932,889,902,854,625,544,576,479,624,566,694,511,774,479,377,612,566,446,191,551,484,917,560,515,58,162,49,303,87,881,602,337,855,886,479,305,560,631,453,689,846,288,48
731,473,217,754,93,531,137,531,146,765,921,659,735,339,61,314,157,506,761,892,742,835,923,618,752,498,115,216,611,541,593,284,163,539,723,499,922,389,411,498,402,883,29,371,556,765,1019,275,218,366,85,603,229,733,541,658,250,602,625,27,339,283,24,922,484,523,155,759,237,357,377,241,27,1018,501,625,347,629,208,285,13,253,573,253,474,235,410,819,811,915,650,141,637,628,492,506,851,229,658,481,536,467,129,250,243,984,253,168,467,459,409,35,138,379,245,1011,386,227,415,245,243,229,498,755,533,99,604,24,875,379,634,573,428,959,914,748,604,445,745,412,51,484,210,411,359,247,565,299,882,448
875,884,244,874,550,714,499,738,411,1015,247,758,883,950,484,1014,884,749,756,881,626,886,756,759,996,244,366,39,754,711,882,886,246,849,547,886,549,631,882,761,756,420,233,1012,564,608,177,758,758,999,1015,884,631,706,758,881,882,487,751,244,806,754,567,195,871,913,567,887,433,372,823,740,751,241,881,659,394,644,962,489,375,360,455,756,740,241,695,694,676,756,758,66,996,228,884,887,756,752,884,886,695,455,246,484,1004,240,759,887,1007,563,887,407,1017,868,110,880,754,628,799,372,1002,503,884,755,503,560,887,887,760,882,883,881,17,673,880,498,566,484,999,950,916,867,116,754,240,247,692,758,401,756
89,649,412,111,542,265,861,778,58,504,410,413,116,446,12,670,579,410,242,109,63,409,873,992,490,798,30,888,430,830,878,56,408,418,511,153,223,954,634,332,158,41,424,78,605,158,478,106,769,358,924,186,283,153,630,94,611,68,482,106,47,334,494,408,101,156,797,794,56,98,90,415,362,96,157,430,173,157,79,121,185,478,412,112,9,494,858,26,152,158,484,799,394,143,397,238,158,484,415,540,34,828,702,185,605,570,158,110,24,42,103,798,174,926,650,77,568,40,156,162,130,30,366,414,175,829,90,344,158,766,35,622,109,942,776,314,478,940,41,23,285,320,28,159,389,120,90,926,143,537
955,864,61,54,240,55,12,288,246,956,596,143,766,670,534,890,108,638,558,48,517,616,640,60,243,574,628,186,1018,958,549,761,80,556,612,954,698,112,763,19,50,662,631,638,570,400,572,763,571,62,402,629,620,626,288,176,634,44,634,27,569,54,347,56,826,50,596,56,36,554,44,690,80,189,160,59,60,182,510,82,249,178,172,940,119,118,702,605,635,574,696,940,946,885,656,542,558,179,184,570,665,574,570,953,630,670,574,638,54,571,160,826,62,298,115,944,80,954,63,954,51,51,530,690,384,533,650,300,881,515,360,442,927,951,40,128,128,160,702,498,60,379,432,62,146,31,928,684,506,1022
974,730,930,655,671,537,749,580,777,780,850,962,833,503,934,896,962,706,787,860,717,896,889,193,725,998,841,704,973,934,589,962,685,365,128,898,786,863,929,707,835,730,456,840,522,589,674,905,973,738,722,705,704,941,685,973,988,895,704,841,458,968,704,603,981,205,110,12,32,973,858,655,674,140,494,749,974,733,962,717,519,571,845,705,738,205,915,201,542,704,205,192,704,1023,418,593,225,693,877,704,993,1010,978,833,685,525,864,942,972,553,653,718,961,689,442,705,953,648,461,833,751,750,864,877,972,686,10,774,705,897,713,961,929,582,513,928,734,972,973,741,396,991,674,993,740,905,992,961,589,265
29,4,24,63,557,573,537,264,276,569,277,280,8,819,15,280,283,4,4,769,31,269,24,4,31,29,275,385,25,771,259,268,295,531,211,269,287,280,769,15,397,95,19,265,75,571,44,571,19,425,521,13,5,169,516,310,51,542,335,5,531,55,543,787,536,95,73,29,0,531,404,531,595,521,4,625,276,45,14,403,13,60,73,16,211,41,275,144,83,528,28,4,147,0,543,304,31,643,520,100,276,521,16,557,25,340,272,79,95,269,16,260,8,83,377,31,797,287,771,205,63,41,178,339,210,499,347,268,351,90,9,92,80,95,642,644,620,59,59,36,3,524,268,544,19,333,520,24,19,543
355,289,59,382,480,224,228,128,823,205,242,363,295,1023,429,495,192,303,508,492,493,365,467,488,0,364,372,480,480,677,510,324,452,485,492,365,40,236,47,396,448,483,292,239,1007,204,299,323,839,480,363,236,428,183,243,379,877,421,303,232,171,423,329,491,243,475,451,39,407,1012,124,32,354,431,171,380,511,108,418,173,332,311,43,492,482,477,295,198,482,35,356,931,475,319,463,235,488,251,451,494,103,292,483,975,480,192,239,231,51,492,463,419,359,481,240,876,868,239,1001,141,491,876,235,168,241,811,359,76,485,875,451,511,495,547,425,763,993,108,502,375,57,482,106,292,251,478,251,455,1006,480
90,650,683,200,644,34,154,183,161,645,2,182,762,706,662,680,266,146,658,664,738,682,682,676,728,544,128,684,938,153,668,674,169,662,298,648,198,154,170,182,724,165,163,244,165,649,169,168,164,699,173,681,683,193,649,199,681,178,45,171,665,616,702,562,171,676,186,186,229,64,154,933,186,137,674,137,222,658,233,163,676,138,132,283,236,182,161,641,100,546,666,457,134,681,666,149,204,666,182,698,681,187,149,661,938,206,695,141,136,606,701,649,649,649,649,160,149,689,169,155,578,167,169,594,236,162,168,905,673,665,644,703,182,180,620,679,158,666,137,99,745,154,682,203,685,420,681,153,529,681
113,54,894,126,850,104,110,106,890,446,810,72,110,114,625,126,890,184,105,122,242,762,48,114,250,167,106,246,247,364,126,113,698,108,66,572,50,627,94,126,101,114,226,118,82,96,168,126,898,502,114,126,63,542,41,114,124,87,622,944,236,122,40,494,174,108,698,370,236,882,160,570,184,122,626,49,58,182,121,702,97,225,186,373,28,115,122,56,224,73,104,53,120,218,104,868,820,242,161,186,126,177,78,114,105,97,32,464,253,564,636,160,230,109,126,490,126,96,104,106,126,44,118,126,114,122,104,118,96,118,114,114,505,114,190,106,122,125,201,684,224,105,118,114,114,172,254,96,124,246
485,429,555,932,682,259,673,792,385,681,460,428,89,406,112,932,391,620,324,484,961,129,592,393,353,492,995,424,388,923,503,936,299,443,397,736,359,827,964,307,408,504,377,896,399,339,353,397,355,395,43,187,364,275,104,685,391,91,397,271,99,354,972,1001,352,909,672,819,355,416,440,139,482,143,366,204,789,489,64,618,66,423,504,171,136,96,376,347,322,97,492,347,351,425,339,603,879,392,442,354,321,431,427,431,443,250,353,288,353,171,353,66,883,59,345,288,76,454,237,972,96,167,41,351,352,353,505,461,481,191,511,437,450,460,801,864,105,492,460,289,109,363,551,492,887,439,409,361,384,427
735,606,847,685,757,635,869,393,753,893,861,724,694,695,351,574,641,480,509,669,871,647,165,356,315,1022,893,31,861,688,240,592,717,532,334,130,812,169,651,633,606,66,745,542,683,383,573,843,57,500,609,431,209,588,714,237,722,577,100,523,876,590,419,585,702,740,577,4,972,862,867,632,625,183,585,655,831,1001,73,523,990,357,932,559,754,646,638,233,500,637,880,325,670,135,589,681,441,69,657,230,748,335,624,946,624,994,670,133,541,11,637,651,625,609,874,604,845,903,831,533,303,382,645,637,106,407,403,241,608,422,644,694,728,222,953,666,683,167,860,899,134,841,323,437,360,667,606,897,555,230
675,643,701,821,575,295,719,573,559,714,239,945,419,573,119,645,431,574,674,687,559,675,761,719,701,753,35,701,561,693,637,693,675,687,163,559,886,757,753,767,687,418,702,677,687,701,712,692,245,686,687,551,703,691,572,685,682,828,945,761,949,557,559,573,573,765,753,753,572,551,815,682,53,701,701,643,687,959,445,630,994,753,931,629,561,686,813,253,701,555,579,687,693,1022,551,615,684,943,686,1023,938,703,700,689,701,753,1008,305,685,764,573,766,931,1021,63,700,945,757,573,674,753,503,930,753,553,821,753,719,738,1011,745,753,559,431,546,33,682,753,943,1003,765,1008,490,911,765,560,373,561,753,703
794,579,117,578,293,545,2,149,603,11,129,26,57,559,54,25,79,621,570,2,957,513,69,281,694,734,222,541,122,765,577,37,644,190,588,225,594,265,572,565,598,150,26,771,58,22,735,693,141,21,798,561,525,180,210,26,676,654,1,73,23,86,122,669,94,566,86,573,21,1,1,533,140,513,123,567,31,89,538,690,513,544,1008,122,30,893,141,9,122,533,754,694,950,516,9,561,140,565,5,8,33,516,9,1,517,53,177,701,91,533,565,566,168,766,96,21,172,828,32,534,26,222,849,941,169,160,49,811,545,13,151,2,705,93,607,22,82,172,617,526,563,54,105,22,829,721,602,801,532,213
35,442,638,322,122,420,934,122,200,422,329,13,422,942,108,443,394,436,425,101,686,169,40,422,41,41,191,442,322,225,41,108,424,490,800,172,14,353,364,133,428,41,116,360,396,442,424,425,170,97,420,42,937,333,42,134,248,457,100,58,442,106,653,424,364,428,362,366,97,438,436,425,429,65,268,429,110,96,10,438,431,494,490,447,430,329,384,290,362,441,101,937,103,442,58,376,428,436,105,425,56,440,325,352,118,112,420,218,744,329,174,425,96,58,105,14,353,425,112,449,344,580,662,449,99,38,421,238,289,426,454,37,704,46,228,426,42,321,42,506,427,382,168,59,436,620,112,409,488,489
561,665,567,292,644,49,185,555,933,821,932,529,567,236,548,426,397,564,232,883,573,564,549,676,936,938,744,956,929,561,956,713,124,40,447,833,1020,446,316,572,781,564,545,764,957,944,545,841,593,531,856,1001,1005,708,531,544,838,749,765,873,764,561,561,564,548,5,1005,572,764,658,1009,804,610,1008,484,740,555,880,753,992,748,704,205,3,1008,556,316,561,756,816,557,740,932,19,805,628,515,649,124,784,677,559,759,680,996,936,548,685,772,757,843,865,910,684,688,528,728,865,756,768,44,756,537,740,941,936,556,557,774,572,740,568,940,672,549,557,137,651,584,1020,572,748,564,1001,403,519,959,820,739,644
865,9,246,41,212,702,0,374,485,453,128,184,417,577,110,946,117,454,853,182,114,244,154,168,101,395,224,487,59,359,175,106,577,693,122,628,98,824,485,358,97,136,626,251,166,440,444,165,214,357,160,166,257,101,179,69,210,357,292,161,522,152,112,293,195,116,9,322,372,58,9,371,423,173,98,485,1013,158,398,424,806,374,702,120,118,165,162,240,357,412,97,690,289,320,357,97,429,140,10,101,317,639,225,449,356,609,629,624,160,682,176,164,417,102,426,354,15,870,165,322,352,356,64,1001,9,485,360,110,312,520,110,300,101,377,179,70,26,173,317,225,240,357,944,369,137,869,26,166,173,106
771,624,580,625,659,825,770,861,332,27,942,668,70,580,960,264,964,601,627,716,269,214,555,844,744,178,924,906,835,933,626,524,525,608,827,701,836,482,328,608,324,660,773,135,542,917,604,580,68,273,844,836,367,977,668,376,256,652,668,413,998,936,852,277,836,454,836,396,910,651,671,625,974,908,625,580,880,976,597,795,709,228,608,858,832,965,129,952,580,716,960,872,721,856,708,853,644,568,666,532,653,580,830,578,668,680,72,396,861,844,964,268,598,70,844,544,910,642,700,543,861,716,533,781,627,80,839,996,604,927,796,908,12,499,324,908,757,182,584,440,580,905,344,1010,823,925,669,414,664,839
257,411,357,509,165,77,359,168,521,428,780,321,648,192,125,659,721,138,177,356,509,229,830,322,69,608,499,370,114,225,330,881,353,905,949,457,753,181,401,364,456,177,291,933,45,294,335,804,864,525,562,297,426,194,869,130,245,484,74,78,117,113,165,221,329,333,865,117,864,74,799,657,338,366,337,396,337,356,355,869,146,322,81,81,243,625,605,118,866,173,148,329,693,193,125,329,162,640,129,885,446,97,113,858,238,100,754,328,851,501,226,128,125,204,834,146,249,457,167,783,66,193,899,874,317,576,715,129,926,249,141,609,401,10,146,97,336,925,97,225,849,65,101,385,849,411,809,309,223,209
569,683,348,476,827,975,815,708,699,924,951,669,461,148,284,379,500,255,316,418,471,605,823,645,787,407,625,452,319,391,505,847,22,120,476,909,636,399,421,528,121,948,477,977,652,975,511,401,316,344,445,58,907,317,316,404,845,684,244,941,951,53,825,389,973,571,463,519,455,588,509,312,420,592,684,478,84,407,93,319,556,1019,965,55,983,579,913,853,949,816,461,437,532,35,311,975,460,975,303,508,127,435,320,591,23,631,303,463,321,287,476,69,184,575,1016,271,516,476,527,403,599,348,476,973,716,771,568,563,655,691,584,127,636,555,919,424,469,289,479,632,916,315,559,491,335,506,575,264,460,508
903,815,808,79,942,909,92,880,916,727,685,932,716,326,903,655,553,160,711,807,871,725,995,780,931,352,335,362,933,857,325,929,132,407,727,292,99,933,942,926,361,745,918,929,298,611,553,583,525,929,615,867,343,687,679,305,686,353,243,932,864,425,235,615,279,328,161,423,370,374,782,811,719,931,867,839,740,232,609,811,257,674,754,224,929,930,228,655,160,155,958,161,227,456,267,867,929,798,539,868,846,836,581,902,363,867,628,419,359,588,819,935,652,864,836,428,933,677,361,609,361,142,648,929,353,931,231,583,359,652,268,653,847,800,553,527,278,835,710,619,931,199,140,419,663,839,419,942,527,449
394,500,251,60,920,503,991,906,908,500,82,376,356,467,484,500,66,72,550,916,232,349,368,472,539,102,791,984,246,408,216,531,411,504,464,857,8,472,603,416,968,228,349,536,468,472,123,539,411,572,283,180,120,344,788,348,411,211,763,96,388,216,212,223,155,600,453,733,315,203,535,696,187,376,115,436,275,504,460,32,404,55,987,312,247,263,901,440,376,400,215,169,283,364,52,26,264,388,388,24,728,475,1016,304,484,283,475,1019,200,294,247,149,632,511,306,55,120,603,50,408,1016,120,612,307,36,436,1012,628,1019,410,322,456,472,315,481,539,408,763,795,162,608,248,312,19,212,824,448,451,472,540
289,658,786,978,625,540,642,529,796,529,450,861,850,977,962,486,715,98,410,973,995,768,988,542,308,528,759,816,974,653,593,454,659,518,761,530,515,526,681,256,722,794,769,994,797,658,759,626,565,786,578,566,808,222,781,798,598,272,192,146,528,641,786,522,524,834,589,585,601,641,529,642,786,963,540,268,640,982,778,594,981,656,259,992,450,480,657,176,608,514,622,784,518,1019,62,978,734,226,962,785,849,926,785,478,834,641,696,480,797,536,305,925,624,798,654,605,754,640,265,626,582,20,609,24,18,768,664,18,530,515,978,769,118,715,274,514,718,800,780,514,922,974,640,658,540,720,770,936,158,594
89,337,190,246,357,8,118,281,145,13,81,190,218,503,209,343,977,853,208,6,273,244,241,977,218,345,282,61,53,337,66,158,154,693,193,856,85,213,203,990,245,161,153,272,59,209,346,176,648,182,281,377,217,757,858,144,153,54,193,156,185,857,373,153,190,761,693,193,320,950,313,210,210,563,83,802,318,154,317,149,373,210,337,880,664,449,793,954,977,700,979,702,145,201,977,169,145,854,501,293,122,81,245,83,137,634,858,209,213,935,153,218,337,436,209,325,245,217,445,344,217,912,342,337,340,281,320,144,449,917,208,246,209,493,345,342,832,373,153,190,445,57,337,329,281,218,8,805,209,664
738,700,236,458,662,772,471,699,197,198,794,524,781,679,534,549,685,445,801,677,234,211,825,406,710,929,646,683,774,161,519,526,697,654,745,718,526,65,553,514,188,55,196,801,45,697,533,650,536,677,809,12,769,1002,719,22,681,681,932,901,552,11,662,427,862,776,827,598,534,687,654,174,990,780,737,810,900,718,213,220,790,889,515,829,673,105,414,873,645,169,517,787,393,828,648,544,542,1,470,233,534,253,817,566,144,642,197,181,553,156,417,516,677,409,151,797,684,6,190,553,653,525,390,745,958,799,770,647,206,388,365,645,565,659,786,190,534,739,640,150,666,572,809,171,811,548,141,652,1023,12
186,536,539,457,841,705,847,246,208,457,632,209,219,176,222,717,251,406,970,22,339,859,667,766,707,218,728,235,727,648,635,747,726,747,457,730,723,603,457,927,218,760,184,712,713,34,201,462,136,138,91,901,754,210,634,595,738,219,521,478,219,606,824,705,475,890,154,894,726,735,767,729,759,211,623,146,530,706,594,345,737,210,415,706,218,731,704,890,342,210,217,219,471,705,201,123,695,590,749,225,731,713,731,850,173,731,712,735,207,449,239,221,594,968,214,722,543,218,713,150,986,218,844,734,712,705,238,730,743,854,709,745,723,212,639,389,767,722,76,343,634,859,460,730,859,847,722,706,249,970
732,780,245,686,685,682,650,815,710,952,1021,814,72,961,807,765,644,901,679,935,806,941,467,943,230,422,397,392,778,770,128,781,395,150,947,696,392,143,246,960,774,791,800,994,942,904,198,951,781,68,935,686,344,994,314,900,823,800,230,650,1014,967,966,940,822,938,167,797,942,1006,390,848,684,684,800,126,712,1015,965,935,985,813,942,644,459,647,960,750,778,813,942,771,988,972,963,815,90,4,103,908,500,958,140,802,444,1005,969,811,685,943,683,306,454,999,39,402,799,907,664,384,723,202,381,664,256,908,430,259,904,814,775,934,976,822,769,780,175,814,912,775,142,656,798,393,270,810,780,664,685,896
31,257,1022,351,354,759,286,817,921,303,260,772,285,280,805,445,93,309,313,117,793,664,273,373,837,249,367,557,977,265,101,717,286,788,487,815,994,465,734,477,318,817,857,729,669,336,809,311,337,308,971,701,696,601,217,125,1006,790,639,23,696,321,345,800,805,317,729,290,214,997,433,310,361,822,325,115,120,549,355,288,788,278,636,293,356,321,257,921,29,504,97,991,383,601,356,1016,288,319,189,285,41,303,765,1020,469,1023,285,317,377,293,807,740,864,944,481,829,672,509,409,381,821,261,813,701,385,437,286,1016,222,785,869,346,381,349,401,975,813,354,769,701,601,885,85,359,445,880,987,985,920,829
769,280,485,245,454,1002,965,811,168,491,768,273,490,960,370,581,106,616,773,226,769,768,867,818,936,306,454,800,226,453,773,501,722,910,480,335,773,334,509,776,804,128,472,995,904,306,354,629,29,772,517,634,914,325,342,491,1002,454,883,352,454,946,770,775,466,881,296,326,167,577,224,935,423,618,769,442,320,128,631,939,490,178,178,801,774,498,490,626,755,621,626,296,904,306,388,256,454,594,800,498,614,811,744,342,243,930,1010,882,332,949,770,342,448,134,50,132,883,270,452,800,782,616,488,826,232,168,787,902,184,501,170,491,232,326,818,451,610,776,314,488,810,448,874,157,460,565,632,164,374,791
849,719,842,647,903,413,472,857,668,157,266,25,202,472,750,760,701,392,715,191,473,701,847,861,925,314,351,344,504,477,203,923,303,793,204,413,700,367,700,701,725,975,477,180,644,508,315,984,767,701,29,28,284,395,957,90,592,912,806,473,953,108,152,321,475,925,831,655,861,345,756,145,445,303,399,975,711,39,725,332,665,696,715,694,957,607,888,647,957,793,413,632,875,952,720,765,458,701,263,678,991,687,701,508,938,495,399,413,411,356,651,189,335,281,912,463,343,925,842,911,105,475,923,847,238,907,458,664,583,664,572,672,908,906,376,640,728,701,985,980,161,824,380,701,887,911,409,725,601,751
563,917,619,566,95,106,918,557,375,517,155,133,342,647,965,531,370,535,148,183,179,277,360,351,853,348,535,247,860,356,427,127,152,351,451,287,732,311,112,371,155,583,364,663,339,636,744,287,151,271,644,543,695,187,261,892,130,799,678,363,168,95,411,541,573,312,283,136,287,332,275,332,283,19,322,275,373,115,141,256,447,343,351,159,279,161,671,315,335,543,375,95,149,311,261,158,260,278,543,899,320,563,991,335,563,13,91,301,151,847,323,338,543,535,575,241,991,995,296,155,525,388,427,375,325,299,53,315,791,373,52,407,671,245,531,279,159,263,207,87,543,343,141,291,653,1003,521,445,538,410
469,629,345,335,872,605,727,353,504,77,799,592,327,474,763,104,375,693,864,487,736,331,141,878,584,630,83,352,993,920,983,987,928,351,608,360,353,935,578,352,983,631,98,862,357,823,353,579,331,276,747,833,363,665,616,1009,1012,349,372,128,711,754,77,69,357,976,645,949,517,328,164,375,903,328,719,940,959,87,93,620,297,349,827,762,983,81,360,106,292,306,631,56,743,376,483,120,996,998,109,742,127,108,919,288,1015,615,723,868,478,352,618,175,943,359,856,678,938,986,352,183,613,102,866,120,247,37,344,501,357,999,160,123,584,992,91,856,864,351,929,115,351,720,839,412,113,724,893,725,85,868
877,1005,369,690,694,695,741,209,436,821,722,898,86,305,1009,677,501,566,856,887,921,560,884,737,162,870,498,152,886,470,338,858,470,369,340,441,474,856,138,342,677,1010,131,342,886,753,181,146,493,504,374,880,548,54,177,468,857,153,730,176,740,468,682,659,330,306,67,180,481,502,278,246,1010,181,724,181,113,886,753,882,848,623,821,886,174,842,514,869,679,759,168,245,358,842,468,231,499,758,437,509,149,842,162,177,153,474,154,857,882,758,882,793,501,534,688,464,882,758,293,324,541,626,498,884,878,690,949,785,401,850,717,465,758,894,182,368,146,723,889,243,662,1014,90,554,578,338,290,757,851,875
54,578,62,164,124,576,166,111,614,60,732,710,36,191,332,732,615,900,762,728,56,728,418,728,634,185,689,766,142,412,636,824,58,728,710,164,6,898,898,989,36,910,741,700,631,32,416,24,645,583,548,602,1018,634,583,442,68,644,965,62,188,332,8,234,1,892,582,608,188,683,708,71,601,639,638,289,637,185,961,186,632,633,604,582,900,451,610,618,34,49,562,28,710,5,142,651,138,760,628,410,2,703,131,190,1018,627,572,292,579,698,605,604,568,582,140,508,634,62,764,578,97,128,685,190,33,28,158,618,34,728,5,186,676,734,600,956,568,604,135,570,72,58,708,442,34,224,632,674,252,708
453,971,503,923,1007,395,1015,507,321,437,667,483,202,919,159,907,933,963,510,953,1017,503,772,500,964,992,509,410,423,293,510,417,491,442,451,739,379,997,507,498,498,219,421,462,279,410,739,969,410,450,186,450,507,315,511,503,992,443,290,491,251,257,994,349,443,395,315,438,925,447,670,443,923,315,866,443,196,442,451,446,483,821,500,157,419,146,834,62,965,283,506,989,915,396,1012,407,451,835,1015,959,475,387,155,993,313,447,979,164,455,443,418,413,420,245,162,354,189,358,496,446,1018,736,449,823,901,469,477,291,157,27,965,387,998,427,444,403,323,933,419,859,451,437,483,1013,419,997,913,446,731,443
683,889,35,176,571,33,44,874,61,531,609,570,745,588,635,572,619,697,172,16,13,548,83,617,609,37,229,977,521,586,309,591,53,635,109,3,587,43,40,93,765,86,266,59,747,717,539,55,0,621,12,531,601,10,77,3,573,301,47,556,616,45,21,59,589,34,13,625,619,53,612,621,309,582,924,21,61,581,619,47,109,13,780,675,624,620,621,1,80,317,748,33,181,596,9,628,512,42,719,2,271,43,35,888,619,617,32,61,3,20,618,45,53,618,5,56,892,620,60,736,15,550,523,59,15,619,572,625,45,111,764,569,624,45,569,529,611,21,1,619,51,337,518,52,733,173,707,45,17,789
389,1000,121,853,27,28,49,233,734,642,994,904,514,393,1012,779,39,691,654,431,917,530,922,413,846,857,596,938,909,831,907,824,200,11,399,291,521,911,602,905,909,817,597,765,265,430,700,524,91,1018,643,541,781,456,921,736,608,993,393,868,269,603,739,913,877,545,824,141,1019,216,1003,766,463,986,41,885,715,458,807,59,698,772,713,1016,849,937,794,879,619,784,731,795,600,797,993,925,13,153,704,728,426,729,363,684,521,657,669,575,937,873,763,313,939,785,1010,648,785,764,354,97,439,79,972,586,460,13,977,733,739,715,152,906,881,923,768,425,934,1,6,558,911,603,777,981,191,853,732,19,617,379
970,68,118,860,560,808,694,628,462,274,124,815,360,376,120,806,72,769,862,54,513,728,718,8,16,352,72,504,368,69,272,74,72,72,0,74,88,593,600,336,97,72,782,8,298,204,193,116,336,90,818,776,528,176,78,72,828,776,80,464,556,560,926,72,528,304,264,526,356,840,520,329,120,88,72,520,206,462,808,200,286,528,249,776,515,336,328,42,780,558,562,776,108,496,68,349,336,662,368,84,362,206,775,48,14,40,104,126,72,288,48,302,124,83,984,528,138,278,105,264,76,456,376,321,296,560,336,298,552,297,344,830,428,376,792,48,120,24,958,336,328,570,126,746,273,810,200,121,72,808
248,225,165,193,252,230,125,451,691,88,226,703,753,165,241,250,192,97,353,699,643,99,159,125,906,223,237,703,251,699,401,193,195,97,665,125,241,353,241,403,192,251,124,129,696,679,248,231,120,900,249,197,474,253,697,250,243,33,122,964,901,381,161,485,226,249,217,690,130,77,693,123,189,676,225,939,225,224,101,249,227,640,577,189,250,226,421,155,249,739,99,252,613,227,229,675,155,193,481,227,121,653,253,251,97,632,251,455,506,518,703,640,226,229,224,252,666,357,696,226,199,537,676,131,123,569,673,717,668,101,100,223,581,225,703,920,193,237,205,99,952,225,205,193,699,585,384,645,703,252
174,922,90,187,93,217,843,67,662,155,2,158,10,155,282,27,31,587,69,153,281,840,614,187,27,19,13,313,704,304,162,185,256,307,259,290,434,130,731,186,542,407,278,194,67,26,290,34,576,137,579,664,712,77,410,183,11,3,11,251,48,154,155,74,857,411,169,221,185,386,170,202,795,28,130,171,146,421,186,2,130,27,160,650,3,295,60,66,14,205,259,156,226,131,8,191,155,129,218,22,299,392,587,106,67,26,25,155,158,394,151,651,907,97,28,706,30,154,157,202,132,230,54,709,157,290,154,25,174,131,257,408,345,893,133,6,256,734,161,159,78,26,36,715,158,595,155,132,893,621
223,99,77,732,570,562,788,379,699,355,166,255,229,548,5,526,229,92,235,603,524,674,59,546,255,197,623,955,650,683,740,866,675,114,867,697,211,194,850,574,189,331,703,91,250,830,58,3,588,379,229,637,323,291,735,899,701,127,251,546,92,193,380,155,251,346,685,199,323,263,221,123,419,638,471,594,346,885,568,99,58,251,251,749,95,574,67,251,740,548,379,731,725,359,546,124,683,571,124,347,675,69,642,131,230,229,634,72,5,572,615,698,602,67,3,573,994,675,347,91,677,91,614,548,66,196,986,251,705,125,227,386,253,125,221,219,209,101,679,773,823,91,68,699,571,178,374,154,979,337
135,216,518,737,25,806,158,728,726,606,704,537,734,711,0,286,676,222,600,126,150,698,705,6,91,95,545,286,6,730,673,679,958,7,30,990,25,134,606,198,47,230,198,530,903,134,723,935,737,735,750,208,824,642,857,737,710,742,1003,991,94,598,89,582,128,734,744,696,34,696,729,133,15,34,606,56,607,672,976,94,738,678,704,943,734,6,186,703,25,70,576,54,862,58,946,1006,192,984,711,550,519,583,754,670,158,574,736,151,208,735,6,606,990,763,582,585,650,32,673,208,56,64,549,856,163,38,735,728,599,729,542,152,720,857,710,718,762,81,242,319,58,711,798,856,272,286,206,224,757,154
154,383,462,774,525,545,480,508,92,416,295,910,478,856,504,742,444,767,366,769,376,296,510,382,120,772,800,937,465,454,502,881,32,456,186,888,782,928,352,677,480,230,288,727,504,376,928,470,164,830,504,569,196,70,382,362,416,1000,96,376,486,966,609,118,422,869,446,456,510,802,446,935,932,368,768,829,928,509,504,320,420,608,544,808,302,334,296,952,480,272,392,283,504,446,888,382,390,326,376,452,398,382,97,824,560,430,444,124,422,116,496,358,28,320,910,485,774,466,376,432,378,572,248,928,378,97,382,318,374,280,326,381,736,1016,327,312,112,506,431,356,444,510,752,118,70,383,426,480,508,289
426,826,303,1006,462,937,1007,774,965,798,883,78,1006,966,846,38,429,779,302,200,294,401,930,976,198,722,66,462,334,170,302,321,29,329,456,194,347,708,974,727,474,779,335,280,271,470,282,464,458,114,78,1006,291,402,360,406,970,70,318,288,979,462,38,166,582,266,326,591,454,107,278,458,974,458,490,586,461,314,470,23,349,478,621,910,317,982,578,584,982,470,454,467,400,966,710,1006,998,66,866,470,490,414,264,94,318,78,466,470,79,194,193,966,798,119,927,968,914,470,291,910,454,976,458,582,463,821,454,490,464,333,462,306,75,354,842,64,89,283,774,89,968,607,571,78,342,966,106,464,80,422
24,22,653,648,571,57,4,29,30,532,17,920,998,528,732,529,274,405,284,260,757,560,660,280,570,988,797,916,990,513,785,149,353,924,748,97,29,513,541,229,227,738,733,668,708,93,797,707,16,497,762,16,1005,254,12,657,221,27,916,25,26,469,213,265,1,516,532,652,476,252,517,988,517,341,787,528,907,144,528,461,674,8,641,16,536,716,32,721,256,537,225,524,536,512,4,678,202,780,661,313,517,556,141,325,617,397,922,17,1010,733,16,403,29,637,512,1,705,212,981,725,256,158,404,665,540,721,36,216,528,816,532,43,285,949,916,609,145,669,981,20,226,513,669,652,156,16,925,739,903,124
747,362,109,766,419,268,347,381,879,875,328,302,445,733,399,766,74,889,264,487,879,365,413,862,444,232,413,447,476,396,861,373,879,228,271,366,157,436,798,188,382,239,350,31,350,761,365,414,895,445,126,908,309,460,460,223,47,245,365,749,236,310,348,222,286,78,381,767,126,366,398,818,364,360,437,269,348,380,324,429,830,79,253,876,460,141,365,381,895,428,255,852,358,375,405,382,831,394,223,238,268,253,189,974,126,510,444,11,957,852,137,345,364,286,268,589,399,349,392,853,413,313,1020,415,857,396,125,341,366,686,331,444,367,799,352,408,271,437,796,110,908,430,366,364,238,364,361,364,859,350
394,749,364,32,584,318,907,12,522,238,649,435,108,138,868,489,233,394,875,973,413,361,106,588,74,783,394,975,457,654,637,236,402,665,774,79,602,584,105,68,648,873,664,622,522,680,521,616,332,530,120,680,973,456,104,591,360,588,75,874,591,909,588,489,858,72,924,624,104,78,747,105,712,872,346,957,1000,873,494,861,616,536,668,653,77,646,393,968,14,590,121,734,904,904,378,542,617,968,586,402,793,904,472,121,116,459,170,692,682,174,618,110,11,518,139,588,72,681,458,420,921,108,216,1001,60,584,412,104,536,619,506,968,844,142,90,76,908,616,488,590,362,444,968,968,141,285,800,392,489,937
245,657,925,1013,661,253,865,759,786,759,631,439,257,816,663,780,789,660,55,1003,108,277,278,853,189,901,499,661,817,727,768,759,791,161,905,874,241,445,667,852,661,852,132,824,20,789,948,982,788,653,789,793,788,933,759,293,825,283,508,280,759,537,49,342,999,688,177,759,309,369,854,276,900,256,862,997,757,695,743,789,174,613,769,245,629,699,305,836,674,149,342,596,793,656,532,784,897,568,559,310,694,246,833,688,679,869,485,774,789,881,449,707,177,755,823,689,507,49,988,976,717,899,209,820,887,880,821,513,79,673,676,244,535,721,816,758,277,853,792,675,663,677,273,823,705,760,997,704,292,916
581,389,949,789,995,375,85,373,829,885,51,311,245,676,241,551,805,519,165,39,151,631,929,757,439,277,573,35,887,149,387,949,165,945,563,439,949,677,709,35,945,949,307,947,295,414,375,545,225,439,261,19,193,148,115,427,821,945,561,21,959,5,373,671,326,533,381,951,117,803,967,756,563,117,563,533,753,565,931,21,1,421,373,279,855,563,819,791,53,933,245,343,501,887,369,253,325,630,53,889,99,775,53,77,117,389,33,109,23,839,661,311,901,375,49,619,903,117,71,677,405,201,783,645,565,947,449,949,61,439,547,341,773,117,133,115,957,46,257,149,21,165,417,57,915,39,575,565,97,389
468,374,277,317,861,240,201,997,953,161,185,56,466,184,288,360,161,98,49,401,976,177,624,51,162,609,593,97,633,49,305,80,675,185,536,992,81,198,870,433,160,372,399,403,680,377,605,380,433,198,339,989,433,80,89,369,115,481,99,313,993,177,201,369,99,388,976,240,185,48,371,313,437,339,625,254,356,161,657,289,866,267,89,113,179,161,753,372,161,161,49,433,428,435,305,189,174,381,953,691,596,561,353,307,368,369,737,902,168,113,707,396,593,48,160,168,351,185,163,163,824,113,492,176,51,289,686,303,241,672,865,80,81,122,81,185,179,673,125,80,306,56,244,289,312,881,302,312,673,291
532,548,85,36,581,640,70,292,800,155,169,548,113,165,739,60,166,700,281,696,63,260,416,543,85,20,215,548,32,358,528,357,33,565,169,233,182,805,729,149,85,33,638,169,697,504,316,1,643,454,813,795,291,35,313,369,59,3,177,900,27,6,209,129,692,41,37,266,845,501,732,705,870,284,528,38,805,220,25,688,870,753,499,565,113,84,193,545,580,688,165,467,145,216,594,89,176,500,69,580,676,88,962,224,100,308,528,505,853,68,801,164,144,187,629,670,212,64,934,293,294,307,471,133,212,353,612,562,585,64,699,993,693,804,224,600,24,996,581,373,253,993,309,464,772,672,36,821,549,25
123,469,449,80,339,411,445,405,753,977,985,409,421,162,277,23,465,929,165,337,601,352,91,57,485,93,913,341,403,597,595,437,985,603,24,312,439,419,475,475,348,229,345,592,360,403,339,856,13,787,337,403,915,345,87,89,665,405,1011,451,83,347,336,499,239,409,401,217,101,539,73,297,161,273,468,153,469,87,29,160,605,67,857,932,600,407,433,915,914,963,597,973,403,443,81,85,85,395,89,99,440,56,345,209,419,337,341,777,604,485,469,409,49,452,469,91,17,277,304,407,81,117,93,299,292,986,381,951,337,316,345,153,979,401,931,213,471,21,283,83,593,88,81,471,471,475,488,152,981,405
414,142,47,110,469,637,21,740,23,910,124,302,325,443,400,393,542,30,165,236,31,206,269,397,11,174,27,233,478,14,8,108,217,238,229,414,527,14,60,535,45,396,638,159,236,8,61,46,142,173,9,13,105,286,85,222,76,125,31,507,25,510,23,455,303,143,256,149,334,104,464,396,111,102,237,417,36,89,156,70,908,447,330,204,622,223,319,1,59,85,168,159,306,670,86,438,395,630,220,45,109,927,93,135,0,108,397,407,22,30,921,349,479,59,542,399,9,900,158,238,233,215,414,285,543,223,653,5,396,143,424,62,133,4,81,239,447,110,158,29,233,510,314,15,29,110,374,280,10,173
210,804,608,154,875,862,883,346,852,186,360,764,730,507,226,593,353,332,90,851,163,482,732,353,482,768,8,756,234,851,842,732,229,724,212,794,602,759,499,477,217,604,228,522,501,148,474,476,852,464,476,852,229,337,60,105,227,468,476,724,866,1005,834,490,482,732,407,522,228,212,596,763,458,734,476,360,158,226,110,299,1017,1004,370,503,218,98,728,372,994,597,208,212,612,852,469,17,722,506,130,876,925,222,690,474,850,352,870,612,612,849,418,396,733,475,696,228,228,202,220,92,52,611,722,698,762,506,994,170,524,658,380,724,421,724,872,466,374,83,894,465,714,914,229,738,906,210,219,780,858,700
909,960,802,476,813,316,370,57,120,116,826,50,1013,506,812,797,1020,76,824,650,666,780,795,780,646,99,269,186,132,458,394,882,212,317,572,115,268,825,131,451,710,281,318,708,453,173,578,1018,52,284,882,900,348,564,120,362,130,941,452,316,292,145,973,451,952,476,376,1018,589,514,986,183,732,700,627,780,772,308,266,452,717,115,308,372,196,132,117,275,308,267,1010,12,376,60,60,811,924,458,27,922,180,826,141,310,537,315,780,54,369,963,420,642,6,336,292,797,732,28,959,812,746,908,825,52,370,536,184,821,826,627,316,810,794,221,331,455,348,522,819,694,811,820,924,314,80,310,821,68,29,85
180,248,510,252,177,434,919,473,139,576,162,119,282,268,170,50,130,99,262,322,68,373,835,706,67,10,519,310,442,606,295,458,221,674,839,221,227,50,398,270,266,206,332,119,161,254,155,23,530,830,670,705,372,759,180,406,579,227,834,114,851,165,475,227,148,451,178,72,414,451,179,447,409,250,138,181,264,371,310,246,180,95,389,718,332,867,243,475,410,308,54,64,375,2,137,741,760,183,586,442,243,759,180,228,25,754,690,138,114,453,181,895,931,645,328,55,134,134,114,322,202,445,134,326,246,985,53,194,152,408,926,649,731,261,56,265,66,62,456,394,39,182,891,30,30,142,208,403,415,30
1012,454,322,382,614,874,500,42,461,567,843,962,900,389,642,71,707,645,611,374,322,242,707,882,356,979,658,322,765,189,198,742,125,245,755,626,841,961,962,796,194,713,368,758,758,870,821,833,756,204,514,709,381,116,194,364,704,323,314,691,962,836,555,374,886,397,299,708,174,308,321,173,990,763,538,884,886,131,883,835,258,608,704,244,84,306,904,889,369,867,358,113,75,708,370,306,834,964,61,196,710,321,754,325,751,442,835,241,322,973,961,708,973,834,195,201,820,964,885,602,367,705,836,307,666,450,321,877,244,83,244,378,820,69,986,245,450,512,844,972,196,767,893,712,369,884,242,378,2,253
283,226,107,372,133,811,984,81,284,853,815,55,885,61,102,869,193,112,27,986,813,421,371,303,415,37,175,38,26,915,795,42,914,210,59,861,697,287,349,674,96,983,120,215,61,107,221,31,887,211,82,101,858,295,810,582,137,470,799,988,303,809,80,667,722,111,58,989,881,984,989,7,299,36,126,648,991,47,234,356,221,36,336,50,119,8,822,111,920,667,861,571,925,851,745,538,881,861,847,630,159,190,375,811,88,833,798,28,858,763,209,424,223,420,59,986,990,171,345,254,879,119,161,550,476,408,1004,216,198,272,856,514,732,575,830,802,682,401,272,31,107,226,392,921,978,88,334,216,933,762
177,694,233,879,603,33,59,246,33,873,431,385,873,751,213,379,951,365,149,441,876,149,28,103,182,325,879,0,737,229,802,1001,662,673,737,569,163,39,401,417,269,195,113,349,289,177,691,726,934,67,145,155,199,1009,185,745,327,485,873,227,615,823,157,131,381,862,292,361,199,439,795,211,951,945,879,671,162,309,741,327,14,885,257,263,293,76,929,953,345,225,193,359,181,347,289,721,886,365,245,69,785,10,831,775,745,219,443,929,323,431,929,98,216,299,865,875,229,879,342,833,235,361,675,1005,621,313,88,361,225,411,39,879,328,743,127,751,357,875,419,321,991,289,341,229,869,949,563,737,955,120
884,228,174,844,286,288,699,724,211,233,664,248,208,954,235,675,156,158,190,800,159,816,88,711,792,165,150,978,850,778,542,438,598,148,792,191,680,722,835,761,992,698,361,430,272,158,701,239,740,433,310,670,152,191,742,710,946,153,129,133,369,295,418,266,406,682,345,382,394,362,174,167,129,921,398,671,690,978,89,888,24,804,670,280,829,144,698,698,816,222,422,868,793,100,799,760,314,761,197,446,154,430,180,154,954,174,372,212,185,160,106,682,154,210,278,230,233,792,478,788,236,680,487,222,158,977,361,414,340,686,996,265,558,366,746,189,682,154,356,170,488,670,117,152,332,332,372,704,385,681
430,104,481,25,566,990,678,225,355,695,934,694,10,646,936,231,215,302,366,744,519,929,128,16,646,542,367,316,516,707,224,611,926,982,544,361,561,230,929,606,912,968,304,529,99,128,486,608,551,528,6,968,33,544,545,480,134,598,683,529,823,734,739,471,295,238,303,998,28,902,429,746,214,288,310,742,950,691,48,292,784,927,878,19,806,567,801,129,310,134,558,198,622,910,470,95,297,769,110,35,829,455,19,519,656,296,926,998,382,230,104,552,534,287,110,860,55,600,913,230,527,312,998,38,960,534,926,35,17,995,541,296,873,38,830,40,70,6,982,150,114,934,358,32,141,222,31,48,934,704
875,346,246,468,322,379,1020,126,916,564,124,562,821,310,106,210,380,242,70,892,784,397,124,194,242,347,998,114,380,379,634,466,194,2,510,261,882,308,76,68,452,124,250,280,994,320,52,362,71,212,466,20,374,19,66,452,490,962,278,1002,518,500,500,252,96,231,964,448,961,892,218,44,124,1018,1012,1010,82,994,467,494,788,109,980,1010,250,124,378,68,252,237,44,340,484,820,370,77,450,516,52,380,459,250,244,188,191,122,96,170,123,132,5,70,540,252,107,170,330,142,460,64,214,210,154,1020,514,466,116,252,468,5,466,34,988,450,236,198,210,124,502,34,820,376,635,16,836,117,198,244,964,66
891,181,443,373,269,401,376,23,832,843,752,215,711,805,309,816,832,261,709,184,445,173,339,253,442,378,755,690,756,373,626,264,711,228,322,459,753,797,509,649,333,381,834,840,267,378,704,762,817,339,253,381,93,837,580,43,382,701,348,854,653,835,381,263,373,695,262,347,706,248,348,446,194,194,760,640,373,365,505,301,452,883,827,431,843,288,242,797,379,882,813,424,305,346,710,781,629,55,195,813,348,752,659,648,305,861,70,835,373,194,890,337,748,891,164,349,333,117,346,733,322,322,185,373,297,611,195,379,754,349,637,227,709,891,883,324,119,246,319,314,380,340,378,809,248,836,378,78,712,861
387,427,927,931,491,264,491,413,66,467,323,203,195,447,139,83,395,75,475,139,275,386,507,178,475,178,413,407,979,251,383,195,746,399,391,195,423,475,459,155,205,491,395,707,413,411,339,411,235,859,201,11,339,323,411,683,139,451,487,131,415,707,395,5,508,397,616,19,409,147,39,13,707,339,129,395,445,579,339,651,87,219,491,479,539,403,10,129,467,722,467,323,495,475,403,451,359,186,354,731,944,707,203,467,459,651,658,472,495,411,435,7,483,707,218,739,658,111,431,651,195,75,427,285,651,413,423,320,386,331,459,507,171,767,128,508,387,699,65,579,477,195,341,329,451,475,461,219,139,387
778,786,226,642,498,106,418,446,238,918,266,12,335,148,135,842,818,802,778,794,1018,763,1003,918,1018,798,474,846,404,986,914,406,938,514,930,434,778,930,739,914,798,794,796,914,745,178,270,972,915,387,930,902,202,586,971,386,102,899,979,202,802,606,178,202,230,962,462,990,979,688,930,975,314,986,930,947,1007,986,94,844,918,788,844,282,890,78,179,826,674,419,466,163,930,344,986,274,796,858,192,858,662,900,208,150,814,782,858,930,970,210,314,106,970,386,106,867,1019,994,6,362,1010,94,571,550,991,162,478,170,494,974,964,450,770,306,875,590,434,782,330,68,235,794,254,514,162,850,218,856,890,750
1014,44,382,130,349,180,501,367,669,176,126,606,637,670,167,669,822,88,156,18,960,309,272,892,888,958,860,130,144,152,164,622,248,437,973,380,150,332,477,889,477,669,884,924,274,920,529,944,784,989,912,500,446,420,88,771,444,502,305,605,153,200,648,669,868,502,892,820,897,444,610,894,621,365,833,432,586,446,1004,756,638,152,596,136,441,1016,666,898,157,666,660,144,944,306,892,125,360,181,934,328,416,164,386,940,818,73,109,658,126,381,221,17,612,366,664,1013,344,757,484,728,828,152,230,913,642,1012,529,872,692,733,488,380,430,893,157,378,283,764,593,360,744,660,154,894,758,564,877,376,437,436
264,79,192,33,192,35,225,808,261,5,993,717,997,37,621,260,841,195,449,363,257,233,331,196,225,161,681,5,358,809,53,193,34,73,613,107,545,353,73,742,105,451,362,73,774,250,544,488,105,639,35,803,809,109,613,613,745,673,37,26,225,771,37,449,843,449,4,739,843,97,134,961,195,961,36,37,185,122,329,842,104,841,1,197,809,331,331,165,142,545,828,961,5,330,224,37,107,165,257,711,773,708,779,235,43,109,803,77,325,429,968,323,197,33,548,449,261,109,197,134,800,133,357,846,163,41,32,32,585,769,72,37,994,224,89,103,962,810,384,73,172,841,963,237,329,257,73,197,51,131
766,958,1022,958,1011,374,969,510,438,688,1022,912,982,968,182,129,246,784,671,969,923,1020,308,692,830,116,903,637,841,509,694,823,855,923,438,997,990,990,822,638,720,688,372,406,509,870,926,1007,886,149,528,1022,990,870,390,712,529,528,1013,765,610,810,657,1021,921,1020,1020,666,502,554,806,985,548,717,116,806,950,881,848,971,932,702,436,932,950,294,950,886,917,438,606,551,678,144,957,991,658,311,688,400,980,550,924,1022,972,1006,48,671,695,63,912,510,676,695,129,1014,916,670,894,182,784,676,628,373,630,895,714,444,566,566,766,990,968,518,54,950,884,924,244,670,989,927,974,973,441,141,648,814,694,990
644,742,982,615,766,780,815,540,700,573,584,468,175,526,734,741,535,915,335,187,10,78,996,647,430,1012,543,726,727,676,527,726,406,989,758,278,1009,533,936,532,660,158,143,415,735,662,1015,470,500,983,759,471,715,743,917,187,539,726,663,911,822,404,945,862,644,91,889,750,724,652,346,663,726,552,727,1014,470,736,741,847,934,956,888,556,1011,196,591,615,669,399,438,614,1017,839,1015,642,744,991,662,998,1015,287,906,471,607,657,398,674,570,732,455,709,724,823,61,822,756,926,732,15,1012,894,671,823,1016,394,738,723,478,669,944,504,662,655,333,534,999,671,262,535,756,759,1012,433,789,407,963,311,275,415
410,402,408,984,597,18,365,475,971,841,411,250,217,88,914,440,974,146,344,440,17,330,840,168,771,347,252,913,250,19,572,187,728,213,785,536,930,124,715,784,218,761,59,71,929,841,696,283,872,222,385,18,572,185,90,283,401,656,956,912,970,623,331,965,27,250,673,1005,662,572,913,144,433,932,416,958,894,914,795,188,403,692,149,955,16,857,575,556,414,280,60,965,319,351,289,915,732,793,145,255,961,408,894,831,104,646,953,346,949,859,963,394,252,258,435,856,30,663,507,38,206,987,878,792,987,190,124,411,971,863,86,223,842,17,914,295,151,152,408,912,843,147,946,779,511,923,913,856,400,955
204,628,41,68,132,28,788,661,151,900,761,384,324,760,860,308,657,306,540,1020,820,840,624,481,60,817,0,307,28,220,374,276,817,52,67,860,444,817,92,292,800,28,347,216,20,20,260,307,600,216,356,292,357,310,75,401,72,604,84,144,432,796,20,948,852,85,308,653,663,68,776,133,560,941,216,596,412,857,392,276,767,292,733,773,476,891,217,600,332,212,68,64,732,413,260,124,540,821,885,732,420,49,532,287,275,861,222,324,5,92,212,124,475,93,784,824,730,585,204,728,52,156,20,336,292,712,80,288,428,820,332,22,101,81,984,96,980,974,500,576,148,360,507,21,1005,445,8,281,210,872
482,334,79,744,847,363,710,140,182,714,576,206,590,133,38,131,707,68,831,868,202,745,163,171,432,930,198,207,102,78,63,72,582,847,79,462,131,104,134,387,300,70,327,135,135,867,544,615,708,744,166,842,34,710,684,2,980,160,139,327,206,362,34,121,158,779,860,71,99,134,391,463,204,679,166,687,8,96,4,129,135,461,134,68,718,131,33,35,6,129,160,590,617,807,804,334,395,142,545,675,715,674,679,393,582,163,838,64,417,237,672,139,937,651,835,358,33,142,52,674,598,232,760,326,651,207,186,179,234,206,900,692,682,128,673,835,704,71,311,836,38,131,78,550,322,647,674,139,549,40
847,356,710,806,934,804,943,935,1007,310,38,11,871,903,1006,807,838,38,518,807,615,966,839,839,39,870,518,615,1023,1007,199,899,898,934,614,951,614,937,379,807,866,999,678,934,842,809,935,870,1000,366,807,678,111,1002,494,934,870,971,238,651,109,330,879,1006,871,1006,930,583,838,934,902,290,878,961,785,494,1006,1005,202,872,1000,38,902,878,742,970,970,678,519,900,511,935,615,934,613,934,416,550,931,422,1006,751,750,871,1006,839,582,750,934,1006,838,871,742,935,871,872,770,108,806,950,1006,238,1007,807,870,998,870,14,932,869,930,807,807,621,934,854,623,950,807,206,367,679,1006,907,782,1007,806,934,322,1006
827,819,895,829,459,819,1019,307,699,1011,507,768,53,825,15,770,307,507,423,251,571,960,9,395,1018,57,1010,817,121,18,827,1018,50,819,714,91,753,979,976,873,315,826,523,831,315,975,818,600,893,57,691,946,999,214,779,910,827,319,971,818,973,307,914,306,771,259,475,306,571,131,946,371,757,443,35,259,960,543,819,242,475,970,370,1022,509,827,315,258,370,11,1019,35,473,246,275,899,463,1009,561,515,755,902,962,987,781,507,831,951,771,523,562,455,315,971,317,755,49,891,271,50,339,773,530,831,731,275,315,3,1023,467,827,195,313,482,560,450,510,33,899,987,2,819,387,1023,265,779,1009,63,826,120
974,453,198,200,990,966,394,962,962,506,243,986,970,428,128,806,1018,38,10,894,818,834,252,826,142,450,318,270,176,258,550,842,478,497,890,962,450,818,771,961,830,207,496,774,256,1010,770,202,387,196,192,394,714,330,974,1010,458,0,321,78,502,10,266,201,266,434,882,810,962,974,450,266,398,1014,50,908,626,194,775,3,270,718,266,714,455,370,234,963,330,391,780,778,222,386,252,990,306,462,674,1,52,782,236,410,522,818,794,422,310,969,986,282,505,498,206,14,450,456,935,258,449,770,200,478,322,674,963,817,970,780,130,78,398,461,326,866,14,803,938,228,390,514,30,270,771,453,450,711,4,673
448,589,961,241,753,305,259,417,329,832,336,271,837,967,491,305,832,331,960,256,979,241,993,1018,755,673,256,1009,448,775,337,321,1013,841,272,561,259,243,481,281,445,705,256,483,1001,33,961,768,260,41,705,769,313,497,64,385,193,777,707,720,643,440,256,312,461,259,833,65,256,257,256,752,963,499,705,256,256,256,497,257,881,433,329,497,320,344,344,449,768,257,801,704,769,193,257,433,1011,451,1011,963,268,960,169,768,329,448,791,307,449,257,128,258,705,267,309,821,904,993,713,265,641,315,257,385,871,257,961,257,780,707,881,259,433,497,1001,259,265,481,753,257,481,307,963,433,369,769,673,257,321,289
50,908,710,706,447,205,703,698,27,450,667,683,562,143,639,526,518,538,650,50,809,834,846,683,907,524,863,431,651,886,588,524,506,586,738,743,562,2,735,971,743,522,735,714,514,710,566,758,514,563,513,50,715,514,706,514,523,834,514,766,715,838,694,536,526,694,907,523,670,651,834,190,562,666,522,522,694,650,711,523,202,514,527,843,498,654,722,719,210,194,706,703,242,779,687,898,631,766,578,706,522,690,710,716,651,734,3,475,514,703,395,674,709,190,755,518,10,902,372,330,706,523,700,715,50,754,574,522,462,652,587,575,714,690,763,206,690,707,842,527,202,652,590,651,1014,543,703,969,654,894
252,695,591,531,462,754,94,14,142,718,365,584,153,616,687,6,654,519,652,730,766,379,517,634,249,702,131,517,67,460,475,586,142,1019,542,222,709,712,583,589,584,642,85,538,735,670,131,589,556,586,456,650,986,972,618,596,604,629,72,223,654,526,206,942,430,730,17,970,899,154,666,669,575,668,641,603,604,858,106,647,677,524,92,652,453,140,158,972,663,74,147,714,156,686,48,526,862,589,675,602,730,627,542,671,10,14,199,701,559,684,584,527,712,128,240,526,668,734,701,974,983,647,647,208,194,140,858,602,732,522,76,636,123,717,583,152,254,715,522,701,133,590,877,579,110,598,94,220,603,970
641,803,192,448,106,483,902,315,929,448,265,243,196,448,453,500,133,243,825,805,481,594,3,457,711,523,295,743,454,305,5,137,199,461,393,277,483,11,323,824,309,176,453,141,185,483,216,441,181,287,289,957,523,193,805,505,787,215,449,820,151,291,137,393,449,805,296,261,873,185,293,299,449,285,484,801,503,465,163,309,441,389,233,129,261,585,497,267,449,264,258,132,329,104,451,905,811,965,417,815,165,301,448,389,294,161,136,451,643,309,779,845,329,293,845,497,496,315,265,267,805,771,888,768,195,130,147,229,129,259,499,659,267,803,962,257,449,389,455,305,460,265,675,168,265,317,787,267,187,459
684,685,633,194,765,122,170,171,632,880,622,204,370,748,744,633,378,700,832,572,120,761,363,764,890,762,461,630,985,665,1018,64,750,356,755,764,741,712,684,634,701,765,818,72,746,755,189,328,250,976,548,560,586,680,668,8,223,612,981,696,298,568,560,705,752,548,424,52,665,204,700,380,514,724,546,185,249,318,728,620,840,765,963,988,756,683,1016,888,233,812,360,536,760,972,839,632,252,651,619,208,742,676,683,842,538,187,748,40,696,700,113,170,642,652,185,362,760,138,883,34,24,634,328,98,560,36,984,442,736,760,681,103,986,44,761,700,756,681,632,561,745,38,600,553,364,744,48,40,716,112
37,533,545,553,733,675,549,741,353,25,713,797,845,348,813,853,557,993,781,865,545,43,555,785,577,556,41,664,813,993,733,852,557,757,674,612,812,616,33,748,680,865,749,555,574,556,629,749,548,741,1003,741,661,587,813,620,218,801,612,748,869,741,597,749,545,685,573,569,1007,749,749,588,537,805,33,219,547,545,809,740,805,565,549,621,677,813,364,673,673,545,741,529,677,553,749,877,557,689,33,737,545,733,705,285,601,684,737,749,285,733,1005,813,617,749,550,749,733,621,733,549,45,365,547,556,717,873,869,809,749,813,749,533,849,685,941,557,92,171,673,1004,665,552,748,741,557,609,525,36,557,549
29,329,934,430,847,539,218,465,451,962,494,290,282,749,899,306,813,282,940,830,770,822,746,114,286,998,590,954,477,415,905,787,995,795,318,258,959,490,340,966,496,50,26,480,102,274,386,602,482,907,978,473,374,486,926,783,35,502,762,346,50,258,282,274,786,795,986,787,274,406,268,971,295,1019,34,994,278,846,1022,950,274,282,50,402,490,354,502,1010,454,682,942,486,898,754,278,338,925,38,114,810,290,786,506,154,98,786,950,795,859,446,42,799,274,230,322,998,990,483,926,22,422,338,807,780,490,818,482,1019,62,438,902,278,322,398,986,98,473,274,786,250,306,2,226,949,498,498,50,503,906,794
933,417,365,717,812,879,756,717,809,876,812,799,812,811,831,93,296,493,719,236,365,1005,333,748,877,809,43,869,812,237,557,831,981,995,1017,557,1023,250,239,813,492,939,812,810,857,837,797,297,965,717,237,169,747,812,108,961,297,815,937,876,552,437,796,715,136,993,549,303,827,965,217,507,713,913,809,873,941,808,976,1007,809,973,812,812,493,973,557,809,973,739,236,842,1001,301,815,1003,683,995,491,541,863,541,813,233,537,717,557,1005,829,813,652,857,797,163,865,235,977,937,812,556,509,1001,796,997,301,555,237,153,172,873,813,972,1006,355,941,957,905,495,173,997,827,940,867,847,861,556,554,749,884,573
324,895,806,812,845,789,888,790,883,839,370,750,791,847,806,836,845,789,847,893,845,869,836,612,988,788,566,822,788,534,358,836,124,821,637,964,21,837,869,820,871,360,838,805,835,802,652,790,788,909,847,876,841,845,893,837,812,812,833,862,851,843,836,853,580,590,868,837,637,821,892,628,845,804,852,894,777,842,790,917,865,852,790,805,804,614,277,820,853,792,919,791,789,909,886,541,788,839,852,772,894,815,908,789,893,807,847,791,806,784,812,785,790,940,820,823,612,807,576,780,268,948,620,804,71,789,310,269,636,893,813,831,812,277,837,887,882,804,581,788,532,878,797,293,791,813,588,838,990,788
886,692,829,852,813,900,918,694,775,836,295,884,812,781,894,892,821,389,352,1005,956,908,244,908,808,781,684,372,884,780,840,717,828,900,469,742,972,1012,637,885,828,884,852,836,405,452,316,885,956,757,500,756,816,280,852,940,316,389,852,908,820,718,460,966,492,780,820,908,869,364,325,470,973,877,358,868,852,905,817,428,957,380,812,1012,190,781,946,828,884,957,372,788,432,814,880,757,652,342,1021,819,372,980,869,816,134,884,372,981,188,798,500,837,909,485,772,468,684,317,324,868,869,349,340,1023,340,924,468,373,410,884,772,900,1022,340,836,261,317,965,357,916,277,501,432,814,885,884,965,894,544,797
757,629,926,861,924,944,885,670,804,896,836,740,996,948,940,929,537,948,949,782,837,236,805,852,789,719,784,805,913,893,800,628,645,804,805,925,797,990,479,945,748,644,840,756,820,927,948,965,901,911,933,855,793,517,817,915,965,861,624,897,796,805,816,910,85,788,244,398,980,545,996,820,929,940,782,999,929,853,985,908,875,930,645,789,949,772,980,981,861,853,877,1012,383,69,1013,925,983,932,927,340,945,981,877,849,980,591,861,968,261,840,837,860,724,904,652,928,853,716,865,884,933,620,741,693,926,584,904,709,824,920,287,796,821,948,589,901,948,910,845,876,792,916,981,925,1023,885,991,349,820,620
448,158,342,686,670,468,296,158,553,172,212,54,508,908,151,557,671,206,844,655,142,943,695,350,148,918,1015,823,796,413,988,212,158,735,479,415,478,420,736,709,712,212,687,477,479,726,654,452,533,894,844,142,652,909,459,428,798,726,191,654,471,428,438,924,686,687,686,684,302,727,292,172,566,670,940,172,960,488,831,640,732,458,358,286,726,476,156,420,448,654,324,521,100,471,188,756,172,452,142,676,694,207,982,276,765,964,853,398,482,172,476,276,667,982,686,654,142,670,654,439,735,831,1006,662,983,503,61,172,438,725,334,676,727,666,829,727,428,140,680,279,106,140,872,468,183,156,654,702,559,726
1011,632,763,762,662,682,390,652,681,834,854,670,658,635,618,690,342,530,745,29,716,462,738,562,670,754,530,631,767,770,674,679,2,973,755,546,670,638,955,152,671,610,667,1016,658,818,755,658,651,710,706,662,514,547,995,759,839,546,547,683,734,518,716,244,664,650,739,204,718,765,764,690,764,378,767,236,661,574,6,639,874,662,706,682,658,541,686,684,252,748,154,546,578,674,680,671,578,202,732,738,814,146,647,638,466,678,635,638,1010,744,148,634,98,716,620,610,724,709,546,663,706,639,842,626,658,579,562,534,534,750,738,763,738,610,690,718,749,738,658,979,578,874,496,794,547,681,563,694,911,823
965,31,967,526,775,956,748,756,374,951,700,686,151,67,448,499,629,981,1014,616,392,230,724,115,823,835,244,119,836,236,626,956,436,950,150,635,566,703,645,710,111,711,630,852,1018,353,124,837,119,880,955,709,919,636,641,647,892,680,880,647,1014,540,639,772,516,190,564,905,966,23,958,998,960,967,752,580,799,519,857,712,278,703,708,192,682,228,924,844,78,966,878,286,957,967,862,438,391,951,4,924,625,837,454,721,958,663,575,822,902,1013,1012,116,959,583,950,999,534,696,628,855,982,663,708,519,439,756,560,646,711,736,1008,557,886,647,949,918,513,685,580,599,656,885,1015,900,965,919,834,694,1020,900
109,60,245,302,541,215,212,12,46,30,279,926,1004,790,20,254,124,536,854,30,238,0,110,124,874,36,993,1003,40,464,262,465,6,799,286,637,776,590,22,354,574,111,246,30,46,342,126,557,409,62,404,519,86,262,30,63,510,431,324,350,790,154,390,118,102,133,86,43,87,26,214,124,62,156,212,492,85,238,110,30,30,22,366,452,118,118,301,286,239,120,342,5,280,170,108,566,558,543,507,174,230,292,126,366,38,796,26,281,214,214,26,638,269,286,280,503,980,316,614,254,69,108,578,280,174,830,20,106,426,36,17,126,13,430,711,464,598,741,420,108,126,582,854,28,630,254,87,43,62,16
204,678,156,128,720,972,220,212,674,72,285,208,670,221,145,214,700,989,156,680,190,128,676,468,172,668,724,213,700,213,390,189,976,228,236,228,732,732,188,672,221,896,76,446,300,469,186,748,220,84,166,420,181,420,256,156,713,738,644,422,214,669,668,342,673,212,722,212,925,128,338,428,996,996,228,737,197,358,188,104,29,188,228,189,191,1004,188,674,212,693,96,212,200,88,340,208,229,956,35,171,156,181,936,485,128,724,236,724,500,180,28,190,724,469,212,829,540,176,170,700,980,190,452,768,236,212,716,132,508,164,88,724,484,212,876,208,844,155,672,670,420,431,61,161,359,340,240,189,170,177
305,270,133,449,14,711,382,755,303,525,1018,0,454,290,812,782,303,372,772,654,385,322,596,446,255,350,341,245,107,320,24,270,884,598,783,319,629,131,68,970,260,340,852,1023,68,294,422,378,807,369,382,509,852,292,782,456,340,374,240,326,880,322,326,323,154,478,263,719,430,39,326,894,56,323,313,729,382,305,257,524,382,270,353,526,823,2,468,497,846,284,257,312,446,264,270,1014,354,342,783,868,422,377,417,631,288,783,371,966,880,783,70,837,486,323,433,324,727,270,270,270,304,715,372,327,774,342,630,1023,973,286,140,460,117,894,271,373,887,500,334,782,433,570,655,289,323,783,143,94,433,162
569,297,753,293,725,313,845,993,569,153,201,57,629,263,115,11,275,417,1,57,57,309,693,309,339,113,199,753,177,248,1005,211,37,211,211,181,49,1011,707,209,61,977,356,69,237,91,279,781,853,465,57,317,433,329,63,113,59,319,241,335,207,34,391,177,267,225,181,211,181,339,257,189,63,241,527,513,699,467,259,63,207,543,83,365,61,5,953,9,373,863,163,209,61,63,753,1,327,457,313,73,191,37,39,273,527,205,370,165,113,119,255,59,331,241,133,193,489,347,271,569,335,139,193,129,185,475,43,192,845,261,581,37,219,189,187,201,247,47,331,325,257,161,203,61,1007,1009,317,133,369,218
228,480,912,978,150,73,921,67,476,468,168,664,936,832,42,498,696,108,34,578,821,116,96,236,811,592,776,320,624,160,713,977,482,226,291,116,985,48,660,352,144,926,48,80,408,985,152,635,642,852,630,610,352,824,257,353,96,408,261,184,736,836,226,721,816,930,362,96,163,170,328,440,226,209,880,625,80,280,661,806,744,242,880,624,384,149,480,353,920,664,32,229,477,224,96,114,152,480,550,612,1000,112,708,152,916,160,312,512,979,560,58,724,153,372,825,852,873,884,640,112,48,152,628,418,672,754,425,804,540,389,532,764,208,354,828,792,370,836,1016,352,640,931,472,227,536,946,96,331,696,298
529,713,358,53,327,612,344,761,200,129,760,331,89,722,259,529,704,93,672,856,305,201,321,473,819,769,117,728,583,777,129,110,588,512,267,944,777,884,1021,521,425,40,195,67,178,249,882,439,624,817,285,257,576,769,993,177,663,248,73,161,847,731,147,20,764,85,176,664,389,541,237,401,289,98,563,241,850,176,424,5,136,321,79,248,177,688,504,692,795,673,161,385,633,717,817,201,261,219,195,504,777,17,417,594,147,104,405,496,675,585,367,888,248,735,261,201,408,193,433,243,1009,241,125,131,889,945,83,585,398,504,817,265,595,305,330,736,189,128,89,129,385,216,256,33,177,641,305,713,265,177
187,197,27,915,75,496,155,489,427,331,681,897,499,354,319,33,968,9,441,104,443,425,712,89,297,222,41,914,488,371,289,93,153,298,144,47,465,937,472,425,401,259,146,11,937,313,912,731,233,467,345,139,489,9,43,297,667,1006,11,416,303,15,1,219,921,547,411,105,389,91,10,11,491,3,41,424,547,293,313,531,897,570,955,395,34,97,387,360,744,427,35,771,435,283,87,907,233,40,27,355,45,731,457,730,282,297,488,145,3,129,163,297,488,35,90,403,453,291,233,865,219,377,899,377,34,57,27,737,299,361,1001,70,41,35,19,810,728,467,393,273,233,490,113,496,27,547,915,115,53,121
227,435,161,173,132,97,269,589,186,605,273,290,889,171,171,209,857,88,925,291,429,295,113,231,225,465,151,327,732,669,953,281,231,213,389,953,25,653,867,353,311,137,681,125,437,277,275,193,187,361,552,265,737,819,1,185,809,447,285,193,281,441,825,171,855,753,377,341,473,327,173,465,85,181,279,179,337,227,181,579,297,751,319,225,835,313,801,225,431,129,793,781,181,407,227,869,273,349,241,736,227,205,337,161,193,197,441,857,353,341,413,440,209,465,183,417,369,23,275,867,295,277,81,817,39,163,776,787,159,849,163,163,641,93,249,349,231,171,341,885,227,145,269,793,367,33,55,803,787,2
509,131,327,519,533,135,252,801,117,295,341,253,645,205,271,277,493,305,133,833,329,429,221,284,341,281,685,61,317,189,189,405,133,29,135,483,319,253,183,253,311,253,285,271,231,405,297,733,485,135,245,161,15,281,469,183,132,253,117,253,253,445,485,310,273,189,341,753,181,281,28,277,321,249,301,279,313,537,332,405,153,252,757,253,183,380,517,245,231,311,277,333,213,453,647,253,901,503,401,245,148,325,797,373,285,269,435,307,241,333,240,337,953,705,221,321,175,349,291,152,573,157,143,367,655,961,415,309,161,397,173,429,265,203,629,143,683,189,505,273,125,317,141,263,253,404,153,279,135,525
811,668,1022,900,588,566,632,1014,750,383,644,789,836,884,646,890,762,964,890,566,500,560,974,827,634,390,561,868,888,790,164,332,822,54,820,324,916,261,660,686,824,820,474,892,999,662,998,694,822,566,142,830,717,892,904,1012,827,743,1004,662,830,876,734,790,726,302,694,818,820,660,823,38,996,895,870,892,1011,200,196,718,716,872,984,890,868,1000,2,934,259,831,828,757,518,14,990,502,764,764,876,1012,120,530,535,624,54,884,934,766,962,820,878,652,644,772,748,372,956,764,734,1013,535,844,743,950,836,306,918,644,659,558,378,918,876,894,694,895,960,950,894,944,844,662,822,828,373,256,376,752,822,780
318,254,12,814,160,980,172,604,885,812,92,673,372,288,822,336,348,830,298,254,30,350,172,355,166,300,588,212,396,292,316,140,660,338,174,60,818,30,128,348,180,366,148,420,222,174,302,382,676,420,164,628,300,230,44,810,344,294,312,478,238,732,426,108,762,340,620,60,158,341,36,852,660,292,220,220,220,422,92,293,686,161,144,728,478,818,52,332,226,860,404,392,574,372,92,422,436,956,344,12,236,540,44,654,180,160,160,972,294,344,348,420,336,60,132,344,446,302,420,292,168,164,261,52,340,294,318,840,292,662,734,316,324,392,164,362,30,372,348,221,292,90,844,92,208,348,600,516,222,236
504,716,292,698,295,46,318,480,982,827,718,418,180,124,602,166,694,727,35,180,134,315,92,193,87,146,766,202,345,351,725,421,460,414,1013,902,843,1016,55,446,39,349,638,558,930,948,462,448,903,551,220,355,480,456,307,333,348,115,54,276,823,860,934,222,480,216,34,214,546,914,818,18,469,691,614,626,22,715,826,38,315,718,486,955,450,894,798,600,82,982,491,115,727,92,299,119,442,751,482,354,72,178,74,334,74,427,849,893,274,423,246,708,989,22,243,34,185,798,678,464,474,240,295,155,827,804,178,14,1014,646,644,463,177,334,978,19,855,348,125,581,860,455,4,46,235,1008,209,215,767,817
670,967,988,749,535,659,542,647,663,617,794,872,640,531,717,51,658,872,663,656,645,72,531,608,904,609,661,478,535,658,955,1019,586,567,879,658,981,716,525,543,799,149,655,406,950,663,327,946,750,530,527,858,799,711,470,641,908,857,890,534,617,881,171,918,777,747,919,602,543,531,662,612,845,741,715,749,741,677,534,490,389,926,576,661,81,528,310,694,948,361,869,986,586,950,997,970,858,406,722,693,603,967,614,979,831,910,860,694,973,531,535,609,521,886,1010,535,714,986,714,716,581,1004,846,392,539,534,387,535,535,749,903,874,659,653,882,747,665,760,915,658,746,585,618,873,521,900,954,642,667,713
444,347,738,378,202,178,760,763,954,563,817,802,586,203,819,290,828,440,795,942,714,154,755,944,382,278,628,183,178,741,898,442,178,936,743,83,278,177,590,310,825,74,361,218,955,254,250,947,583,346,835,675,259,971,602,827,305,74,923,777,398,538,311,114,420,230,178,196,795,777,834,649,607,914,282,953,763,828,459,767,417,770,215,392,674,170,846,196,661,810,543,818,90,486,288,744,458,602,867,730,345,906,784,825,563,828,219,936,97,144,893,171,289,231,950,775,272,218,671,839,35,8,728,764,834,791,537,343,713,819,11,251,715,672,939,282,907,218,729,379,163,163,218,827,819,532,824,403,794,731
778,765,165,562,903,243,627,391,869,579,963,868,705,579,603,803,254,161,629,611,805,259,733,483,776,906,115,112,536,576,491,565,641,755,320,67,67,832,869,370,195,67,323,165,394,167,131,771,355,323,771,698,195,691,416,504,931,115,626,679,757,643,19,138,906,931,64,141,968,19,195,453,691,986,321,128,643,675,755,931,192,867,115,675,164,192,641,177,187,459,963,752,455,259,355,931,899,752,638,219,615,939,827,362,625,176,459,74,801,691,965,938,867,371,769,378,167,170,929,679,148,551,227,650,417,691,387,387,323,176,242,679,65,266,67,165,675,178,354,451,327,865,629,444,385,390,248,321,138,259
258,344,507,263,103,705,265,62,91,63,460,993,91,123,399,391,451,509,71,511,339,258,463,539,79,113,77,249,438,187,1017,70,283,139,92,123,801,279,363,396,492,267,503,223,267,463,197,903,1000,521,459,498,895,451,194,63,347,15,123,371,58,507,319,91,319,391,903,115,223,215,511,460,488,223,259,291,124,143,460,227,507,783,499,482,217,521,198,643,191,15,285,187,511,195,259,463,385,502,892,105,965,63,42,856,271,223,262,579,998,771,223,73,603,390,319,908,7,119,351,972,9,242,219,49,502,315,120,3,488,248,455,136,263,975,511,231,508,286,271,463,858,424,244,164,455,355,11,223,344,370
876,787,928,113,913,965,520,837,103,796,545,992,12,897,915,533,184,657,744,609,547,547,583,805,609,837,323,912,936,664,932,51,544,785,915,824,1002,772,456,561,660,203,833,591,401,913,56,230,641,947,912,930,641,520,962,643,824,712,903,683,664,664,866,616,417,913,833,915,881,832,163,737,897,376,841,427,977,307,785,536,611,704,920,193,961,547,150,225,897,913,33,944,176,915,520,931,227,720,995,403,839,529,742,544,81,944,409,403,402,641,168,96,936,81,817,565,288,569,610,771,945,915,561,721,641,384,561,1000,771,136,944,689,640,747,507,567,17,536,646,833,12,849,471,807,915,938,552,792,635,648
740,520,971,992,960,624,835,19,1000,732,531,663,995,1003,693,688,824,540,539,727,964,527,999,513,539,778,682,608,753,808,528,16,609,596,872,1000,323,912,1000,571,312,494,1000,801,116,660,623,528,521,1000,961,735,591,408,606,619,968,595,840,506,840,208,512,970,623,623,608,993,971,336,912,208,543,888,554,988,728,771,968,991,776,475,585,504,526,600,839,716,432,523,626,703,988,776,547,819,778,739,523,819,622,1009,616,1008,526,903,544,956,936,599,784,597,1000,403,840,817,832,810,566,732,923,540,591,520,616,520,927,529,1011,711,651,529,288,535,1008,983,993,514,915,480,608,1014,801,927,618,962,528,718,988,155
242,432,12,7,395,159,418,391,323,62,443,782,952,179,3,903,148,55,389,70,51,3,442,395,851,51,260,435,782,431,362,506,303,263,187,179,23,51,171,263,412,387,3,371,1013,508,319,420,243,179,52,323,271,168,359,453,691,312,43,411,8,320,411,496,52,229,176,155,328,1011,331,450,516,179,3,336,48,369,391,224,364,759,110,779,250,339,368,359,7,110,50,387,7,360,356,659,103,391,423,247,394,519,339,194,3,188,467,435,443,27,51,120,255,206,410,67,487,451,353,429,412,355,484,263,467,35,53,415,295,51,247,263,404,471,480,3,406,186,51,383,903,171,516,191,152,103,3,178,64,336
524,236,460,777,776,218,458,76,556,459,1016,746,40,517,461,395,958,676,881,972,957,652,187,303,634,140,497,72,972,552,138,393,616,111,776,44,443,40,916,40,280,646,72,534,456,507,616,539,644,819,238,437,785,236,648,392,228,492,756,906,134,645,133,700,968,405,942,296,460,460,748,764,907,792,789,286,556,384,981,456,753,549,748,761,780,188,59,444,464,437,676,684,393,904,533,641,875,455,44,40,968,648,855,945,922,528,136,504,257,668,468,782,40,610,452,332,40,684,796,966,456,136,648,549,43,647,748,908,652,900,655,652,177,908,491,511,520,456,460,908,296,972,700,890,968,805,740,616,616,552
615,376,340,816,460,101,336,236,204,73,235,504,687,508,509,615,1013,838,848,239,651,132,858,684,73,312,460,609,170,324,236,867,596,715,172,119,616,460,259,250,884,456,812,94,456,328,808,841,297,103,496,263,296,168,888,180,470,768,104,616,556,456,432,301,456,828,302,328,332,311,455,95,892,351,308,49,658,332,624,297,715,435,435,77,310,304,304,45,306,251,586,368,173,175,459,32,331,377,888,818,304,312,455,699,304,171,772,296,856,453,247,312,492,509,310,106,135,204,173,169,740,592,109,621,844,827,351,823,719,311,108,1004,371,825,317,236,256,344,880,99,732,296,208,504,112,500,368,304,111,359
374,86,374,724,343,212,432,278,439,695,1013,72,52,350,808,691,336,164,390,447,207,724,438,14,438,618,81,572,885,14,831,916,340,500,437,470,351,248,500,22,141,20,436,214,439,470,191,911,950,130,693,804,559,24,375,659,165,436,693,12,887,85,966,211,439,276,573,443,511,53,1015,208,724,717,53,139,511,894,511,140,387,527,852,564,911,900,614,566,438,502,145,652,511,902,444,143,279,138,148,342,278,564,724,662,372,463,54,180,20,927,213,182,454,725,660,204,52,388,901,91,317,272,204,502,667,445,195,692,179,340,140,176,6,563,52,565,807,398,340,342,431,348,567,403,436,695,479,655,948,287
191,143,444,262,180,166,568,277,666,594,260,342,298,183,703,477,262,132,143,412,711,82,507,431,71,143,518,62,414,131,654,575,551,124,132,374,36,170,399,399,394,190,1023,67,502,166,159,655,898,655,407,839,712,655,916,127,447,578,903,927,644,118,422,255,948,2,439,302,497,159,502,23,134,886,783,563,511,891,339,436,394,75,628,150,151,767,215,191,932,764,63,1013,181,417,402,455,94,169,140,508,950,143,67,413,204,575,7,116,787,6,383,15,735,655,342,285,887,375,386,63,191,830,343,550,235,348,638,726,724,558,133,683,519,630,683,223,351,649,887,924,374,129,723,219,199,359,980,415,783,351
574,819,894,903,734,632,693,431,583,676,766,326,654,696,654,686,672,158,766,923,674,244,903,200,654,750,510,574,385,888,557,906,18,767,134,646,674,742,747,897,685,934,786,611,555,830,408,527,831,1023,654,659,750,827,860,134,445,730,632,710,35,719,767,374,751,830,758,550,478,230,370,652,378,684,743,694,220,922,131,741,687,966,806,366,632,634,594,728,117,378,630,654,828,702,734,517,810,730,638,742,908,888,155,188,406,834,644,389,204,632,658,248,902,767,648,674,678,670,642,654,933,381,1020,166,966,634,864,819,694,1022,539,646,632,694,750,510,602,326,398,645,654,837,855,971,758,821,322,1016,802,962
146,570,511,302,314,650,567,959,319,567,282,423,186,287,51,527,695,319,698,982,571,50,510,270,62,695,295,273,410,311,398,487,574,827,487,871,486,392,286,313,439,999,427,814,1007,658,298,698,416,898,319,394,831,271,461,493,126,439,263,935,935,159,639,999,666,358,551,175,531,307,474,343,275,667,816,283,186,394,542,786,312,691,823,500,427,639,494,830,307,815,6,937,606,1007,572,910,1011,314,551,431,468,571,869,514,257,942,312,422,902,903,54,311,487,388,922,154,395,1018,486,531,942,426,930,699,314,364,282,386,392,391,410,262,278,943,374,935,935,587,650,312,311,934,438,999,379,622,34,550,135,827
981,288,326,340,369,119,399,455,85,453,481,343,451,941,796,395,424,321,371,455,391,428,339,207,390,265,320,387,340,392,963,321,247,483,905,363,335,716,467,431,103,15,119,455,375,455,69,937,396,963,705,391,963,343,423,395,963,287,426,415,423,939,963,419,1011,267,639,599,421,451,339,83,113,967,483,384,437,383,101,342,247,612,319,455,78,479,392,803,897,502,327,459,375,353,13,863,353,899,431,287,867,449,967,453,431,339,55,449,359,321,29,482,455,355,337,323,343,404,75,472,424,87,421,975,963,890,126,969,338,992,298,967,405,339,65,415,119,408,68,21,343,69,389,439,295,739,395,349,267,455
190,54,232,185,356,356,252,358,114,230,998,44,100,113,192,678,110,109,372,246,291,50,362,228,252,184,350,374,290,210,103,496,32,484,224,36,309,165,244,356,180,228,336,436,500,289,96,372,1006,500,358,244,338,436,50,382,492,438,182,102,300,182,128,110,364,244,238,210,484,68,32,482,356,108,236,282,215,376,750,236,278,230,228,230,367,756,102,180,484,238,294,182,885,174,366,286,300,358,108,140,224,316,362,352,359,950,100,62,246,166,356,100,246,247,182,741,324,102,252,136,378,191,180,356,581,372,52,240,500,184,338,164,218,294,372,244,364,244,290,100,100,306,228,246,812,335,436,166,230,355
35,608,998,353,630,610,544,176,611,544,947,363,1010,179,675,150,374,982,544,498,1003,976,996,929,610,943,754,976,387,554,922,875,928,242,674,883,34,224,611,442,548,297,615,1003,934,676,619,995,881,201,1005,102,115,243,99,427,930,560,546,994,627,483,864,934,534,848,176,243,35,611,42,499,915,873,617,611,546,800,928,676,36,40,176,930,483,107,688,96,1000,615,114,1023,242,672,316,98,1011,561,251,179,102,363,363,97,176,290,162,492,930,928,107,674,999,160,482,930,951,98,118,33,115,931,867,948,883,994,993,483,311,817,49,102,947,932,98,118,610,354,932,818,98,754,433,738,999,251,612,672,803,948
230,197,165,339,885,286,462,273,485,55,785,499,274,387,117,211,995,277,890,135,797,210,231,230,743,826,215,231,398,103,535,345,685,753,342,517,277,389,199,275,259,747,285,405,207,199,887,963,231,849,798,350,279,102,371,803,220,485,563,282,419,727,883,995,311,7,705,787,787,739,282,789,679,273,346,622,371,787,385,589,390,227,337,83,862,535,789,246,175,886,71,275,295,886,5,307,766,111,22,470,283,230,695,999,821,281,229,229,378,230,883,887,453,485,881,421,307,286,273,741,198,227,21,487,417,590,284,215,231,485,765,637,227,725,147,450,318,743,277,339,133,273,717,375,757,110,883,711,202,373
667,92,986,898,670,795,730,990,458,780,794,703,795,986,285,798,991,955,778,922,798,668,778,906,778,531,779,27,798,898,530,794,858,850,515,665,730,2,670,538,848,907,26,856,520,907,58,926,735,723,986,154,794,904,760,670,1016,730,186,522,666,698,722,522,184,778,795,663,936,222,330,898,730,330,586,794,906,858,130,827,786,924,211,282,2,904,851,666,856,10,939,730,666,926,986,10,984,779,778,834,531,794,819,19,530,771,842,283,734,907,770,702,666,794,907,259,778,606,904,794,344,663,907,835,664,842,216,779,776,730,769,896,538,758,655,794,774,664,666,794,571,810,794,906,824,858,154,646,570,666
580,407,55,15,452,595,5,454,412,38,295,145,319,501,468,13,229,136,478,501,414,374,279,242,159,438,252,266,839,558,27,100,433,503,214,52,28,175,36,134,189,335,98,302,63,4,100,273,949,469,214,780,926,612,161,69,500,112,70,838,1022,178,111,39,470,158,356,292,468,783,84,263,102,436,66,519,487,119,381,260,446,32,1013,167,436,253,6,950,738,484,502,244,847,159,414,110,270,10,30,139,70,318,62,150,335,1013,406,31,113,501,52,426,214,252,365,989,1014,300,85,352,406,246,52,84,30,804,8,582,509,240,31,30,176,20,119,27,534,958,452,452,32,501,324,260,772,81,775,150,221,12
315,192,138,288,172,280,66,26,833,130,24,960,818,64,208,80,202,992,6,128,848,26,280,158,58,16,130,114,192,128,130,256,272,96,228,194,850,24,392,66,672,450,224,160,48,258,850,82,232,210,228,928,768,56,396,962,448,140,160,152,336,128,192,410,68,848,394,1,898,50,128,448,352,194,386,834,784,724,562,242,258,274,454,424,24,138,192,48,144,392,306,192,970,82,46,80,888,96,448,216,336,57,50,192,321,272,315,38,201,70,960,132,48,209,192,304,224,64,336,193,550,154,856,386,272,136,784,192,318,266,338,128,68,418,189,65,296,24,128,962,81,274,136,16,68,480,80,208,906,224
63,609,171,71,215,209,595,673,66,80,65,608,726,762,151,501,241,242,213,241,114,843,1015,976,165,243,609,49,836,250,237,100,80,625,53,743,106,197,33,213,409,547,66,57,193,529,328,122,245,595,1,240,711,80,582,369,707,336,97,97,97,223,208,725,577,592,767,166,563,565,467,135,209,0,483,144,147,724,241,51,96,87,114,609,197,503,753,480,213,544,727,213,49,114,199,1013,625,225,97,609,197,81,581,18,64,725,741,249,217,573,49,401,213,529,231,753,66,513,625,229,675,113,70,305,245,10,113,244,245,97,225,230,97,752,71,672,215,74,609,555,545,211,499,240,241,228,160,545,35,141
344,901,11,716,990,239,974,93,967,207,974,133,239,293,238,332,858,349,276,333,204,350,351,206,207,831,849,350,207,348,473,207,235,382,235,135,399,363,351,275,59,319,287,383,206,7,204,378,206,207,213,76,347,206,206,342,14,142,270,863,16,351,321,204,607,346,346,91,350,206,331,135,847,328,143,339,207,108,318,198,391,342,94,463,195,459,205,207,862,1005,474,378,150,861,719,206,523,351,205,349,587,251,863,349,383,910,190,376,344,472,586,134,331,334,90,462,718,135,207,779,14,207,350,263,717,472,461,335,862,207,278,143,282,462,159,719,463,346,706,206,319,333,130,463,206,840,205,207,174,23
1020,983,460,35,547,492,387,503,496,865,687,505,104,364,18,635,613,160,641,156,615,357,109,233,167,916,483,997,510,593,44,485,45,489,535,577,573,380,492,420,961,501,621,597,577,292,7,396,413,769,440,948,605,617,543,1004,596,360,557,613,83,805,20,124,617,748,366,108,972,757,468,30,685,83,931,953,73,296,236,945,1009,993,493,332,481,961,428,636,237,620,1006,505,357,1,25,77,453,437,125,547,462,353,195,465,596,943,993,473,494,702,993,43,45,97,883,385,321,476,545,776,525,225,581,632,449,590,109,595,21,909,983,77,441,94,5,578,511,55,1005,1020,589,528,225,101,301,497,549,5,460,488
26,219,635,571,667,816,787,992,531,666,632,568,56,560,531,857,667,531,827,893,913,575,545,987,688,891,891,819,562,808,691,107,835,787,891,676,889,891,571,915,534,314,819,531,645,803,667,1019,575,530,827,571,711,835,658,574,1018,692,539,951,281,851,707,785,691,530,823,563,859,891,23,956,526,539,787,823,787,896,114,538,342,825,190,170,699,635,642,958,181,539,535,718,723,659,603,691,626,306,559,666,929,475,819,947,791,689,647,730,827,675,891,675,887,819,563,907,730,527,691,605,854,315,1023,534,702,329,879,918,914,635,803,825,539,826,680,818,187,891,818,698,595,332,892,663,530,563,567,947,1007,179
77,201,800,130,388,517,840,890,984,973,668,345,96,960,20,78,93,160,68,26,652,292,8,479,73,588,489,24,155,191,895,13,589,303,983,800,486,174,900,395,205,464,806,846,77,709,384,908,32,186,66,70,478,449,960,457,0,85,864,480,845,800,130,476,464,472,888,470,971,926,92,29,140,8,2,428,312,601,475,995,456,971,134,971,478,986,299,927,454,48,334,980,604,106,450,393,227,64,625,78,864,476,88,462,67,601,987,806,78,408,891,456,113,700,585,672,0,314,88,27,977,240,476,64,971,832,910,10,65,778,442,248,832,93,575,92,160,479,292,89,585,918,806,964,987,467,328,580,607,988
1007,821,639,606,612,951,449,758,844,621,829,799,756,854,925,758,700,789,633,1010,639,725,925,748,190,853,406,822,89,853,765,758,889,509,535,764,508,766,85,394,996,693,926,727,630,754,819,758,628,631,470,116,788,1014,765,752,470,797,604,638,592,718,592,286,861,599,828,124,693,685,461,756,758,926,990,246,464,805,596,692,724,622,501,124,628,905,752,765,398,661,598,862,852,886,821,701,924,756,630,628,574,217,1013,542,804,161,781,469,464,628,653,104,255,806,575,342,821,893,630,415,813,701,694,621,829,990,476,29,636,976,989,478,189,821,685,628,662,756,295,733,852,690,799,927,981,246,982,982,630,597
352,166,295,294,708,895,879,596,157,164,879,620,366,639,807,550,39,356,631,311,294,588,232,207,498,367,823,512,295,295,805,541,677,718,383,740,461,1004,238,423,237,982,888,4,589,364,367,520,335,325,934,199,262,494,750,524,39,295,109,654,679,249,750,488,744,678,422,590,245,685,197,527,618,807,486,679,416,942,120,364,988,543,1000,366,367,331,377,466,77,239,676,759,197,1007,872,519,853,319,748,641,619,213,732,4,44,934,622,751,716,876,165,550,492,294,551,621,791,673,632,676,965,295,590,744,367,292,168,505,975,294,200,96,616,849,876,581,997,649,959,364,998,239,684,639,551,295,620,967,236,743
257,639,65,81,919,801,339,265,73,197,776,200,584,441,648,75,928,75,225,760,937,9,648,393,195,481,928,705,443,129,843,173,801,521,24,478,25,995,653,937,865,9,329,937,260,904,941,1000,66,352,263,136,520,907,970,441,313,449,65,327,648,305,728,600,601,0,937,649,129,528,293,521,513,384,64,9,520,931,464,266,258,583,353,650,449,15,664,648,632,357,929,297,705,513,416,136,578,937,520,264,337,939,961,512,329,136,281,490,513,937,842,408,521,25,655,73,641,129,582,768,512,480,705,321,129,712,968,680,141,530,880,369,965,353,520,80,592,323,911,971,197,962,587,416,395,199,344,67,926,536
1012,616,281,317,922,381,316,404,141,753,285,777,901,397,669,101,173,172,453,757,917,341,645,772,337,317,277,669,188,900,905,141,485,901,503,265,164,269,996,684,317,269,279,649,721,342,325,653,325,637,373,101,337,284,581,669,501,280,565,984,508,37,781,917,853,333,665,892,636,597,532,185,533,705,941,363,53,473,269,665,195,133,533,312,700,339,685,461,759,358,269,701,797,796,261,349,598,269,252,140,699,85,1020,341,349,795,273,257,393,173,330,406,568,793,89,757,101,153,311,628,284,278,653,321,252,377,85,896,557,980,316,681,213,157,965,789,173,629,484,777,668,700,265,652,281,337,389,699,597,766
598,544,188,232,887,176,872,816,432,696,314,504,306,894,432,944,190,1022,952,145,888,242,315,888,120,176,149,56,208,297,370,63,1010,544,734,376,34,304,370,180,176,218,688,126,184,304,181,746,164,1013,176,145,290,313,180,273,16,568,734,580,176,826,392,326,380,184,376,254,952,926,122,376,1014,378,176,216,697,184,424,888,825,508,156,412,674,184,934,211,232,248,188,54,97,1020,681,432,220,116,62,688,184,441,952,321,352,698,274,950,113,432,1010,433,952,698,689,1023,870,436,366,928,190,825,825,1009,945,895,186,176,134,828,184,181,162,887,1016,728,218,654,324,222,241,250,886,144,756,824,178,638,312,944
737,669,708,744,238,716,605,883,195,799,803,827,898,973,858,684,229,783,869,869,321,197,865,781,780,557,827,887,197,878,143,357,762,122,542,266,743,231,711,810,737,609,741,771,693,554,395,42,739,781,771,778,716,1018,652,12,890,739,865,357,199,327,683,655,197,551,683,488,571,282,556,678,541,122,746,793,655,135,692,837,902,965,763,805,988,878,899,397,266,327,869,941,890,869,810,995,683,178,202,925,963,698,881,654,750,786,362,773,718,794,234,887,795,604,559,771,839,837,571,195,550,778,606,50,673,395,891,711,778,146,865,876,99,865,923,677,362,455,570,9,743,858,711,743,45,767,730,780,806,66
289,38,988,966,83,428,503,879,76,363,241,451,463,510,497,967,487,460,275,462,367,165,35,488,495,39,229,51,39,935,38,364,348,963,1002,1004,108,987,397,422,1023,863,55,204,231,143,352,54,297,355,359,805,295,463,489,622,131,110,846,349,1015,239,353,599,172,364,398,431,858,78,179,486,984,483,971,10,39,1015,183,631,295,503,62,597,398,494,456,367,215,51,53,999,4,975,478,78,159,385,47,511,33,10,455,1022,879,250,226,967,933,177,259,124,905,104,361,71,102,107,437,161,135,423,1013,275,243,449,199,899,695,905,107,104,1019,74,423,132,437,430,15,106,76,76,106,851,108,632,748,481,109,805
270,874,884,694,566,610,620,370,686,310,310,306,551,646,258,970,458,382,260,892,634,310,878,386,386,578,657,126,54,630,338,242,834,530,2,52,282,297,276,54,566,70,528,258,776,514,678,350,905,300,274,748,468,807,571,310,538,400,286,874,418,938,66,70,559,322,562,894,298,928,264,626,274,306,996,322,306,686,678,514,732,323,678,570,530,317,554,262,524,271,378,362,532,894,530,619,526,362,2,372,360,22,323,530,528,774,566,274,338,362,542,402,608,866,962,806,282,742,562,106,310,10,266,247,270,386,799,706,299,234,518,706,614,528,614,1014,530,322,554,556,562,530,698,530,712,611,296,1005,786,274
793,668,75,789,789,569,80,186,90,984,133,917,25,836,10,213,820,4,780,597,1002,374,529,650,342,570,104,756,436,148,98,1021,926,824,397,105,823,921,666,22,56,645,18,793,604,194,309,43,519,518,776,126,993,697,697,175,1,20,104,197,106,266,1002,346,725,857,234,182,757,24,58,311,704,346,853,872,306,8,13,529,1002,90,16,121,16,517,916,134,644,565,309,42,81,10,656,120,830,141,232,925,296,203,56,817,879,100,529,845,570,697,64,649,776,793,105,374,540,920,728,569,569,628,854,792,111,1,27,184,426,280,356,60,875,235,376,505,890,58,858,888,496,22,741,74,594,89,26,287,137,363
764,577,467,765,1004,449,461,344,465,586,764,720,378,461,485,762,488,734,564,410,594,479,557,485,1008,754,493,753,482,988,493,467,411,465,332,1012,459,642,744,321,764,672,749,672,917,464,614,414,509,476,784,671,606,451,434,224,504,417,489,494,720,732,90,337,498,921,688,334,476,854,285,432,829,980,473,938,723,996,464,504,232,504,334,434,448,492,981,969,81,464,483,720,484,492,722,745,590,97,497,476,1005,752,674,479,495,912,762,721,705,752,1006,1021,780,658,493,494,301,124,490,410,715,268,554,497,238,472,504,338,733,944,400,734,745,910,367,476,417,1008,764,955,648,466,432,470,706,508,748,917,1020,978
539,255,147,610,183,159,155,547,615,487,63,176,834,607,327,515,825,1000,426,695,51,399,19,547,715,479,259,82,607,426,551,27,527,799,431,187,183,833,159,1007,401,720,731,687,767,746,63,787,731,83,1006,558,159,143,175,943,175,526,63,18,559,127,927,15,687,895,350,590,983,695,667,564,614,156,860,723,922,366,927,930,999,55,31,683,713,191,630,911,467,618,42,27,543,389,919,179,30,590,239,431,30,35,555,758,1023,987,387,175,178,243,786,415,559,63,759,863,555,47,427,286,617,567,698,686,947,758,247,511,319,739,543,177,39,559,63,735,660,559,687,927,95,259,171,559,614,47,243,611,546,543
308,402,556,620,568,288,316,532,172,512,60,536,240,0,796,892,104,564,40,449,524,860,568,545,704,565,577,260,260,669,568,796,164,452,44,40,400,564,512,124,544,268,944,256,992,579,764,895,448,572,484,701,588,316,925,384,693,512,514,898,260,364,412,580,104,332,492,256,37,524,460,692,388,300,3,432,48,268,258,461,512,292,60,287,676,560,440,12,292,476,320,432,55,756,268,516,32,848,738,120,528,252,384,544,192,50,268,541,888,336,988,454,272,564,348,44,544,296,895,314,544,541,516,549,548,304,384,524,675,512,53,515,652,512,512,244,56,360,116,560,900,332,112,524,546,577,564,12,221,108
543,807,44,799,845,861,6,59,787,647,773,551,39,119,90,126,38,550,562,47,787,806,44,890,277,790,808,822,54,783,695,106,279,1,51,50,265,281,641,7,947,10,811,811,807,310,33,50,315,785,785,643,285,791,19,326,795,38,779,50,35,54,23,87,329,127,826,915,54,825,35,41,675,35,269,6,823,17,7,769,47,543,790,811,423,791,787,58,583,911,67,835,451,9,823,121,53,295,810,33,987,5,840,23,126,778,3,783,263,49,811,791,46,33,314,95,21,309,615,777,826,871,526,289,315,279,38,7,275,805,57,798,275,871,786,41,798,126,790,51,34,6,10,51,527,806,264,798,846,806
576,656,226,722,215,992,214,612,772,719,736,954,966,961,354,479,198,352,706,255,203,552,576,244,832,712,680,975,580,226,764,612,767,509,221,220,372,202,74,244,868,680,740,70,186,204,648,132,605,750,230,946,923,192,1012,764,46,982,835,950,216,229,968,356,964,962,970,215,716,175,404,215,678,232,218,223,200,72,375,580,578,946,509,971,119,962,192,138,146,194,180,468,506,227,584,1008,552,226,566,738,946,181,252,968,200,1008,120,904,84,1011,993,832,228,72,612,976,200,718,964,506,176,560,243,940,224,751,184,955,186,742,1004,194,70,231,964,178,164,240,228,636,122,230,842,180,837,716,672,702,454,840
335,51,629,711,325,631,244,767,715,589,100,731,873,351,325,507,875,613,595,263,123,376,875,631,471,759,711,628,247,201,582,303,713,759,343,709,596,364,727,335,7,249,219,727,631,263,90,373,711,895,335,715,619,351,331,311,683,603,199,332,335,325,647,639,319,592,571,441,630,91,493,839,894,263,605,731,447,7,539,631,95,245,312,639,263,613,725,779,455,376,468,267,603,791,743,199,710,121,407,333,703,735,327,735,135,123,101,597,581,599,327,375,630,650,505,757,63,461,372,619,395,327,587,327,711,774,217,887,645,507,501,503,55,371,614,639,597,755,455,235,583,759,526,581,325,607,15,859,775,552
294,401,317,441,423,656,956,710,394,410,484,462,572,462,950,453,390,693,390,314,412,948,543,692,200,758,536,669,946,648,828,358,640,396,957,422,565,405,700,336,190,826,738,948,439,484,272,220,758,693,582,638,1015,206,142,477,303,580,442,446,534,426,435,529,157,519,407,708,640,1012,662,538,578,559,962,486,663,402,468,278,582,663,964,690,422,550,954,944,940,411,944,930,1019,428,486,1010,944,442,274,710,430,958,944,405,944,314,414,426,708,668,718,954,534,542,454,302,708,462,288,926,398,830,420,558,446,917,512,708,187,412,678,1014,131,560,924,655,700,658,703,582,534,74,414,414,732,445,406,761,389,413
753,194,222,1009,686,203,192,972,574,1011,974,195,766,984,1008,860,195,968,1014,739,1023,739,178,964,205,407,736,752,752,243,506,195,963,450,147,221,963,464,766,973,198,1012,1023,252,751,163,755,881,895,348,203,1015,1009,463,1021,255,960,211,125,994,242,253,717,431,241,995,1023,242,755,253,252,501,535,255,249,999,200,732,983,704,208,755,48,975,714,979,178,150,755,705,223,707,716,508,755,192,254,1010,895,960,216,752,476,1023,462,742,756,196,347,974,755,738,427,972,1023,242,450,135,974,192,1023,175,766,1022,463,1006,466,140,478,979,243,503,719,466,1010,962,500,196,972,60,255,971,951,759,714,1010,765,456,995,196
765,311,843,455,752,10,7,117,0,278,817,287,922,443,315,7,843,325,965,503,58,1019,1021,315,278,6,6,757,775,777,1020,795,667,265,933,588,964,310,199,314,282,58,837,716,6,971,278,75,1012,651,885,707,6,252,460,54,267,304,900,338,1018,95,75,203,309,844,299,310,586,967,889,588,539,244,434,15,523,14,55,431,298,714,55,266,1013,259,519,203,708,11,970,343,7,662,584,581,197,315,260,253,325,714,763,333,981,1021,646,576,1018,267,708,581,999,710,7,1008,52,11,267,964,534,504,519,845,751,118,66,779,716,500,251,709,581,790,972,965,731,279,374,69,11,612,5,663,705,445,758,887,583,892
557,543,962,476,285,984,111,11,291,760,914,19,352,746,849,3,875,915,526,738,35,46,338,851,781,611,6,802,645,1007,47,351,867,499,273,271,435,338,987,239,34,558,611,106,13,851,234,549,495,723,854,668,829,284,513,926,995,547,851,595,47,621,785,527,611,9,317,685,595,466,2,300,527,226,735,338,351,290,946,787,978,639,739,629,981,45,557,999,5,18,325,22,799,673,388,835,6,367,978,718,275,22,565,85,581,739,381,722,629,594,628,339,735,725,46,16,514,925,284,47,851,658,46,14,15,291,34,669,365,722,467,239,47,302,739,35,931,11,989,601,850,35,764,284,282,867,657,3,850,556
230,530,88,60,108,668,1008,606,760,742,50,614,528,170,30,758,736,516,18,602,526,664,194,208,606,124,17,536,95,94,724,228,148,542,551,724,542,622,20,104,108,722,30,14,84,108,656,536,60,664,220,984,662,870,568,6,484,56,628,862,560,558,149,286,930,108,898,743,556,744,792,622,182,980,450,88,2,236,604,628,997,28,98,552,553,44,18,726,216,104,110,338,92,684,540,92,736,658,670,212,134,556,520,748,530,764,732,568,48,536,238,558,664,229,355,622,820,745,596,720,212,28,236,99,110,68,920,48,612,98,552,732,555,552,18,736,92,732,88,486,580,12,22,222,92,542,658,40,668,622
103,475,613,80,555,494,530,231,105,316,738,151,666,595,220,546,22,531,222,38,97,550,603,170,210,42,26,518,219,86,235,196,306,178,228,219,80,460,763,554,732,103,539,23,556,671,411,471,584,513,469,514,0,772,534,950,602,120,438,36,30,98,882,210,89,12,532,16,875,150,602,427,224,222,230,451,282,764,242,818,282,470,18,106,551,96,39,670,158,554,79,91,226,534,214,572,210,112,595,8,106,195,147,58,36,882,210,32,555,28,538,110,104,22,459,234,87,98,336,234,276,36,402,42,546,281,862,548,205,236,98,679,194,652,68,548,235,227,542,475,226,626,42,27,219,476,841,103,194,344
137,77,567,137,241,123,133,69,621,199,249,53,671,355,197,131,129,728,165,137,131,128,117,169,235,247,77,340,705,165,124,149,85,921,125,357,405,149,497,653,149,379,213,487,229,101,221,75,405,117,201,719,429,231,145,239,167,141,83,371,107,133,347,441,217,425,207,221,825,189,165,107,375,77,740,87,117,99,497,357,89,1021,953,163,149,133,164,35,141,105,215,75,116,185,149,324,53,27,459,435,145,69,133,21,896,141,91,120,741,149,699,249,91,19,781,230,85,117,379,649,133,497,749,249,1013,183,661,219,9,487,737,91,153,471,153,1013,207,187,841,377,101,364,101,195,985,441,385,145,137,708
872,420,100,738,996,282,869,438,420,291,962,995,390,444,116,630,868,834,364,859,873,587,646,876,908,918,476,887,995,922,714,902,1023,436,580,402,596,972,620,780,349,956,852,843,317,716,405,918,308,414,829,123,948,877,82,842,1014,660,1023,529,954,973,546,528,985,468,199,430,410,686,816,1018,965,900,656,740,715,410,889,447,980,727,340,500,912,875,726,452,836,283,926,88,931,942,308,370,107,759,300,344,1019,413,868,838,667,726,440,820,676,416,971,724,662,933,893,962,304,923,569,929,77,939,107,636,656,800,452,602,885,876,658,1011,951,1023,974,820,300,388,330,954,1013,918,934,417,452,68,918,900,772,964
671,909,629,430,383,595,17,316,491,693,887,949,227,29,449,119,910,65,35,323,607,911,389,661,89,285,59,767,897,127,335,158,599,319,674,600,223,359,463,901,141,165,345,682,255,17,881,703,703,95,153,543,223,847,89,638,551,968,953,697,814,152,656,931,499,910,911,327,935,250,250,905,1021,705,302,615,355,669,495,405,293,671,222,652,553,351,303,417,654,936,259,420,387,673,369,319,863,687,710,403,969,704,856,665,396,943,669,924,129,575,482,449,254,297,127,990,482,347,367,335,903,351,887,721,255,687,849,787,687,661,654,661,467,713,243,606,339,748,559,651,215,94,927,449,135,429,633,126,871,629
129,205,900,515,881,690,576,449,166,819,880,124,628,752,544,177,577,627,642,931,524,691,647,833,650,702,945,113,560,846,801,950,688,693,1016,614,508,643,887,653,608,592,577,184,588,584,337,596,237,460,480,240,181,128,899,689,514,576,959,238,108,839,569,691,691,369,702,588,359,64,703,649,518,398,448,640,671,955,833,497,576,112,944,649,625,957,737,637,125,899,894,708,333,753,700,652,583,515,637,945,129,553,381,65,64,514,236,674,909,832,765,832,737,353,156,931,694,624,393,80,563,65,119,706,391,397,155,241,845,688,640,546,448,646,642,641,714,707,641,771,64,589,593,225,134,129,940,695,625,1
744,190,360,318,142,146,318,318,458,334,166,88,866,104,376,160,72,734,210,162,72,190,130,232,142,376,96,618,610,186,374,137,758,96,914,856,735,166,132,120,254,382,34,73,470,112,174,994,159,318,386,46,376,46,642,219,19,398,990,220,410,47,18,51,34,62,46,42,72,626,160,170,226,18,58,179,22,898,962,810,331,672,202,318,42,104,340,314,226,172,243,234,91,792,380,176,100,506,446,121,434,50,84,594,318,988,174,402,104,497,30,104,330,450,108,102,92,120,376,366,92,422,162,39,314,994,46,121,42,46,16,34,84,226,986,2,506,36,72,638,376,460,32,88,93,184,17,464,384,104
666,556,874,892,980,472,212,674,170,966,424,472,216,812,790,220,794,996,786,786,544,742,934,790,928,970,392,790,728,416,978,998,774,940,216,1016,800,531,806,800,676,571,216,800,424,1017,170,86,802,996,354,412,968,786,808,488,530,892,996,902,292,788,790,224,328,800,834,444,992,806,388,468,208,214,792,982,530,528,200,900,906,904,816,724,160,298,1002,452,814,542,980,790,820,808,528,170,90,600,1020,638,968,216,966,936,546,802,678,232,980,214,806,794,208,535,776,452,874,656,732,28,818,528,554,807,996,792,628,1018,841,1016,529,218,804,825,538,830,806,968,888,998,488,594,770,149,802,232,456,558,794,0
608,66,100,478,654,36,206,476,86,668,79,558,858,31,278,204,638,516,670,518,189,542,375,198,548,734,574,633,14,551,477,104,756,62,748,662,214,704,246,750,255,735,4,7,679,7,750,553,45,518,532,669,966,470,7,157,614,638,605,194,549,295,910,626,7,727,766,31,718,717,559,39,54,6,0,406,557,598,114,718,246,150,902,454,556,192,734,414,15,90,460,654,541,743,54,718,86,518,606,544,372,790,733,54,556,727,195,311,252,7,748,389,66,552,549,758,526,214,772,558,254,558,495,564,263,634,223,766,659,534,880,643,996,750,774,518,214,743,535,142,615,254,734,34,148,142,668,244,20,42
1007,819,493,853,862,915,926,658,735,868,414,913,15,42,1013,943,358,406,384,556,590,486,1006,977,854,786,348,406,287,930,437,290,956,934,860,790,808,1005,772,918,1020,913,784,284,814,870,603,273,422,918,94,318,853,348,798,852,404,304,905,1022,942,897,277,1020,830,932,1002,815,338,999,934,761,350,910,623,858,394,938,594,911,813,744,423,1018,878,917,855,930,722,942,420,806,860,806,846,274,356,532,1005,170,100,26,428,870,991,30,798,814,94,406,306,849,959,934,760,943,422,894,1007,813,1012,407,907,818,388,102,902,879,367,276,998,486,802,94,1020,930,495,429,909,850,862,528,81,1005,784,262,720,862,352,312
874,365,837,778,7,955,299,927,855,592,832,923,896,849,28,139,660,888,941,672,875,632,945,957,907,279,908,595,668,844,298,43,96,886,909,851,890,521,847,317,404,413,854,834,298,931,909,1002,776,573,1023,925,87,832,771,617,548,251,873,388,921,930,355,930,299,356,849,835,596,930,844,918,361,396,931,661,849,927,355,837,919,872,914,741,100,491,859,584,807,407,890,962,825,832,867,905,845,64,671,957,354,411,267,867,836,747,172,932,877,368,912,75,197,875,852,917,875,211,905,483,316,836,118,966,63,853,312,36,975,123,930,866,832,930,917,355,946,660,413,296,136,843,312,711,930,939,946,5,284,409
1003,340,379,837,345,98,176,565,386,866,948,755,923,377,145,101,166,464,184,857,560,355,378,247,368,456,923,106,375,867,520,808,955,847,40,726,481,953,987,928,130,107,158,688,532,354,83,74,523,664,104,836,394,337,104,15,419,827,93,1016,59,449,943,83,98,951,307,832,305,436,107,331,375,933,430,302,104,866,96,795,954,840,383,401,971,957,778,128,436,416,391,891,480,305,664,851,881,528,810,539,443,82,841,409,119,497,338,937,891,475,405,8,184,345,408,440,697,795,267,106,571,213,427,344,843,645,435,443,82,935,427,85,149,562,1015,134,39,422,896,409,283,85,331,341,395,451,943,829,368,40
364,54,30,750,518,354,978,460,379,60,124,462,583,782,163,814,14,477,262,518,357,294,358,462,302,61,794,46,686,332,341,375,472,311,1022,34,758,358,604,768,198,350,598,68,454,911,392,326,966,466,870,95,446,274,22,463,437,463,510,263,572,454,390,362,426,790,887,396,423,15,438,260,406,262,271,815,314,440,464,63,343,463,486,256,808,430,286,464,415,383,338,969,358,890,306,254,306,902,358,96,390,374,842,15,374,77,910,298,323,478,719,279,270,271,453,271,302,390,395,308,56,441,374,866,62,431,270,358,318,310,318,390,311,79,570,358,751,517,340,1010,592,866,354,438,446,966,418,317,454,268
240,285,161,761,922,993,667,407,243,680,897,305,0,474,720,704,984,513,737,209,522,515,936,200,97,472,304,192,193,717,833,749,840,785,429,1,177,225,90,752,721,265,270,961,371,1001,399,160,761,48,299,801,215,217,649,200,192,337,57,752,217,192,39,606,233,433,560,221,243,216,251,489,814,121,97,713,123,161,293,769,720,969,259,136,809,536,257,529,377,57,3,560,160,226,353,53,201,161,144,0,49,267,209,218,725,809,211,313,731,309,448,960,761,49,265,433,993,193,129,669,1,779,160,27,181,64,214,248,240,216,273,228,187,179,348,3,834,675,216,377,938,233,448,395,48,288,737,264,469,1009
653,132,616,205,698,700,618,405,513,564,645,869,657,756,321,698,679,692,652,119,235,625,673,613,578,611,659,673,585,392,704,653,766,651,140,514,707,622,686,650,551,167,701,692,705,419,132,604,652,691,556,674,584,578,560,132,652,709,670,519,170,642,6,653,618,348,679,636,947,699,170,634,954,5,689,104,693,684,691,721,123,220,552,677,963,170,588,668,682,689,677,689,677,605,682,203,165,581,725,341,649,764,608,645,802,652,725,672,611,577,677,717,363,636,760,517,561,851,229,668,582,691,675,142,967,611,727,588,739,688,580,730,643,697,656,426,688,645,604,227,680,649,680,625,994,805,717,607,695,74
487,586,479,283,514,806,579,103,923,349,268,435,263,539,871,26,20,1007,303,789,1007,951,631,987,548,297,300,470,995,467,609,358,174,453,915,40,347,347,46,278,283,534,75,841,483,835,105,464,987,91,858,610,473,577,490,483,742,534,235,457,235,858,691,447,67,46,986,25,426,979,871,730,267,282,818,541,996,537,473,942,483,421,811,410,170,554,315,423,422,44,532,430,423,843,453,543,789,912,466,754,87,273,460,996,998,40,806,605,351,303,351,95,469,859,729,484,1001,514,465,491,304,735,436,1003,465,315,477,403,267,728,290,44,747,318,334,278,57,966,984,421,788,529,775,810,427,594,858,967,667,415
358,583,563,774,435,870,246,979,899,718,444,807,383,440,418,979,447,350,862,923,283,315,850,178,371,483,67,411,498,826,395,382,272,398,462,307,771,927,954,782,850,828,382,354,238,826,987,435,419,973,476,819,434,294,880,654,352,381,563,475,917,195,323,350,413,319,199,706,755,603,115,259,561,243,315,371,899,977,794,383,834,991,383,930,396,370,978,327,829,115,423,806,947,870,306,369,340,655,323,910,79,334,319,991,350,590,137,462,844,866,574,1016,835,323,338,371,738,811,319,278,790,540,323,835,957,811,367,731,831,398,396,820,379,626,820,326,475,240,758,610,475,475,439,882,738,378,311,94,590,771
207,989,792,684,772,704,4,268,898,902,132,712,403,384,140,772,404,268,188,412,131,468,386,388,242,516,580,218,932,732,202,394,394,435,460,780,402,444,4,362,964,546,907,892,646,972,416,4,392,142,437,218,261,588,452,15,396,504,512,460,480,76,148,780,780,402,268,858,344,640,130,402,156,396,663,10,460,301,138,397,512,450,436,391,388,900,13,914,12,147,15,236,901,452,148,840,388,714,958,782,456,186,782,13,507,180,706,332,9,436,434,391,128,180,178,132,4,50,476,251,469,724,468,627,204,282,388,979,964,180,388,0,13,772,804,196,268,316,396,892,1004,399,256,1020,284,460,732,476,972,973
925,201,789,14,987,405,421,247,144,65,163,921,1003,525,919,27,145,936,409,915,145,733,249,405,201,133,229,709,510,405,137,715,795,213,157,820,151,219,149,837,235,897,469,25,731,901,141,843,899,223,837,19,4,913,809,923,979,903,915,217,277,965,919,989,711,147,149,175,203,406,201,971,221,921,917,403,645,991,151,249,985,199,705,965,133,145,221,21,154,133,773,963,789,666,793,899,145,984,409,466,133,786,581,789,219,147,987,403,245,991,983,921,71,91,523,973,715,903,151,133,411,901,709,149,863,443,925,913,873,981,973,969,985,973,204,969,725,407,145,153,926,155,919,901,897,1019,693,1020,405,221
164,175,43,34,298,547,232,47,86,36,11,51,931,963,407,163,967,293,266,227,172,307,690,59,821,83,548,55,851,306,291,34,57,162,164,247,482,55,163,37,57,129,135,291,230,39,526,63,43,836,163,199,161,131,54,995,163,51,289,43,228,1,875,996,165,36,36,97,107,347,803,354,51,180,163,38,127,812,308,162,42,50,19,243,51,35,51,935,547,243,51,531,33,22,51,34,114,167,50,311,161,211,53,51,18,811,54,55,300,167,51,626,119,16,51,229,290,19,50,419,939,85,50,275,229,225,162,43,763,63,39,51,35,1010,932,35,161,243,562,34,162,35,227,54,419,50,147,167,167,19
242,48,194,188,241,160,50,192,212,66,373,853,196,960,114,21,885,477,308,224,418,244,244,81,369,178,205,84,114,963,853,883,836,119,644,948,948,498,444,244,962,196,194,186,343,418,176,84,178,500,116,176,188,240,114,87,165,375,117,84,968,181,97,189,196,369,433,66,115,883,116,898,853,340,51,378,375,83,21,215,42,885,306,433,82,369,178,194,84,226,265,178,852,432,244,180,115,26,114,198,76,196,112,194,455,482,180,722,642,228,649,372,240,888,48,396,162,242,369,114,426,115,370,948,20,496,85,164,884,196,608,181,194,372,48,210,309,112,20,113,156,60,672,487,990,117,684,829,84,500
282,626,538,70,602,489,775,194,122,91,194,142,602,834,586,500,380,587,698,746,74,634,827,86,601,202,522,323,586,330,106,74,125,74,380,347,410,136,266,714,598,42,105,370,730,596,314,329,588,91,151,326,266,330,121,586,603,706,90,468,82,883,581,90,354,250,90,326,437,361,73,363,622,346,72,120,314,307,872,626,506,92,205,216,332,586,588,667,10,218,322,330,594,75,266,778,26,86,589,507,76,381,614,599,342,90,346,346,465,626,578,602,242,601,122,50,602,292,1002,474,866,346,602,499,379,634,755,366,345,282,92,666,378,360,345,602,314,378,587,627,363,322,380,331,41,394,730,634,377,359
22,126,496,387,287,135,88,150,153,138,131,156,286,121,476,88,13,128,503,22,19,16,28,978,11,458,283,432,160,456,27,128,23,18,184,234,18,280,103,163,527,130,288,279,86,335,22,281,291,131,49,902,22,273,135,134,143,545,18,184,243,163,266,128,135,226,391,386,273,784,44,263,131,652,304,416,273,410,131,928,0,24,744,2,913,278,16,62,255,407,539,530,992,276,502,118,40,87,6,822,128,385,234,123,278,560,23,281,31,134,600,409,235,128,273,128,17,138,24,235,131,273,112,111,490,147,6,24,807,3,385,487,1,262,130,16,23,113,279,18,856,400,131,514,126,174,0,795,592,31
319,511,138,345,711,319,509,240,189,861,213,649,839,317,343,653,495,463,461,312,562,383,339,830,687,786,673,508,374,567,743,575,536,431,701,303,921,338,559,92,817,999,493,455,337,48,645,893,177,199,549,680,777,317,701,281,542,177,19,1019,305,111,432,87,527,159,481,495,711,359,459,743,199,599,457,399,175,224,117,719,565,566,395,167,200,9,368,248,1017,81,565,431,175,324,751,682,687,392,817,703,574,22,59,367,689,905,907,675,548,466,942,366,459,277,381,249,317,719,103,410,303,313,737,199,573,575,909,779,211,413,614,811,647,831,317,953,527,313,373,969,343,505,447,320,230,458,957,824,623,441
629,139,423,317,571,664,319,717,25,653,398,283,757,857,1004,316,60,741,1013,309,741,962,892,683,487,491,245,485,491,308,773,149,515,372,251,524,499,655,631,405,227,53,825,640,468,491,931,414,429,859,484,996,509,747,423,571,272,315,317,427,157,639,924,139,471,740,389,501,389,405,309,61,405,347,501,500,154,111,749,943,308,429,291,60,309,501,749,609,491,317,788,61,997,508,883,380,747,275,277,909,59,371,941,269,429,443,180,227,749,60,229,885,571,452,571,575,741,909,429,347,655,995,999,647,293,549,747,811,161,281,939,373,1003,419,747,1013,740,91,405,907,101,644,567,275,569,148,741,395,748,31
822,160,848,728,228,286,240,824,509,824,731,817,323,732,724,528,592,692,497,892,678,57,566,564,611,308,564,564,213,436,950,563,434,565,934,816,388,571,564,467,757,726,356,1012,820,624,219,700,684,629,532,756,980,677,676,693,770,983,508,724,760,692,688,760,484,817,852,949,308,572,692,560,467,720,754,561,249,697,924,889,248,640,248,817,723,560,820,70,624,564,866,692,628,822,229,896,290,136,604,970,818,918,564,672,720,689,736,676,166,724,308,747,998,756,566,724,80,696,432,688,980,228,820,1010,784,740,726,724,468,980,564,565,948,758,1012,688,245,212,836,1012,930,564,944,592,820,761,946,564,616,582
889,185,414,930,546,891,766,160,1023,633,376,658,918,1009,810,942,994,912,529,689,823,1022,959,767,414,257,697,248,720,263,1022,895,507,953,689,608,926,925,927,146,952,265,799,146,881,241,952,991,415,545,14,947,913,509,1001,882,919,401,912,430,863,1008,775,812,914,959,793,895,946,1006,656,915,738,927,5,688,619,514,669,850,745,913,1007,1023,925,400,497,947,952,885,783,1009,723,671,691,1023,815,414,577,410,696,632,874,673,667,944,510,674,847,918,656,760,257,658,946,1017,927,1009,721,1007,671,1009,745,489,929,361,921,683,560,959,657,913,912,753,959,746,559,914,250,1022,1022,443,409,680,929,920,257,287,847,720
792,581,568,48,344,323,80,324,560,52,632,819,100,560,496,36,192,368,88,312,256,216,852,120,564,193,560,312,228,768,720,560,384,560,325,620,534,304,304,304,120,232,489,121,566,974,560,744,928,681,160,680,358,820,118,422,761,353,304,635,672,560,416,308,309,350,310,96,54,52,309,344,56,1014,757,230,198,632,710,560,736,600,248,632,422,856,304,84,609,561,376,56,760,560,33,560,824,238,560,561,304,889,304,788,273,310,148,280,260,632,686,532,840,856,342,48,376,352,824,116,564,288,308,32,596,372,712,416,566,566,829,488,953,304,616,528,344,636,528,372,851,580,571,773,254,96,416,564,633,72
688,364,1010,791,56,934,116,6,822,824,894,182,167,680,245,943,55,54,152,678,112,694,948,184,196,66,358,86,86,54,746,62,646,832,86,564,830,50,894,182,518,310,1010,212,582,306,48,48,48,636,788,692,178,848,565,982,246,342,176,580,214,715,534,313,186,40,196,692,86,816,50,692,542,54,292,917,850,167,182,568,125,720,565,854,150,566,932,936,567,596,566,1015,196,824,168,694,790,566,950,213,886,130,34,838,790,694,224,368,950,789,574,640,174,56,561,854,784,947,208,574,694,935,82,890,87,566,54,660,562,888,560,824,560,134,564,934,118,560,118,118,150,822,820,54,784,56,566,568,948,822
474,222,198,667,141,82,665,435,475,217,721,201,914,67,249,977,913,761,25,219,74,217,723,222,71,729,764,129,200,733,195,9,470,249,664,731,151,217,977,475,209,147,956,755,214,979,664,401,721,465,754,476,207,478,595,232,242,755,721,72,210,723,209,786,147,955,993,145,978,231,979,720,215,551,975,218,977,215,65,723,985,731,210,691,722,218,75,222,923,475,467,70,673,25,145,74,211,458,129,155,201,199,22,465,747,475,950,335,585,723,721,66,187,417,215,337,577,243,990,599,183,702,215,577,729,206,954,243,751,721,145,27,919,66,231,535,235,583,475,473,113,486,987,723,657,586,921,727,726,922
743,751,1001,421,1021,627,617,930,968,637,632,746,639,505,643,741,996,1013,893,737,1007,227,117,628,230,719,506,747,234,717,636,749,556,970,744,236,885,428,1021,676,748,934,674,746,635,236,751,744,626,749,677,930,905,751,963,681,741,167,676,750,999,998,745,629,749,998,888,645,492,12,746,626,1012,106,751,764,1013,605,628,750,1005,924,636,748,998,1011,429,743,167,679,751,764,965,996,935,813,765,750,717,750,994,892,204,556,207,485,740,765,792,722,932,749,993,907,632,488,120,765,167,1014,21,1007,388,748,632,634,748,235,684,717,646,175,748,885,196,995,819,535,749,695,116,966,165,116,616,751,981,951,764,239
480,306,495,490,514,575,260,375,435,304,311,821,422,725,307,304,689,355,498,160,227,97,178,467,559,372,448,481,703,540,523,259,960,164,492,227,948,370,527,51,351,468,434,560,379,691,368,262,928,305,758,653,583,176,269,303,752,588,611,695,235,688,179,99,371,263,116,51,443,421,892,613,37,372,381,429,435,318,464,483,376,49,291,431,499,495,381,162,263,621,562,432,560,178,372,311,496,226,306,370,695,317,498,695,738,695,566,563,431,498,51,501,423,272,432,97,120,574,644,315,432,431,883,355,624,836,538,192,759,283,314,616,947,816,672,359,187,308,52,242,443,563,495,437,272,308,240,560,360,54
732,733,1022,717,764,718,982,733,472,734,148,254,588,702,589,398,764,716,1009,326,764,334,732,78,404,606,733,938,517,586,254,732,764,716,652,654,1020,591,734,432,526,716,702,578,277,184,918,734,670,732,733,30,462,732,477,965,524,732,766,692,520,334,43,733,706,666,764,509,766,766,589,520,732,990,980,586,766,398,763,712,216,142,572,741,541,733,734,221,12,764,664,477,732,510,766,217,728,398,72,722,701,653,586,216,526,668,734,733,732,732,274,732,723,734,138,666,188,518,761,62,104,712,694,520,438,872,462,732,718,310,734,660,270,717,717,251,733,829,143,264,157,334,493,221,562,262,688,661,588,669
308,846,590,453,718,207,195,955,723,967,205,580,3,734,222,584,252,202,5,66,559,78,78,461,511,587,206,5,76,76,199,205,7,206,456,967,78,477,73,715,461,147,76,70,221,335,910,331,371,719,78,734,586,74,243,334,15,78,211,204,129,714,71,69,351,70,213,718,862,66,193,202,131,46,786,240,66,194,451,718,205,449,4,78,76,253,15,223,588,451,206,70,69,244,456,583,661,199,206,205,716,7,219,415,974,130,252,722,584,67,457,715,91,839,207,193,729,73,78,195,76,75,348,203,6,18,606,460,556,78,206,79,203,494,206,76,201,203,75,34,124,394,370,732,126,579,78,205,118,220
913,770,115,151,402,64,930,919,138,157,256,779,862,863,129,251,995,134,219,345,145,854,897,968,128,478,401,385,673,81,90,326,215,771,89,80,899,768,833,966,62,854,382,394,467,145,768,449,145,990,337,403,473,159,0,918,3,994,78,660,402,185,16,82,241,987,217,145,19,145,977,226,151,465,912,656,320,146,401,272,984,130,19,194,913,976,729,786,145,893,387,407,185,0,241,913,397,400,338,407,131,621,80,978,70,913,7,986,902,270,18,384,834,490,913,134,643,861,10,478,915,147,794,897,241,390,974,426,657,591,798,17,401,894,481,7,409,67,39,401,919,151,918,216,857,1010,982,81,328,385
118,769,6,845,985,808,782,837,773,865,847,521,865,9,879,873,906,868,782,839,873,987,376,927,844,783,9,5,735,781,110,776,835,334,872,878,883,878,783,776,841,873,779,134,872,263,777,799,887,881,865,265,923,862,520,845,1017,809,905,667,777,72,7,547,837,776,249,377,852,865,872,872,920,40,783,920,839,838,118,839,1022,777,34,105,913,777,875,8,776,955,839,1017,1017,777,890,837,118,836,997,845,776,869,839,408,776,360,779,985,783,551,777,8,865,756,28,783,895,847,841,905,809,249,783,917,927,808,585,843,886,361,72,325,926,0,265,782,927,776,609,841,141,533,839,974,14,926,843,844,809,840
327,451,84,709,90,467,837,155,471,210,453,722,469,388,725,199,453,731,69,62,836,471,982,95,725,340,12,71,183,373,357,453,215,66,848,901,85,884,5,467,839,430,885,898,323,219,322,887,699,400,211,853,933,69,339,469,212,899,339,115,982,199,373,268,604,731,953,85,788,469,884,211,195,769,605,967,356,597,469,652,645,602,962,437,229,71,212,1013,788,581,467,709,459,90,84,218,466,466,463,719,468,794,853,713,213,68,583,849,789,2,467,466,356,964,837,925,98,320,82,423,219,341,343,466,81,452,852,340,501,840,81,341,342,221,117,67,471,342,455,1018,709,187,486,834,133,339,82,325,401,337
309,497,785,553,909,696,665,900,561,421,133,241,27,313,133,861,805,305,789,917,405,497,273,209,549,661,645,789,412,1009,240,917,277,149,752,273,819,305,421,307,209,357,423,550,133,241,240,21,465,465,945,689,917,462,789,843,497,424,209,369,77,686,209,465,452,39,661,844,237,337,273,337,689,569,788,737,945,277,151,151,369,917,200,500,305,496,145,285,819,171,167,531,609,374,647,697,147,759,204,129,519,653,369,432,649,433,305,435,233,653,413,105,669,307,937,240,801,646,231,691,337,369,697,936,809,817,325,732,909,282,401,262,497,753,465,525,621,241,177,241,433,28,241,809,785,90,17,273,497,209
277,747,667,536,11,23,167,111,831,66,272,39,63,45,575,537,319,645,643,281,3,293,21,831,601,376,294,165,839,46,293,443,41,683,575,831,939,379,379,167,374,522,547,514,879,561,637,107,138,63,618,317,547,817,8,515,547,809,519,13,383,828,39,515,74,7,271,387,1011,380,611,291,295,383,263,555,809,281,223,685,7,743,682,261,53,122,809,887,574,551,903,867,111,130,315,632,538,351,218,809,803,811,651,894,871,127,63,447,93,863,217,780,893,532,35,535,601,1,125,166,713,60,93,407,683,544,105,251,209,559,867,127,111,423,342,7,632,310,635,317,518,37,1015,615,575,883,557,187,299,611
574,160,170,638,624,152,232,126,32,160,165,60,100,148,236,170,164,367,64,124,88,108,830,246,106,764,276,42,568,190,40,824,236,56,108,32,56,434,314,102,172,122,484,230,56,108,826,638,570,812,6,545,228,544,698,62,94,360,626,386,52,126,108,44,12,98,298,676,126,126,318,124,142,206,208,236,58,572,109,92,239,58,868,62,902,34,72,56,34,230,186,566,348,560,170,594,555,108,166,254,230,2,802,310,56,126,170,160,622,59,124,238,544,60,35,26,120,232,38,168,95,170,14,254,164,124,124,550,690,384,56,24,860,42,160,826,160,58,318,58,126,304,118,118,58,50,126,304,60,110
145,881,377,437,666,47,137,669,171,445,761,775,1021,353,129,121,317,765,795,717,493,291,317,221,895,249,1006,829,765,465,173,317,309,181,172,113,53,653,137,43,41,949,765,1021,437,413,719,313,77,471,173,801,113,249,105,829,693,786,733,173,767,949,393,173,731,693,725,189,251,1021,947,181,717,253,1013,173,605,149,945,987,317,921,511,305,83,191,637,253,601,437,153,653,225,919,81,189,393,1021,27,216,897,873,157,309,765,617,685,801,311,767,413,250,931,157,27,769,949,281,476,205,765,797,397,937,223,197,767,995,573,988,185,29,829,745,145,221,139,359,433,955,735,319,647,717,191,641,189,843,660,887
371,449,113,343,521,803,61,11,269,803,55,369,98,325,317,818,42,114,829,127,83,75,11,319,287,55,371,978,58,105,287,343,355,359,683,799,783,122,291,375,383,57,567,337,31,883,595,259,49,524,207,275,831,307,47,275,97,465,319,61,363,79,63,819,821,565,370,785,27,371,339,307,557,821,786,259,338,587,299,305,811,319,307,339,49,607,523,47,273,27,319,331,87,27,343,411,275,55,49,811,311,123,75,121,499,815,283,369,606,359,103,359,337,267,267,311,177,63,307,985,199,271,351,307,43,45,295,19,831,787,317,531,329,107,27,267,281,321,47,355,307,103,339,89,575,803,323,313,218,303
381,97,193,96,321,101,536,31,229,357,99,41,1,231,448,333,77,5,357,501,193,373,295,64,284,583,535,25,993,805,98,67,99,341,704,320,927,353,453,741,64,321,461,416,323,345,119,81,369,519,295,101,193,351,640,66,381,601,285,295,799,179,3,53,100,100,225,285,533,391,16,345,310,205,540,102,368,352,147,321,343,247,375,349,101,163,671,485,885,103,129,381,771,224,347,353,373,561,193,349,457,192,161,194,375,231,193,385,125,481,162,341,329,119,343,417,225,353,385,65,259,531,247,321,264,257,355,47,387,957,321,222,557,373,245,99,880,179,101,97,278,357,96,497,453,757,640,355,287,356
161,11,491,907,309,441,365,503,271,651,431,509,599,226,37,499,245,188,69,389,509,395,969,365,395,425,427,259,265,42,137,1,627,907,427,341,979,7,377,968,407,283,493,501,635,425,395,760,565,173,265,7,152,263,47,145,933,903,324,493,507,303,133,407,509,271,459,315,9,388,395,761,809,447,451,777,269,87,45,297,168,331,245,113,231,701,340,231,427,812,941,7,325,495,795,500,364,504,6,436,952,52,345,303,408,85,365,509,503,171,475,283,101,437,69,385,259,241,395,495,460,395,315,506,350,9,163,261,393,510,443,342,1,493,111,343,269,369,131,45,267,205,293,901,174,493,68,113,39,145
847,16,598,202,271,591,746,99,259,778,520,54,719,723,650,330,576,650,78,111,650,66,750,726,598,202,553,514,522,585,235,750,594,868,142,74,206,578,622,85,98,367,850,526,538,536,262,600,79,586,110,456,238,714,851,194,78,131,224,652,335,158,778,518,595,75,75,78,70,222,71,264,274,620,512,726,718,590,726,68,23,194,222,798,490,354,706,516,220,198,714,655,331,545,199,776,514,337,737,494,72,584,2,296,90,22,652,711,86,664,587,504,223,734,726,594,194,151,75,622,523,610,726,66,96,520,578,600,70,714,66,707,522,829,514,746,714,778,734,598,907,514,686,584,254,246,226,776,270,1
925,604,989,989,448,990,586,893,382,989,968,989,648,296,478,264,474,840,488,397,735,278,516,988,768,479,310,457,914,484,36,8,478,408,22,256,265,492,478,833,714,140,400,488,833,476,389,904,845,904,536,288,448,320,320,320,988,72,848,328,970,412,840,450,477,457,476,886,72,222,0,384,926,668,468,782,858,87,386,991,127,991,926,509,65,704,328,400,450,230,256,969,498,715,458,128,254,456,217,222,196,970,793,457,257,762,28,237,453,460,458,270,484,489,414,920,360,256,726,640,377,361,605,328,296,456,321,451,94,985,501,977,988,345,329,332,476,776,198,576,200,732,222,194,212,989,668,456,197,322
728,973,648,422,261,439,370,309,789,730,940,849,440,257,499,428,472,509,0,422,248,463,908,0,8,949,401,348,913,256,445,463,329,996,416,324,261,268,444,396,389,261,309,461,140,303,504,780,467,472,410,384,904,12,350,996,384,781,108,260,897,264,501,324,433,936,81,933,263,388,984,854,438,996,902,964,492,357,335,484,791,982,813,984,468,269,482,964,384,917,160,844,260,386,392,588,454,293,461,260,408,482,260,785,868,980,202,991,480,261,480,320,412,458,868,464,456,396,373,483,372,393,996,492,288,582,399,728,260,1012,260,385,849,771,973,204,873,744,416,279,385,397,384,996,915,900,1015,498,405,391
63,1017,485,472,493,107,777,683,145,169,69,471,491,40,549,536,795,41,983,25,23,489,980,491,1005,987,983,228,231,468,341,987,519,987,969,91,265,469,533,872,648,224,917,105,41,25,9,55,535,185,25,555,789,280,418,151,86,405,25,37,531,533,101,233,41,487,981,103,552,85,905,283,151,593,917,409,23,487,663,520,92,193,152,997,977,475,489,102,21,485,615,24,511,469,998,39,485,1012,536,803,443,489,298,555,924,169,793,555,997,661,489,581,697,229,235,1017,1001,469,69,9,535,233,39,283,41,31,997,749,471,501,777,24,965,983,197,103,827,981,43,237,35,489,919,53,221,272,808,71,1003,400
231,19,282,95,155,63,427,83,119,103,66,250,81,215,238,499,407,114,707,478,41,43,167,495,403,119,43,83,431,471,103,66,487,98,315,175,115,159,75,59,441,87,70,207,423,441,415,472,83,94,59,222,459,187,451,403,143,414,475,217,475,10,99,27,43,430,102,478,475,11,165,482,123,31,487,451,74,31,91,399,207,411,65,279,482,173,399,498,103,395,427,254,355,125,47,455,99,223,427,482,35,27,35,75,111,87,69,31,501,298,82,87,447,902,198,411,54,521,31,67,339,935,33,454,111,479,62,441,215,463,454,19,63,407,487,424,119,667,99,170,94,102,83,254,307,451,118,99,398,135
405,285,410,400,404,57,121,421,41,484,22,57,423,5,985,921,410,423,921,409,938,393,89,461,645,423,554,21,393,264,411,861,245,109,31,473,428,5,41,425,89,474,986,389,41,25,42,458,596,775,26,21,212,426,421,229,41,281,422,418,5,90,540,37,957,411,421,934,401,313,615,487,41,533,228,41,469,793,421,53,163,857,413,197,100,36,344,521,422,901,313,102,21,965,981,489,424,821,39,293,101,405,526,443,31,168,85,344,997,283,37,468,420,42,629,452,408,298,981,265,217,901,501,26,805,656,657,295,101,469,407,280,37,521,409,862,38,964,509,169,901,382,41,438,473,421,621,469,981,297
845,225,994,340,525,225,549,858,666,137,209,243,850,921,736,722,945,653,755,593,718,850,744,720,360,221,236,722,226,161,170,722,494,346,766,856,626,195,701,664,721,604,336,494,29,736,524,32,833,34,89,342,236,593,811,371,29,852,721,802,877,360,874,684,601,990,593,377,729,610,650,1005,877,480,44,43,853,88,557,237,150,736,88,99,608,678,190,241,236,224,177,322,12,209,562,556,601,224,349,657,660,849,1006,962,337,680,541,338,253,98,204,558,357,665,236,43,555,767,83,865,555,730,573,872,105,852,556,546,609,585,983,851,848,341,1000,805,169,737,556,722,832,218,392,785,749,993,753,558,610,39
209,705,307,259,383,291,42,193,819,647,243,771,259,323,271,819,267,3,707,119,43,651,287,269,147,733,269,243,691,631,375,831,270,289,271,827,351,691,34,269,755,256,580,627,242,97,287,67,319,225,319,258,193,590,767,254,19,243,255,831,13,185,371,307,892,559,243,243,227,243,131,237,206,899,247,319,770,179,268,767,199,256,319,187,1,255,271,316,627,115,562,191,563,752,142,705,243,204,764,255,3,143,307,963,315,192,319,883,243,319,1,863,339,835,567,195,107,973,266,195,191,11,319,75,246,179,195,819,771,120,769,367,205,195,194,831,887,819,195,827,827,145,883,307,187,319,435,287,3,780
436,210,24,333,172,253,432,684,236,95,332,241,321,348,206,84,168,209,148,152,45,172,326,376,124,332,187,448,361,332,9,240,148,339,386,67,140,244,5,335,141,186,900,264,200,370,180,10,174,252,300,144,158,235,380,255,385,308,244,870,124,124,78,72,157,382,379,248,248,441,680,368,200,760,344,52,224,60,344,193,124,192,137,420,380,256,379,204,200,320,184,173,159,169,192,188,136,374,852,149,324,130,444,252,203,328,76,8,180,132,233,88,144,269,206,46,200,368,224,380,196,328,180,176,378,362,152,175,148,140,588,216,334,336,320,387,428,400,340,0,392,156,52,13,180,164,216,134,13,333
89,888,997,660,66,766,470,860,377,876,276,638,112,405,577,1018,418,977,506,64,105,228,13,916,902,192,491,993,497,210,162,345,993,917,402,232,801,614,412,64,262,238,106,217,209,473,1001,741,489,821,481,941,84,334,885,200,52,481,404,465,364,934,826,422,283,959,363,344,828,521,917,861,330,149,430,906,317,330,404,884,281,944,252,390,1018,358,865,852,292,236,760,104,168,236,614,828,381,457,269,111,209,860,490,812,366,326,930,950,329,419,922,878,721,997,624,268,480,781,494,319,340,126,457,950,310,297,496,318,36,396,796,486,90,220,500,805,340,68,924,422,892,234,1010,284,960,436,12,238,173,302
778,722,331,653,967,755,555,886,583,906,715,71,512,807,518,935,759,347,571,95,731,763,838,523,714,511,730,967,854,759,523,851,707,523,827,459,843,526,843,19,518,875,535,631,331,579,843,151,548,843,523,55,714,555,711,527,638,843,519,885,583,531,731,231,715,519,761,723,666,571,889,883,51,745,1019,955,1003,715,11,875,519,755,955,827,801,743,715,625,753,891,639,203,727,855,922,918,885,445,505,215,887,715,711,715,759,885,711,219,327,967,185,839,715,767,715,651,895,891,843,395,715,565,535,891,776,711,907,759,567,55,1023,535,1019,708,599,779,199,755,251,759,538,572,715,757,755,757,763,759,887,737
609,237,735,611,51,217,499,484,798,79,590,531,378,630,771,391,915,898,230,591,915,624,531,516,997,951,427,95,245,430,659,67,205,634,944,446,616,515,639,177,233,116,427,715,31,587,304,935,303,387,1011,51,603,587,419,113,586,107,915,431,126,563,203,467,971,386,126,123,807,916,502,507,75,591,603,899,587,564,902,123,782,123,314,719,971,587,531,587,547,647,907,703,110,247,918,967,388,559,475,463,959,947,751,266,426,903,944,587,517,183,403,386,906,85,643,911,619,75,131,391,35,794,971,31,50,754,991,551,433,530,643,243,422,387,232,931,319,430,363,55,615,391,931,531,383,994,635,711,915,24
478,496,446,12,460,172,13,319,462,290,50,50,132,316,512,306,408,782,306,960,178,256,696,508,264,460,496,79,307,944,991,432,462,460,460,568,460,972,60,287,624,288,316,316,304,962,444,562,816,284,1008,498,178,306,256,304,1020,140,462,890,386,68,818,450,306,508,268,716,462,476,380,560,476,44,448,450,462,904,908,460,448,1020,460,256,508,463,508,386,80,62,344,28,509,960,308,771,432,316,514,384,974,256,814,786,307,974,380,224,560,496,448,450,306,384,258,460,560,952,908,396,28,960,460,16,380,1023,572,124,2,1020,828,322,124,956,380,316,509,448,560,256,524,446,446,496,412,508,576,316,124,208
505,501,492,148,511,493,413,396,797,448,757,480,820,452,484,493,485,509,577,668,904,501,392,501,121,480,393,509,501,509,508,1004,396,460,148,493,501,389,903,465,740,397,500,496,152,378,913,416,504,217,481,415,395,253,629,740,340,496,300,148,399,923,436,902,511,661,701,260,511,496,245,437,493,413,393,827,501,409,509,501,853,396,456,221,135,404,225,508,404,423,467,457,508,412,504,480,28,445,481,412,53,221,496,745,483,395,772,372,508,484,476,352,429,509,232,213,639,740,208,444,509,447,484,413,580,492,476,279,461,509,456,244,897,672,398,1017,253,497,451,397,397,452,321,440,395,385,449,361,496,449
665,1018,795,227,1011,129,1013,690,245,190,993,410,739,508,25,633,767,954,826,985,361,806,250,480,1018,157,445,158,1018,701,922,242,154,987,81,955,401,411,190,246,249,385,570,994,898,730,766,1014,699,118,993,955,227,129,581,357,467,930,409,245,985,414,179,250,482,153,321,1011,219,157,385,447,70,102,691,214,346,922,671,246,602,248,220,186,761,759,953,154,915,386,221,153,241,763,153,1019,445,225,241,1011,218,130,371,657,701,496,450,246,757,521,641,1017,157,243,993,1005,410,739,700,667,133,386,545,346,666,507,959,725,214,1014,242,862,358,939,190,985,154,509,226,945,1009,243,565,497,194,494,220,731,241,151
428,575,478,318,190,246,92,416,176,436,471,502,500,316,431,1020,178,326,210,383,460,478,479,214,876,350,280,969,230,810,999,436,468,504,910,207,204,400,896,413,430,156,76,500,188,924,703,222,34,212,420,204,403,183,188,454,591,319,292,931,494,306,406,390,214,148,446,63,990,188,58,244,704,432,543,917,964,390,87,494,98,22,168,159,199,303,543,720,438,814,445,206,156,241,479,334,58,303,438,136,442,635,470,462,423,434,468,447,903,208,172,957,175,470,918,172,467,62,155,190,447,374,468,725,766,461,163,220,215,204,190,595,844,215,400,190,506,199,206,188,232,183,476,446,417,466,135,991,164,203
733,1016,113,217,477,605,537,703,219,793,100,829,699,727,743,39,763,85,644,699,192,673,280,21,984,725,697,571,409,737,281,728,729,599,313,67,217,763,149,660,313,87,457,473,436,473,408,68,321,151,537,57,700,55,665,151,223,443,281,93,983,408,600,1021,660,690,729,187,453,733,1021,664,818,1016,36,24,33,217,637,601,468,751,705,919,729,71,548,731,61,665,87,349,665,69,660,700,477,709,695,827,185,665,55,533,317,51,95,215,731,147,532,57,692,727,409,475,735,189,553,955,673,697,729,327,91,637,126,704,443,69,607,932,956,473,957,442,701,624,223,708,647,33,571,157,537,231,67,669,852,569
479,690,715,484,646,714,475,402,731,545,457,699,390,479,170,458,667,435,453,561,473,498,859,450,435,561,459,474,666,971,675,19,475,447,425,404,326,461,434,417,461,492,679,194,989,434,649,300,438,201,706,1006,434,425,659,901,443,466,427,442,731,458,693,454,292,281,445,307,443,209,361,421,698,533,385,427,305,842,711,729,423,462,882,631,489,453,674,401,345,435,434,973,478,715,206,427,305,466,655,394,411,534,203,715,435,981,973,991,825,462,338,466,536,346,437,561,930,715,685,434,434,803,281,545,933,443,441,818,443,55,130,442,205,203,205,853,410,475,467,691,462,419,939,363,429,718,690,329,489,946
293,541,880,484,840,915,768,808,860,292,862,800,800,1016,632,772,616,852,875,851,568,769,872,864,616,912,528,840,836,832,872,320,288,416,580,529,477,800,504,212,832,583,292,812,167,824,811,424,300,872,833,259,832,352,887,804,833,888,384,260,596,776,823,290,476,825,864,872,296,520,382,493,264,600,608,351,836,517,696,776,544,824,544,804,907,772,836,853,857,359,840,724,772,571,808,832,601,352,516,604,696,852,872,584,853,376,712,555,416,973,248,696,608,512,593,520,580,832,545,613,552,537,872,808,616,840,904,328,296,965,708,772,768,512,584,811,264,524,608,592,584,840,809,632,892,480,868,952,324,344
276,465,660,432,482,430,456,480,430,172,483,228,414,430,441,406,445,397,228,429,480,72,257,496,173,436,477,448,589,396,493,450,462,436,397,586,1008,780,441,232,486,988,416,436,397,149,496,482,685,444,420,428,201,462,608,416,460,176,434,237,362,481,398,473,454,492,500,346,416,509,194,493,778,932,498,886,242,500,432,766,444,838,781,460,437,401,508,446,468,886,501,460,182,188,973,493,833,470,432,460,438,493,429,502,398,493,274,460,768,492,462,237,880,246,434,401,417,204,504,461,480,962,422,449,404,332,781,461,484,385,429,418,434,420,438,458,444,404,429,743,438,208,237,466,956,466,161,460,689,726
963,407,10,865,967,1011,33,942,967,164,935,818,865,997,430,277,337,419,827,419,34,935,149,957,275,1021,389,969,368,965,807,935,919,957,455,807,109,812,943,943,969,806,312,951,250,358,966,957,987,991,933,965,910,71,923,229,897,839,445,397,942,903,385,15,885,799,679,983,774,960,989,941,37,993,440,341,829,437,1005,370,908,917,395,870,93,957,413,995,821,991,950,1007,877,962,878,190,937,405,937,981,383,814,963,358,439,837,313,143,273,1002,969,865,771,979,259,818,1010,913,817,986,349,269,927,926,993,300,989,309,105,959,1,818,283,881,769,1019,95,881,498,405,389,951,477,783,817,977,143,919,310,106
95,543,511,288,379,257,264,31,323,336,640,599,87,937,360,351,312,221,735,507,343,67,371,867,83,331,323,803,383,257,49,339,541,344,334,87,344,847,583,327,335,775,509,820,716,444,107,991,773,576,327,347,545,835,39,508,800,350,568,611,696,264,24,733,935,363,132,459,865,360,616,871,353,289,327,279,2,295,599,632,259,343,711,315,351,576,68,799,896,572,895,321,599,79,111,68,831,59,360,285,723,0,799,107,543,847,339,315,264,305,939,583,359,511,285,103,323,591,321,332,307,311,551,321,388,331,325,587,619,363,321,615,332,323,63,619,258,672,569,336,380,360,71,92,639,297,965,223,696,335
581,637,567,893,639,870,639,248,625,645,572,646,575,102,633,838,883,604,775,541,670,476,637,739,708,609,773,125,1021,541,644,886,1008,561,883,5,890,543,639,21,627,31,665,543,799,536,597,740,729,541,711,637,639,1020,893,797,629,965,124,736,639,783,672,893,880,639,573,595,774,575,240,565,636,607,637,637,826,836,581,797,639,624,563,572,528,733,543,319,116,668,671,211,804,855,1023,636,285,125,62,120,531,880,997,1009,678,636,560,595,541,126,383,575,628,1008,837,543,760,156,531,892,633,184,883,517,893,23,541,636,61,720,733,540,113,569,893,121,892,865,817,5,183,125,691,753,868,612,543,636,60,868
135,425,465,809,1,196,224,312,841,200,329,192,360,585,969,352,63,217,329,193,409,86,221,488,333,172,313,65,176,96,7,64,70,345,264,429,178,504,252,168,201,201,0,372,328,129,80,252,789,136,529,18,210,528,741,322,290,473,354,321,10,237,341,248,187,704,73,137,140,201,680,24,312,824,168,601,774,313,152,137,2,257,825,973,205,405,148,193,320,993,568,128,500,787,546,285,178,434,271,182,905,56,833,68,205,96,445,777,136,342,136,888,323,242,856,841,288,186,276,404,264,440,129,432,292,136,502,289,807,802,200,281,168,374,272,167,296,613,0,577,170,541,176,359,323,660,708,285,412,289
198,295,802,310,69,349,309,107,286,814,101,38,284,954,399,406,277,566,65,982,71,845,521,422,358,25,65,468,407,309,133,103,280,733,310,475,253,404,310,927,508,382,263,187,294,298,620,782,413,38,323,109,414,27,309,772,96,419,39,862,158,223,276,285,285,980,638,165,577,526,385,486,410,446,483,478,123,861,69,277,943,409,398,29,622,498,295,956,358,735,389,286,398,260,806,71,599,419,103,286,538,397,916,583,622,422,94,339,415,23,391,382,419,391,261,230,135,29,388,733,46,47,404,443,510,226,129,310,133,71,822,611,183,133,413,958,418,285,260,558,607,190,310,257,515,166,897,47,135,537
300,781,202,859,551,219,291,102,386,776,83,762,138,224,231,801,3,490,299,643,883,345,931,203,22,265,635,90,739,47,115,229,427,1019,68,283,262,298,2,497,257,123,247,910,67,66,203,359,12,503,235,743,102,819,359,832,14,579,7,197,58,794,998,709,242,735,280,238,293,228,461,711,171,209,38,993,940,883,249,186,275,74,311,290,226,740,750,883,102,26,160,238,298,220,205,427,839,383,291,38,115,231,819,243,38,7,224,238,739,814,377,715,723,223,931,7,197,927,947,98,975,887,311,355,299,469,197,779,67,354,359,270,263,132,650,219,227,634,115,511,83,243,207,810,271,491,803,822,64,1001
471,761,290,914,763,850,698,603,259,554,497,866,595,1004,293,765,587,256,643,827,491,778,727,355,627,867,554,914,639,174,952,538,672,704,194,829,859,667,491,658,290,786,359,101,275,579,947,655,867,387,655,582,871,227,515,579,950,738,739,763,1000,517,763,302,577,923,778,867,1001,155,935,932,848,280,389,610,89,736,558,266,639,802,778,359,899,722,547,698,563,736,879,612,561,575,632,883,340,345,871,939,727,97,767,772,867,560,956,97,740,194,411,595,627,355,887,943,594,259,771,999,754,963,611,92,338,459,835,843,833,279,608,26,955,559,615,795,600,683,637,545,413,739,679,868,671,559,531,282,631,722
276,118,45,135,414,85,260,253,264,185,31,49,484,132,440,325,132,63,294,54,1,255,87,304,249,358,244,273,239,139,304,148,247,500,1001,919,70,395,981,1014,407,175,239,244,236,253,911,469,46,706,346,352,190,244,554,699,87,433,204,843,276,310,872,249,846,847,200,393,267,213,681,16,893,80,253,249,253,493,84,612,210,776,249,264,213,330,62,269,381,362,184,191,233,224,381,330,393,192,151,542,271,297,371,207,62,249,215,308,85,843,320,446,937,204,286,270,297,455,207,505,105,121,560,185,404,724,20,398,486,235,777,44,316,166,300,398,79,189,381,212,415,181,249,200,198,359,562,849,318,911
720,23,366,506,564,20,330,85,430,357,318,615,382,735,711,342,445,135,572,125,133,55,391,334,94,212,292,30,572,182,405,199,197,142,183,326,494,452,270,524,676,61,445,447,902,263,62,228,148,310,294,318,893,351,182,462,287,957,462,670,124,348,556,195,495,722,701,437,22,340,757,261,438,223,259,191,85,355,518,247,367,709,30,278,479,381,686,273,735,739,111,246,261,453,342,572,883,142,351,327,286,693,431,192,197,391,93,290,946,140,659,174,199,85,494,439,318,495,71,511,36,495,477,477,303,352,187,318,486,87,957,670,21,277,287,652,222,574,663,280,290,270,277,343,534,14,758,710,318,532
659,987,740,266,718,445,820,179,629,823,507,557,268,991,629,706,769,749,1023,241,795,545,933,296,666,919,998,505,952,805,808,869,365,757,95,509,842,533,737,935,722,692,829,192,509,945,304,680,844,407,689,601,357,257,971,662,552,757,884,598,947,730,729,489,829,837,761,760,646,545,762,826,245,696,804,844,127,462,997,809,474,970,559,744,648,869,183,442,136,981,412,734,90,740,610,293,218,581,816,666,628,594,773,933,1001,769,729,543,652,829,531,602,640,785,624,644,26,971,544,863,869,902,941,1021,485,475,869,972,869,749,477,556,733,475,524,745,184,765,512,465,612,300,671,1021,629,638,827,812,654,477
19,78,313,979,331,146,208,232,90,146,618,562,168,57,362,1002,498,355,203,929,707,147,122,473,378,42,170,618,114,143,514,217,722,337,899,378,145,987,554,170,28,3,323,913,136,217,362,43,376,355,659,554,986,88,175,634,42,296,600,938,147,938,344,50,153,946,1010,90,115,1002,906,579,345,954,498,330,554,547,94,114,139,267,971,722,345,136,171,841,339,858,219,932,115,299,915,298,38,968,147,467,443,467,139,305,595,251,547,139,122,552,554,163,718,403,971,1009,12,602,938,579,67,858,910,271,465,270,75,1002,571,936,174,427,682,690,899,299,971,675,571,166,219,602,211,114,931,75,519,310,387,939
189,974,719,767,946,2,938,603,602,898,758,598,758,426,758,739,571,399,594,907,719,767,748,834,174,813,958,630,19,710,531,997,705,281,898,963,911,426,954,694,30,742,502,883,705,434,844,924,779,792,443,606,22,266,856,542,742,727,502,904,742,575,874,591,535,906,859,752,326,535,668,608,502,594,87,958,572,942,962,731,694,830,659,566,262,397,375,742,938,451,587,850,831,807,534,659,393,79,571,919,862,918,967,1015,602,996,895,731,550,734,942,606,419,587,575,407,628,434,754,619,598,832,151,574,608,106,754,787,1008,518,50,954,950,949,907,906,767,542,90,999,442,199,446,587,640,586,854,746,297,337
27,499,468,60,503,1023,248,48,659,755,169,396,179,165,370,219,176,464,187,488,968,491,683,378,40,461,8,469,489,511,191,596,47,152,56,328,826,67,3,509,192,283,155,457,40,453,306,175,208,976,493,151,220,309,891,451,251,563,64,70,303,428,763,423,339,69,728,268,181,739,450,876,499,40,310,492,595,301,336,851,252,961,128,171,122,466,253,42,452,239,805,204,433,120,223,472,890,58,255,859,595,24,855,88,344,472,70,349,456,336,357,24,311,504,7,1019,834,883,439,427,856,24,421,40,507,186,177,328,431,388,424,60,517,72,897,633,46,519,435,201,425,223,291,59,299,488,348,328,125,182
639,682,976,86,577,888,998,984,926,857,987,19,853,969,712,942,968,623,885,319,941,529,374,647,907,638,712,616,990,330,975,963,1006,960,698,892,598,638,705,984,424,599,598,41,578,884,732,939,662,22,908,890,578,795,970,656,600,916,623,730,561,406,598,992,342,865,592,772,718,740,768,869,612,550,906,706,265,712,574,1013,850,931,927,36,638,907,886,383,350,887,971,603,730,860,375,296,841,799,760,564,538,884,1004,1005,612,282,974,841,960,80,964,942,984,904,843,587,986,983,838,328,44,787,904,592,318,700,782,320,110,56,636,404,51,997,898,522,965,289,840,787,970,971,656,282,656,896,805,947,969,593
241,71,837,354,355,330,355,204,839,523,717,233,203,327,916,341,607,157,4,182,971,427,305,107,809,845,349,690,69,173,84,295,793,237,845,171,835,372,843,331,267,917,341,867,275,845,326,41,343,159,200,85,85,838,213,596,808,355,547,226,333,337,917,597,113,939,340,222,595,711,233,289,820,147,113,227,369,227,453,491,199,647,811,84,185,171,341,782,229,834,1013,848,336,21,799,339,205,187,333,343,343,85,739,230,226,204,414,853,49,21,341,983,811,84,227,801,226,337,340,874,148,915,867,84,341,413,919,555,244,1022,173,113,852,33,146,854,227,611,611,611,101,855,465,620,11,358,205,355,331,208
165,472,174,72,494,123,84,934,134,505,14,262,414,506,30,444,326,154,416,748,400,394,730,966,458,495,302,308,182,384,682,756,222,392,134,468,454,310,262,474,238,420,744,388,478,472,596,478,414,596,464,288,702,310,225,1006,16,564,452,468,424,20,790,40,708,206,390,212,94,472,146,718,40,388,108,178,72,543,720,148,144,724,458,88,568,84,238,298,388,112,642,744,255,456,78,38,362,392,391,974,462,476,406,654,72,2,32,179,110,200,918,324,98,184,434,274,392,310,32,32,394,968,122,542,420,164,144,158,174,151,66,84,12,178,310,512,456,482,134,456,58,106,360,16,602,646,564,198,516,748
34,357,735,903,352,296,361,251,366,715,184,463,369,120,385,317,321,441,52,25,169,364,713,409,715,185,94,25,913,847,67,433,91,89,601,591,111,57,703,321,363,263,96,65,185,121,383,57,95,106,971,295,79,131,165,185,175,729,805,14,61,458,443,46,507,113,480,235,43,37,763,541,212,121,387,65,421,337,363,422,619,686,71,5,33,153,11,317,60,472,215,682,25,153,33,32,52,679,235,81,219,121,217,113,367,416,53,961,95,153,349,73,399,697,145,363,693,11,363,591,321,61,32,657,299,387,187,824,475,215,345,93,489,441,17,869,175,47,107,9,65,153,57,185,15,545,345,651,463,444
35,847,632,434,655,583,504,875,496,419,355,232,77,571,867,443,471,23,114,291,403,717,77,739,371,13,697,660,646,59,674,19,635,627,233,401,333,432,187,341,811,442,51,583,363,489,818,105,813,690,499,205,99,237,643,890,23,204,355,890,22,483,113,546,49,151,753,635,483,120,543,497,114,307,11,692,50,104,109,685,71,819,661,873,841,611,433,479,119,49,87,460,315,745,405,577,562,791,97,535,699,114,87,33,87,632,116,619,70,442,72,99,360,223,205,489,817,290,87,368,236,496,360,77,279,649,432,643,205,289,51,663,87,123,227,265,377,627,844,499,107,435,749,354,71,524,617,78,332,71
349,581,127,351,979,131,649,603,678,783,614,969,467,785,509,1011,915,13,1011,107,237,111,596,933,637,115,175,109,1015,987,933,499,987,500,551,933,1021,37,109,83,369,217,353,763,621,45,370,877,979,593,347,821,1003,815,475,987,365,100,550,50,509,783,255,923,565,630,19,905,813,1005,1021,474,923,109,989,548,26,47,513,117,1010,529,488,768,861,622,1021,307,219,468,629,1005,705,923,625,503,117,877,1015,619,189,299,43,1006,84,1011,581,945,377,525,973,675,629,117,319,1008,989,940,699,467,403,1023,977,153,879,81,937,291,193,628,373,977,63,1019,783,92,925,125,1005,501,915,46,383,925,549,235,819,919,885,915
489,800,983,909,967,392,910,338,104,457,973,27,412,446,379,525,415,38,1000,538,156,409,913,199,473,1006,447,402,504,60,426,481,519,18,393,431,439,183,430,422,589,497,393,1,1018,653,612,807,29,919,503,598,524,501,188,490,96,205,38,522,877,593,241,447,375,59,48,418,537,913,429,767,1,953,57,617,39,391,443,385,83,387,413,7,927,706,170,409,584,487,31,74,11,396,879,418,237,703,6,711,519,925,397,553,488,551,903,855,414,264,191,323,957,487,598,544,104,451,397,413,419,573,395,412,589,475,407,799,26,19,401,427,583,16,658,536,413,391,422,89,59,37,622,326,975,447,913,31,464,105
650,206,458,906,444,794,963,278,254,1021,688,798,284,406,278,98,972,416,575,293,490,916,404,1002,222,44,414,797,44,900,534,334,578,790,686,636,179,926,198,916,468,952,902,980,312,516,580,214,928,980,178,432,239,318,732,348,198,278,48,772,670,250,462,556,384,726,132,596,716,20,176,103,471,106,780,956,158,132,552,652,1004,102,888,445,499,742,277,318,150,918,962,44,642,334,808,14,580,255,4,791,772,986,410,146,534,965,350,460,178,392,582,268,413,156,868,258,852,688,926,944,1008,936,90,288,414,888,734,288,588,668,644,340,914,132,257,276,732,650,224,296,56,278,650,916,134,956,656,210,670,500
706,663,277,187,350,616,180,355,386,138,262,903,362,289,198,330,326,411,407,286,947,332,314,48,169,753,318,348,289,975,398,322,105,468,178,824,417,390,334,301,223,316,993,308,315,297,148,789,306,262,462,268,407,315,30,331,206,198,461,77,553,169,41,150,1016,176,213,40,227,561,854,191,297,938,297,158,179,435,276,198,12,357,139,436,860,195,276,390,899,561,313,546,305,193,146,995,290,994,974,836,305,226,278,419,398,70,416,105,328,420,315,376,465,469,457,36,266,277,318,289,348,288,276,938,182,761,360,393,394,278,524,883,164,900,251,333,104,820,689,710,943,289,390,414,974,305,286,256,169,102
524,525,10,379,22,64,463,15,73,528,267,22,219,75,332,9,362,522,72,74,789,77,214,331,363,84,14,6,206,65,71,71,351,64,457,352,381,203,75,1,513,75,810,122,202,649,64,207,530,27,88,71,240,0,369,259,512,0,15,448,288,95,502,69,23,517,4,982,248,85,6,358,320,352,832,846,845,73,527,78,111,71,650,78,566,0,250,67,73,206,4,64,78,43,71,527,94,73,64,354,64,243,458,79,526,551,327,7,321,67,361,1,619,40,67,69,567,521,10,271,21,238,23,430,71,64,811,123,321,256,257,127,71,79,75,64,523,131,533,115,12,44,126,197,65,985,0,434,91,351
685,521,576,756,640,520,513,800,73,587,68,804,585,942,526,527,534,208,394,528,520,700,536,512,898,527,756,980,512,660,660,522,752,256,64,536,688,808,985,501,900,223,768,907,521,528,534,516,825,529,514,530,712,559,513,521,930,705,518,520,517,564,514,936,521,1001,720,193,975,73,928,513,756,121,513,936,530,571,517,896,820,582,529,512,64,521,516,519,512,528,896,512,640,512,516,733,665,408,520,512,774,552,775,728,808,889,640,513,112,64,512,118,521,801,689,521,513,536,902,916,824,520,528,519,528,513,520,936,512,524,799,824,806,912,772,90,568,520,354,526,562,536,51,664,89,552,540,896,652,216
47,28,156,284,637,621,836,26,732,573,860,765,669,764,616,396,1017,668,572,764,40,604,608,644,188,258,185,140,632,941,45,648,620,765,613,1020,48,1007,699,957,816,297,1004,1006,604,709,792,45,745,541,633,33,620,280,573,632,764,1005,348,444,1018,348,140,286,606,600,620,650,28,536,669,143,63,552,574,1020,696,156,636,765,572,428,26,10,540,190,29,56,540,669,701,638,60,689,540,286,286,588,539,285,56,668,24,678,1016,588,625,940,76,568,605,704,284,368,284,604,972,637,232,620,637,636,564,632,653,30,158,537,46,668,414,28,541,605,525,316,528,156,280,632,188,765,604,652,889,637,590,620,540,765
757,159,503,671,507,378,375,903,246,1007,573,757,92,119,659,695,957,508,127,219,711,510,123,71,439,438,571,487,443,959,689,1,407,251,434,383,510,357,407,575,907,149,699,959,533,647,533,271,435,439,101,955,670,695,671,651,183,19,631,443,927,507,141,183,567,23,395,937,535,507,389,511,124,502,699,375,597,639,55,531,115,323,671,443,95,473,71,627,113,371,127,243,139,406,703,87,115,215,314,247,187,19,23,543,659,949,139,17,141,439,821,191,651,535,435,497,631,415,127,949,447,498,135,252,415,695,221,607,503,434,503,85,86,573,414,639,406,435,887,437,390,399,119,143,511,404,125,145,508,497
983,502,975,319,1021,403,159,246,451,1013,1015,500,999,431,994,1023,447,30,999,967,447,965,247,61,387,947,627,1007,39,387,1001,503,1007,221,310,454,919,322,999,486,407,407,1011,63,435,237,487,510,412,247,244,53,903,509,787,1015,191,403,245,245,454,210,409,967,499,1011,407,637,999,181,245,158,508,499,1021,1021,503,271,1011,1023,999,23,436,508,967,1023,1010,511,898,1014,119,498,468,83,430,190,852,443,103,60,999,622,254,1011,254,783,455,967,500,310,511,686,407,415,988,439,415,556,135,447,998,463,967,631,999,758,411,1011,1007,319,151,111,1023,959,1023,445,1022,927,447,425,435,447,999,507,315,463,1020,447,259,1007
545,990,802,548,860,658,514,351,870,802,383,366,802,480,112,930,326,893,812,310,542,364,550,574,802,61,1020,884,819,800,854,844,350,350,816,942,574,549,868,919,928,676,574,797,100,816,804,831,924,801,830,823,692,720,828,940,939,830,700,817,878,940,325,932,772,826,126,812,959,26,86,1004,670,804,943,480,928,350,816,948,934,830,570,830,812,927,910,932,814,367,814,424,717,940,684,516,830,940,786,367,823,814,118,812,558,936,836,488,567,124,860,830,958,545,831,810,560,44,790,945,878,558,350,815,932,424,557,34,575,790,540,812,664,734,448,783,926,910,660,352,574,564,273,561,884,540,548,356,958,558
57,655,936,749,669,223,513,241,958,800,685,211,944,492,651,120,702,943,642,137,185,248,946,682,147,494,162,162,170,355,497,202,177,1006,323,691,254,139,206,175,803,723,952,202,234,203,1023,665,229,654,191,211,170,238,690,319,234,568,697,222,978,664,689,942,232,958,702,889,560,239,233,142,650,193,195,939,226,250,575,699,696,651,655,649,520,942,206,545,207,366,905,930,562,656,203,57,945,690,946,654,61,733,996,952,232,252,10,701,656,82,496,203,174,462,697,688,342,130,346,899,643,129,212,330,362,642,475,932,810,234,812,682,505,185,138,947,205,185,202,201,136,944,561,650,233,335,1001,702,480,703
149,744,46,5,583,4,260,133,452,267,144,36,173,708,148,443,772,836,257,260,21,324,37,260,164,260,263,836,30,279,256,128,261,32,260,256,261,756,836,260,566,261,54,4,36,966,774,308,176,278,132,964,140,257,4,37,161,580,5,132,445,277,33,758,386,48,134,333,256,388,773,23,740,296,384,166,324,452,8,198,193,772,260,60,261,838,139,5,276,809,261,274,404,261,52,260,746,260,389,880,260,262,311,38,260,388,1008,160,1,858,500,258,222,257,21,260,412,183,613,326,438,837,848,256,260,51,470,260,436,309,18,433,388,769,432,619,131,196,323,448,820,837,42,256,774,845,257,34,1,4
965,263,37,22,5,161,713,737,425,680,357,608,303,731,1,616,282,615,560,408,106,615,313,625,259,611,39,721,597,434,17,741,844,743,21,737,399,926,1,635,622,263,422,400,741,601,535,616,41,519,97,967,519,599,625,391,191,39,961,7,37,597,38,401,411,7,389,569,682,7,617,58,7,167,807,549,615,899,101,49,635,740,391,239,903,617,1015,41,39,261,389,103,424,746,390,521,33,33,23,261,161,537,38,585,269,272,20,613,7,446,38,391,277,401,394,519,611,390,517,545,565,257,741,39,17,256,617,5,593,301,551,520,901,263,9,679,596,59,33,36,609,487,983,17,389,632,313,1,261,41
650,737,845,968,299,841,764,643,762,810,734,395,942,891,827,800,1000,906,387,679,282,954,648,802,882,677,699,419,966,898,439,744,454,636,493,934,199,1003,103,882,198,834,1002,946,994,832,690,742,839,760,1014,898,426,881,66,992,962,1000,714,762,674,500,870,582,743,514,858,701,747,902,683,764,890,934,966,422,994,65,924,902,680,296,994,729,209,424,139,994,1010,680,1001,214,298,874,746,930,859,238,893,890,722,738,843,385,997,123,296,840,766,928,1002,864,456,904,224,502,681,230,883,746,743,512,842,292,370,999,394,851,167,170,678,865,763,429,864,134,102,881,598,872,679,890,161,738,954,747,906,1008,897,154
685,930,558,124,99,870,625,356,899,621,685,549,806,97,929,609,518,878,639,870,550,557,354,952,615,994,559,612,802,615,770,1001,99,44,293,558,751,801,626,622,253,689,942,545,590,800,679,884,803,870,934,187,935,873,802,102,609,670,801,513,227,674,98,34,802,814,99,212,33,353,547,557,997,614,45,610,679,867,514,942,621,815,615,741,430,782,525,281,774,811,553,950,753,100,995,548,1005,573,942,610,993,613,645,561,562,818,103,800,275,694,418,109,103,893,540,637,558,62,102,520,289,38,997,940,934,693,58,803,808,673,685,112,787,514,226,56,47,366,935,934,678,354,546,546,486,481,544,614,686,710
383,756,1013,874,560,539,803,823,631,934,440,889,306,629,634,840,52,884,895,57,875,777,619,690,1000,635,951,891,167,601,518,613,53,120,116,118,311,865,697,888,314,183,815,189,891,695,181,639,555,1002,278,305,883,181,892,52,53,89,235,182,100,703,883,803,911,313,699,486,311,892,561,889,691,890,999,614,886,895,895,886,1000,767,996,419,820,868,418,58,183,103,441,187,422,310,310,887,807,630,243,59,627,893,58,63,887,432,888,598,104,100,885,828,311,631,888,186,823,820,999,865,762,889,31,73,825,58,523,759,895,888,609,567,245,890,312,626,186,693,810,610,185,307,544,310,827,370,887,587,626,635
362,300,363,813,430,244,612,299,96,940,429,553,299,228,817,42,612,747,363,150,744,112,560,1003,678,8,211,297,228,608,239,229,275,160,96,663,1004,939,364,229,112,288,739,499,8,953,283,741,271,260,294,294,100,442,298,228,224,100,128,244,176,227,44,20,288,951,295,198,228,359,619,144,680,8,114,100,301,171,935,362,296,740,23,361,173,96,176,60,128,170,292,563,758,107,315,41,86,232,101,612,224,436,224,228,550,107,755,96,899,303,115,170,229,875,679,751,101,185,52,869,686,46,281,170,352,627,272,748,99,140,619,719,750,616,166,807,352,272,352,428,97,48,364,96,32,264,135,740,516,226
873,897,114,378,518,103,83,789,634,806,455,230,252,995,261,871,179,877,742,725,1010,164,160,361,102,173,483,457,875,359,782,929,162,167,354,53,167,760,493,749,871,866,483,177,37,165,431,839,661,106,227,437,161,33,8,99,406,356,878,229,304,165,165,348,1003,739,702,883,116,110,199,883,227,353,201,167,113,871,202,55,628,169,37,111,115,468,145,237,229,305,166,744,739,228,365,880,376,81,211,495,999,389,485,945,231,169,169,329,870,22,353,137,838,937,110,897,356,854,883,417,999,379,9,258,362,289,489,308,391,163,621,867,875,669,160,418,247,99,873,885,169,887,243,612,802,882,43,369,422,202
429,702,385,129,321,268,419,673,251,130,961,493,129,642,17,65,641,174,418,641,269,146,507,178,79,259,75,650,353,845,169,130,143,140,115,161,835,653,129,323,257,224,264,417,993,641,128,641,169,201,329,930,673,389,203,1017,417,665,259,129,33,428,642,707,672,751,418,193,367,641,653,272,305,387,363,2,929,526,194,361,800,355,142,73,641,325,809,99,521,419,430,258,416,290,641,275,194,129,778,879,131,384,275,552,142,646,130,491,300,194,386,195,648,450,651,395,675,459,367,161,194,646,17,386,689,205,453,257,649,908,419,416,258,417,642,160,418,450,689,781,529,122,393,929,642,257,672,416,301,250
614,439,1016,946,846,859,758,311,614,882,155,58,560,123,42,186,610,874,165,57,182,743,887,821,298,392,247,944,631,164,169,502,247,630,502,245,695,758,186,883,622,369,193,1010,864,311,236,884,887,635,245,886,1010,817,333,183,438,624,498,434,295,634,566,763,632,887,179,884,711,243,194,882,632,374,890,690,889,879,697,890,949,778,446,503,928,438,437,373,383,29,470,319,887,244,364,191,697,307,172,510,613,635,631,499,181,498,728,630,575,632,182,318,112,374,299,229,888,884,606,402,675,829,370,826,177,574,626,872,881,627,183,690,569,186,635,122,882,883,445,310,379,438,757,371,406,438,302,187,294,630
890,1000,633,504,500,189,695,229,1017,363,693,479,379,673,633,545,560,533,53,567,484,505,676,739,581,949,881,483,696,635,564,504,504,500,875,933,376,235,928,632,921,955,374,789,376,632,984,568,920,864,503,476,696,740,632,820,376,920,121,784,440,372,379,985,353,639,551,1019,378,871,632,510,635,928,628,575,570,804,801,487,353,504,952,635,505,1019,483,539,106,440,628,628,608,569,377,637,999,945,569,800,377,937,928,999,1016,628,635,439,503,563,696,689,376,630,122,368,634,944,571,571,546,545,756,793,568,633,761,1017,417,248,675,631,831,920,311,571,489,682,393,698,821,824,192,568,473,933,506,483,537,142
180,449,620,555,56,568,310,555,43,427,256,568,564,552,420,423,631,10,36,411,54,135,439,440,19,315,567,568,572,918,56,439,560,425,54,62,810,389,422,177,319,935,438,303,38,74,435,53,34,424,260,37,266,187,167,389,56,439,310,291,43,58,138,52,556,62,955,581,140,554,279,310,290,403,304,262,299,423,8,42,259,247,522,262,129,160,54,567,58,290,440,167,169,26,632,52,48,574,296,277,48,36,54,547,617,167,390,564,368,7,683,140,335,99,175,32,966,35,568,37,423,39,596,304,295,683,41,579,436,170,799,419,387,139,63,164,40,402,931,570,419,55,443,439,395,935,651,289,555,52
839,411,153,999,987,985,155,850,217,635,850,983,1006,50,883,1015,712,472,907,441,985,840,979,390,840,987,977,597,122,873,582,801,392,987,843,986,979,985,939,717,360,200,971,199,507,537,202,539,497,984,658,968,712,969,144,726,836,208,128,1000,587,580,1013,987,998,991,980,603,970,592,867,987,999,987,715,980,595,971,464,407,218,840,594,969,1000,985,967,982,324,593,1017,850,987,1019,731,952,986,1019,1016,712,215,459,984,656,727,832,693,843,728,976,982,832,979,603,1018,979,984,393,976,633,833,1001,216,841,488,876,244,638,987,721,840,980,841,986,962,839,210,441,202,720,602,971,712,997,961,1009,1010,420,981,976
184,169,121,313,635,985,1003,728,918,43,888,815,935,619,168,1002,48,425,52,596,601,619,978,361,889,160,73,985,763,635,996,425,933,915,88,936,105,875,1000,561,760,418,305,632,180,419,859,747,928,1003,973,549,959,619,978,929,388,913,24,953,568,1009,544,999,603,970,912,602,705,931,729,984,635,856,967,928,693,1012,936,549,568,1011,613,936,933,939,727,633,522,123,493,614,1000,891,633,861,1011,71,985,935,569,233,635,952,424,655,969,971,932,945,897,984,933,999,985,1003,1000,937,744,833,969,568,601,984,180,937,715,56,968,1019,441,528,1000,616,155,129,816,1017,1002,625,955,999,971,123,549,537,1001,950,59,673
40,112,458,2,32,520,158,72,416,42,424,330,72,10,68,14,42,269,110,65,802,84,137,76,973,72,136,968,202,193,74,70,138,570,418,8,212,76,77,10,64,73,11,110,74,394,200,842,290,56,458,840,8,203,74,330,808,266,72,72,154,424,74,459,968,196,8,480,270,293,394,458,392,458,88,73,640,340,74,192,4,8,10,802,90,120,72,1021,26,34,449,490,200,203,75,42,974,11,188,162,468,42,253,200,40,520,76,346,69,42,58,90,394,938,8,458,108,266,11,68,154,74,74,13,10,68,168,5,554,73,72,136,66,73,68,88,650,524,8,240,10,8,996,4,9,200,140,74,937,72
296,376,376,95,615,377,301,1021,508,806,291,383,6,57,383,61,54,349,157,891,121,316,380,367,44,271,136,445,521,365,431,776,269,368,344,265,392,152,392,312,505,431,844,1017,287,496,143,509,252,392,301,814,300,161,684,568,280,250,210,392,319,238,1004,432,714,504,447,387,317,303,63,408,343,252,315,316,319,895,376,318,1009,345,895,301,312,943,876,330,92,429,34,611,379,893,893,989,281,316,350,888,904,235,891,236,1020,125,507,313,447,975,445,330,252,1023,776,368,302,381,32,476,440,428,318,143,828,411,290,303,381,889,825,189,920,1023,248,315,989,891,444,253,264,752,367,1008,894,297,191,728,854,143
816,923,14,66,575,718,74,288,35,553,128,616,693,842,704,649,232,70,840,71,680,515,842,846,200,776,525,220,776,648,583,520,66,194,10,840,616,706,2,64,480,235,168,11,203,238,671,810,139,42,648,42,578,520,819,242,648,668,544,642,233,810,160,584,79,550,96,66,910,608,128,650,109,240,35,73,810,13,969,27,640,72,780,904,11,232,779,194,205,134,930,648,652,682,172,968,74,36,520,250,72,838,74,106,578,64,136,970,216,704,91,682,75,920,904,812,132,0,12,904,928,170,6,136,134,131,720,8,655,680,86,388,205,66,683,88,648,844,66,66,960,906,687,66,863,843,398,840,64,10
651,507,341,307,607,323,495,522,871,685,871,776,287,541,521,335,533,731,657,903,235,794,831,543,631,471,883,283,331,259,27,617,175,855,362,567,487,566,351,319,491,677,831,687,383,887,686,303,766,459,419,703,271,575,795,599,309,779,655,775,639,110,359,359,527,615,735,897,554,257,651,826,923,471,767,828,363,315,264,323,542,795,343,271,603,727,1011,617,815,943,847,302,783,359,503,623,517,589,105,619,33,423,747,503,318,895,519,423,104,762,527,747,759,167,687,817,742,535,915,271,747,571,635,475,567,430,343,779,375,111,303,271,825,359,823,354,777,319,303,303,891,959,303,1011,357,343,321,871,327,291
836,716,807,869,812,855,40,820,838,885,942,868,578,833,878,984,69,833,361,865,933,77,597,565,585,777,872,830,53,868,804,841,801,772,866,585,868,1005,876,979,837,840,51,808,71,628,861,44,549,164,590,961,748,811,866,628,881,35,807,97,69,836,853,813,839,373,885,368,654,67,817,837,932,865,180,965,813,795,13,980,885,813,933,813,97,77,972,581,837,876,822,811,842,813,842,869,962,41,882,869,680,469,876,855,813,965,759,357,73,811,837,876,871,605,833,845,168,843,42,908,779,833,908,661,816,831,93,821,993,38,73,209,821,1022,838,105,894,889,112,578,811,870,865,877,879,817,812,836,807,833
515,461,393,441,653,33,434,908,321,835,168,901,81,386,195,943,2,399,97,352,209,769,640,608,404,161,5,589,937,998,512,869,448,405,961,809,513,353,554,1004,581,32,387,672,730,449,947,641,741,389,387,640,709,472,485,897,76,481,640,133,69,321,672,609,204,933,652,929,485,193,897,161,514,137,516,544,996,356,386,609,275,643,424,462,876,385,480,388,416,9,757,707,353,88,899,261,324,196,468,449,515,482,67,416,657,385,897,900,625,204,96,85,100,171,516,139,865,833,432,608,549,35,866,390,547,751,467,1,372,260,433,280,736,160,901,702,513,929,195,642,618,691,737,577,749,197,481,391,163,388
291,866,771,485,993,113,3,368,115,0,487,99,207,369,247,865,866,801,369,56,130,289,355,371,1013,747,273,35,237,275,125,800,97,803,997,113,801,15,465,609,99,1011,483,803,1011,352,163,749,913,257,800,939,547,929,385,487,179,561,515,71,115,999,609,881,481,817,289,816,995,881,225,324,993,801,625,120,514,995,359,643,855,7,993,227,909,945,50,737,243,151,113,227,19,737,995,769,291,275,627,235,785,965,639,801,115,289,99,818,113,493,1011,362,355,627,487,881,769,126,626,611,1009,955,803,307,307,14,512,1013,496,353,305,813,769,995,866,813,481,803,97,865,289,899,221,483,145,39,42,883,99,872
438,763,629,155,575,699,441,923,827,505,667,667,666,747,762,434,633,635,635,533,703,638,701,59,525,572,63,685,539,283,417,293,299,699,605,434,665,155,635,699,315,118,667,683,235,379,796,123,347,667,27,530,411,671,665,570,747,699,699,703,636,411,171,409,123,666,155,59,273,667,379,319,634,365,633,283,665,617,367,379,666,633,280,557,427,495,537,667,186,638,273,619,571,507,763,536,697,411,379,667,697,289,519,191,154,287,283,171,539,699,26,403,635,251,411,728,413,159,666,171,539,289,379,699,666,28,283,254,571,639,571,632,765,637,566,669,443,699,127,664,284,747,381,693,635,125,522,307,667,659
864,588,304,672,306,592,563,592,80,126,368,612,720,356,32,50,593,544,502,812,634,560,352,552,272,880,564,264,593,116,608,118,618,598,336,290,585,662,628,597,97,304,608,34,612,756,592,593,368,545,227,843,608,817,624,304,576,560,624,839,639,580,116,608,218,614,1020,100,302,545,544,592,544,368,608,517,48,980,626,570,576,71,544,562,594,849,558,592,544,242,471,548,628,746,534,552,544,608,592,896,528,246,592,576,961,548,753,672,560,655,621,560,581,628,576,636,309,103,566,3,564,290,592,560,567,64,576,625,966,594,545,593,272,80,563,560,356,344,324,120,355,356,544,294,545,288,627,98,382,624
