141,617,196,310,561,946,736,577,179,705,489,206,194,449,253,209,842,455,718,22,65,833,425,586,257,745,352,69,451,461,141,320,454,997,493,205,637,41,21,333,193,54,205,707,567,722,104,207,357,956,359,617,611,64,354,607,637,65,929,471,201,909,303,177,201,332,637,495,78,248,109,398,365,333,209,737,745,454,503,749,1,271,406,353,359,545,125,582,320,117,188,323,241,384,360,327,744,386,321,745,936,352,509,239,653,1001,625,745,637,355,462,203,178,317,461,716,333,320,353,447,995,489,289,35,449,255,411,371,705,893,359,845,128,485,445,205,253,169,192,401,360,454,321,354,711,87,209,409,710,247
931,951,35,541,940,415,415,671,798,157,275,797,655,883,179,53,93,255,915,540,401,233,191,305,51,799,843,61,137,803,523,957,955,929,952,903,47,919,643,255,643,947,395,535,445,50,215,49,781,179,22,947,697,643,955,803,61,781,819,17,756,19,815,23,57,781,531,543,351,49,439,35,455,802,176,503,717,943,23,670,821,29,275,267,897,17,157,713,463,423,797,295,157,10,915,943,271,18,29,927,703,7,673,911,267,719,780,168,415,184,956,953,669,927,51,855,571,551,137,387,921,51,735,339,285,125,227,273,115,534,355,83,659,51,23,685,33,906,825,175,1001,115,1,17,42,781,174,419,29,668
399,24,27,994,906,571,200,48,999,181,4,743,833,559,871,157,943,49,531,880,530,575,913,179,817,414,25,244,795,838,837,582,47,223,975,1016,155,843,999,817,1011,866,723,123,640,923,935,287,571,186,551,620,693,621,187,535,706,666,791,624,570,369,246,773,225,785,1023,491,625,202,475,105,143,993,869,823,913,849,406,34,19,539,635,613,775,809,690,939,245,559,233,479,670,832,238,62,399,534,628,154,146,241,86,663,197,921,23,47,558,21,1015,256,527,907,47,561,773,925,919,241,539,870,538,896,55,533,961,571,653,865,103,1,862,207,943,407,47,907,527,999,84,234,961,535,943,803,384,911,697,27
761,249,985,541,987,1017,829,185,821,389,221,248,881,829,19,781,759,869,262,185,455,853,265,469,51,181,488,179,223,958,499,361,249,834,276,1010,53,755,946,1017,185,278,197,221,825,313,453,328,313,345,184,635,919,249,196,185,489,229,181,20,261,177,797,133,245,949,265,779,1002,381,249,619,73,73,791,715,211,953,41,788,377,101,505,349,309,15,249,423,1,444,789,1021,29,243,840,65,156,249,205,918,69,391,989,985,989,377,71,361,234,377,331,953,643,817,849,775,346,221,223,467,211,979,727,777,983,241,524,925,221,217,825,137,233,769,1013,989,417,37,251,244,925,772,648,789,185,245,347,473,133,277
55,197,951,341,485,971,749,83,385,7,23,7,941,686,761,63,943,19,905,907,1007,183,441,483,331,865,173,782,783,935,935,263,923,363,915,82,15,1002,15,847,9,905,201,231,319,79,67,201,751,39,905,481,297,905,775,1001,931,147,105,311,1005,19,1003,997,9,239,239,477,985,243,943,423,3,489,99,933,281,333,771,963,218,201,9,923,175,7,419,79,41,457,915,781,393,143,221,19,211,129,935,622,275,35,943,955,955,903,475,35,7,351,1023,67,79,963,141,57,935,495,863,505,979,419,808,486,745,971,797,31,129,451,16,993,495,5,245,975,586,775,358,147,147,239,355,547,61,707,923,749,943,319
214,1015,855,614,914,457,994,1012,885,965,220,918,849,209,1021,782,798,788,666,845,165,466,886,198,987,735,258,131,182,410,90,959,222,214,1010,202,247,587,926,895,639,986,551,790,795,204,251,1011,458,628,231,859,793,871,159,970,923,244,182,734,1007,983,935,619,522,150,922,1019,81,954,909,246,491,222,175,982,954,237,990,179,446,810,899,680,622,31,665,815,698,988,978,986,796,786,838,862,579,1010,923,567,842,234,518,907,586,615,958,550,677,983,155,1008,978,187,1014,234,954,145,883,686,569,87,159,990,620,614,841,790,846,178,503,650,794,871,922,920,122,758,185,44,486,615,218,571,994,957,578,157,117,923
970,984,632,219,920,740,838,970,898,256,530,310,554,756,271,612,1017,448,794,859,890,1020,730,884,776,864,455,302,326,213,512,769,81,858,888,585,899,238,732,549,546,830,474,391,511,923,815,1008,525,520,848,475,762,883,820,183,676,685,672,894,985,634,985,302,972,395,648,564,819,320,822,962,474,116,818,612,520,548,612,352,622,206,278,266,884,708,884,71,612,385,409,612,950,459,625,710,904,446,626,216,380,932,748,1014,174,907,628,794,568,684,719,884,800,356,1,1015,46,217,512,732,320,943,238,42,740,820,973,421,192,794,720,629,273,294,704,496,590,975,774,615,996,472,906,66,879,201,38,579,834,771
514,583,388,389,936,690,310,263,144,455,560,414,295,474,437,6,990,58,724,198,29,157,380,263,390,452,292,664,554,565,29,439,453,166,783,298,0,693,135,40,696,674,662,104,560,739,453,314,354,263,170,228,390,502,142,642,300,318,697,138,469,637,314,318,366,774,518,662,134,497,557,544,872,995,557,326,79,406,164,670,678,299,775,574,953,317,518,286,6,42,422,538,797,729,536,184,390,478,734,318,520,6,554,404,286,270,369,392,279,406,801,519,77,411,340,27,684,30,297,346,898,535,572,349,605,540,244,30,513,690,639,355,629,546,278,118,298,675,637,276,314,405,530,690,669,372,831,745,541,354
484,224,233,764,343,107,487,228,874,351,485,504,829,322,1021,733,727,262,621,121,343,585,359,265,573,353,856,639,328,1000,965,381,230,536,345,709,154,468,748,1001,328,275,848,587,612,319,71,469,598,964,381,57,490,613,952,632,104,73,322,486,833,328,343,857,345,521,749,487,596,55,840,363,617,351,233,874,64,342,808,232,322,531,235,278,493,1021,365,454,322,274,666,853,600,495,596,224,777,580,118,485,331,784,859,343,578,453,422,812,210,231,710,459,794,583,708,134,513,359,333,541,965,101,584,462,629,473,579,376,383,842,280,707,121,589,340,630,584,812,230,377,913,398,923,473,73,597,247,448,806,661
882,299,411,384,409,772,314,436,275,1013,680,52,186,463,404,300,729,316,564,596,62,564,440,469,543,376,375,403,477,433,273,697,937,145,148,6,498,103,287,657,534,277,62,569,276,80,817,516,505,410,16,726,13,783,697,210,340,273,895,566,53,444,440,368,440,277,564,286,444,304,792,308,672,273,1008,372,310,540,403,315,472,324,433,479,136,308,624,263,20,540,270,292,346,360,264,12,299,444,445,563,310,825,183,297,936,841,633,48,985,316,372,768,626,539,668,661,409,421,310,433,156,945,382,312,95,403,442,315,540,59,539,416,257,184,410,437,614,443,524,956,144,780,263,18,420,529,149,888,8,441
420,248,425,626,155,249,427,506,555,249,785,299,942,1013,466,718,457,294,890,855,807,776,33,799,753,719,685,1009,360,295,919,887,460,399,267,191,255,113,486,806,783,530,296,283,691,718,965,496,904,403,909,569,271,352,499,452,903,193,799,681,302,260,806,411,264,391,368,934,511,246,9,758,735,741,376,292,1013,484,630,520,325,13,931,216,875,767,288,112,65,712,47,1001,1016,552,315,33,269,264,4,379,870,807,368,815,982,193,270,388,910,379,751,909,460,489,32,425,797,101,76,136,149,558,463,559,596,448,142,289,149,207,837,638,525,743,480,403,857,976,904,271,352,303,165,782,926,617,683,303,535,371
380,146,536,893,380,958,870,628,142,132,101,673,172,189,208,913,118,453,112,18,60,10,253,506,6,540,682,61,497,702,680,50,300,211,275,484,647,736,254,690,373,193,337,476,465,914,717,761,221,772,482,368,852,771,210,76,336,134,722,346,506,299,11,893,506,62,246,178,209,402,290,154,211,371,361,217,632,253,702,281,364,300,53,283,70,348,185,147,161,176,400,319,193,188,742,289,829,502,227,273,176,234,260,508,381,394,177,380,730,349,334,260,278,708,739,309,668,274,805,498,21,268,1016,402,135,19,139,698,320,380,206,55,209,210,102,308,404,366,505,264,20,281,258,192,35,82,380,781,103,530
209,275,927,940,727,358,994,471,951,816,951,432,944,528,604,951,560,723,95,435,544,453,243,482,935,661,69,281,98,415,706,17,117,15,368,638,485,899,357,791,688,496,345,287,430,297,246,369,1006,472,586,785,407,880,89,663,542,401,1008,1003,880,819,15,369,206,349,565,841,368,48,976,462,411,465,436,200,943,296,334,335,371,38,155,112,730,936,955,231,643,944,945,950,151,39,179,722,800,567,53,400,119,287,970,977,948,479,559,1006,487,121,351,858,585,282,395,679,945,1023,679,809,766,883,312,663,663,652,15,557,368,15,375,484,49,507,379,1,523,945,604,87,145,439,463,1007,783,120,607,306,891,659
485,836,901,319,580,161,970,538,295,244,375,867,818,172,377,242,717,587,71,132,336,732,161,767,738,795,647,410,721,273,327,149,279,439,277,867,720,173,759,717,148,315,694,600,818,145,135,200,135,817,496,864,917,379,819,811,817,247,226,160,165,368,857,856,28,323,697,603,352,209,275,577,340,716,803,149,589,864,779,1,470,589,641,864,519,291,995,372,564,207,96,651,783,241,269,889,752,968,533,947,728,710,819,459,135,795,173,666,821,678,794,740,97,376,935,355,887,37,975,931,773,352,295,704,753,793,286,843,443,641,543,189,257,454,955,812,792,892,139,8,247,640,776,85,744,865,754,985,909,770
903,105,763,807,783,329,539,660,595,155,890,224,205,523,798,860,225,275,27,163,783,251,163,706,291,667,723,257,801,633,161,211,325,794,534,379,165,751,88,235,324,671,254,889,228,791,109,879,674,32,131,594,302,863,984,27,756,860,847,1003,795,670,801,31,451,289,830,274,771,173,794,821,109,675,678,801,249,426,405,550,651,789,332,205,259,884,717,890,714,907,715,539,864,751,261,288,777,268,883,149,366,497,685,133,227,757,137,783,657,804,983,375,289,280,665,19,254,437,667,755,181,365,234,693,63,675,163,780,739,142,845,800,289,25,879,231,379,225,153,793,355,877,873,663,690,655,235,186,875,281
928,661,969,760,721,630,869,576,857,934,976,730,797,698,763,820,934,603,179,674,704,662,966,655,784,637,711,281,712,828,730,717,673,735,360,979,118,755,755,730,593,838,1019,1018,1013,834,643,694,783,829,859,847,976,852,758,762,716,730,309,208,822,725,785,666,985,692,705,796,821,646,688,887,850,1019,596,702,820,951,726,917,966,566,682,884,761,858,952,590,933,483,857,667,720,889,560,826,698,368,719,724,826,812,666,783,657,730,984,631,657,345,758,561,712,695,321,727,876,265,833,874,194,761,620,699,720,648,877,886,1000,698,570,646,673,683,880,671,503,838,838,717,519,891,781,656,892,656,722,950,981,1012
150,511,41,367,93,402,321,370,353,88,445,180,18,181,30,116,183,57,369,344,448,730,289,65,282,18,284,366,360,40,484,246,116,476,85,654,264,372,464,345,125,317,469,345,355,152,34,92,888,438,217,116,113,368,182,169,296,422,430,90,343,404,243,348,60,78,597,915,27,492,262,89,262,110,368,746,149,264,526,298,439,209,268,372,284,182,279,650,348,92,777,362,372,287,301,89,10,85,275,160,317,214,256,557,382,185,374,372,438,673,189,109,348,368,88,186,374,294,167,469,148,26,150,150,298,14,91,344,32,90,116,266,286,632,310,344,326,232,273,303,320,496,88,211,473,92,445,141,498,112
380,648,917,697,267,529,913,706,915,657,870,883,833,755,949,836,521,999,641,832,785,1011,658,347,689,806,690,426,1014,813,877,719,889,697,853,362,905,642,339,749,928,743,671,678,603,755,665,185,691,948,901,725,807,809,690,870,561,762,650,754,897,563,957,715,720,641,657,896,923,805,725,978,906,717,789,835,969,716,1017,1016,1009,878,661,837,533,788,1002,810,657,712,632,890,563,650,661,747,545,881,753,966,677,696,709,870,555,661,713,741,1002,929,842,717,622,848,773,892,842,234,880,569,919,749,877,847,929,882,717,549,725,861,649,759,787,168,873,338,721,565,836,1005,968,649,630,648,1022,971,835,435,902,723
831,570,530,891,614,844,841,710,898,585,930,788,518,546,843,708,598,708,740,18,742,714,728,740,838,812,692,824,685,772,537,324,848,854,801,587,688,990,432,442,754,836,754,658,708,782,732,938,806,526,592,923,558,1016,760,940,696,934,748,681,684,748,958,814,834,420,586,748,679,678,604,574,584,874,513,881,868,754,742,740,658,752,746,714,834,907,934,892,860,592,1006,542,894,646,846,930,834,606,943,818,955,558,477,786,982,70,835,748,647,709,760,942,798,679,458,578,770,796,646,751,802,902,849,274,544,868,896,574,924,745,996,448,765,586,674,992,678,420,228,422,182,838,620,981,653,774,760,801,604,937
593,293,433,458,509,122,192,493,396,442,796,628,981,481,352,225,76,639,25,981,156,123,330,605,301,60,656,43,735,998,407,250,545,963,903,948,441,337,81,17,141,205,55,131,407,164,450,639,438,312,29,138,480,612,987,128,323,849,21,29,429,339,752,34,433,352,615,381,262,254,1023,67,980,132,667,477,165,59,733,192,703,989,65,816,390,436,469,55,887,745,691,313,500,1017,20,483,993,447,823,47,75,567,60,16,3,405,208,382,212,103,967,947,1004,478,303,152,438,125,54,253,404,364,2,447,414,320,457,134,63,479,432,176,863,178,163,142,496,134,736,118,89,214,585,421,724,579,166,93,163,448
769,781,264,533,285,913,908,293,885,357,520,433,788,145,327,892,372,293,621,624,375,497,613,774,871,737,303,433,885,633,761,323,276,293,309,869,375,613,999,225,749,243,761,852,384,83,225,516,375,992,53,609,885,961,128,948,737,813,993,225,656,628,886,837,269,21,841,645,6,837,773,241,821,386,261,1009,821,778,151,752,273,160,581,613,948,662,1012,374,885,929,373,789,69,421,992,899,595,992,877,885,993,949,1002,864,125,385,1013,836,53,869,505,869,123,853,853,805,558,757,373,972,263,773,583,785,117,1005,869,417,209,233,192,1010,385,102,789,753,373,245,241,440,962,163,339,631,20,612,962,583,582,373
101,203,545,22,171,502,485,225,129,228,953,679,741,137,999,59,803,251,135,223,795,43,165,485,679,359,961,865,101,165,753,241,493,121,531,253,229,980,113,958,1013,493,105,1013,997,865,881,817,645,881,659,493,1013,132,451,193,237,701,965,133,883,182,533,489,97,653,124,481,507,611,633,1,125,759,805,1020,997,225,1015,397,433,503,851,866,531,997,765,505,117,59,933,113,407,165,627,701,161,38,703,645,887,797,999,1,648,563,253,997,927,715,133,99,361,57,948,249,26,881,241,241,409,968,225,99,189,741,611,97,137,113,129,345,72,653,661,787,661,927,785,247,115,133,743,133,601,205,245,243,297,421
744,303,383,677,24,689,675,562,365,853,96,348,762,649,416,814,392,744,174,620,300,556,377,302,792,136,508,432,920,400,303,100,557,136,268,88,739,235,328,331,160,557,385,382,507,897,150,12,912,664,292,745,401,417,480,145,301,149,350,488,283,357,493,14,507,744,729,653,756,364,251,607,674,361,192,681,45,427,313,426,242,940,382,525,417,23,367,382,488,749,488,392,395,442,417,300,300,363,424,168,496,289,104,384,621,381,461,629,308,504,894,168,422,427,1001,34,385,559,233,29,696,365,408,190,440,360,491,425,170,83,995,621,533,180,106,296,260,492,233,496,317,424,410,754,164,352,620,649,366,495
478,95,684,2,831,627,819,633,633,538,623,827,201,890,717,617,58,828,841,376,933,980,741,104,1014,62,848,826,604,348,939,361,221,700,916,738,827,752,1004,593,124,822,814,890,379,120,991,73,493,859,632,105,29,551,367,749,891,629,891,828,847,999,776,72,808,191,492,808,872,635,614,76,728,310,788,860,891,572,1020,726,622,328,703,92,863,894,661,548,871,1020,764,727,347,428,93,271,168,539,205,557,856,173,956,856,432,306,188,892,717,677,299,990,555,123,893,371,367,21,40,735,863,719,408,187,758,100,815,676,13,59,969,873,110,572,204,303,956,750,160,511,717,1021,190,588,460,569,645,141,190,587
943,247,909,773,108,286,478,198,191,693,328,213,252,4,48,910,346,965,198,972,814,266,843,238,290,74,276,965,77,188,607,107,856,247,974,96,206,809,837,810,964,70,82,191,198,460,75,401,619,320,735,962,244,873,430,586,916,841,221,942,478,422,934,975,981,320,421,461,841,273,204,221,1006,330,967,249,206,149,967,980,331,389,941,993,980,1013,835,862,389,331,34,925,339,291,1008,668,927,64,779,845,235,437,810,206,911,1021,832,980,833,206,67,312,915,74,323,841,1001,222,816,202,222,808,953,905,90,965,167,198,382,67,806,563,24,901,419,810,478,585,991,27,391,398,459,1006,206,956,644,684,975,927
478,606,638,152,990,534,851,352,488,570,38,424,824,760,747,539,929,1016,103,685,750,638,296,638,42,434,745,752,48,301,889,236,884,868,638,764,648,956,900,682,872,562,521,491,112,767,428,380,764,300,638,854,845,408,848,536,363,808,940,714,552,599,360,295,287,296,808,786,347,884,560,890,638,572,748,879,936,612,623,483,619,302,761,1016,620,585,362,676,462,424,444,426,650,408,592,312,723,894,632,872,1016,696,664,619,362,623,760,648,107,734,488,873,428,652,740,634,856,260,872,808,362,874,427,556,872,417,620,665,288,273,571,516,636,743,232,892,744,760,424,875,829,483,568,752,316,892,380,760,616,629
6,857,691,371,793,736,38,987,788,127,637,168,28,250,60,295,70,731,62,119,63,747,94,104,894,519,763,7,169,535,108,895,738,637,110,925,124,242,617,598,565,187,233,940,761,639,1022,831,472,543,250,868,227,746,243,102,747,377,125,380,884,589,127,46,125,89,9,110,665,749,879,63,924,691,117,613,111,127,127,465,20,788,234,324,747,849,251,403,147,681,276,868,651,631,251,235,174,499,126,52,104,248,61,787,234,642,355,59,895,10,250,615,103,226,743,35,426,125,243,763,235,747,276,225,111,454,1003,497,243,125,922,233,179,639,47,736,103,235,784,46,761,148,747,876,498,946,62,358,128,154
479,470,982,401,20,946,322,702,618,166,476,584,802,990,918,586,166,829,818,40,703,487,646,802,322,450,208,306,890,529,702,330,600,624,135,734,210,536,120,808,452,948,570,93,337,942,934,66,420,326,721,768,322,808,700,684,918,958,556,422,834,42,561,638,754,98,892,82,974,563,10,816,942,710,522,942,563,764,330,96,875,301,51,593,810,418,950,910,902,844,902,293,795,800,423,120,563,466,810,462,686,426,647,42,508,538,546,228,174,297,290,9,305,956,210,678,902,562,722,771,472,973,52,307,848,570,724,221,802,778,442,199,47,578,332,550,803,476,331,668,81,162,834,34,956,288,838,262,478,952
885,247,697,2,915,472,17,118,57,97,123,873,159,115,241,352,642,234,856,927,610,42,369,129,160,121,223,353,726,129,174,772,1004,159,230,817,115,883,114,869,964,138,39,881,401,939,635,113,113,697,57,283,129,17,331,949,635,57,10,451,3,246,613,890,978,810,603,162,235,118,635,99,98,885,855,453,165,197,72,165,352,165,146,242,611,899,915,609,45,361,175,23,27,652,865,352,259,398,59,291,229,869,735,889,192,962,46,2,773,880,916,139,122,35,1010,865,769,159,251,850,289,766,841,355,132,915,289,83,267,185,647,154,251,239,791,795,850,795,394,811,389,997,97,3,101,103,243,91,456,105
425,437,588,479,761,220,943,73,47,943,991,955,616,199,429,372,509,48,160,255,481,122,485,317,858,455,936,663,429,1020,376,445,701,601,169,509,168,670,440,171,981,811,261,825,425,168,316,493,877,621,329,349,428,451,253,169,441,73,189,475,23,189,943,1001,189,622,440,766,473,434,296,189,399,825,145,729,43,940,330,302,750,169,440,176,431,105,1005,507,409,506,257,1001,525,703,410,334,764,304,511,172,439,932,1022,693,137,136,59,204,844,313,402,761,445,469,299,405,907,55,473,470,765,316,986,461,761,442,953,617,180,205,985,410,687,252,408,377,511,236,479,105,479,973,507,660,780,204,860,199,444,164
708,429,908,134,808,714,934,378,718,907,890,626,650,526,321,1000,726,938,257,432,868,90,410,842,878,439,974,161,954,818,888,934,218,626,909,920,762,650,920,606,454,391,178,370,812,888,786,171,664,890,112,485,898,623,695,965,889,522,186,13,602,608,134,186,764,846,936,670,922,952,849,917,662,994,361,806,86,602,528,897,630,607,838,961,114,818,234,170,678,883,101,778,940,671,867,877,524,934,890,198,941,954,950,922,972,900,822,952,858,810,378,593,186,934,110,870,934,912,906,856,878,240,852,342,847,378,922,410,780,708,98,840,890,534,792,84,784,389,754,86,1018,879,780,330,230,933,682,986,788,780
91,328,426,262,338,272,430,416,333,818,198,84,276,464,117,462,476,398,396,344,402,212,396,341,388,330,401,393,140,418,260,422,453,390,384,204,406,400,321,115,282,847,380,429,382,477,594,406,192,74,598,332,444,266,764,38,81,922,462,349,90,401,89,404,734,269,418,344,337,585,586,318,430,257,933,262,635,406,340,910,432,338,449,407,397,396,422,119,528,386,415,424,4,72,275,409,398,412,84,342,422,204,395,92,394,330,342,910,342,261,76,217,318,997,842,478,366,330,97,334,479,841,328,344,416,314,360,386,412,203,473,494,424,334,395,260,395,266,906,836,320,906,412,512,969,69,421,214,130,346
329,884,400,956,250,861,1022,849,978,924,869,565,1016,948,949,990,909,468,365,945,917,1016,833,312,940,182,653,968,340,829,954,824,629,856,776,785,188,876,840,885,617,796,885,882,850,785,936,524,37,73,1018,502,856,886,537,300,750,789,872,813,869,905,880,882,1001,750,1020,913,984,976,143,668,513,525,974,984,344,956,891,1013,940,896,664,884,908,956,635,1010,744,971,872,254,44,833,908,968,636,400,888,361,916,85,884,895,824,1016,884,939,886,1019,841,885,96,828,1013,861,612,405,889,815,824,768,947,660,845,842,861,907,753,232,746,788,912,863,659,885,840,245,782,850,921,247,112,785,172,888,926,812,372,59
198,882,958,403,175,514,830,770,366,1005,206,221,533,147,1009,825,1005,897,409,296,971,804,1005,1010,1013,301,366,370,914,618,92,806,685,1014,199,362,609,389,509,334,1009,952,97,1009,954,985,19,274,207,484,898,812,964,894,1005,961,1013,770,95,59,798,242,244,440,926,249,34,389,982,377,895,701,82,862,904,827,126,664,1004,570,910,379,973,605,949,553,90,275,150,173,32,862,122,487,389,894,893,801,165,241,181,516,81,200,889,786,830,781,319,585,830,85,545,273,612,569,428,493,210,60,877,732,974,314,621,138,809,56,582,218,250,930,870,866,141,22,165,834,914,233,952,710,249,1012,237,1013,817,262,834,954
299,912,132,224,392,840,586,844,352,972,392,728,352,831,919,144,276,200,776,755,728,296,112,827,888,192,376,855,396,952,511,283,651,912,920,960,560,904,716,912,820,388,775,852,844,92,343,861,833,331,72,952,922,460,836,96,952,396,59,144,348,856,936,395,24,864,848,255,843,113,129,395,456,816,395,912,692,768,900,600,304,807,479,792,848,378,224,314,919,907,776,947,960,196,52,240,323,308,819,112,913,592,913,871,338,368,397,368,396,716,811,944,588,464,924,796,96,434,416,208,596,324,912,144,900,897,716,912,784,220,96,784,100,858,196,480,413,659,362,848,280,856,388,920,874,871,879,904,855,919
577,585,841,821,697,989,149,340,521,139,777,139,696,106,801,323,693,274,137,852,552,515,441,576,663,749,541,609,536,859,856,349,573,585,981,837,597,537,829,76,411,917,873,901,285,405,73,149,576,465,160,467,586,512,373,900,491,295,859,791,596,404,373,451,751,1001,1000,815,117,463,579,856,729,987,831,921,344,86,601,800,25,234,576,696,402,567,789,839,968,821,504,921,586,783,486,660,950,852,575,967,445,293,813,982,277,613,343,474,277,169,841,904,861,13,456,356,961,564,341,393,609,405,344,530,820,921,84,321,336,567,1017,471,9,824,896,84,273,532,248,471,905,692,470,709,537,409,441,916,597,1005
820,265,566,30,290,5,710,251,124,607,319,930,382,750,739,254,236,240,815,254,302,48,752,255,723,527,99,202,20,661,14,556,826,515,738,222,611,3,736,55,614,447,233,794,291,618,570,52,544,126,12,195,288,241,251,2,766,690,575,490,34,72,801,414,747,778,556,255,169,63,250,831,234,94,686,62,509,675,33,18,226,747,382,118,106,494,235,371,34,255,59,255,1016,648,259,574,627,758,62,252,52,457,746,994,216,2,881,583,654,150,34,242,706,704,632,234,62,1002,805,234,338,247,234,216,547,514,490,62,642,2,762,63,131,738,544,706,574,661,527,248,734,24,354,930,127,30,163,907,12,1022
462,212,358,384,72,128,616,374,93,888,36,13,74,276,408,117,34,98,861,80,205,211,157,292,384,206,229,489,108,96,92,16,173,404,28,314,140,72,128,227,374,157,513,706,196,8,54,76,20,163,726,161,84,798,86,397,117,173,300,292,202,119,67,30,749,306,216,9,185,129,306,73,334,213,78,131,484,196,454,454,234,156,478,622,155,373,288,180,196,185,192,193,488,21,192,73,192,364,100,354,133,421,448,216,224,401,912,1023,684,925,51,16,54,161,290,118,118,904,224,116,102,77,312,66,13,116,162,237,916,476,281,237,180,136,364,113,238,105,48,146,324,516,224,76,364,232,372,542,368,170
516,52,686,148,612,168,687,334,140,584,74,627,866,430,571,394,132,192,188,942,123,624,211,651,15,187,614,1017,118,543,188,107,556,241,800,580,639,175,615,550,149,62,104,104,45,203,187,619,116,1010,586,563,71,208,245,596,35,44,363,164,712,624,48,556,81,396,496,752,173,321,937,743,191,995,962,612,546,368,884,260,732,152,609,677,449,102,524,913,43,569,503,636,148,675,116,112,100,547,189,15,461,801,819,660,645,661,692,404,174,232,624,908,84,404,189,771,726,212,709,884,877,144,151,116,37,12,180,640,594,818,549,91,376,47,140,20,53,65,165,44,128,519,692,116,661,166,12,629,544,82
516,112,136,711,8,94,12,927,520,732,211,136,1009,521,155,813,668,924,952,136,817,27,157,732,668,660,602,112,660,856,368,719,104,215,732,777,212,31,835,668,190,210,8,92,1016,384,116,840,72,92,388,8,708,224,538,551,916,369,423,240,540,1021,146,257,719,136,112,78,604,156,536,668,240,928,668,732,760,605,31,94,12,924,529,8,222,528,92,736,284,668,799,583,92,9,89,631,607,924,744,820,739,732,220,731,931,924,595,1016,92,72,736,663,223,246,220,92,156,16,990,93,28,648,239,393,723,629,0,912,156,456,232,872,436,732,73,733,223,734,606,136,648,520,183,287,158,12,521,707,732,156
507,27,82,172,217,275,421,216,673,477,172,459,199,457,239,432,502,355,431,490,43,86,509,331,245,47,401,463,163,227,428,461,237,64,201,197,969,77,167,379,197,64,45,475,344,427,104,307,361,483,109,91,237,273,173,104,137,133,492,348,377,109,491,582,263,139,235,174,329,451,165,15,275,64,509,419,377,331,11,235,213,290,375,300,67,130,14,128,503,173,131,741,97,87,270,331,107,99,561,363,201,365,233,375,463,327,228,677,104,879,73,73,39,341,44,427,291,71,12,465,43,37,43,507,368,589,231,141,490,165,401,45,171,348,364,88,32,107,48,331,101,615,295,339,65,437,815,234,362,167
497,79,497,129,111,481,225,129,456,113,673,165,929,242,448,202,430,438,97,495,488,599,97,423,247,335,417,370,118,464,105,225,481,124,497,427,149,254,231,241,391,247,401,609,407,76,173,39,432,154,387,106,485,497,0,230,226,230,274,434,498,483,353,126,498,482,130,481,993,89,385,56,489,229,402,433,322,337,417,370,453,511,111,106,650,238,114,483,456,1002,481,481,216,485,246,233,353,489,151,227,496,17,135,105,241,103,186,291,481,360,226,51,626,174,225,494,49,417,234,33,228,713,433,391,205,108,238,119,498,785,129,401,154,679,417,129,158,233,227,111,192,233,9,417,501,168,227,49,17,41
263,389,231,484,344,911,200,844,268,366,390,298,492,808,1007,292,233,391,344,294,446,484,318,511,79,423,907,75,376,62,468,419,382,451,495,511,329,486,420,265,487,423,453,407,479,491,328,511,316,508,272,384,328,260,295,427,487,228,431,477,504,430,422,264,286,264,335,356,975,326,502,319,350,431,272,160,809,257,275,508,423,332,390,494,359,455,263,303,265,448,329,495,359,455,387,263,12,474,15,494,396,378,335,447,300,510,230,260,495,475,510,510,159,495,316,38,455,412,15,300,494,480,256,407,351,366,489,38,440,108,495,503,111,343,327,327,367,391,479,1001,490,391,352,451,444,454,475,488,392,329
804,579,73,638,835,66,1023,804,867,866,588,612,101,935,581,605,598,814,613,869,802,845,524,612,932,845,780,869,612,260,869,836,624,597,64,556,905,868,781,861,841,845,768,732,557,421,837,868,327,517,620,772,320,804,932,485,807,874,197,309,325,768,484,868,833,292,804,485,996,4,980,40,804,812,868,261,257,860,803,556,812,852,897,948,996,621,301,393,115,973,871,548,933,621,866,308,585,612,733,868,891,981,871,779,868,869,356,771,861,930,615,271,356,818,773,955,815,868,773,779,868,834,896,340,356,869,871,869,875,845,867,933,993,771,805,372,888,808,612,804,37,809,524,548,421,681,584,828,804,933
918,416,932,933,924,437,947,444,903,901,917,405,483,721,388,499,388,909,485,916,916,801,979,903,430,948,918,1005,915,387,992,943,995,420,1015,699,438,887,939,1020,668,919,670,429,945,1015,925,655,917,723,662,1020,85,818,996,981,403,664,659,1008,1011,655,157,929,402,999,485,927,428,1015,982,912,403,1019,995,919,143,946,974,1015,1012,500,1011,917,919,917,147,407,310,419,461,485,917,980,936,919,909,919,435,484,916,397,933,935,969,684,975,1015,984,250,917,503,927,948,917,391,472,915,725,419,916,741,435,901,375,660,215,943,756,755,945,914,903,866,925,949,917,901,131,916,1012,983,508,1011,900,407,149,903,948,676
145,405,487,456,154,662,977,386,439,465,941,401,402,640,926,404,167,368,464,144,977,649,663,398,913,407,144,386,414,902,413,901,913,384,406,433,134,640,337,949,501,146,153,408,413,85,913,949,903,669,193,426,189,401,446,265,392,369,437,497,409,646,910,905,921,130,695,1007,975,230,673,481,134,418,150,457,705,953,225,989,823,981,439,905,1010,421,231,961,1021,137,1009,134,465,400,721,642,406,413,401,464,225,457,973,951,145,431,165,206,439,977,413,240,209,688,188,397,646,747,313,249,392,503,928,432,918,235,657,401,693,658,913,946,1003,245,473,762,129,399,406,193,677,145,702,486,502,140,752,918,161,429
371,372,501,925,444,428,402,447,913,979,944,430,805,901,830,927,313,942,945,404,315,947,475,427,413,478,896,188,441,916,809,419,315,896,313,939,906,937,949,445,172,305,429,898,429,948,951,949,421,329,392,197,441,489,435,411,373,941,909,941,392,948,693,404,129,421,161,145,401,944,939,404,453,468,971,417,934,428,150,177,912,496,419,812,685,913,942,928,392,485,443,397,910,429,439,308,433,932,684,912,136,437,407,912,411,424,1000,403,405,431,392,953,397,285,955,447,413,441,424,1019,429,925,429,903,393,307,940,973,497,478,440,481,573,952,980,910,433,444,797,393,428,979,425,957,158,441,917,969,950,427
134,638,767,740,1004,763,713,585,559,237,788,701,222,825,512,356,127,702,590,733,968,601,296,749,1006,969,748,747,903,516,345,876,662,741,663,231,581,871,591,748,615,495,765,63,991,744,812,584,749,501,892,622,722,925,957,763,238,750,559,685,764,632,741,357,815,1020,981,1021,717,697,1021,602,653,622,623,64,191,801,974,1006,602,712,712,125,969,44,761,650,719,1022,765,766,613,796,878,704,373,638,613,896,624,896,719,710,110,227,717,633,360,741,527,704,750,795,231,884,126,652,204,709,878,320,638,193,1021,893,439,655,630,745,1017,634,712,708,157,255,895,1005,878,1022,394,734,677,495,639,425,662,645,748,968
688,462,845,860,791,1009,892,1012,710,852,828,842,314,511,986,949,872,832,1019,1016,788,148,854,291,889,876,769,874,882,858,986,892,488,941,299,797,643,784,755,578,953,16,863,868,747,488,878,827,802,314,578,844,365,783,876,279,860,507,801,505,963,913,504,1018,491,333,319,634,340,315,1012,843,469,939,922,816,844,236,468,940,847,819,888,272,178,972,330,635,848,1009,304,883,872,62,490,1018,552,907,939,458,491,893,1020,371,857,812,267,820,827,315,787,890,857,872,20,873,1008,778,319,880,817,304,378,992,222,460,600,502,432,46,495,365,891,147,121,874,499,531,948,692,892,363,862,892,491,932,872,969,492,945
392,504,772,474,522,765,1020,760,356,853,380,576,764,760,847,828,252,866,604,248,415,323,612,376,223,155,251,605,468,785,955,1020,866,760,209,215,788,377,124,504,231,632,1023,725,607,468,1018,505,442,381,254,918,1012,500,241,332,202,672,888,956,891,888,356,920,93,462,63,1022,334,632,377,415,544,628,805,225,871,804,244,223,764,248,127,772,1019,1021,460,676,1021,956,761,504,679,836,89,252,988,741,430,565,626,778,376,304,375,767,220,879,506,646,612,886,728,699,485,204,415,243,1017,477,1019,488,490,468,324,404,484,374,252,988,1020,893,977,920,538,178,872,369,626,244,156,956,892,641,988,367,184,952,623,367
549,107,861,168,857,265,822,970,492,574,492,373,823,296,11,93,669,32,52,798,142,63,26,45,797,877,616,648,0,632,795,975,605,349,890,84,72,154,984,637,305,745,813,649,632,110,21,30,173,168,92,1017,908,360,977,314,409,362,796,923,40,399,178,729,821,637,616,732,940,248,859,974,102,298,974,110,984,732,80,9,934,207,313,781,670,616,171,633,335,44,675,116,552,865,542,971,639,872,342,756,273,182,138,876,264,1022,958,292,674,153,134,298,812,124,779,271,753,841,154,649,873,141,410,425,284,616,523,919,489,255,168,276,248,570,699,150,168,377,117,1004,372,744,558,924,60,330,796,608,9,440
471,110,57,967,847,802,760,391,213,680,192,187,113,780,792,114,592,71,1003,698,548,326,257,278,590,174,790,832,940,87,487,86,356,241,611,979,580,116,897,49,499,230,993,805,297,293,215,81,116,192,194,326,1005,199,705,579,736,173,132,359,19,211,792,32,230,960,807,327,246,83,716,740,235,9,769,11,195,969,658,629,325,923,226,340,191,921,886,292,978,945,210,176,263,5,136,795,309,231,851,709,964,439,736,105,949,947,839,497,359,439,475,215,114,439,548,241,979,57,939,807,564,797,896,20,295,198,497,124,899,423,165,549,962,787,300,268,673,960,360,295,599,505,312,959,98,960,289,131,100,807
674,634,870,52,583,51,544,391,246,358,188,373,452,835,768,817,626,950,240,788,370,709,517,334,530,50,454,886,126,979,98,598,131,336,370,780,336,821,882,198,642,982,148,784,456,889,304,336,487,496,384,818,49,64,1010,451,836,144,727,588,1023,342,243,166,22,626,709,278,371,86,998,574,486,374,982,884,290,325,496,97,832,899,611,790,642,643,965,651,64,369,304,582,698,365,436,867,788,213,270,762,689,405,712,326,96,38,116,772,452,304,949,646,966,439,6,496,784,678,188,256,663,129,835,518,404,452,673,379,854,546,546,465,869,366,646,307,320,114,839,975,112,1020,132,41,147,595,6,532,402,744
354,477,707,422,305,496,435,152,320,33,152,27,56,82,806,679,705,125,353,728,385,625,531,722,757,823,738,565,57,573,645,884,276,199,292,153,742,150,235,134,482,295,389,848,275,501,114,3,547,55,147,494,595,353,866,652,674,240,326,951,939,675,199,17,732,314,110,947,521,551,275,738,710,812,435,645,64,449,165,785,467,638,84,312,689,330,307,513,677,1010,612,255,277,38,309,849,881,897,224,76,462,933,582,416,849,790,496,689,596,867,675,439,865,720,731,151,707,128,769,733,594,446,531,3,662,391,358,465,417,223,855,343,517,257,417,119,154,129,494,384,199,760,19,708,487,859,397,702,168,223
764,394,718,165,981,171,268,716,249,156,746,326,827,230,715,393,53,617,393,719,256,278,685,790,361,278,817,143,341,941,393,697,981,97,373,712,234,458,357,649,497,267,909,589,350,542,20,509,142,827,707,568,398,281,467,208,367,132,758,757,172,257,140,786,333,198,139,467,371,593,704,30,257,829,642,650,468,861,539,909,707,17,772,466,374,740,610,506,438,500,648,285,451,749,272,315,1010,423,317,725,391,395,279,471,249,585,486,404,835,843,121,821,503,661,275,666,582,324,270,310,903,713,776,760,774,286,406,617,400,112,714,169,278,749,744,146,805,116,581,633,742,113,891,61,793,512,788,274,924,582
829,473,399,403,392,138,105,1014,336,286,415,735,111,1012,63,552,285,184,342,634,51,78,214,968,347,768,964,808,165,46,254,710,718,942,33,609,769,774,93,361,797,348,765,234,356,142,78,334,8,560,767,329,67,957,927,179,93,827,940,797,892,188,92,800,336,201,116,132,213,273,828,346,35,31,580,64,907,112,482,174,649,447,236,42,879,298,366,794,308,659,847,233,945,827,69,634,476,357,198,863,28,777,897,319,642,100,714,49,811,15,553,131,40,158,380,957,639,182,180,193,186,960,584,19,606,261,735,144,797,805,450,797,31,735,183,715,39,925,496,447,40,795,56,152,789,62,888,464,298,145
683,562,991,314,507,271,824,459,340,310,428,882,747,206,170,131,319,980,850,819,562,648,747,547,732,851,203,764,439,507,159,685,477,467,386,703,73,412,778,140,349,848,558,203,811,235,972,993,139,278,363,297,12,398,292,8,877,348,827,409,452,45,511,610,888,401,747,31,77,748,657,515,845,795,684,855,428,349,881,764,511,363,7,430,209,94,308,383,292,19,956,290,699,292,923,896,19,648,700,680,767,143,328,509,666,499,697,821,622,532,453,519,507,949,984,319,694,28,166,881,833,607,595,665,39,911,412,999,991,653,103,827,331,153,44,41,477,942,783,187,187,794,470,157,685,633,191,614,36,794
321,566,994,192,626,775,741,261,578,212,613,360,457,487,549,273,853,401,166,868,404,549,229,701,769,864,532,513,551,83,227,807,561,394,320,811,467,331,744,140,50,530,400,926,924,748,75,118,915,240,950,280,742,942,819,518,456,561,901,534,883,438,407,627,230,942,864,549,526,466,561,355,454,612,792,278,819,50,467,422,336,615,208,277,871,947,337,421,714,468,466,688,128,224,624,932,224,560,498,231,578,725,182,919,777,4,498,239,883,853,101,435,694,487,738,272,527,598,720,948,819,450,197,861,338,452,307,151,483,704,1,452,834,999,482,419,525,368,42,515,674,307,337,232,405,178,706,419,867,35
786,787,209,1016,723,227,309,185,226,975,924,440,778,635,364,65,709,253,448,249,668,704,249,485,430,867,967,606,532,786,211,33,80,614,165,824,785,445,255,976,519,787,829,266,330,614,574,883,829,266,403,930,690,537,144,436,119,203,667,411,418,624,271,147,348,962,532,379,486,254,950,372,904,257,783,141,131,967,49,20,480,104,871,1013,378,240,784,524,84,739,508,938,600,495,12,246,796,511,132,580,810,80,26,9,786,883,390,516,476,1009,65,131,454,435,469,90,454,311,235,74,545,558,717,325,445,768,988,6,161,686,641,471,396,686,204,15,794,955,435,704,288,827,444,947,269,427,906,243,138,455
917,88,370,910,1001,284,45,699,982,568,411,808,75,925,254,78,953,701,895,94,362,22,572,301,345,779,856,319,873,723,1022,222,828,153,174,22,484,854,462,457,954,651,30,895,955,850,798,927,239,153,238,298,187,958,121,686,820,236,744,472,841,559,478,748,949,425,818,72,276,119,843,966,562,26,284,1001,379,495,800,77,174,351,15,350,78,664,463,783,490,139,915,854,34,472,781,10,392,784,25,366,528,143,706,751,186,362,380,958,972,412,300,1018,1022,82,154,857,146,100,522,1006,917,939,334,300,13,254,943,801,392,811,698,407,617,264,276,184,340,693,739,137,158,25,207,1019,750,204,14,138,843,925
513,96,33,237,493,194,425,582,39,175,14,110,201,6,617,521,42,352,430,66,8,254,553,550,79,609,39,233,161,107,33,83,110,843,136,52,366,933,437,42,47,170,73,354,263,30,451,79,591,33,109,116,79,614,4,269,12,66,78,879,101,589,873,76,616,87,842,929,839,105,462,18,481,71,110,227,135,32,7,44,16,192,174,173,207,33,328,97,163,97,171,295,17,79,614,163,489,34,161,142,174,33,102,43,673,111,69,7,224,271,80,487,622,89,1,175,77,622,236,677,175,295,229,66,420,41,353,175,161,33,136,78,39,999,11,111,174,16,97,13,623,997,54,17,45,309,207,783,197,37
81,240,246,702,90,630,104,70,758,118,48,598,130,574,254,188,574,52,24,118,50,604,118,50,596,438,572,126,170,566,118,208,248,118,306,218,176,696,440,248,100,850,572,24,90,120,90,102,48,6,182,150,174,688,630,86,104,594,52,50,90,14,174,48,88,574,536,118,748,50,212,237,542,240,560,86,662,60,702,630,646,628,2,630,54,744,700,240,118,614,562,514,631,30,444,615,632,246,934,626,232,4,602,422,650,86,594,54,630,824,94,86,12,86,90,566,86,340,566,580,118,246,179,568,246,592,253,18,578,122,748,616,598,764,190,126,678,762,566,548,740,247,104,118,50,759,102,80,630,304
23,491,967,768,182,33,256,997,869,434,411,644,932,932,464,877,422,448,583,323,971,422,828,577,297,779,535,594,460,783,786,94,962,778,934,1017,66,1018,860,41,679,599,803,60,930,2,979,771,451,460,871,448,547,297,608,163,451,976,988,314,466,905,854,894,707,940,974,960,421,826,288,936,944,113,947,940,990,310,812,819,947,982,867,487,463,938,916,715,904,422,856,826,561,416,383,998,431,928,967,928,566,645,962,576,976,962,982,823,900,711,930,1017,477,957,803,419,933,972,710,744,464,505,497,833,865,450,566,870,879,547,535,848,308,850,974,582,306,833,401,774,331,1001,281,817,944,790,812,291,317,364
818,647,592,550,194,69,877,123,706,202,540,553,164,199,553,616,109,547,148,170,110,679,970,709,684,706,632,596,769,215,104,288,425,546,164,687,582,320,203,598,183,679,480,417,288,140,620,90,298,162,169,107,679,576,328,706,582,435,580,256,584,50,394,601,15,576,586,203,585,512,170,459,43,210,205,161,202,640,723,674,815,750,582,711,733,747,587,97,756,772,585,704,708,46,283,744,679,727,196,195,544,736,142,877,306,622,544,109,197,559,67,330,181,46,810,622,707,53,579,264,741,192,866,706,835,417,240,201,586,62,773,452,107,240,35,290,676,693,680,549,552,687,613,677,166,344,701,804,597,46
426,708,293,239,393,356,477,426,402,20,939,548,493,484,275,289,352,425,970,284,458,292,558,421,422,472,402,993,43,606,197,293,462,930,36,842,676,449,376,779,480,420,450,351,345,418,1023,428,14,384,335,894,274,330,812,199,837,964,422,556,387,453,420,347,680,892,321,469,506,484,473,428,493,322,428,606,707,429,976,300,845,331,841,609,842,487,865,886,299,420,450,552,970,938,484,386,420,229,285,867,930,453,36,553,682,801,813,481,258,354,378,452,418,778,339,294,481,356,856,581,71,878,68,330,324,268,352,865,997,810,322,299,954,581,970,842,330,356,558,918,940,801,811,486,842,940,330,74,356,0
427,768,823,96,866,396,1004,96,500,1020,96,908,94,78,380,518,96,626,480,524,936,938,108,911,478,190,422,308,896,388,876,892,368,619,780,682,586,939,1003,308,364,345,832,554,622,105,352,398,1012,4,379,908,168,808,303,608,268,316,864,822,0,874,780,480,901,644,292,620,748,938,616,122,864,388,873,294,746,354,880,930,880,106,620,867,259,906,782,14,902,579,992,782,509,812,238,132,486,672,268,880,768,748,410,768,422,796,768,844,768,1002,908,782,526,992,352,876,846,870,1012,236,780,294,874,366,376,618,133,642,864,268,106,864,835,900,515,934,566,906,98,772,440,112,593,782,612,885,302,940,567,192
115,540,1008,684,264,100,739,244,28,772,828,188,236,156,189,948,747,244,562,819,53,706,538,73,47,226,480,765,124,774,232,162,673,868,703,5,740,910,514,480,12,899,44,755,890,172,683,758,772,224,514,915,753,566,362,669,810,720,8,229,4,612,201,752,869,190,246,877,225,292,173,292,124,922,359,3,720,162,867,166,898,6,920,532,681,246,722,677,806,356,237,178,628,550,44,165,748,524,5,7,830,730,365,753,740,98,46,745,807,696,225,546,678,300,806,163,109,5,98,228,611,644,866,100,292,226,835,656,2,540,796,100,679,721,694,98,244,794,134,867,645,104,679,662,517,864,649,194,864,356
881,435,623,581,122,890,453,92,73,558,27,818,451,455,525,277,594,573,459,81,350,525,285,585,79,477,875,487,290,840,243,371,559,919,605,67,819,559,662,317,826,525,156,625,214,906,441,430,269,829,242,58,77,1010,601,694,626,989,55,596,547,50,55,442,540,557,349,981,573,122,368,348,635,125,204,730,591,44,874,827,188,477,459,971,317,315,261,13,730,298,893,737,607,461,461,371,850,861,301,861,556,869,537,460,634,444,699,733,675,977,61,443,94,753,843,947,556,955,363,479,353,826,733,362,121,733,605,963,467,588,831,877,978,883,695,893,500,27,634,106,853,479,498,627,829,812,379,477,731,922
345,314,176,468,442,314,338,836,590,565,17,144,58,346,58,858,58,84,634,76,68,947,124,348,68,308,306,436,314,67,42,76,349,858,358,54,436,84,377,866,10,124,91,554,790,830,40,82,90,308,858,829,67,92,734,340,317,22,274,288,829,58,154,82,310,470,84,62,92,83,250,426,16,318,850,52,314,372,82,150,114,82,116,554,790,58,62,84,62,438,168,351,596,49,74,62,314,374,842,968,374,62,46,308,309,58,82,181,82,402,468,21,58,126,26,90,308,58,340,42,570,305,32,52,36,90,930,506,51,148,298,52,646,58,90,770,42,92,82,154,144,694,82,944,882,10,66,16,84,92
269,427,789,283,259,365,258,365,557,365,365,589,267,273,873,297,813,562,361,331,397,465,361,353,873,869,365,498,370,777,805,426,273,269,359,365,284,381,363,273,800,11,285,257,317,321,299,355,395,877,157,365,315,289,413,781,309,301,355,487,273,259,806,413,1011,365,291,266,282,349,9,171,876,379,333,284,491,291,868,366,365,395,359,275,481,365,270,495,364,365,261,357,173,365,347,361,421,357,427,483,363,449,443,259,409,323,37,499,289,301,127,383,359,378,363,19,298,141,293,283,877,875,338,333,867,365,443,577,73,179,385,359,304,269,285,268,499,325,697,267,665,259,13,893,65,301,701,365,441,355
492,448,356,441,556,962,834,705,433,270,886,522,797,390,830,774,428,448,998,904,942,4,452,838,642,120,861,291,366,326,812,488,96,910,300,136,346,286,620,420,676,101,966,510,966,564,388,562,384,544,759,166,168,259,630,424,792,26,128,834,358,960,430,172,1014,405,480,64,1008,1019,586,222,288,426,486,424,814,810,164,324,416,325,940,326,778,398,910,518,942,143,294,297,96,296,398,562,940,166,482,908,290,268,501,392,628,488,410,280,676,762,498,471,671,340,904,134,834,897,942,488,792,296,823,429,1010,339,452,190,406,130,966,842,4,471,660,104,301,86,326,324,838,848,38,644,104,144,578,200,100,126
612,674,696,412,45,224,148,946,752,153,346,480,316,436,324,48,710,612,448,220,334,626,644,144,244,240,496,634,290,36,110,754,830,652,238,560,728,780,706,740,10,210,996,442,1000,406,452,780,12,968,498,798,672,314,434,782,806,744,673,932,134,692,142,324,250,233,156,734,708,224,156,554,716,798,562,573,752,710,210,14,76,2,641,226,372,798,596,902,701,139,84,368,45,222,744,756,552,62,192,232,902,266,132,892,6,646,218,938,985,240,976,222,710,386,690,140,154,46,864,950,174,152,418,138,225,222,212,230,748,435,198,710,140,949,814,136,198,732,4,264,670,646,42,526,582,822,206,756,828,329
352,263,354,388,921,663,866,337,610,285,459,80,11,507,273,259,992,385,549,48,291,396,13,1020,283,472,263,354,817,993,162,290,306,579,325,252,354,273,442,276,20,931,993,298,459,408,243,419,404,528,49,835,354,791,882,802,948,411,931,145,31,261,364,813,17,12,325,72,556,324,819,1021,260,735,323,944,556,42,244,849,260,291,382,804,416,388,41,0,688,849,413,764,221,506,464,883,556,864,810,176,562,695,722,341,146,490,203,393,44,250,132,250,901,439,460,164,12,684,487,168,204,812,290,414,803,43,434,326,720,460,776,848,869,928,392,955,488,872,985,904,64,971,184,487,324,379,700,475,806,324
161,375,356,87,135,297,457,248,417,211,36,323,129,65,287,331,157,299,198,260,417,193,130,77,95,682,876,167,868,997,445,738,429,65,1012,486,447,283,219,321,647,387,201,272,771,318,358,395,877,412,385,175,337,863,113,129,319,810,117,371,645,359,129,261,219,722,369,130,403,471,75,313,101,163,417,201,83,203,657,222,231,462,487,503,242,292,64,334,265,367,337,458,335,386,407,297,403,430,238,271,229,451,320,681,399,87,279,361,66,247,87,166,362,915,403,135,269,87,236,131,309,265,261,357,383,88,1001,553,644,337,932,287,214,351,613,409,409,299,199,968,1012,393,431,383,441,300,197,756,384,201
170,550,624,817,994,288,803,239,648,776,328,704,768,776,648,876,878,782,422,421,380,640,785,862,746,968,664,625,12,840,939,888,769,878,563,519,624,940,768,896,363,560,878,784,782,752,958,744,682,772,13,263,802,747,872,626,610,519,704,870,784,698,974,276,856,362,600,963,434,871,640,74,641,592,841,930,779,840,584,872,487,846,814,263,361,512,952,207,699,622,930,768,824,766,569,840,774,807,812,850,878,1014,606,696,875,869,520,903,198,773,892,882,910,418,768,934,4,490,38,513,808,883,896,256,624,768,974,649,930,366,581,878,972,582,740,70,833,788,398,882,592,938,334,482,1003,874,768,910,785,1003
10,332,146,388,12,336,30,238,42,614,528,40,36,4,658,294,418,160,0,158,5,166,388,548,24,364,414,40,196,96,14,752,266,905,872,20,576,112,12,622,132,30,145,548,388,564,97,964,366,736,70,166,406,20,576,176,420,40,862,30,610,934,570,642,30,36,546,328,862,642,488,205,82,826,360,433,200,460,10,526,360,676,4,68,943,104,32,12,344,864,896,96,24,416,576,354,12,562,532,42,40,114,54,194,40,108,558,408,396,232,968,416,584,140,658,862,24,710,366,32,904,4,512,4,202,752,554,40,4,776,350,552,148,34,148,494,332,570,592,878,166,584,5,136,676,32,388,46,514,68
938,170,263,422,60,440,396,88,278,306,126,804,467,120,31,362,56,910,932,384,854,608,100,496,898,419,998,437,482,154,614,260,471,452,251,664,352,234,448,276,109,106,418,956,12,337,168,998,133,498,832,368,738,839,803,42,832,884,572,398,490,421,908,452,122,400,496,426,832,48,234,194,262,482,172,768,452,118,306,290,470,684,170,375,185,276,832,116,546,332,882,398,374,13,1008,346,551,1007,682,224,300,448,932,918,72,388,482,608,102,998,322,224,196,507,92,56,758,868,778,851,158,740,168,748,352,70,156,484,468,256,324,512,76,536,616,42,418,680,353,342,336,316,880,124,12,136,359,1006,416,953
755,683,164,882,867,831,736,942,697,188,667,336,179,957,413,725,562,727,1022,247,962,957,868,715,755,989,220,178,702,394,951,959,395,723,143,653,742,227,245,645,647,175,971,753,567,413,988,155,751,155,645,567,669,371,901,955,682,760,747,695,975,531,755,1019,243,923,978,668,165,217,703,1007,755,662,513,707,670,137,909,716,741,685,741,529,926,1003,683,742,242,985,667,530,727,1022,693,786,754,249,827,811,699,887,235,167,566,674,159,751,211,780,695,4,517,1022,687,967,184,992,155,30,780,495,985,797,722,954,35,171,684,528,759,720,743,661,740,957,739,698,491,744,743,725,185,275,692,991,637,211,685,853
484,248,1014,766,807,766,24,785,920,745,957,243,114,411,758,1013,537,366,1014,727,196,730,863,1015,450,412,859,758,887,603,986,801,476,986,472,530,260,79,794,1008,450,441,866,744,864,240,521,588,854,1016,888,18,544,1013,863,943,1012,791,922,722,567,849,822,112,968,369,498,246,883,613,464,656,766,367,610,994,509,643,621,859,695,821,978,936,886,938,242,476,504,927,584,715,633,765,936,498,187,194,565,639,120,94,746,965,852,760,886,746,994,760,18,505,723,412,592,584,856,586,567,758,567,857,370,557,704,848,1014,1015,886,831,954,164,959,895,632,920,763,1015,818,502,514,152,944,567,902,641,223,714,102,837
209,23,247,52,489,135,609,49,675,76,417,479,525,516,283,230,523,657,69,101,160,57,377,193,426,667,129,716,360,961,389,709,1007,121,926,562,872,739,133,475,935,531,883,413,988,69,945,489,546,970,490,743,457,333,275,47,405,115,1003,843,263,271,175,282,387,879,857,959,209,797,775,559,531,897,479,459,389,591,275,674,491,970,495,931,495,771,671,39,241,104,611,405,766,1006,563,495,196,1003,9,910,707,627,347,169,556,197,105,495,389,957,19,457,759,370,491,821,1005,47,811,94,768,225,517,328,559,509,259,596,197,59,453,161,69,225,32,495,249,367,405,1007,1023,325,92,619,485,695,923,213,497,17
148,399,259,861,21,9,431,83,83,56,321,124,859,76,899,397,890,598,386,30,7,687,67,395,451,28,105,537,381,837,15,85,427,388,707,69,68,0,432,526,234,83,399,476,3,101,203,412,275,947,335,260,79,267,675,127,196,253,317,396,221,71,92,151,93,321,95,911,578,936,615,376,587,675,83,88,325,100,405,413,845,462,903,386,13,40,3,483,392,0,1004,74,67,412,211,5,5,7,779,436,189,412,475,364,283,3,77,36,71,388,388,78,386,100,82,387,3,223,962,83,394,124,43,201,100,396,467,195,77,772,53,438,265,987,909,597,91,932,430,478,61,519,857,69,75,456,153,395,211,323
541,159,572,859,842,915,603,531,464,727,413,907,726,793,843,605,243,221,963,503,795,655,594,451,316,863,411,643,859,971,473,962,539,669,67,203,149,603,859,531,597,413,861,903,471,597,581,4,24,667,29,681,975,605,925,149,284,777,859,857,605,629,195,528,779,475,583,793,688,851,287,195,987,391,221,650,728,81,719,768,323,981,16,537,975,613,475,973,268,931,599,1003,533,221,823,89,605,921,479,603,971,784,797,779,605,467,451,855,794,991,605,558,415,23,334,600,77,477,456,835,987,91,799,131,479,713,520,7,961,72,477,217,856,711,393,695,41,45,921,649,975,879,971,72,475,81,776,985,856,841
98,453,596,846,954,235,614,958,738,188,706,898,8,67,954,200,890,843,930,906,60,526,878,706,870,844,910,250,762,218,764,797,1016,730,837,874,248,442,760,754,634,4,766,108,866,754,433,853,844,874,178,873,586,875,586,925,960,893,894,843,651,941,253,764,346,606,242,452,869,878,894,636,746,994,706,880,874,756,878,234,831,1009,861,746,873,163,826,843,242,796,904,847,949,945,899,866,889,798,878,836,186,209,622,1021,248,254,235,121,809,954,1011,577,954,862,952,368,838,715,893,250,866,764,875,630,137,230,626,1009,700,1011,98,18,202,224,1021,958,748,813,746,236,188,410,738,626,815,917,740,720,746,702
582,705,519,849,515,839,129,897,209,49,838,833,159,129,833,329,193,487,135,815,623,321,1,129,193,193,839,529,615,33,3,160,832,180,187,771,135,327,817,327,839,1,845,974,192,421,839,209,0,839,193,783,129,848,791,257,527,841,839,705,705,885,327,144,913,343,275,961,598,199,785,177,257,848,641,897,719,257,707,897,833,833,1,896,963,327,129,842,583,913,1,640,896,327,17,196,887,321,853,258,583,833,308,839,65,257,887,65,7,345,1,653,851,135,7,775,262,151,865,578,898,331,93,327,355,846,62,631,193,839,199,513,961,836,961,7,193,577,199,193,769,0,386,199,833,897,1,323,583,897
463,455,583,907,652,192,835,9,372,881,781,832,202,988,365,455,180,178,75,404,772,971,193,206,70,388,738,261,13,707,118,139,61,450,458,81,217,366,10,628,27,459,709,329,114,135,834,337,451,470,274,462,0,58,909,481,29,175,69,640,219,208,462,207,415,156,0,592,802,969,707,146,147,588,326,463,502,28,454,65,385,978,205,578,587,585,27,174,120,58,349,443,455,582,125,730,66,448,460,583,185,385,258,502,666,582,701,456,450,408,771,492,454,450,66,450,195,461,970,271,317,66,454,752,394,156,70,70,777,435,450,579,897,372,128,456,687,476,209,892,140,387,68,835,754,462,579,472,482,221
875,247,134,330,198,728,530,87,339,952,230,693,664,433,817,635,607,144,852,470,815,355,273,600,451,785,597,215,888,984,183,529,1016,596,344,762,855,416,458,832,470,423,12,99,414,583,679,579,1009,468,695,854,295,410,679,850,21,305,294,6,167,119,498,660,664,136,527,562,177,968,340,167,847,824,673,602,913,437,138,168,207,180,302,692,408,199,288,850,127,743,848,323,821,807,345,180,807,684,7,304,457,711,67,407,334,727,463,339,423,145,339,853,504,660,528,304,440,298,176,464,437,87,496,469,228,143,679,395,423,150,144,647,679,885,900,119,511,423,139,1014,324,663,840,560,439,262,437,979,785,358
938,307,661,835,981,762,717,995,373,93,606,91,314,649,505,509,851,329,396,69,745,93,989,58,475,26,274,964,989,729,857,923,285,635,378,41,131,411,426,913,921,443,443,927,403,565,466,754,120,274,475,407,113,756,466,363,755,494,499,925,115,83,689,243,117,499,739,1004,533,211,498,485,355,29,601,727,743,509,101,725,626,413,50,498,82,125,125,29,499,121,364,569,443,85,537,602,275,464,733,911,155,53,439,19,624,111,615,499,27,511,851,409,125,105,978,123,925,221,406,425,634,639,97,87,491,278,634,276,755,637,986,875,248,110,1013,889,58,131,765,857,733,281,427,466,54,923,363,221,539,145
567,868,502,55,759,884,891,758,630,614,736,1005,224,372,820,679,692,624,888,616,886,304,625,564,688,662,884,747,886,501,334,615,630,566,835,886,1015,485,767,485,881,1014,1014,576,870,746,863,742,118,886,630,582,576,758,776,630,758,791,432,884,754,503,743,815,230,759,618,118,884,839,1008,118,886,759,500,887,886,631,614,756,758,614,754,113,663,628,52,678,692,750,249,1012,609,756,980,154,496,881,773,870,656,740,752,912,866,944,576,624,578,624,232,822,679,887,882,886,609,758,560,416,884,792,752,496,758,502,877,624,608,103,436,102,887,752,628,688,919,948,880,119,759,759,608,1014,759,614,880,176,713,630
415,426,426,157,67,450,158,94,445,394,14,110,202,445,475,446,232,42,878,107,93,246,159,106,871,222,840,89,188,216,204,664,414,31,82,91,440,442,78,232,424,778,414,445,184,572,138,605,520,93,239,158,31,495,828,2,125,219,40,47,950,792,72,110,811,733,618,25,95,411,67,415,70,40,475,219,799,44,936,408,88,778,158,827,412,797,126,442,411,424,616,792,648,895,45,942,490,898,491,107,188,108,893,446,872,510,413,830,411,190,157,863,126,318,797,79,477,432,2,414,434,42,46,158,429,411,110,797,72,11,429,893,169,793,476,72,174,152,13,234,474,253,408,446,444,541,286,450,75,58
50,281,220,790,890,935,278,296,216,378,656,442,316,677,393,242,314,368,318,120,953,537,511,376,1020,89,504,886,306,582,628,1004,313,984,1016,442,377,468,570,310,988,755,712,380,570,890,892,884,890,773,1020,344,372,954,435,877,826,376,428,428,126,636,570,265,524,356,706,666,174,766,824,628,1020,1017,896,506,270,438,475,636,854,764,296,443,762,565,177,396,991,690,112,819,826,888,120,1020,898,1014,1020,563,958,376,475,422,1020,380,125,886,498,986,348,445,185,313,636,632,565,634,376,849,900,376,676,160,569,638,186,501,888,954,830,634,508,504,638,438,731,539,377,276,376,318,569,764,208,736,26,968,42,720
680,908,495,456,180,651,421,429,749,186,703,874,443,467,909,750,230,139,442,462,198,250,651,684,722,139,420,654,489,282,133,581,804,991,686,553,814,332,546,455,398,654,669,230,651,218,506,839,206,67,879,373,482,202,858,714,779,347,778,173,878,471,940,685,933,474,397,424,974,610,142,899,202,172,453,794,454,455,714,210,680,478,998,717,358,136,651,362,654,683,223,839,98,823,474,214,870,485,779,682,268,683,189,438,457,847,712,3,421,650,442,338,317,648,710,810,750,346,425,288,153,878,805,202,474,201,389,712,669,689,854,235,462,522,219,641,794,839,683,533,172,489,505,326,644,671,297,687,718,17
779,600,787,891,337,855,153,347,88,119,587,857,984,832,849,743,23,838,843,467,28,202,90,219,218,787,869,449,27,836,27,8,450,91,346,275,773,505,122,526,876,43,555,479,830,255,842,395,473,799,219,792,184,969,824,217,631,263,19,219,638,408,178,147,784,788,481,203,603,791,874,883,821,731,527,154,15,523,9,457,120,525,822,600,772,502,586,870,233,688,841,616,279,76,263,216,857,803,344,779,122,831,779,832,602,207,219,79,794,89,811,137,532,860,889,3,582,223,807,171,786,849,854,667,793,794,753,145,954,106,563,280,832,601,136,595,820,555,243,9,627,891,791,776,629,833,504,472,843,547
611,1005,556,318,432,491,526,475,559,496,46,621,411,621,671,654,745,612,589,655,395,617,749,22,430,440,952,35,972,748,77,40,444,1022,621,695,573,211,892,510,426,930,423,527,426,417,488,399,413,398,9,429,480,622,557,42,13,696,741,237,319,1001,526,887,1006,426,737,292,399,969,412,573,687,500,47,443,685,549,949,557,656,575,670,889,100,469,572,57,621,655,428,527,876,867,447,424,413,621,444,427,493,554,468,428,716,942,573,748,713,863,430,700,52,86,37,523,665,559,543,736,926,494,56,63,630,604,507,590,617,47,426,494,61,749,558,526,259,527,585,621,723,126,409,526,44,277,620,630,653,655
1006,361,979,246,698,712,994,362,187,206,954,739,330,747,985,695,917,547,489,115,1003,985,362,490,985,458,1003,495,444,1003,482,742,970,379,321,456,711,642,202,954,283,995,271,809,584,360,34,137,530,202,874,938,393,849,970,9,918,921,483,226,757,230,872,660,970,318,458,1002,382,488,746,283,482,736,493,353,98,937,427,510,434,766,990,664,307,163,105,726,2,489,608,762,1019,987,954,330,334,745,382,266,459,362,826,891,497,576,146,194,178,154,38,842,323,644,470,331,997,968,738,712,426,992,494,747,488,795,446,809,637,349,962,827,186,689,235,737,474,226,969,443,490,282,167,984,235,698,937,139,905,526
440,824,700,872,824,120,628,889,954,872,936,630,952,820,820,507,772,440,116,176,812,776,48,56,889,305,824,872,634,440,488,890,873,828,841,936,828,312,56,124,824,830,489,808,824,456,996,872,318,436,392,868,56,844,880,24,280,432,432,506,70,446,60,416,44,588,564,960,888,56,890,200,772,816,626,56,56,60,36,8,245,392,506,122,440,494,128,88,828,129,776,816,824,704,796,824,122,8,870,440,444,392,168,48,264,114,572,510,952,996,1008,572,808,48,891,40,680,1013,292,444,872,428,178,440,895,830,828,32,808,440,828,868,626,322,496,737,824,38,790,369,810,872,782,432,824,442,848,496,480,56
751,841,67,298,630,749,303,15,282,160,43,203,225,395,363,683,174,494,670,571,616,299,131,425,1003,917,686,259,119,231,239,42,73,651,27,619,643,365,651,643,684,729,695,6,744,1000,698,675,683,739,317,715,341,619,363,693,265,169,156,225,403,694,591,667,749,59,107,379,520,270,75,507,35,493,236,766,537,319,523,293,730,751,748,1003,155,291,293,299,747,225,709,444,745,394,699,175,46,939,975,283,519,363,299,827,799,705,31,345,618,409,483,361,297,731,364,231,722,398,300,158,666,237,12,73,745,158,683,299,929,41,715,427,287,715,202,674,362,206,745,330,442,646,283,939,46,102,46,818,687,27
527,453,929,806,508,501,175,398,910,335,393,899,783,351,204,519,447,39,573,911,791,581,612,575,581,639,51,807,443,31,241,113,655,830,134,877,931,509,229,781,955,525,697,934,75,942,910,207,823,509,143,453,183,497,876,216,558,51,868,525,431,191,391,372,398,477,886,198,574,718,886,947,30,981,572,871,847,821,499,286,805,566,848,1,943,704,581,947,14,526,817,14,803,461,431,6,253,868,1006,574,823,167,50,1011,750,893,77,415,196,190,509,25,767,759,885,973,355,113,967,509,501,304,191,475,751,15,141,116,259,764,878,97,13,438,170,829,305,408,191,814,837,833,205,561,799,550,369,805,29,823
1023,959,301,575,893,509,511,767,373,509,509,732,703,173,445,889,861,910,893,247,575,381,431,509,767,479,687,380,1005,394,286,997,286,365,511,1023,119,831,958,547,674,207,367,989,511,509,301,455,703,892,135,434,719,175,761,958,301,588,175,431,895,253,755,1021,895,445,1021,880,399,227,765,877,509,719,332,431,893,893,893,253,511,561,883,497,755,325,814,509,895,462,245,814,815,931,1019,639,509,253,144,846,765,447,509,765,741,892,167,457,798,943,107,623,207,829,1014,339,253,253,190,511,125,759,767,418,891,1005,748,893,1020,699,888,546,1009,897,675,125,1021,893,429,269,383,894,62,1021,1023,813,831,373,237,767
148,385,210,94,375,118,577,347,449,789,669,388,590,310,961,918,304,540,839,967,196,327,278,939,976,129,260,263,326,333,1015,321,190,767,724,934,341,792,801,630,325,964,662,339,719,326,334,327,859,582,974,65,321,1015,970,351,260,529,279,279,946,197,370,918,572,862,341,937,337,1021,851,439,195,358,337,306,107,831,1009,580,347,372,379,967,983,644,560,598,967,967,326,595,835,819,343,826,324,294,276,882,598,256,327,771,955,310,742,373,660,718,67,996,652,1013,379,282,756,950,727,734,198,263,278,128,308,211,668,901,18,366,11,902,218,759,908,467,722,17,982,209,599,61,653,276,311,767,660,607,560,826
344,499,457,415,32,412,205,392,174,906,201,897,47,68,397,415,481,973,484,500,314,394,911,216,467,210,398,215,13,164,173,14,427,201,20,158,397,871,396,440,772,394,296,142,463,1006,11,140,986,411,963,460,476,396,13,483,224,271,45,867,970,225,417,145,480,392,414,28,478,141,425,206,495,78,398,115,397,553,462,315,742,263,483,38,393,499,409,396,421,478,105,141,494,5,350,480,78,201,397,121,278,11,387,474,388,764,350,327,419,443,406,660,161,201,496,14,136,409,11,161,185,71,396,386,94,142,342,459,285,463,346,420,12,52,177,12,392,33,332,353,268,453,397,97,415,451,41,10,933,270
570,936,922,513,481,598,769,702,772,914,59,668,153,549,900,935,649,746,785,977,556,898,451,855,568,1017,849,514,744,0,512,531,672,623,993,712,652,515,623,768,569,0,555,411,768,512,512,1007,949,652,640,648,832,496,513,913,576,843,565,824,911,770,704,532,512,1020,297,918,711,574,566,856,904,726,567,622,46,568,751,843,768,510,3,627,859,1015,136,584,895,892,527,623,911,1007,580,676,529,974,896,731,665,184,720,278,704,967,886,234,359,896,703,819,855,618,3,913,960,658,850,521,209,780,1011,657,774,822,692,794,999,939,643,618,737,1015,768,978,680,512,584,644,897,704,518,533,839,977,441,268,649,727
132,373,464,98,84,146,272,169,398,168,132,1005,321,772,187,249,260,457,892,180,339,452,645,448,900,848,225,249,83,263,870,146,307,319,255,447,62,228,96,454,475,809,134,38,353,859,75,260,105,175,963,294,376,131,376,383,389,104,35,130,210,66,210,85,132,272,137,24,195,18,146,357,197,69,150,869,130,211,226,957,388,204,594,326,801,147,132,786,475,148,128,90,150,150,711,179,963,66,786,17,191,826,134,191,456,594,237,267,530,339,388,70,4,325,444,707,724,293,261,577,482,208,256,68,314,709,468,208,63,194,260,69,133,169,806,54,132,0,195,52,257,275,4,338,323,257,105,1020,128,150
688,879,249,588,753,880,710,94,571,746,286,623,617,667,876,537,869,597,695,368,25,831,546,177,390,825,833,248,664,655,26,96,526,613,560,545,902,688,825,637,592,865,908,817,734,616,925,622,945,136,637,396,790,733,825,35,869,366,357,553,869,893,69,412,518,662,708,825,633,426,642,870,831,726,993,733,234,806,630,599,610,290,610,142,752,718,806,1001,689,1007,664,648,922,898,845,761,561,582,552,763,945,688,729,929,857,952,610,666,546,719,34,299,232,925,912,634,840,644,958,343,936,888,513,121,999,867,61,760,781,901,90,199,478,581,816,825,625,752,217,975,547,650,365,889,817,537,824,908,291,380
104,615,491,132,277,209,325,875,327,262,71,668,292,896,480,447,348,478,132,597,168,298,739,133,545,37,251,263,14,881,261,512,266,991,388,644,135,213,7,99,114,175,379,480,342,320,353,316,772,772,45,422,316,132,103,431,0,177,303,710,279,321,917,50,773,985,498,164,1015,364,660,149,332,245,673,368,380,261,280,693,418,581,97,189,50,828,341,416,316,99,211,279,324,97,134,503,307,484,210,341,111,657,75,255,132,199,850,315,715,213,86,652,927,668,40,289,804,322,254,172,300,279,236,69,195,160,575,341,117,37,302,975,517,335,142,338,114,177,255,324,186,878,151,134,900,90,427,472,294,911
412,690,102,563,610,189,946,678,107,970,938,302,764,76,81,10,402,985,226,438,954,242,30,216,433,45,354,730,553,484,610,1019,413,31,638,538,549,994,489,3,528,474,442,115,926,409,646,569,930,638,552,30,902,986,497,57,180,630,913,638,382,41,318,1018,443,505,582,497,842,977,569,104,218,574,466,482,949,958,576,222,577,641,832,570,374,975,121,438,36,112,985,82,121,926,469,986,609,926,323,414,894,546,65,578,633,58,310,870,613,457,367,489,82,542,585,105,525,970,677,962,888,230,515,826,481,574,748,489,261,122,442,888,985,109,819,122,542,498,929,877,508,632,812,122,929,499,297,841,925,654
902,384,545,321,321,872,1020,1020,793,833,871,889,835,175,679,643,275,695,771,320,564,867,741,320,962,178,595,520,835,885,428,995,835,547,932,423,564,914,871,1003,940,779,268,835,336,43,320,228,138,947,354,678,368,516,623,888,323,420,836,796,227,854,104,259,913,138,868,7,386,995,834,321,709,164,483,736,421,848,577,401,555,839,381,172,865,320,593,736,653,673,32,775,352,224,752,824,931,196,866,657,525,260,670,494,514,710,883,711,290,579,55,444,877,704,896,604,322,532,75,644,577,918,933,533,724,977,466,132,288,616,677,764,262,774,579,101,203,850,7,883,624,995,292,598,710,646,351,645,866,741
213,87,19,900,876,272,317,374,92,471,925,343,9,804,443,278,17,443,511,71,828,508,113,116,509,284,892,304,48,553,1005,92,187,348,308,476,188,597,112,395,245,116,61,314,882,380,127,476,223,284,860,2,126,271,84,59,60,433,153,476,963,124,29,108,125,508,51,327,364,876,988,273,411,402,522,171,508,508,478,92,106,468,122,85,254,489,502,451,502,75,308,87,510,12,252,476,717,460,324,840,29,94,508,922,162,873,802,443,509,515,216,417,961,81,245,724,983,40,505,109,444,350,1021,990,508,383,796,308,733,587,501,373,324,989,275,313,125,595,48,411,991,71,899,100,380,709,246,988,85,508
545,567,743,611,774,1016,558,751,961,881,876,934,593,595,838,619,804,123,455,535,797,566,1011,18,821,573,521,572,801,800,607,934,915,625,448,942,648,694,843,304,6,745,550,806,629,1000,528,998,700,539,684,566,704,166,1015,558,960,841,166,641,747,695,962,463,566,820,656,310,873,685,678,572,293,756,624,900,824,633,667,253,831,534,942,829,676,542,778,282,556,115,802,940,694,955,315,660,737,374,995,931,944,543,116,633,700,878,657,488,552,518,684,951,310,703,817,944,536,627,644,764,897,657,710,545,977,731,661,627,291,557,873,869,1016,884,543,948,846,310,566,404,44,641,774,548,693,684,692,786,97,849
545,154,998,208,498,309,306,306,435,113,247,213,688,94,220,925,245,3,229,893,159,326,116,349,183,823,841,241,178,179,314,502,476,922,853,36,931,664,353,18,244,312,231,244,117,659,234,290,463,379,472,511,402,355,282,364,176,255,210,213,304,284,117,181,1008,373,212,373,224,725,358,261,501,258,180,356,244,733,561,607,222,827,117,926,286,181,26,230,212,284,499,249,244,456,437,213,178,118,556,241,788,250,181,227,194,759,534,340,459,502,281,1008,938,221,181,186,150,480,853,373,419,246,733,29,212,927,209,625,245,226,4,218,258,224,58,267,152,485,853,330,280,990,228,163,372,318,324,254,62,67
391,94,104,968,810,312,667,407,472,296,104,883,968,439,310,73,304,49,959,1002,489,416,910,261,83,265,791,822,934,307,117,932,590,910,567,314,889,257,119,288,783,32,14,798,734,491,974,862,137,243,729,616,692,992,359,315,844,835,808,798,51,929,639,1021,676,19,5,414,255,286,108,403,267,271,53,100,997,118,533,41,407,791,988,33,471,954,520,419,923,522,40,119,379,783,46,92,296,73,924,414,411,974,1001,730,241,421,773,266,818,397,10,808,340,771,417,87,931,725,295,377,795,845,78,727,58,837,763,296,829,296,36,436,47,93,193,988,906,521,980,810,416,457,417,983,714,933,721,69,489,655
7,670,372,460,1019,905,162,868,923,9,436,60,23,351,943,919,370,230,644,318,943,497,47,139,365,962,27,672,957,350,265,667,848,402,1021,59,338,519,853,790,214,570,457,843,869,839,155,76,1004,59,393,173,534,345,354,342,941,510,487,336,776,679,969,815,68,752,982,747,1023,764,798,443,932,303,913,261,980,73,324,756,1019,1017,1019,603,859,525,470,391,468,468,969,535,649,924,1016,791,6,845,22,377,619,1020,749,303,966,347,60,351,952,155,1023,964,322,286,678,507,8,838,16,517,445,1004,152,379,59,126,776,4,628,542,516,182,336,5,363,924,771,408,914,11,935,332,996,377,368,137,578,142,977,959
875,86,657,5,364,193,310,561,930,480,142,144,485,453,243,881,74,966,765,185,237,142,13,540,134,93,695,53,524,242,65,118,72,513,217,558,248,420,517,157,460,402,838,186,53,291,568,65,35,618,242,21,498,922,94,721,840,965,176,67,216,122,650,667,901,531,553,453,494,740,942,545,451,473,496,65,490,844,217,632,53,492,440,137,580,555,419,84,869,423,126,879,875,440,286,695,5,192,274,619,259,579,99,430,812,574,590,120,677,501,521,68,126,58,449,652,709,530,121,626,529,922,209,495,392,688,705,197,117,558,243,478,572,37,460,428,122,641,614,201,81,547,483,106,43,1005,130,542,459,641
65,193,971,404,328,93,675,441,713,587,108,686,358,872,643,907,479,565,482,490,695,564,183,554,561,617,573,426,598,66,591,501,757,154,697,746,703,511,107,682,249,30,696,409,457,728,335,650,402,733,323,549,317,490,745,233,82,444,578,100,569,485,96,997,124,699,405,479,463,867,569,857,426,554,509,740,99,789,124,548,645,17,514,534,405,454,534,147,517,545,733,249,16,233,561,235,939,742,31,43,747,251,360,413,686,177,465,157,121,543,734,385,285,22,505,477,481,572,618,737,481,97,854,81,509,163,550,490,374,401,644,577,555,257,541,418,117,634,484,797,578,865,500,481,481,22,285,272,540,137
948,207,26,724,997,704,980,58,1001,758,44,767,964,43,3,180,24,678,7,713,58,966,583,957,190,678,503,182,655,965,453,488,440,7,672,236,469,511,756,133,966,246,980,273,1015,957,52,757,313,47,550,740,344,325,373,16,742,926,918,751,125,192,679,959,439,276,757,936,437,745,701,523,324,281,693,740,501,61,814,617,920,353,697,19,8,998,969,953,473,125,921,16,537,388,20,609,567,727,648,29,528,69,708,724,4,713,961,60,969,332,419,938,15,741,928,468,997,38,747,692,480,23,726,259,384,823,692,4,837,132,981,131,683,559,509,731,19,641,330,117,364,631,708,127,9,451,43,329,50,637
164,138,408,774,398,619,1016,459,295,952,84,59,418,614,125,508,498,61,1011,417,123,614,407,62,591,384,635,400,949,783,88,335,303,1005,416,472,28,387,10,395,635,505,594,25,629,68,395,57,335,73,671,155,632,386,191,75,166,732,32,607,963,421,412,395,472,503,545,141,508,730,436,461,57,594,153,425,798,456,395,240,412,390,415,77,420,394,495,419,93,481,618,14,399,974,384,669,288,95,69,440,78,291,357,206,591,933,344,588,287,35,825,634,601,394,664,65,98,397,140,84,430,152,89,396,459,166,777,73,91,166,270,581,686,30,28,28,797,825,761,540,432,82,395,588,934,509,390,140,244,598
843,850,392,471,223,134,461,86,575,604,963,714,500,555,392,1005,544,355,386,151,904,660,431,459,75,216,538,628,200,589,986,501,22,720,538,873,884,681,819,371,239,726,968,891,447,1019,833,575,992,48,538,73,540,973,279,952,1013,402,635,907,72,502,214,882,988,394,29,435,200,544,15,25,1010,65,873,392,887,579,976,621,891,392,884,863,228,731,842,425,388,970,867,879,819,360,221,970,860,741,586,291,986,1010,541,26,184,411,520,992,536,402,22,26,971,882,562,672,154,964,343,984,745,763,26,59,102,520,1010,409,735,55,413,185,1016,36,147,138,109,1020,45,1016,966,1011,541,557,627,867,968,193,435,480
311,59,604,182,794,588,661,173,567,441,275,470,808,176,136,448,512,887,183,840,790,979,184,191,296,679,182,616,450,319,830,283,227,567,247,214,964,751,808,516,556,877,575,165,759,296,869,986,211,962,166,274,790,530,807,128,154,147,490,151,168,531,626,936,250,598,659,250,848,967,872,165,983,608,303,290,583,872,475,840,109,868,450,102,307,772,265,283,324,854,311,3,307,519,225,155,267,458,467,260,298,666,186,968,172,185,895,549,181,128,936,552,263,452,863,331,427,859,826,480,549,793,837,176,831,313,604,187,132,173,293,173,845,173,149,173,429,968,767,868,182,774,826,315,91,658,599,150,125,989
241,118,419,948,225,237,440,692,886,241,978,720,283,310,675,524,107,805,969,100,612,948,998,723,980,138,557,982,293,249,402,978,427,974,54,338,876,1012,539,798,470,41,226,595,820,660,304,987,35,1009,969,26,666,181,397,362,935,132,596,625,478,21,738,740,997,973,977,840,656,20,969,433,364,875,535,340,987,306,534,288,47,996,369,997,916,101,423,265,294,715,997,996,916,1004,571,283,436,978,258,978,19,45,54,997,21,6,549,12,997,235,305,390,366,1017,3,117,0,438,299,258,710,964,594,987,914,54,1013,448,36,761,438,292,937,1011,501,137,988,48,531,148,372,192,999,49,745,18,651,35,50,978
82,754,668,659,890,325,686,18,612,882,722,124,516,429,585,574,6,920,542,56,773,678,6,612,550,602,633,665,632,518,600,540,282,250,606,554,539,302,669,308,91,206,533,125,250,638,412,584,597,760,1007,42,101,122,432,537,205,230,472,19,668,536,426,378,644,540,924,656,727,228,680,580,926,267,773,1018,460,286,14,901,542,27,760,250,806,12,609,390,620,536,261,646,555,142,34,638,626,152,802,611,534,57,406,548,581,381,490,325,902,979,540,774,668,405,634,752,30,46,741,646,230,666,536,289,581,554,540,870,636,306,255,609,316,633,666,30,742,252,766,514,438,640,680,154,542,642,613,738,228,230
61,916,1010,403,701,197,485,440,1021,404,262,481,276,745,834,262,481,531,411,368,484,979,487,417,238,406,250,403,357,302,246,485,933,505,901,387,114,378,405,500,21,1003,486,296,250,233,864,170,920,995,917,453,474,931,1003,1019,466,133,874,421,885,30,790,67,910,133,395,62,405,218,389,422,389,926,395,917,1005,507,1019,498,912,915,162,458,229,992,981,899,477,786,413,763,402,741,222,26,411,413,226,408,358,1021,747,278,1000,266,1016,555,422,418,763,997,389,473,899,134,997,1009,685,18,186,483,818,897,874,251,1002,998,893,763,992,762,1010,261,795,284,417,469,413,170,155,997,1005,655,454,943,379,189,973,480
637,13,352,67,298,524,605,778,603,554,622,587,298,45,634,591,303,827,98,51,579,563,42,522,43,21,21,739,539,583,585,637,35,99,79,591,42,378,626,547,243,732,165,872,531,101,845,237,555,321,485,77,94,997,838,75,361,98,581,527,970,813,821,810,163,493,236,267,626,553,171,844,790,556,930,697,27,592,360,42,579,578,43,12,593,331,557,623,580,778,13,33,577,538,858,64,69,585,364,701,85,559,53,81,555,296,23,31,621,554,93,555,460,15,415,531,41,591,517,527,517,858,145,75,837,781,34,33,102,971,571,517,516,768,863,284,314,524,587,43,75,846,1010,589,75,45,554,580,82,40
981,742,666,64,541,951,861,800,107,687,913,431,1015,504,942,261,666,730,986,717,862,862,426,431,810,601,714,937,12,297,945,705,554,191,825,778,556,952,969,176,1002,729,602,682,344,705,898,194,589,52,369,825,557,223,921,938,194,586,989,833,753,952,122,136,786,687,662,705,767,945,801,894,538,733,794,761,505,819,941,463,515,985,826,516,680,569,953,941,681,773,538,343,785,727,745,937,254,815,728,991,706,530,938,706,787,810,493,32,946,38,762,154,810,223,218,682,762,685,986,972,922,834,640,425,602,987,607,602,554,202,601,441,548,762,986,573,669,809,1023,553,246,625,969,810,922,976,991,904,601,811
302,38,272,522,106,27,321,360,377,121,10,370,126,551,523,520,520,488,598,632,576,555,882,178,78,120,260,613,785,14,0,55,625,524,15,112,267,809,16,376,523,528,12,360,614,366,212,14,609,874,102,264,878,475,552,154,107,266,620,270,618,328,876,395,280,380,270,506,561,360,12,578,800,250,111,1,382,776,328,376,272,281,382,69,378,110,782,583,345,768,537,270,270,374,834,377,782,112,392,637,632,808,264,92,50,272,618,554,8,271,766,513,299,526,273,510,298,367,362,277,837,10,17,138,840,267,516,554,122,112,137,520,26,619,782,635,377,22,275,298,466,65,40,364,798,254,24,126,340,105
253,456,835,251,120,931,229,3,891,191,211,971,131,528,371,205,251,159,224,211,440,87,382,1,229,100,77,6,608,155,231,232,124,246,968,473,962,955,1009,50,958,133,94,225,367,669,131,195,247,555,1011,141,451,0,133,123,133,200,499,105,231,700,4,39,220,791,83,121,129,188,949,160,131,912,141,488,502,253,243,915,543,161,99,140,198,251,67,20,663,185,83,698,755,225,126,313,161,219,923,3,749,142,253,328,249,733,124,986,229,877,133,896,244,189,1013,134,368,645,774,251,483,507,651,217,101,164,243,824,247,464,195,195,132,28,481,129,136,952,977,469,199,968,134,107,122,157,227,211,487,75
494,873,140,185,157,241,665,220,290,225,170,170,138,147,523,235,798,873,281,980,75,136,224,108,650,342,539,505,654,281,25,205,252,921,284,28,898,595,154,1,238,105,169,898,291,178,360,129,98,157,3,315,158,25,485,170,295,154,635,396,20,686,334,445,158,252,1001,281,155,748,203,508,509,154,524,748,154,158,156,106,377,259,465,685,450,219,234,617,523,28,171,122,155,134,383,66,129,152,914,1018,641,125,292,1,75,234,203,473,497,152,253,405,1001,317,281,209,364,570,26,159,154,489,250,130,152,595,921,234,419,122,153,47,236,1018,490,538,913,154,850,587,603,386,233,121,250,154,338,27,405,259
174,709,506,763,569,739,280,121,520,6,915,13,138,570,109,909,126,638,629,679,693,146,541,523,357,26,386,155,740,717,250,616,877,141,370,374,578,579,504,485,122,13,640,405,280,368,938,230,508,653,128,1005,766,500,345,702,13,637,632,970,945,99,234,201,746,709,189,261,512,375,368,189,490,658,523,122,650,608,357,744,538,497,405,103,514,221,539,623,738,237,29,934,664,67,26,359,159,667,586,377,368,674,898,133,651,813,226,26,482,501,651,882,514,29,14,230,369,264,543,753,369,610,498,606,349,226,287,764,398,285,12,133,10,82,74,362,579,718,835,969,168,994,128,501,123,370,702,269,98,29
398,245,814,514,1006,630,792,545,993,760,628,581,846,934,798,718,717,181,271,825,625,830,664,767,758,646,672,544,1017,825,672,551,726,120,935,198,700,734,752,265,568,285,966,454,142,756,160,192,757,632,894,640,192,896,9,38,894,798,288,517,248,606,1016,225,816,514,926,873,798,126,663,656,862,759,63,759,252,544,755,198,342,119,109,472,768,88,576,646,389,22,646,674,141,39,640,922,797,767,797,672,627,150,550,542,576,689,516,575,641,6,253,640,782,765,940,760,240,514,630,122,753,149,688,343,130,593,759,414,1011,616,632,679,575,912,546,390,598,1022,656,590,1022,399,730,926,126,959,590,87,1022,240
382,238,215,662,614,443,135,263,623,1021,390,511,121,902,283,381,194,352,7,366,336,133,384,531,278,315,496,408,121,408,400,760,390,127,736,390,408,614,367,286,228,408,330,256,368,496,611,152,472,352,208,128,94,96,424,261,81,411,368,317,366,527,615,271,481,870,118,256,95,360,256,280,392,302,590,321,1022,487,872,153,256,38,264,264,952,135,430,928,507,736,952,287,384,341,294,392,400,354,424,558,420,485,1005,86,103,486,344,746,268,599,241,406,480,448,6,607,286,510,359,608,351,358,768,489,399,376,362,262,194,704,464,408,742,406,102,352,414,954,320,768,6,224,768,408,462,117,278,24,719,270
491,606,783,455,794,454,278,319,962,278,284,458,278,462,838,486,478,438,95,990,523,936,460,478,982,491,350,490,398,1002,410,970,450,479,934,862,422,358,462,838,410,458,966,986,262,898,966,462,454,478,774,966,968,966,910,986,936,238,950,458,438,990,971,986,474,294,502,318,326,471,458,455,262,160,970,511,351,454,1004,823,790,974,202,963,454,442,958,714,970,789,1006,552,511,986,974,986,458,326,986,454,454,710,313,456,326,858,458,986,730,1006,199,454,127,966,858,990,456,38,991,443,194,278,338,126,463,987,472,975,282,967,299,486,478,969,263,882,459,1006,966,426,474,274,986,318,1006,262,786,102,487,816
198,29,157,576,656,818,0,233,534,85,805,12,684,669,543,516,1017,213,520,197,521,540,553,535,465,29,213,20,5,853,16,252,5,13,725,13,749,685,343,29,997,21,401,229,242,813,514,537,255,797,493,540,429,325,29,544,636,528,28,680,0,12,657,789,529,213,917,24,244,916,45,73,41,197,721,685,924,720,525,9,760,652,513,16,404,176,205,157,669,886,39,541,144,776,141,532,557,753,221,28,656,196,668,541,533,53,501,46,304,789,33,533,721,150,551,993,248,724,656,108,453,517,28,319,76,107,20,789,216,940,728,461,36,285,218,269,713,120,22,558,600,553,724,764,737,65,913,28,55,822
192,446,190,589,382,477,384,334,124,381,441,352,381,463,221,238,111,367,378,787,398,425,364,381,380,362,829,381,317,423,364,776,189,269,129,893,381,396,389,394,156,285,901,328,447,439,511,112,430,191,381,444,957,511,711,352,391,392,846,479,398,896,841,332,244,130,382,446,399,365,401,1023,861,445,380,234,381,895,797,334,445,383,398,328,845,581,382,909,271,403,367,287,445,796,422,398,331,329,850,446,379,334,845,447,446,301,429,574,380,380,701,364,381,382,140,318,621,364,908,446,911,456,25,445,444,143,399,444,892,895,334,431,942,990,161,79,128,366,364,367,381,319,285,430,280,453,330,892,141,453
344,158,648,750,617,669,584,104,1004,668,413,264,666,546,646,846,152,908,104,104,729,616,601,936,508,95,72,932,620,666,680,932,248,621,414,921,560,172,88,169,873,186,121,870,623,125,22,411,448,69,927,232,104,876,808,1000,153,110,72,90,159,877,456,604,152,108,141,89,687,872,606,617,925,664,362,311,110,748,960,859,734,873,125,356,877,878,690,27,647,107,155,408,589,9,90,267,648,936,342,932,109,716,76,91,601,715,588,104,809,540,825,859,456,156,859,89,776,940,207,73,1020,72,649,616,93,956,106,733,842,842,125,600,940,776,776,876,876,863,93,146,879,12,707,544,928,168,424,101,154,905
995,804,145,283,625,840,965,795,565,645,538,77,829,327,261,920,789,278,816,583,973,645,789,614,273,949,514,357,321,673,812,5,355,268,865,753,8,883,757,977,519,380,901,455,821,261,1013,676,821,1011,49,966,598,263,583,245,824,347,783,973,961,897,503,804,824,882,521,27,624,776,967,816,549,625,325,81,763,625,612,753,454,501,273,183,565,260,565,81,304,885,665,533,368,769,978,797,529,972,1022,912,694,269,873,537,260,961,841,308,631,565,853,757,777,788,788,725,965,277,262,689,561,593,623,759,539,197,699,503,97,53,361,625,967,577,888,258,129,135,641,981,517,885,705,339,855,818,521,589,784,833
929,20,573,129,753,453,323,819,21,305,469,261,809,449,695,499,197,316,299,639,464,209,963,33,773,374,449,375,531,5,97,437,261,613,325,81,727,516,773,567,755,839,51,561,549,773,261,309,885,775,231,899,249,303,821,371,113,817,132,901,561,21,69,567,1017,773,317,439,125,467,433,277,329,557,301,973,645,355,693,517,335,309,903,485,837,817,467,821,263,541,311,915,871,381,881,950,325,709,465,755,311,113,369,885,409,389,675,501,371,803,500,918,321,836,3,129,1,49,229,1013,629,837,393,69,947,491,949,373,387,389,284,393,369,561,289,653,983,369,717,381,373,935,629,532,695,883,5,517,763,565
115,849,160,32,777,881,44,44,21,615,341,785,622,273,176,61,341,594,247,960,353,641,437,616,527,297,138,58,245,33,424,245,341,437,313,190,642,21,368,197,370,99,241,341,297,757,322,244,817,323,445,105,944,112,864,77,297,157,980,296,32,320,52,499,12,345,697,86,80,156,433,837,248,240,113,402,355,875,865,405,243,307,235,181,213,368,766,281,938,433,946,41,704,309,569,304,336,368,176,120,139,929,625,883,865,969,478,53,97,414,803,45,49,384,49,681,163,311,112,785,321,114,387,468,113,433,364,49,112,136,821,353,21,425,817,689,148,1,335,401,917,113,595,937,865,32,505,33,369,881
128,658,293,133,433,884,54,727,511,621,233,44,248,937,69,757,38,624,629,6,532,174,385,757,772,245,853,129,548,589,289,216,714,321,192,712,133,37,49,96,737,461,613,565,72,108,200,460,141,689,577,717,280,8,824,180,342,372,137,212,392,578,176,168,38,137,104,624,818,7,537,64,545,564,192,214,592,124,432,393,32,325,956,393,589,757,757,84,624,68,361,5,725,689,625,41,272,37,532,641,49,240,113,5,949,4,48,755,673,545,544,564,557,100,288,545,550,81,629,552,556,46,808,48,217,816,643,769,491,560,73,640,398,572,205,389,68,560,651,693,565,517,307,176,509,891,68,37,49,649
483,279,345,547,321,596,387,441,501,8,727,377,43,21,603,501,401,333,485,83,159,84,915,53,11,221,849,92,157,733,411,123,363,341,401,380,931,403,347,289,822,89,657,276,1003,819,477,376,305,831,351,160,403,149,731,248,596,929,493,112,213,345,485,853,149,372,341,299,123,475,301,51,855,389,405,360,153,329,963,280,917,417,88,483,851,547,340,285,354,326,593,85,91,345,340,335,341,409,413,533,407,73,88,473,469,412,227,32,959,681,469,354,80,645,737,227,89,61,509,919,353,275,402,164,231,843,341,209,347,853,489,733,356,292,427,420,859,421,409,483,226,553,413,153,419,363,117,323,664,279
46,29,173,223,29,21,159,95,17,452,284,30,129,225,235,799,94,197,24,228,31,28,50,29,175,111,509,30,60,221,28,31,431,515,31,222,111,879,37,172,543,91,1011,159,127,605,28,22,110,29,0,46,31,236,236,45,97,861,88,14,240,14,236,185,28,284,102,172,95,239,17,204,81,43,126,43,31,110,531,69,175,198,64,45,936,97,30,217,23,2,723,214,367,120,111,41,687,155,493,381,29,111,29,216,111,47,207,93,102,63,31,41,29,95,525,24,539,2,107,30,101,110,30,80,100,847,95,252,154,96,29,720,31,31,169,792,111,466,255,157,15,45,175,20,29,46,205,29,96,30
808,98,253,210,215,51,734,346,478,184,706,933,989,245,93,658,296,975,92,337,752,165,232,840,135,213,23,477,230,861,212,882,706,374,874,166,736,325,420,770,813,678,1021,24,4,781,139,28,253,210,465,208,752,655,731,592,449,987,990,880,120,731,877,1018,1016,731,194,988,482,882,372,248,449,775,349,366,850,97,972,341,724,455,233,1009,877,965,92,352,989,130,176,747,350,770,589,924,348,368,476,989,622,366,723,213,476,476,476,800,345,594,112,884,579,373,499,224,235,923,1008,640,194,262,855,194,380,221,160,750,184,880,1022,658,495,130,713,374,343,979,232,469,238,507,545,475,660,922,254,381,893,363
476,238,45,308,668,645,179,547,584,121,260,12,97,270,1013,810,170,317,20,777,3,374,268,668,135,5,849,302,466,813,821,781,700,683,694,722,890,668,51,509,646,456,48,306,909,186,173,292,517,554,56,317,941,596,884,798,644,685,303,409,571,865,476,828,81,56,786,528,700,131,858,805,279,147,477,115,548,292,381,980,103,130,268,459,725,644,57,3,379,486,564,301,646,306,142,292,951,854,713,373,87,373,317,120,477,728,917,117,18,403,262,778,324,338,315,566,6,829,814,305,181,778,748,309,76,116,1018,722,106,68,108,273,805,300,973,262,524,700,988,988,10,795,62,168,978,306,169,378,901,267
245,931,286,239,458,894,174,403,440,272,227,851,518,247,872,312,709,200,19,115,374,40,26,864,248,886,456,177,679,157,416,752,215,757,378,191,893,134,360,170,193,87,143,129,283,146,128,60,174,72,193,822,223,499,390,248,142,726,247,496,422,197,175,279,219,899,184,1023,854,190,247,430,910,269,952,94,386,182,214,963,236,120,490,287,319,498,765,243,791,163,938,713,375,554,385,262,438,193,211,87,392,307,200,499,211,727,190,129,406,312,223,479,320,461,399,444,223,178,159,375,992,509,706,358,819,159,110,943,318,1001,143,973,595,241,195,504,155,108,647,223,46,687,98,112,184,622,160,334,495,513
924,896,767,968,854,985,95,206,670,700,839,336,383,423,96,357,708,851,832,592,750,720,713,97,374,813,358,952,391,574,96,329,312,465,830,83,343,767,111,704,936,848,360,687,752,250,752,8,622,895,63,761,217,559,279,374,193,196,834,316,752,835,663,289,99,175,826,352,630,722,246,204,649,630,79,374,608,580,550,671,311,611,336,342,425,616,463,456,449,31,377,84,88,256,753,759,760,931,249,379,369,249,667,648,545,131,687,723,744,839,568,728,681,278,616,320,639,553,272,887,321,83,94,888,749,856,111,759,742,241,757,629,718,759,889,262,337,246,240,926,820,238,374,605,255,843,198,832,383,720
357,811,11,166,568,545,858,314,598,563,613,441,289,855,375,666,35,320,608,352,747,66,356,947,516,12,132,989,803,275,588,289,166,302,42,364,211,791,509,409,208,890,1007,731,284,779,331,767,275,499,733,811,876,78,301,246,732,947,101,287,966,611,242,615,850,349,203,372,124,847,85,808,412,288,374,939,57,43,274,751,357,727,913,215,778,219,169,990,183,127,307,756,910,873,524,756,262,126,117,863,743,223,383,240,838,112,654,822,955,334,855,740,851,127,590,932,465,13,283,222,718,219,127,690,603,606,51,383,649,350,460,725,846,717,275,485,526,677,380,326,977,332,985,627,592,281,86,367,582,838
537,812,321,707,325,844,477,696,911,795,930,307,337,713,881,331,282,851,433,653,886,3,236,702,351,709,333,387,473,663,381,576,267,513,666,650,33,681,692,11,725,2,739,811,465,762,888,781,979,1,81,321,713,510,277,993,73,444,442,239,323,785,65,483,217,762,268,683,641,681,347,341,666,662,429,905,529,191,337,845,572,357,851,341,811,659,417,361,13,112,899,785,665,316,49,708,659,733,490,461,157,331,719,648,49,297,9,33,381,120,80,719,813,393,345,649,305,269,141,127,477,77,341,885,358,177,331,828,425,235,401,186,717,289,313,297,874,733,269,84,537,225,295,819,461,457,689,331,361,256
663,102,246,791,769,200,662,518,904,128,737,142,642,462,135,448,406,150,654,135,148,142,447,846,947,457,174,804,191,172,1014,507,142,726,63,7,834,129,881,167,703,174,420,428,139,516,225,654,446,425,234,879,876,161,662,735,129,652,406,295,860,407,922,427,760,654,918,881,88,362,790,878,423,183,874,391,906,406,232,140,192,356,950,182,150,140,151,227,152,310,190,250,234,331,791,697,142,233,270,606,506,166,259,753,796,237,500,470,744,930,254,460,790,225,782,674,140,1017,433,874,246,908,814,232,680,654,289,654,62,654,774,904,14,481,798,996,379,175,255,142,227,142,231,687,880,374,190,23,763,666
134,239,796,878,925,956,646,111,697,668,580,90,550,484,14,463,31,249,505,430,4,823,1000,288,215,612,246,399,931,377,122,592,1001,510,742,927,207,299,884,820,65,697,286,271,472,413,883,462,390,786,39,974,898,39,1000,63,498,274,623,980,559,86,239,1007,449,518,32,672,417,686,403,558,513,527,270,458,896,799,47,171,473,40,742,820,31,782,302,582,863,15,472,215,552,371,247,273,571,991,348,486,3,904,92,817,460,796,47,55,40,662,502,406,911,924,483,787,399,522,909,132,31,978,799,562,70,307,154,558,823,991,489,461,748,110,214,823,970,982,63,33,22,909,231,567,570,527,2,714,921,914
472,454,625,78,710,888,146,247,466,677,704,355,582,244,869,974,511,622,198,825,225,704,877,509,495,950,664,613,570,200,452,462,536,118,624,975,227,214,942,494,638,511,626,505,576,468,803,497,966,871,664,998,667,453,871,70,442,480,455,243,477,223,414,502,279,501,356,455,622,116,192,535,803,399,492,496,992,128,489,458,832,84,467,843,867,576,463,980,617,651,676,198,724,477,95,472,761,416,974,472,64,249,112,511,397,478,114,212,118,607,479,712,675,480,176,984,472,486,532,504,815,451,1023,480,463,429,726,510,459,192,589,129,454,70,769,543,464,468,518,863,103,72,541,207,244,624,866,749,100,509
410,746,67,744,793,571,859,246,379,181,201,331,595,889,331,209,290,352,380,370,843,727,766,517,379,290,283,204,610,692,118,846,860,225,593,68,156,980,80,252,913,590,65,690,969,414,855,884,81,326,710,361,578,381,331,943,321,524,894,47,376,84,194,944,514,716,840,425,136,292,371,173,334,379,116,468,288,199,436,463,649,443,66,316,149,854,182,456,235,352,297,45,68,398,149,649,40,53,443,430,209,315,46,816,380,41,855,616,723,978,584,57,653,364,333,52,303,893,801,857,204,1019,435,370,945,443,507,747,101,846,653,948,599,545,778,109,683,845,602,333,220,596,58,379,118,372,345,367,221,333
555,493,875,13,395,616,469,916,380,451,755,356,375,708,286,895,254,371,144,380,843,136,971,443,120,107,209,482,943,115,755,100,107,419,128,263,353,141,746,741,147,947,92,484,108,203,146,987,449,484,422,756,407,427,754,833,27,483,108,205,444,243,464,387,422,156,741,36,203,636,349,5,426,256,475,228,860,658,322,713,751,859,207,435,83,279,182,870,439,432,367,444,36,495,623,428,932,235,2,411,509,715,250,234,383,356,814,469,380,266,63,111,457,208,940,51,503,186,35,325,384,623,236,232,508,384,749,459,397,36,484,384,428,623,421,356,464,644,645,480,316,315,211,192,491,195,435,335,231,325
970,397,858,300,44,146,570,156,1021,170,977,178,570,806,547,744,629,531,317,842,665,410,869,158,878,413,158,487,96,169,970,979,778,526,914,428,793,1003,466,475,925,803,413,990,491,294,1018,806,910,1019,26,185,478,403,941,460,802,42,293,110,211,510,314,915,802,819,421,51,696,654,985,821,1013,984,902,58,890,986,914,307,858,561,570,804,803,894,842,949,433,363,969,918,90,901,662,553,974,826,932,293,460,275,154,70,154,149,593,518,426,57,185,546,809,943,930,92,515,990,769,165,610,309,44,406,802,438,1010,830,877,538,538,299,90,682,389,919,792,350,145,437,963,179,1002,957,270,639,397,43,318,629
913,462,480,271,945,857,904,620,444,676,987,908,624,124,276,254,414,904,974,89,913,923,794,9,279,409,575,639,145,956,902,650,94,825,479,737,480,345,432,816,752,31,362,972,561,985,990,476,636,347,490,1016,587,124,796,222,321,794,375,406,258,448,721,826,273,464,760,980,41,896,959,367,52,774,406,230,240,264,756,73,502,402,663,493,159,448,445,989,609,208,282,55,950,586,446,111,612,700,8,753,341,312,469,584,287,654,787,999,889,360,684,501,519,483,312,726,920,794,478,271,592,459,822,831,361,520,319,348,439,1020,818,856,210,41,948,882,225,207,755,265,1016,607,637,296,948,439,631,705,1008,469
256,70,97,153,105,233,941,347,192,779,420,1001,764,835,865,111,584,777,97,366,229,107,450,582,197,789,768,185,272,624,493,480,237,706,463,353,38,620,113,15,166,198,70,78,111,556,550,170,74,453,417,617,398,207,105,582,161,582,133,611,678,879,259,568,494,462,626,14,928,76,833,961,96,64,581,206,77,770,32,43,133,526,645,105,770,360,818,5,222,969,962,207,1002,664,846,33,517,362,121,976,614,805,74,1001,838,547,34,737,552,14,350,840,929,230,333,1007,589,105,449,875,717,35,105,714,111,198,78,838,32,775,106,760,101,549,634,198,107,207,367,111,214,207,456,706,935,809,448,172,743,545
829,254,695,470,881,770,920,150,606,764,928,867,186,819,730,694,993,528,896,214,34,913,591,624,1011,885,226,765,428,282,472,694,1009,256,849,120,898,816,26,918,189,540,763,1018,507,1022,445,632,766,620,817,799,82,848,873,730,406,221,880,641,216,1023,816,563,574,799,176,929,222,384,753,851,670,100,656,60,192,593,907,688,932,639,608,987,959,402,509,692,785,629,902,564,521,926,730,923,784,742,337,286,431,938,904,633,918,101,919,785,149,602,604,255,710,52,982,850,602,481,495,819,525,820,748,497,52,147,864,910,401,712,770,969,412,6,342,962,633,947,509,1015,548,484,608,986,914,49,919,472,122,588
1008,904,947,507,114,245,887,771,664,601,754,716,943,486,466,476,671,629,223,526,751,398,1019,98,659,466,36,702,802,894,568,553,421,743,1017,224,520,343,823,763,701,414,445,955,821,655,854,679,798,1016,516,742,123,434,1023,327,210,814,520,571,852,694,50,819,540,541,574,739,348,832,742,118,455,536,791,816,1011,694,654,825,231,760,858,665,616,704,799,854,819,156,568,741,547,787,872,978,378,805,629,640,953,166,778,797,941,375,965,238,565,663,213,670,924,675,520,994,666,727,552,981,530,532,443,955,701,874,763,830,651,660,443,752,966,552,555,30,866,1011,644,533,543,839,818,314,894,754,259,982,324,314
53,860,283,378,657,741,494,686,717,467,826,858,891,62,544,185,158,787,512,806,568,55,837,922,974,702,730,315,402,862,949,1023,697,768,542,241,389,509,283,565,111,882,57,707,429,459,437,569,494,745,824,446,702,565,495,600,26,1006,274,424,969,40,640,169,181,232,940,22,217,471,912,186,905,170,661,381,350,238,61,477,164,821,489,207,90,61,285,473,457,558,694,344,969,770,692,894,924,182,825,865,75,208,293,105,478,566,417,41,473,8,557,437,474,437,730,696,7,830,695,542,49,582,400,533,374,575,312,473,573,362,495,302,697,381,954,703,914,22,565,274,437,186,71,253,22,478,191,668,778,437
308,346,379,573,377,244,36,490,180,120,790,76,902,827,70,383,82,116,499,492,36,279,375,548,353,20,189,860,528,133,589,132,700,467,7,178,85,707,600,92,156,940,862,328,223,120,107,201,247,198,602,764,315,374,299,221,22,872,152,825,1008,16,500,52,213,305,388,209,281,44,257,369,624,74,476,410,841,196,831,798,76,753,215,347,237,634,824,702,140,292,548,305,15,755,112,313,629,540,879,108,498,632,492,374,456,582,273,221,92,163,239,247,355,730,186,491,464,206,633,120,346,107,604,125,227,572,732,333,462,464,772,179,313,872,800,214,215,197,980,788,18,28,497,646,236,896,377,716,348,1011
345,69,907,738,34,158,166,55,198,253,652,714,547,749,780,684,481,1,111,443,873,233,98,201,512,96,295,32,741,6,207,710,65,355,246,151,254,325,753,102,366,749,135,678,1002,369,218,15,206,806,196,747,235,737,802,106,642,458,674,247,780,337,230,391,924,246,326,163,38,78,934,96,549,878,109,966,495,46,326,164,425,24,289,363,429,751,204,495,1004,933,330,937,842,934,710,74,393,742,837,111,420,238,550,710,1012,490,905,65,223,38,68,166,2,386,837,902,356,574,38,1005,50,874,189,142,846,965,147,452,461,237,462,69,1002,414,129,714,724,321,519,7,458,402,238,38,543,960,941,902,353,750
488,617,842,962,645,984,851,998,842,953,750,846,598,936,793,807,587,585,806,872,672,749,934,898,325,934,329,833,942,846,970,1007,906,873,872,962,328,840,963,590,585,72,836,960,938,878,74,551,717,521,834,719,582,706,898,813,873,494,713,903,810,559,202,902,933,195,200,805,937,841,521,878,898,878,967,334,806,649,190,5,910,975,353,1014,734,806,975,1001,591,898,583,1006,663,896,617,360,933,719,645,417,649,872,580,842,840,585,801,864,686,835,998,998,558,943,716,559,878,582,729,528,589,64,361,961,993,854,1007,878,878,800,872,967,823,735,662,997,709,963,806,238,641,681,847,950,998,651,815,518,764,1000
307,453,451,451,306,58,378,714,317,114,368,986,971,979,963,883,307,994,1023,962,458,1023,315,294,1018,203,882,272,714,707,307,819,820,1018,57,459,1015,963,315,817,63,467,333,963,833,983,858,295,778,58,963,971,818,969,817,827,963,19,373,500,563,202,823,1018,401,705,263,821,777,467,497,1003,979,1015,308,307,774,819,974,3,9,760,769,462,450,960,842,9,778,1015,3,966,297,307,265,503,747,782,778,1011,760,717,211,851,562,270,461,971,969,451,963,1016,307,771,769,459,523,963,1007,474,496,778,817,315,395,968,266,771,899,1018,509,850,827,139,754,783,578,1011,715,10,1016,307,971,1011,975,991,379,322,971,831
450,404,459,206,642,24,30,785,327,394,258,462,838,220,282,814,322,498,258,1010,974,194,450,962,242,418,330,384,966,272,454,519,347,1002,498,490,326,322,226,270,830,774,783,770,450,322,502,301,717,818,572,441,970,38,1018,448,510,848,462,795,2,986,240,971,504,987,779,368,962,454,198,244,928,710,507,329,334,390,2,194,930,455,840,286,395,2,443,906,3,814,497,905,960,718,314,306,314,200,770,693,898,824,824,964,971,2,267,130,828,502,285,2,973,846,430,462,432,898,897,328,450,266,945,74,382,770,1018,201,783,704,298,506,271,191,198,128,828,996,74,267,769,902,568,399,686,778,258,818,432,802
199,320,457,497,432,962,261,353,386,259,253,417,385,993,307,684,625,719,307,985,305,1008,499,259,960,497,257,257,473,497,769,720,1015,501,961,369,901,1014,961,768,651,449,967,280,705,497,457,463,963,960,465,483,65,129,456,261,640,257,705,967,896,705,775,876,257,471,433,1008,305,473,291,344,451,301,473,328,288,439,961,451,1,625,969,289,913,707,499,329,235,498,496,129,1013,457,257,961,448,449,257,305,305,257,259,245,288,128,257,258,454,489,257,449,256,960,771,385,961,289,451,1021,847,861,321,936,961,633,266,369,451,901,80,337,267,369,259,457,451,723,769,1,705,417,449,257,904,753,257,457,961,385
674,515,707,622,451,699,755,650,202,42,676,698,930,730,855,714,522,842,698,722,755,334,602,198,530,514,602,514,647,762,0,315,251,526,536,766,890,195,631,578,323,658,586,695,202,835,568,526,555,227,687,522,707,739,770,650,194,590,603,10,575,883,722,478,970,592,274,584,870,490,634,899,578,595,602,914,515,760,679,642,530,454,522,14,586,758,250,743,715,714,971,579,539,834,710,730,563,58,10,514,542,748,762,195,706,708,7,762,514,526,678,250,726,134,763,515,719,194,643,678,641,966,707,640,530,891,137,518,514,575,689,646,563,522,514,513,778,550,586,570,586,634,514,714,738,662,770,662,586,634
686,644,168,171,515,143,128,718,898,588,600,622,648,45,671,173,610,168,643,75,565,532,591,770,230,658,561,184,594,565,654,651,625,229,751,594,585,136,128,724,202,840,938,543,580,534,606,808,90,394,338,734,764,592,193,652,573,232,28,607,588,590,619,562,107,683,548,74,850,72,230,710,638,157,572,590,969,525,655,735,542,126,590,737,76,69,556,716,492,716,592,574,639,683,716,584,512,160,380,842,716,232,588,608,654,646,653,892,223,701,654,143,197,184,93,543,524,80,588,61,751,184,526,842,590,710,1018,253,698,537,585,716,752,584,524,674,140,126,191,692,139,585,458,638,221,173,532,50,120,512
908,277,643,259,377,329,275,771,269,217,968,313,458,659,205,257,907,501,297,449,449,645,782,993,481,291,210,453,275,799,266,137,74,939,1009,167,257,393,247,163,483,267,271,309,197,65,788,275,305,459,65,462,365,491,321,259,93,648,961,291,460,202,197,453,133,969,394,9,177,499,755,585,786,257,259,297,851,467,412,351,19,889,841,196,301,193,1,265,267,202,69,9,776,23,291,67,193,832,283,771,817,885,65,453,199,773,133,268,449,908,48,257,561,193,449,451,287,460,465,257,773,89,433,914,246,409,801,503,267,265,332,313,267,1013,295,284,138,137,177,898,432,309,393,453,203,457,161,953,441,317
696,680,754,138,874,880,680,712,760,971,651,745,282,698,728,149,141,248,249,117,278,234,564,744,628,684,632,0,160,636,393,314,610,699,548,224,249,858,715,712,583,810,964,554,678,557,694,988,16,524,829,658,49,634,0,588,632,644,970,895,696,38,875,57,171,698,160,728,104,696,32,884,892,556,760,49,69,632,104,89,820,668,880,970,650,252,274,187,185,697,650,673,187,846,522,801,474,752,818,122,649,707,628,901,632,538,764,617,661,572,90,890,701,632,232,564,456,553,842,673,587,761,552,463,48,755,744,32,874,676,138,681,224,811,968,700,581,744,760,203,682,24,764,680,686,505,748,48,157,248
1005,1005,877,577,685,741,747,557,905,553,541,673,36,749,729,673,749,682,559,555,552,993,753,1007,806,723,532,557,677,613,237,613,41,980,613,589,557,749,541,531,977,33,549,551,1017,785,557,557,803,613,802,545,805,425,809,737,709,596,749,545,748,701,529,1019,1000,631,809,924,669,529,1023,721,552,228,1013,1001,553,733,1004,723,273,100,245,741,546,757,559,785,557,751,705,553,686,525,231,557,813,669,341,171,733,597,743,745,749,661,789,657,627,749,557,17,873,545,29,917,979,732,797,545,549,47,948,229,756,41,545,761,521,19,1005,533,181,749,165,765,805,549,540,557,993,555,613,813,1021,740,228,937,737,621
947,1010,780,354,460,838,694,978,866,338,830,854,43,50,99,408,294,828,874,250,783,258,210,354,342,206,394,786,346,226,395,562,994,538,818,1002,282,419,22,446,474,966,686,486,458,266,318,926,95,818,978,1002,229,490,404,275,437,982,266,506,858,910,240,823,490,474,768,394,470,371,954,982,322,818,280,1011,506,387,362,346,462,373,612,306,498,114,466,162,248,806,818,414,90,268,202,915,99,479,970,115,906,770,378,278,279,818,374,870,474,282,962,450,22,870,986,458,630,930,222,90,786,970,311,2,258,882,354,226,378,998,458,62,826,290,266,604,1006,219,474,410,386,387,794,254,305,254,62,755,522,802
393,93,676,687,493,913,828,813,797,809,706,728,672,513,21,555,689,812,1001,221,495,1005,804,797,733,556,364,917,868,719,491,605,779,715,997,1013,1021,733,1001,482,813,797,739,821,1007,297,527,811,488,925,811,392,557,557,795,1017,797,717,813,557,813,810,812,780,915,814,501,740,813,907,988,361,912,813,761,811,541,94,541,621,653,984,801,997,749,767,1005,1005,777,109,547,477,559,108,813,845,232,877,793,1000,831,813,172,815,204,365,476,797,936,993,17,799,297,621,715,860,1003,253,169,661,555,409,799,717,859,813,669,45,507,941,733,811,169,802,813,205,497,857,495,736,787,525,813,809,905,781,281,109,744,1005
893,613,821,917,804,802,828,820,768,894,852,804,879,595,644,813,797,852,804,1017,340,804,870,820,893,820,843,886,612,632,257,820,293,895,790,982,796,820,876,800,829,291,876,860,871,607,862,853,815,862,909,351,830,845,605,791,790,902,878,820,885,861,861,879,380,515,599,323,806,343,860,828,622,796,854,812,804,852,526,45,868,847,877,806,877,295,632,876,534,125,876,852,876,870,772,874,773,772,884,293,863,572,861,886,805,989,325,786,844,540,836,549,788,862,380,821,790,804,846,797,929,357,861,844,846,772,780,938,861,286,854,789,117,822,785,790,854,791,812,812,841,796,875,601,788,796,845,803,813,860
852,917,556,1002,412,844,492,869,397,886,836,868,868,644,484,885,1005,549,484,996,956,973,829,864,812,844,615,973,996,812,145,1012,357,813,629,848,100,1022,396,794,413,884,988,300,892,500,759,908,358,484,828,364,1015,342,869,476,980,924,950,925,797,941,396,868,28,613,324,358,796,924,924,996,1005,853,981,757,374,868,812,996,453,940,781,925,381,884,876,444,365,484,284,782,941,726,468,855,301,340,796,837,853,284,428,468,868,724,785,980,884,996,356,909,348,808,385,812,980,923,884,812,901,444,868,1012,1015,868,940,999,614,734,468,316,484,941,981,1013,982,733,1010,868,1014,885,780,484,1009,748,852,1012,996,941
321,401,893,669,916,1000,789,893,980,949,676,677,893,545,985,924,804,929,496,804,909,916,788,545,902,884,989,772,693,1000,941,933,772,643,788,804,780,880,934,853,669,693,948,461,892,645,892,149,962,980,870,939,785,876,910,344,900,1020,788,676,860,909,989,641,852,517,567,805,876,943,233,853,729,806,867,788,812,256,836,989,613,991,1012,493,980,687,989,1005,669,988,1020,887,1004,909,933,137,13,533,917,612,733,773,780,985,677,877,785,644,725,804,533,1013,892,670,909,581,958,549,893,804,865,809,989,473,989,909,764,865,1020,993,981,804,997,774,645,941,985,964,901,773,997,717,989,781,644,864,1007,941,829,820
495,495,932,757,408,680,753,487,724,185,196,215,684,996,718,1,684,502,684,687,550,686,950,445,631,687,744,468,238,294,270,717,982,476,454,229,215,752,759,740,247,742,478,166,52,86,491,453,351,996,228,762,655,726,806,650,686,943,268,668,353,670,964,686,287,822,700,615,855,654,292,957,174,453,520,159,693,668,404,996,671,540,700,247,542,454,669,685,398,485,420,668,798,790,52,844,420,828,982,1004,940,828,166,830,468,310,236,429,863,684,710,703,446,654,700,168,666,44,846,212,652,39,711,796,712,486,574,445,196,158,468,654,958,718,991,437,484,168,445,229,476,829,998,572,764,95,452,604,510,665
703,554,642,770,628,851,566,658,634,714,874,646,674,562,715,833,515,562,554,818,694,519,602,672,640,569,642,760,650,995,691,642,197,160,788,690,700,756,766,691,764,683,522,671,699,694,638,523,445,576,175,248,626,683,714,602,760,687,719,550,677,589,694,522,1012,655,350,34,690,963,684,720,694,514,648,638,642,651,946,530,948,572,78,719,590,690,925,181,572,643,652,662,626,522,770,184,1022,759,714,766,60,132,714,566,566,716,670,598,258,846,480,556,830,973,538,454,684,940,526,727,562,399,704,599,811,618,647,643,650,766,718,647,762,561,586,602,547,910,754,514,707,230,544,266,706,630,645,715,572,598
982,857,633,778,751,879,187,782,215,752,896,836,310,238,823,847,696,807,964,798,1015,902,15,1012,725,238,994,781,620,624,844,959,77,224,398,580,752,982,76,557,757,158,680,407,525,249,748,615,336,886,751,791,474,146,706,100,750,663,1008,631,153,40,835,902,652,702,751,966,760,908,703,1015,1006,613,208,988,710,757,670,117,622,197,916,518,263,1020,531,898,710,52,432,1008,482,829,614,670,945,128,759,942,848,1013,612,1005,526,560,743,663,503,878,775,774,750,732,22,318,966,806,759,860,270,628,715,740,75,311,7,454,654,182,761,743,614,702,622,631,974,914,740,884,642,847,827,830,994,711,920,783,903,773
264,334,30,4,284,798,135,686,126,270,100,92,422,174,532,358,0,798,798,623,518,334,731,495,253,934,284,20,358,4,100,110,96,21,428,223,798,86,928,614,133,614,358,590,286,350,550,1006,423,94,930,44,174,352,30,30,22,959,518,758,45,28,262,486,350,215,94,98,480,124,359,148,284,46,526,669,222,814,382,924,317,437,6,870,102,918,167,366,352,663,92,362,734,410,279,924,7,414,486,44,600,30,254,408,362,302,614,20,102,479,102,360,62,100,364,152,94,806,198,286,536,167,284,414,46,30,998,46,414,12,38,102,734,354,863,40,28,6,94,30,558,484,810,472,417,494,430,800,110,270
348,126,245,558,596,648,1008,428,686,245,442,60,63,180,961,244,324,354,196,205,732,156,389,383,252,372,972,706,840,199,793,578,388,220,685,11,63,141,868,711,904,452,181,152,701,52,308,92,116,446,989,60,388,684,724,972,245,948,20,164,229,582,960,52,60,960,242,252,416,188,700,145,717,144,244,193,220,504,223,63,169,448,177,704,132,132,233,44,160,156,240,683,172,468,209,192,369,253,96,228,51,444,181,956,469,64,944,680,757,36,757,46,116,64,420,963,480,264,708,216,749,181,907,828,468,920,108,455,720,977,173,644,156,702,225,501,427,200,184,300,175,445,1012,564,708,197,388,248,642,225
320,576,757,577,963,836,374,160,309,451,317,369,463,841,665,318,741,814,612,778,614,537,68,342,326,358,320,380,737,371,462,847,94,961,779,335,103,294,636,494,859,216,832,1002,906,114,320,326,832,181,380,836,832,878,955,856,697,791,838,374,322,428,318,326,89,830,886,375,325,314,90,849,334,323,835,315,262,529,702,463,499,352,118,260,313,548,542,1021,862,960,981,276,832,282,121,117,267,991,296,631,957,862,887,281,70,486,66,878,474,656,326,856,291,326,533,381,845,665,1009,318,462,686,824,312,358,787,970,798,322,572,343,750,783,167,325,651,326,356,881,375,886,368,833,215,831,604,886,342,371,254
51,104,833,15,121,67,213,435,825,173,201,221,1023,33,95,407,175,793,369,81,187,129,804,509,445,209,489,321,191,389,477,213,195,563,139,307,449,33,413,203,475,205,107,517,169,129,377,1,379,369,11,889,205,75,829,321,89,63,568,429,203,71,809,1010,47,235,369,163,203,733,331,473,361,159,965,817,1019,53,261,779,181,51,195,311,43,43,223,5,293,163,325,127,119,39,233,473,189,881,195,441,347,265,181,701,177,713,451,457,691,245,251,33,763,285,380,75,195,473,620,126,609,729,377,267,61,944,9,351,85,479,1017,383,199,477,5,369,36,331,497,331,207,777,58,667,91,373,135,1021,192,577
612,246,178,100,744,664,49,212,658,650,436,200,48,751,64,153,200,169,707,731,98,702,354,75,138,58,102,766,226,555,824,394,758,132,554,384,304,22,96,695,122,548,762,48,370,656,730,690,152,42,34,107,664,356,711,528,560,366,547,112,48,567,722,128,925,966,34,770,70,407,378,223,987,823,998,246,818,756,34,505,691,800,1002,188,817,152,545,754,690,750,64,656,672,710,650,816,230,610,288,184,651,669,435,96,866,184,592,506,665,546,568,154,114,563,619,242,279,235,434,252,896,504,290,882,746,762,766,544,81,366,760,920,736,242,182,311,164,344,366,345,577,680,58,818,307,42,571,51,51,56
93,55,65,729,193,601,521,283,530,657,736,737,71,80,914,987,224,211,840,161,83,349,705,592,672,117,614,737,785,16,321,979,601,722,479,146,841,499,273,17,991,351,211,250,97,601,162,236,193,89,215,65,229,737,776,851,31,581,577,721,159,33,237,211,49,1022,513,984,598,473,433,11,48,987,981,344,520,506,712,635,120,979,107,599,730,641,979,56,635,611,728,752,602,94,752,977,96,834,51,137,183,209,306,946,94,309,853,835,97,107,417,374,336,644,923,265,153,730,994,67,979,432,225,968,445,593,81,905,20,820,9,857,511,1017,541,497,75,216,345,601,72,217,625,992,36,841,470,976,732,224
923,435,505,73,121,401,107,58,923,499,11,496,394,1007,913,11,510,743,139,787,240,409,501,459,905,241,421,619,35,667,981,247,203,947,249,113,11,160,385,1,474,505,185,555,235,437,777,0,16,753,139,889,273,139,697,864,11,491,179,531,255,478,315,162,33,731,770,408,313,435,752,983,403,289,429,305,354,473,411,938,407,67,953,878,11,985,504,409,200,210,185,43,659,49,937,681,25,880,521,537,401,24,377,59,145,349,440,691,315,465,139,184,281,377,691,185,824,377,491,131,57,441,145,507,650,601,953,943,12,25,431,55,827,121,73,395,1011,391,409,1009,371,279,379,464,344,505,441,5,473,409
64,15,384,175,241,139,139,903,273,497,55,171,257,35,904,451,417,267,827,889,313,267,187,773,769,311,43,785,697,224,691,659,880,171,107,343,59,818,20,498,249,175,183,313,631,209,40,307,170,373,824,781,401,929,853,134,385,115,35,59,171,99,385,423,505,419,489,171,979,241,97,569,379,783,257,289,851,1011,225,503,155,171,441,989,801,427,187,929,253,305,213,841,727,428,857,51,689,417,797,675,881,801,163,189,353,827,435,307,385,471,119,73,133,397,165,989,801,213,467,579,264,437,167,241,711,822,448,263,177,51,745,183,897,769,857,97,315,285,768,57,439,817,235,183,371,513,1019,381,387,929
19,523,81,134,325,363,705,424,398,269,399,262,423,409,709,263,277,169,225,366,905,414,35,903,349,385,327,328,325,528,341,381,405,285,625,7,391,1,508,344,503,73,881,175,207,271,291,399,437,21,463,621,327,407,642,155,71,398,471,711,469,913,511,320,457,375,381,71,425,289,411,149,407,439,971,541,67,117,237,269,804,589,1007,309,777,355,67,621,65,809,271,685,960,281,295,501,277,427,655,449,295,336,407,25,937,85,238,16,279,236,437,175,509,293,469,429,197,375,27,565,423,405,67,407,267,429,15,768,102,117,403,303,279,429,689,175,265,397,337,436,404,435,525,410,7,289,429,280,135,6
374,1004,1000,364,768,598,812,792,908,916,872,52,967,422,229,1014,974,788,868,376,1014,655,999,840,632,812,815,638,870,806,836,716,648,310,780,944,930,930,938,584,743,310,764,868,716,260,656,1018,1012,834,914,647,636,778,700,852,1005,916,1006,972,920,781,556,828,900,1020,911,1004,303,870,6,872,678,1008,779,1022,766,774,814,935,1023,806,695,596,806,877,326,822,997,966,948,6,486,967,810,311,821,4,1014,852,984,802,906,676,932,776,384,898,766,678,934,960,773,650,990,806,582,838,868,566,894,164,1013,910,709,960,520,834,54,880,46,806,810,884,602,710,628,710,998,310,718,878,975,524,628,682,250,936,622,727
238,38,488,293,89,474,228,12,284,108,743,733,130,120,294,46,42,998,314,78,46,348,174,538,740,376,92,344,964,634,508,180,646,160,988,748,223,478,366,126,156,313,284,986,15,404,209,0,406,14,286,153,180,676,478,20,28,130,30,678,310,356,270,28,302,180,308,52,942,302,292,141,44,596,348,196,52,314,740,14,286,172,127,164,182,538,46,62,623,687,380,104,500,743,76,238,314,478,602,342,142,270,861,298,220,340,526,410,230,716,368,744,348,381,844,398,149,220,142,130,764,556,302,198,162,252,110,344,316,124,29,150,144,295,748,147,438,662,84,36,204,349,230,180,860,30,92,254,315,356
254,122,813,179,738,58,547,481,102,482,230,628,88,22,239,193,724,107,730,557,105,638,158,730,302,574,754,950,203,801,589,50,241,545,9,477,562,234,217,620,292,913,755,120,755,948,208,50,754,591,462,177,80,677,66,312,179,470,535,760,316,705,116,316,825,177,44,390,222,730,616,125,502,165,562,178,182,182,1019,561,987,585,570,881,304,545,616,247,637,54,202,196,226,164,514,194,671,749,692,242,593,817,54,164,112,897,164,518,1018,456,228,22,477,150,501,229,222,452,716,474,258,598,44,224,759,625,78,816,746,734,65,49,85,572,689,202,548,1004,120,73,458,105,722,251,550,451,627,66,887,212
667,722,815,642,713,677,517,622,556,539,565,491,522,736,902,786,976,533,643,998,549,776,744,361,923,695,769,904,701,852,107,517,741,519,238,973,1001,520,870,162,898,642,663,685,1006,367,789,630,916,791,705,537,353,23,840,731,641,801,794,874,513,438,663,705,875,775,977,34,873,737,723,560,773,1000,939,449,927,995,663,539,915,513,669,745,727,920,616,983,757,662,362,554,852,595,647,642,808,834,603,669,899,616,683,513,826,531,696,858,802,993,852,937,19,524,998,908,800,897,630,850,211,1001,848,519,998,663,627,849,546,837,658,853,662,596,940,675,658,365,24,669,517,658,713,516,637,521,11,659,643,669
867,359,590,396,424,618,113,363,259,578,340,414,932,363,200,290,676,332,297,954,318,706,772,425,386,393,576,770,951,934,1007,100,907,935,202,459,970,363,459,909,673,796,831,576,984,617,34,706,914,954,803,914,179,672,934,936,457,914,766,286,169,362,520,289,129,698,442,292,986,428,905,256,438,909,776,812,666,813,792,202,710,307,395,420,730,259,578,706,281,424,896,75,629,870,137,876,492,639,857,586,189,226,578,235,36,859,160,296,929,112,633,362,601,482,428,826,584,600,309,770,936,771,904,268,250,443,73,394,846,184,287,424,321,393,734,417,851,417,586,585,874,416,551,587,293,759,894,653,38,359
593,627,315,7,163,579,483,934,465,456,968,599,199,643,139,247,1011,417,118,352,87,387,135,714,884,161,581,823,78,801,323,805,224,114,843,711,936,466,98,707,199,386,163,67,705,525,473,17,131,131,306,464,19,643,217,131,514,249,775,581,550,68,871,583,193,803,167,195,227,131,119,186,706,74,65,706,496,54,46,183,629,352,103,294,706,3,934,999,938,7,354,695,323,67,45,641,195,355,577,1,495,37,69,997,487,867,183,327,80,302,998,354,55,519,183,423,65,935,65,362,705,934,261,26,565,957,163,531,631,695,705,865,275,576,115,227,520,131,482,138,949,375,760,450,67,362,954,356,9,577
89,793,247,215,445,187,355,315,425,355,379,398,223,159,71,280,87,299,311,503,495,507,379,345,223,271,923,260,91,139,297,89,143,423,97,45,655,105,127,451,73,79,351,443,477,131,447,507,343,344,494,507,222,111,205,511,143,83,123,268,68,25,363,701,201,335,20,441,959,463,8,715,279,487,65,67,395,75,135,191,91,220,503,834,383,202,399,204,959,447,179,963,508,320,607,841,235,111,115,73,533,511,91,505,660,447,835,475,888,327,447,507,204,95,323,447,319,340,953,91,207,155,223,21,875,467,506,439,360,444,68,503,132,587,155,200,223,811,403,359,323,307,399,167,353,135,482,511,506,73
1008,800,797,595,677,904,551,640,306,533,692,437,566,789,801,864,655,641,697,805,608,673,539,171,963,171,993,780,909,814,905,841,514,161,101,171,36,996,467,105,901,992,897,611,849,385,900,160,657,105,673,691,544,865,769,546,573,518,162,905,661,777,519,416,808,897,384,937,384,899,707,900,392,242,393,529,521,416,225,20,906,673,50,785,533,20,672,545,433,392,914,854,776,181,790,518,565,53,932,181,893,48,705,29,347,421,955,125,601,791,840,560,687,550,865,435,261,610,666,660,45,33,909,345,648,80,545,541,864,663,892,537,672,938,157,151,865,901,673,908,532,534,770,870,546,130,574,642,934,384
816,769,700,982,976,657,148,968,274,737,875,658,1006,948,584,649,918,796,865,660,627,844,740,749,587,569,910,676,579,942,798,721,852,937,527,900,61,590,712,392,668,818,476,859,593,851,848,833,1007,549,947,679,792,911,681,721,742,830,686,755,843,370,611,601,553,416,751,533,853,167,883,567,534,593,751,887,957,797,743,154,867,997,989,267,104,852,909,361,803,556,578,788,688,378,178,456,947,330,751,435,435,850,642,841,313,73,776,687,499,872,624,708,603,812,944,847,284,594,676,588,875,805,657,174,911,628,339,719,725,724,784,467,721,819,890,720,653,977,910,113,595,571,112,175,736,587,961,998,973,494
213,403,151,286,499,195,286,919,456,39,263,190,246,37,23,479,947,481,87,171,81,277,926,931,193,268,311,403,581,322,175,63,99,102,403,319,40,169,47,307,176,899,323,211,662,262,435,182,411,329,161,389,481,186,391,5,259,401,271,23,272,40,327,2,407,343,182,406,285,395,310,55,172,417,49,407,164,775,103,493,951,907,371,203,480,439,44,179,356,38,487,136,179,291,326,279,23,11,346,496,129,503,164,343,271,111,769,499,387,117,168,391,971,37,179,672,45,867,352,387,54,332,126,137,11,333,386,179,671,335,167,403,67,179,409,144,71,231,878,179,138,35,55,139,71,311,60,102,13,314
301,811,392,396,586,104,552,424,452,1004,912,392,268,94,40,568,596,392,902,649,56,808,459,552,816,392,760,648,396,684,256,575,284,908,700,164,644,616,432,571,940,40,776,252,572,492,652,776,520,812,716,8,498,460,268,520,824,424,456,995,264,814,568,618,398,613,520,680,406,860,443,748,844,485,776,684,760,995,165,188,58,8,808,92,8,396,367,708,910,616,956,273,748,638,164,701,266,824,552,686,404,814,521,812,552,844,428,680,792,568,606,232,456,26,676,609,472,652,716,799,769,972,416,116,552,551,901,654,972,584,214,423,963,396,417,807,641,684,780,88,404,280,460,872,780,908,776,748,798,296
72,337,844,964,73,110,884,576,794,479,348,440,364,980,239,415,37,336,370,64,346,491,990,218,267,328,1015,904,413,1020,228,695,236,371,382,246,767,72,98,338,988,80,463,624,661,379,584,373,96,496,99,320,172,675,724,104,501,894,882,532,477,618,520,414,947,611,833,896,364,608,252,708,204,288,53,904,392,344,370,615,834,468,236,727,335,172,336,24,896,25,328,185,836,968,453,908,72,577,724,32,247,167,473,912,456,320,336,589,433,316,212,617,319,988,616,476,60,279,372,349,406,60,252,678,73,332,980,344,232,1012,456,817,343,352,456,252,968,912,450,399,368,1008,28,392,410,40,509,876,339,860
534,387,704,695,57,187,624,371,252,439,150,54,967,919,401,117,21,273,232,406,218,78,758,182,63,556,561,266,466,2,938,398,191,462,322,176,258,166,65,910,149,361,446,26,253,388,561,0,22,494,982,183,956,565,467,324,629,375,178,636,778,757,323,829,506,581,116,776,437,390,509,804,118,438,689,827,570,282,887,727,126,434,186,236,568,794,926,406,476,656,177,149,372,383,446,432,942,474,118,502,25,406,3,461,727,131,314,919,57,338,77,694,438,22,275,125,457,842,949,630,457,50,562,548,392,468,1006,310,70,157,394,703,669,148,446,632,158,462,151,546,252,776,149,146,758,670,161,406,415,246
400,546,439,935,434,207,694,135,458,495,394,118,528,621,138,167,493,118,319,176,412,984,365,946,275,164,51,182,344,344,503,312,186,459,630,812,633,949,266,911,102,751,131,367,332,159,387,699,134,702,23,167,218,247,266,183,791,55,34,300,139,724,910,36,507,203,464,342,314,335,957,822,406,334,319,103,7,391,51,509,953,167,141,630,402,703,790,947,143,495,70,703,55,787,77,142,821,772,74,78,796,52,372,827,472,242,71,124,447,478,271,959,202,399,121,502,311,1,791,118,279,186,21,403,374,99,472,170,423,422,90,402,691,844,166,847,861,707,148,681,114,364,971,630,888,411,60,35,740,134
580,850,770,755,672,250,750,682,322,574,602,767,742,854,632,66,763,326,610,99,734,514,574,518,602,742,120,966,646,583,230,466,686,473,864,248,607,115,602,651,650,570,39,654,998,770,866,322,1008,740,378,514,166,832,645,571,470,703,732,474,550,862,970,362,892,85,702,756,545,778,594,118,799,982,410,670,161,590,778,578,910,602,902,848,980,811,248,846,286,690,150,757,670,950,630,570,570,639,555,764,612,751,975,725,985,634,526,742,942,702,726,102,648,558,990,766,322,720,701,692,698,758,746,56,538,62,602,537,1023,946,758,735,550,614,718,1006,870,686,684,1001,111,913,122,965,846,638,514,736,698,982
945,910,939,922,281,766,526,958,559,791,410,691,809,1014,518,441,883,305,430,47,822,922,402,993,923,555,854,902,386,373,170,1010,390,630,298,815,26,318,985,790,286,172,423,790,626,401,358,999,941,365,518,907,440,430,438,895,814,914,953,888,459,103,278,217,499,441,526,697,283,402,519,698,511,441,270,686,573,639,133,754,501,174,638,397,885,406,434,446,820,1018,947,425,489,862,181,367,919,927,271,691,699,485,374,486,693,797,605,314,429,909,754,418,147,666,947,906,927,671,601,721,920,443,814,947,482,427,911,1003,241,641,303,906,149,413,374,77,506,518,782,186,929,13,682,781,467,366,993,813,425,361
770,751,560,355,471,595,695,347,503,455,688,471,329,453,273,257,363,797,133,406,339,83,112,275,321,455,391,527,487,321,275,407,485,331,339,64,439,275,323,321,445,321,259,471,320,422,903,228,371,452,361,504,355,259,391,336,775,295,275,290,329,167,407,449,423,360,48,199,470,375,291,439,259,165,69,836,423,362,69,407,339,935,461,951,471,68,290,183,320,355,336,584,461,455,780,942,355,495,328,999,353,268,257,460,881,967,323,407,325,331,287,339,79,833,80,842,339,291,431,39,301,471,407,502,423,107,421,428,363,347,771,645,376,460,460,471,933,835,625,165,261,269,419,436,195,627,67,263,512,980
113,448,176,372,461,418,100,107,381,351,54,35,930,170,496,382,359,168,489,224,487,358,496,303,295,100,1011,359,226,106,52,830,364,35,172,534,428,176,20,116,147,464,286,682,98,87,234,500,416,172,424,498,886,194,496,358,582,38,240,322,352,355,116,397,50,372,112,118,167,296,52,610,194,54,432,375,498,672,430,300,160,116,119,408,71,179,790,52,884,440,308,52,736,186,192,183,947,116,117,102,6,142,343,162,296,224,141,52,173,128,260,66,576,63,234,371,934,244,119,172,52,174,259,168,176,490,51,382,126,482,44,97,144,32,102,492,118,354,374,642,432,496,164,164,707,240,404,54,486,887
103,772,660,371,51,482,806,740,240,516,748,51,71,451,806,818,225,871,869,870,869,743,470,356,519,1015,206,868,869,22,102,358,796,101,615,243,627,845,1023,742,533,547,641,512,516,102,815,295,806,637,193,736,481,293,791,775,871,628,418,675,119,738,723,102,291,955,871,551,426,100,963,583,995,929,750,931,295,384,295,487,945,227,806,549,820,640,762,548,424,954,431,804,563,870,931,46,548,935,517,292,499,904,547,636,807,442,657,101,551,356,227,639,871,108,887,30,386,416,418,130,387,490,100,620,99,772,96,167,356,163,342,160,738,518,229,67,196,643,419,627,516,98,621,609,411,69,246,102,868,636
101,715,866,259,275,227,141,406,414,875,404,239,272,354,258,660,97,511,787,256,503,609,803,980,98,455,571,354,499,259,899,757,121,91,502,481,611,623,478,355,523,35,476,484,259,379,355,149,352,629,151,127,478,499,95,660,514,389,772,389,355,2,258,115,413,19,647,80,483,244,225,685,531,608,539,352,757,535,259,508,663,285,789,19,228,407,353,352,786,468,1003,767,493,628,274,771,353,258,278,23,864,20,625,404,357,259,405,99,404,225,768,662,227,259,997,259,540,644,796,1021,398,151,500,150,259,231,1005,758,259,320,899,405,369,850,229,355,915,639,215,995,660,533,537,667,484,612,603,336,354,283
966,670,726,782,669,605,859,794,1005,398,918,991,794,726,718,918,655,920,854,735,702,877,490,849,1020,989,654,991,684,593,940,670,1002,794,576,650,408,798,473,857,787,793,514,910,921,788,924,650,991,66,687,634,509,901,642,926,655,223,990,942,734,606,861,762,527,155,686,28,662,525,1019,859,686,907,89,927,924,669,919,670,778,527,670,923,811,909,932,891,922,670,636,26,910,810,648,174,538,771,888,922,927,670,906,920,239,920,667,715,954,955,790,897,952,762,873,826,793,654,766,918,665,766,857,606,905,668,842,594,878,970,926,222,670,926,700,198,952,910,942,379,927,709,794,670,606,574,922,982,695,923
490,677,482,159,487,764,180,504,255,51,152,224,411,899,454,375,496,412,75,297,691,488,324,907,179,487,127,155,260,389,120,1005,3,499,355,200,965,763,368,491,376,906,243,278,420,240,804,112,176,16,994,888,927,487,248,400,243,112,118,8,9,508,1001,496,2,508,921,653,503,166,228,404,438,54,208,23,239,392,46,410,235,0,96,4,423,980,106,3,21,272,128,8,368,914,203,135,480,135,245,56,688,258,451,135,242,466,198,436,508,138,20,0,912,597,177,224,231,20,228,1003,999,499,494,507,624,778,4,124,490,904,140,401,1004,624,251,354,712,487,112,172,130,630,202,914,504,899,396,3,384,403
6,210,68,37,430,397,330,448,257,68,472,44,328,162,461,36,202,301,37,193,65,320,285,45,146,550,6,577,162,336,296,70,263,55,86,32,70,836,36,36,4,109,32,57,385,68,292,14,322,290,192,70,780,288,36,582,260,180,321,856,261,448,4,308,32,36,124,86,259,68,193,549,192,28,69,195,166,93,6,457,192,69,310,195,142,86,57,672,68,218,178,89,384,204,326,209,68,580,674,580,324,122,36,838,526,178,70,948,389,418,38,337,289,36,550,348,218,54,848,195,4,322,324,36,2,70,677,515,432,946,84,302,805,39,325,89,422,260,205,267,297,289,448,327,204,192,340,309,309,560
116,193,341,195,459,98,453,163,51,209,87,597,192,596,547,639,113,215,673,705,948,135,209,686,116,240,66,32,614,982,85,163,880,550,561,229,948,55,721,687,234,578,433,135,724,571,688,169,201,87,18,225,1023,111,629,724,127,53,167,181,944,201,179,119,197,817,81,163,225,215,115,229,575,225,197,95,212,692,195,192,117,197,433,119,596,983,177,181,725,83,448,215,80,751,216,704,302,717,113,707,464,212,625,950,720,597,192,157,50,221,355,208,978,97,867,193,199,564,241,83,695,197,171,583,103,948,153,66,51,707,212,179,165,176,839,212,53,83,623,145,467,247,960,951,674,373,245,319,215,192
823,219,603,382,223,399,808,282,458,174,187,328,392,14,651,443,331,187,202,108,783,424,126,440,76,350,394,415,46,331,74,220,331,474,486,202,478,251,200,320,927,231,480,92,205,222,987,143,208,283,459,88,76,786,44,55,907,270,474,219,296,67,72,331,182,328,351,163,783,448,415,203,329,92,440,195,591,475,840,219,108,459,148,335,1000,78,351,68,53,202,262,459,332,392,467,60,74,450,427,448,860,195,268,146,374,968,968,843,207,39,95,39,483,40,335,472,319,332,314,78,76,351,395,330,37,223,342,187,87,783,971,298,79,76,191,108,488,223,590,456,912,172,63,12,471,264,51,987,443,264
532,491,33,27,474,12,485,365,253,650,101,363,1012,553,533,1,213,588,797,25,741,620,604,852,620,956,397,891,460,580,300,411,13,635,851,138,548,355,1021,752,595,533,571,620,13,221,860,602,96,105,1004,117,740,933,898,650,27,878,228,122,109,34,876,312,491,733,613,242,485,965,29,170,1021,365,37,933,875,864,453,613,636,576,1002,37,1020,873,586,1005,74,805,735,611,61,805,45,733,493,504,613,189,328,6,532,549,482,549,765,740,997,17,241,493,987,21,173,472,34,541,101,453,109,965,933,485,387,1019,547,251,930,101,613,328,141,785,819,493,993,909,613,181,354,989,687,485,404,587,940,995,364,989
635,762,563,795,780,831,698,699,951,820,913,552,651,762,657,939,625,315,822,856,423,729,690,887,675,563,59,127,666,823,688,282,154,664,698,840,632,955,977,554,959,666,369,703,632,887,767,536,542,987,801,817,715,24,867,939,970,937,913,879,25,650,753,863,794,650,646,1019,799,542,791,337,821,957,911,898,883,561,353,847,662,791,883,990,543,667,247,947,562,839,698,167,825,794,699,881,698,647,691,782,867,721,791,810,745,658,267,720,794,753,153,744,663,623,797,823,539,698,551,179,819,843,691,787,776,663,211,639,823,664,986,951,520,783,817,563,699,735,286,698,845,919,739,699,560,833,819,412,794,823
674,593,912,79,82,471,964,598,404,484,540,96,528,50,864,72,288,535,928,597,622,475,476,813,956,248,497,585,943,886,94,584,290,924,902,392,431,616,698,93,498,964,843,408,268,81,94,78,198,592,510,1007,403,396,620,524,620,301,936,903,524,9,0,218,836,75,153,367,593,80,132,32,294,467,448,924,97,974,449,420,858,590,9,2,208,455,960,624,961,78,454,506,584,463,193,1,54,469,127,206,467,135,390,64,372,979,328,424,107,74,552,329,938,467,199,471,712,160,920,974,1022,494,580,65,471,40,576,192,937,64,18,606,970,481,320,393,472,118,455,790,397,527,479,59,90,74,334,321,967,868
1012,753,243,639,964,7,22,628,1023,884,142,903,596,247,502,1023,725,124,262,916,475,705,1014,565,913,946,93,509,244,908,956,669,639,607,886,917,759,479,790,637,989,752,1008,60,613,687,477,1020,509,116,756,724,516,1021,665,550,1014,884,1006,912,639,327,646,766,462,112,175,573,588,758,118,837,297,630,500,473,109,630,214,351,724,1012,646,940,596,758,629,912,701,404,573,726,918,820,694,1014,349,917,892,884,617,1021,125,871,115,499,852,333,1022,86,1022,700,932,726,798,338,364,671,972,760,869,836,1020,596,873,406,592,493,573,818,18,20,1021,526,757,21,631,989,759,692,884,526,317,962,264,758,594,684,820,690
578,516,486,300,717,899,941,367,254,100,866,852,813,740,721,766,428,879,610,226,620,740,435,450,749,100,355,407,362,959,599,756,622,285,66,677,135,999,98,462,861,326,1010,110,1003,227,149,603,898,618,258,1006,358,402,996,916,606,228,118,619,156,230,931,54,580,357,932,940,254,356,486,204,124,594,611,868,990,780,484,188,722,197,556,610,359,907,554,106,998,739,446,870,892,451,254,998,852,1011,815,475,575,668,878,230,332,405,598,100,923,786,676,851,751,741,674,992,228,226,751,221,612,228,646,996,167,981,356,751,742,611,356,35,939,741,164,407,973,154,728,365,763,709,738,660,676,620,495,736,340,252
833,136,105,9,552,771,825,576,795,233,938,8,137,40,455,424,906,330,283,912,455,232,397,168,685,128,784,40,357,257,705,83,825,937,584,401,368,370,583,832,9,755,352,777,9,213,424,211,193,441,219,976,257,552,829,684,8,25,236,400,9,12,447,900,143,774,306,137,907,256,499,648,936,992,420,243,642,129,786,1019,329,242,9,649,321,601,705,9,992,313,169,449,137,137,318,307,971,661,320,825,352,777,12,138,920,877,641,148,481,529,392,129,419,912,304,74,73,462,516,449,187,11,385,83,768,336,777,466,944,887,328,76,449,13,304,423,201,897,649,772,129,271,9,839,320,243,504,392,841,940
148,789,765,797,133,316,397,130,437,277,909,973,253,75,405,643,763,717,155,717,155,237,272,273,201,149,145,692,517,517,673,253,717,285,181,309,901,771,644,204,517,769,841,517,379,332,657,755,603,397,277,778,133,621,251,603,636,373,593,537,787,425,819,273,237,212,131,509,901,309,5,12,765,690,133,780,908,331,484,861,845,981,580,258,345,651,717,523,404,603,197,349,925,677,139,612,661,309,85,259,256,284,729,133,392,21,733,259,588,657,307,921,413,148,444,693,50,219,268,861,50,997,908,637,123,669,732,845,141,121,381,305,845,405,460,253,461,432,421,349,53,717,533,769,645,145,644,624,277,544
443,312,936,642,357,106,352,435,145,372,322,510,308,62,504,562,2,756,306,143,48,261,369,27,378,1017,891,545,819,49,52,168,288,805,376,275,274,164,432,50,892,698,560,149,434,59,891,144,324,145,1010,828,124,306,913,797,372,180,748,441,16,148,90,233,291,60,793,338,204,4,970,217,497,25,609,530,322,162,500,1016,269,404,760,186,700,434,762,149,432,394,190,300,820,208,432,332,180,313,59,444,692,562,186,156,372,428,299,1005,100,378,332,29,666,386,178,108,380,146,432,113,764,90,305,305,946,16,242,184,692,514,444,204,482,1012,120,314,866,122,186,307,562,890,172,434,498,4,147,433,250,220
780,689,131,195,730,509,271,874,27,915,677,326,960,769,792,756,707,448,646,704,480,878,693,217,721,163,292,645,878,830,688,273,269,888,293,67,870,889,689,255,351,31,867,615,293,357,373,348,744,838,196,888,878,775,151,169,751,835,384,232,594,854,842,504,413,878,202,957,609,491,659,523,647,261,935,862,673,862,277,727,340,260,151,342,371,330,956,519,645,91,856,774,20,874,361,348,807,875,292,872,939,145,766,381,202,995,663,602,239,431,171,778,725,888,770,714,179,370,55,801,891,588,287,771,834,659,877,111,662,1020,623,1013,234,1007,90,503,202,939,773,805,72,1003,745,873,151,844,262,770,681,123
107,58,174,893,67,373,943,172,127,895,452,444,619,459,451,452,229,1004,428,300,593,458,503,429,119,447,626,838,373,613,837,97,67,942,467,443,580,191,943,452,484,77,555,895,99,102,458,967,18,989,498,67,334,571,879,118,582,558,63,12,79,867,905,786,893,84,509,66,877,87,410,1011,454,56,147,668,115,579,302,484,509,524,904,324,59,963,122,68,730,965,1010,171,283,398,415,71,1011,247,46,974,117,66,810,892,807,115,998,615,102,271,43,202,117,69,365,204,645,420,59,612,472,455,518,716,237,583,995,15,741,428,455,498,866,303,900,37,68,953,506,492,51,971,459,219,1013,455,367,837,67,467
553,241,380,636,29,406,678,452,672,591,800,785,356,273,343,858,923,43,638,514,578,697,533,911,824,569,388,827,7,258,126,776,100,550,969,859,205,901,842,33,801,378,855,302,836,138,811,515,11,618,277,534,258,938,514,856,878,283,345,386,753,876,279,922,994,628,841,855,0,896,706,803,30,250,10,806,674,664,278,19,319,115,72,702,83,336,908,116,92,857,62,802,256,588,258,627,28,322,340,531,562,569,810,573,823,706,706,526,258,275,75,510,801,258,0,809,572,856,557,910,600,278,626,868,376,567,416,72,587,541,894,259,865,826,571,794,707,807,541,29,394,47,803,734,584,519,947,808,514,774
268,618,677,948,293,276,598,822,700,840,850,347,880,176,857,158,857,506,25,642,822,871,946,917,646,93,102,840,822,822,581,601,810,889,308,786,521,946,533,533,254,105,530,1018,953,89,821,529,533,987,660,984,890,574,801,154,1018,856,648,948,537,522,115,889,117,594,533,986,857,821,154,869,606,117,542,221,194,880,122,906,128,953,873,680,932,309,892,86,55,953,826,649,821,102,948,695,850,322,861,890,1015,194,100,533,870,954,785,534,534,282,906,722,22,89,532,996,66,822,49,437,978,919,318,897,821,728,820,821,633,888,86,821,902,457,890,153,150,597,853,163,634,774,953,987,826,770,814,280,858,801
425,961,837,329,817,507,753,332,1000,1011,865,343,903,716,688,332,492,147,744,503,992,716,228,495,480,242,1016,231,652,981,670,727,751,1003,161,428,300,704,419,448,115,491,816,764,944,871,988,236,912,588,589,752,679,408,480,540,360,916,764,1008,439,636,503,455,694,83,386,675,1022,172,370,792,866,1017,464,230,664,837,371,555,889,499,584,71,528,239,272,481,208,664,492,455,480,496,488,644,767,747,1022,715,537,662,664,508,663,645,498,457,662,228,371,492,228,147,536,597,208,479,696,498,660,492,636,705,1016,229,707,1013,699,431,472,714,730,993,495,226,680,936,983,621,254,452,744,625,1019,252,652,472,668,730
340,784,834,257,415,7,811,991,105,860,578,271,731,615,354,415,1001,551,731,567,340,279,30,796,688,851,827,550,831,551,579,674,537,119,935,919,407,798,916,157,471,859,862,434,475,406,402,240,287,659,626,152,753,615,48,834,563,156,82,319,789,124,63,508,631,924,159,320,348,591,830,911,48,241,158,183,467,403,563,670,924,384,667,611,767,415,925,543,19,527,595,466,963,866,916,209,574,95,125,259,937,176,557,631,542,926,769,435,915,670,254,284,797,251,275,290,431,425,800,179,695,474,703,126,853,319,49,670,272,412,414,678,543,190,291,695,499,462,1012,401,369,312,407,915,703,786,927,322,284,961
265,309,180,394,595,879,833,267,256,264,557,673,124,373,40,340,782,798,272,515,378,44,363,668,527,524,862,620,961,636,628,435,351,704,586,281,268,460,267,333,317,553,541,940,268,544,269,895,515,340,275,364,307,224,944,256,256,538,0,781,466,639,343,470,393,458,756,15,828,234,387,556,940,557,978,10,256,778,557,47,331,37,272,940,343,327,588,210,267,832,123,524,256,36,515,466,556,527,268,772,106,339,301,548,264,280,80,308,968,572,268,340,325,269,0,392,268,116,704,37,685,492,583,271,70,259,815,896,528,895,561,654,264,620,780,279,259,572,387,240,738,126,165,160,713,284,32,105,112,776
548,58,571,646,559,59,72,292,176,63,379,456,607,350,569,538,893,68,783,800,520,327,843,345,264,43,85,648,344,943,523,345,79,279,323,615,770,280,256,374,803,278,47,40,50,551,613,288,298,737,795,35,265,575,343,40,675,544,771,55,58,303,261,283,43,271,279,564,771,515,340,396,27,75,535,287,276,460,347,42,516,463,783,47,529,640,260,337,265,585,103,123,360,58,33,525,760,55,543,800,874,523,267,784,292,803,310,567,468,367,547,59,554,266,691,599,668,264,386,588,543,799,258,43,87,291,43,597,56,548,536,632,820,375,60,592,228,808,355,200,783,782,307,891,772,302,867,304,58,274
97,940,477,930,392,235,1008,1001,485,585,209,840,798,906,776,772,169,912,251,233,130,757,212,933,49,298,24,938,1014,822,708,744,740,907,251,871,82,913,56,970,931,274,522,215,235,584,96,942,284,998,932,349,656,608,234,726,713,843,152,226,459,621,959,415,235,483,44,427,878,65,776,969,777,939,781,934,134,930,905,724,984,407,415,19,938,707,87,828,258,713,242,193,845,971,12,2,738,261,971,789,953,428,347,590,710,323,834,996,580,736,813,256,767,536,245,640,159,739,708,489,652,776,394,540,647,830,196,865,72,224,234,64,738,618,370,472,1013,234,944,166,994,650,195,681,140,711,769,208,188,929
310,255,774,773,847,254,701,869,533,470,382,253,761,209,978,821,815,783,938,255,822,737,837,812,118,346,121,69,327,343,260,598,245,279,1015,119,831,361,756,76,775,383,868,533,1019,316,724,104,583,239,119,526,911,1001,746,678,219,543,71,687,190,887,885,264,166,925,279,270,821,682,967,821,834,831,990,127,101,509,841,713,257,268,597,549,406,983,575,86,318,503,965,594,789,373,566,91,597,1,250,428,113,326,470,890,93,712,341,765,377,950,183,1000,973,635,332,987,682,788,165,349,344,986,813,404,325,383,17,839,717,597,583,903,638,590,127,326,991,857,911,374,974,509,85,599,143,558,341,829,118,713
93,470,936,808,726,709,5,821,573,541,237,482,466,84,452,188,8,446,434,724,494,669,978,290,50,660,215,954,945,222,541,547,138,606,270,806,473,684,726,545,129,69,542,442,470,214,726,653,652,854,706,640,596,638,404,53,158,512,709,204,85,541,682,423,341,826,709,733,912,284,929,725,408,950,142,414,774,28,221,155,684,791,958,171,317,405,426,702,212,286,253,741,541,949,1006,702,110,781,438,521,14,446,404,668,197,470,471,457,740,584,173,933,918,650,508,905,62,645,525,425,597,973,709,412,69,956,398,661,658,908,950,159,542,405,821,429,462,934,188,694,44,172,417,69,230,922,196,922,726,801
743,252,197,748,458,450,507,311,391,739,456,201,395,697,467,451,251,898,493,702,656,924,465,395,687,723,418,251,1018,136,465,339,893,234,437,746,436,933,623,467,696,226,150,243,186,1003,223,669,442,570,667,466,476,152,113,749,722,689,254,907,730,449,1008,224,449,449,710,445,227,983,1006,974,778,476,250,436,458,441,157,751,253,227,477,403,518,846,455,349,1023,742,466,479,972,438,255,907,674,470,753,754,67,235,247,722,703,702,225,712,991,463,478,240,979,424,754,544,136,129,225,892,975,466,739,738,755,754,892,503,446,767,386,479,96,721,978,244,254,754,752,476,975,1016,183,467,972,903,498,240,989,627
342,714,73,891,501,76,135,924,2,31,245,269,527,339,502,281,178,74,317,679,587,121,895,359,72,565,587,1006,339,451,261,915,134,338,192,589,307,58,372,591,714,625,985,461,77,601,283,252,961,379,371,314,797,881,613,691,1017,846,65,259,328,309,521,439,89,228,65,496,370,388,193,669,279,709,829,12,195,287,765,553,324,55,825,199,337,459,88,243,312,224,7,722,305,925,114,66,853,243,5,597,130,131,52,245,537,86,247,205,460,371,278,566,692,867,570,514,85,211,463,242,131,842,333,445,846,10,992,509,344,463,264,94,515,67,451,515,59,346,83,171,194,603,595,644,582,23,719,163,35,668
993,627,259,826,858,473,634,419,790,805,676,650,478,954,571,882,329,373,337,1015,100,684,530,107,955,101,711,886,1010,345,755,287,389,465,379,33,265,850,0,903,104,747,620,646,276,219,337,577,43,773,196,523,420,77,320,628,1014,196,326,827,93,213,346,553,329,197,751,951,237,644,520,71,730,851,192,287,797,276,21,343,320,551,559,993,926,468,328,741,287,187,711,708,318,774,645,741,357,917,47,791,386,368,789,866,195,917,980,579,757,286,760,162,333,581,642,739,346,931,985,629,37,640,164,352,517,923,1006,813,373,513,285,603,7,948,272,287,976,674,519,347,44,16,344,882,981,356,445,71,831,341
996,592,557,558,906,799,762,264,220,619,378,752,208,84,218,287,113,32,746,74,597,748,218,320,357,362,488,238,816,476,385,476,20,74,778,330,848,634,602,160,252,314,246,532,186,352,412,68,651,590,522,235,584,98,666,768,80,362,609,68,464,112,60,784,364,620,548,64,632,358,364,494,858,554,320,1008,902,260,96,738,204,548,890,34,560,762,80,796,400,10,202,229,890,284,4,236,238,622,358,690,328,846,462,122,620,620,326,218,802,771,560,394,208,320,737,100,630,588,730,896,389,746,400,388,102,720,512,204,926,270,96,796,218,796,289,634,586,42,859,798,634,216,234,753,636,913,612,80,11,608
554,308,180,407,535,108,603,360,260,500,211,212,675,43,150,882,28,996,213,379,282,101,212,136,468,28,451,510,381,36,33,538,211,605,54,482,546,36,174,451,610,214,286,978,894,42,595,722,160,308,470,57,849,400,602,979,84,882,162,242,574,347,43,877,844,388,80,311,172,554,1002,308,602,736,228,485,368,44,98,609,684,108,432,100,813,45,358,164,349,54,262,821,110,44,220,638,503,238,211,107,819,211,198,222,823,381,99,180,530,420,308,316,284,173,870,883,230,471,538,368,859,154,721,312,103,661,995,237,616,360,338,488,372,308,554,964,120,339,863,29,31,308,212,601,404,84,541,226,590,87
465,595,435,98,741,163,644,339,99,70,853,827,443,717,45,477,628,589,438,285,211,357,473,923,275,284,469,507,427,185,267,99,749,83,45,93,681,223,218,243,43,725,473,423,109,87,479,729,449,355,751,739,667,237,99,409,195,91,219,307,169,333,99,337,473,349,163,390,93,228,409,109,478,71,141,179,739,225,317,937,239,741,79,110,407,97,135,317,348,502,191,981,163,403,235,529,109,567,35,503,106,692,649,937,743,172,237,195,145,479,369,51,137,415,347,212,769,172,755,741,173,347,717,85,345,109,483,140,273,363,361,27,741,963,745,225,749,969,745,109,225,281,91,470,407,301,741,733,1013,737
50,712,702,850,925,189,738,836,796,7,722,294,203,974,936,300,70,423,755,705,926,598,920,306,323,1010,282,19,1010,916,914,528,922,404,3,988,226,334,721,282,970,483,682,412,190,795,954,988,528,622,194,538,564,928,720,807,452,722,824,439,384,291,468,286,632,469,962,70,31,703,754,561,412,1018,542,580,398,892,36,755,979,986,222,428,208,0,820,163,552,523,986,727,8,326,877,722,790,856,276,796,529,274,563,852,40,344,491,806,813,436,2,234,978,526,471,1010,579,414,340,556,137,242,962,786,194,365,995,922,607,159,202,667,793,763,218,190,1023,853,722,858,914,546,195,860,963,430,858,483,546,720
344,499,661,205,495,633,698,917,143,903,921,41,968,579,228,457,633,83,518,462,457,730,807,393,907,946,505,10,627,218,835,589,927,71,91,782,473,406,121,451,963,914,915,838,790,485,579,971,1017,393,113,313,137,865,583,921,308,746,697,158,917,703,649,119,250,615,758,205,193,411,211,905,393,623,264,320,690,155,409,345,365,841,473,202,254,986,646,898,841,83,468,915,145,659,75,713,238,239,693,244,387,193,699,681,962,127,851,568,757,969,185,409,83,691,633,881,939,382,333,466,160,323,835,747,491,392,633,459,253,409,601,137,839,329,347,243,137,743,450,527,761,916,965,137,73,817,783,761,567,469
647,556,652,717,668,364,582,641,582,710,135,638,180,686,142,352,512,444,353,799,648,192,956,675,637,700,128,798,525,871,413,542,701,946,198,182,208,769,135,177,641,886,688,994,525,112,54,599,189,829,118,1004,422,870,819,713,905,17,577,481,574,589,257,592,694,252,481,720,641,135,263,666,198,397,898,37,631,641,513,109,631,670,180,615,174,621,285,566,867,770,865,606,871,630,423,654,422,909,178,943,801,722,700,134,686,242,636,240,973,854,624,140,647,929,582,486,175,752,240,585,718,38,869,129,3,429,566,596,428,73,129,841,425,480,1014,318,157,775,812,695,541,177,1008,934,935,118,839,877,486,863
618,60,60,111,366,304,686,162,120,109,94,212,183,412,340,238,422,844,300,529,120,526,350,428,380,100,204,230,686,206,718,320,280,408,998,72,949,872,102,373,584,188,382,202,358,306,38,888,312,319,274,356,828,712,214,104,430,283,254,494,624,446,550,709,88,84,120,318,36,146,324,438,24,376,84,810,851,237,494,574,1022,856,438,57,274,310,722,830,382,352,350,815,714,84,8,316,1000,894,340,418,300,236,360,527,504,274,252,314,100,116,704,510,805,870,134,428,296,538,306,372,96,188,590,378,87,424,352,108,496,872,92,392,354,20,236,424,940,730,108,254,220,338,638,539,360,444,498,104,890,585
632,418,952,452,778,414,510,292,159,410,1006,826,148,148,425,910,607,340,148,644,856,16,972,540,492,316,446,936,898,894,492,990,293,974,92,326,532,158,868,596,864,360,348,480,878,148,344,24,306,910,298,1012,598,536,109,280,812,910,20,810,1006,232,766,884,384,382,708,134,910,974,804,936,1016,902,508,4,974,898,388,1000,404,728,930,766,814,794,628,62,958,734,975,414,985,710,264,690,27,734,936,536,926,1006,8,1006,436,532,939,958,6,344,168,538,664,878,735,810,914,1016,98,850,606,1022,156,398,46,110,1000,911,148,616,628,660,732,16,776,832,420,394,500,24,80,156,464,167,710,137,344,972,608,798
612,548,237,951,548,687,974,99,614,532,18,63,46,270,55,536,550,832,546,404,740,140,540,118,436,548,709,618,222,862,690,110,550,626,129,926,150,135,732,12,100,548,52,622,622,684,582,414,550,605,36,28,738,196,0,118,742,109,406,422,676,166,108,630,215,292,303,214,728,904,279,686,31,892,94,214,294,255,566,40,735,504,604,284,56,572,30,616,676,278,530,100,185,102,111,500,102,550,596,230,229,484,548,166,336,35,639,950,676,758,152,60,727,191,142,750,694,726,484,672,44,549,926,606,550,558,598,629,628,348,103,614,553,791,34,738,616,190,29,850,532,599,47,612,575,630,734,609,754,620
260,394,769,1006,285,845,61,287,502,357,914,362,262,797,378,278,445,854,958,1003,388,958,366,950,610,420,348,268,486,356,190,947,894,808,534,334,924,34,214,798,846,356,321,853,309,278,868,853,422,494,793,934,420,1014,873,446,358,9,975,774,270,934,976,414,794,164,861,21,871,678,793,783,899,58,361,654,364,878,776,976,938,429,838,438,934,367,989,924,638,130,1006,774,432,774,416,436,879,894,838,854,958,972,422,358,315,956,356,999,454,382,770,286,534,292,889,336,916,350,821,811,340,297,430,870,548,118,830,446,799,346,880,310,422,790,374,1009,894,490,370,894,965,686,802,84,164,358,122,324,930,366
352,866,868,635,815,875,303,357,32,838,673,328,865,361,485,894,746,260,867,860,873,841,831,777,867,793,865,789,331,523,896,867,645,360,612,544,888,363,939,619,817,862,834,273,595,865,268,13,921,148,4,935,278,875,818,801,939,803,821,876,831,801,443,231,895,545,608,931,864,790,780,923,885,774,636,724,438,513,876,854,888,355,213,299,777,410,260,459,225,868,861,899,871,37,517,899,523,807,917,875,774,603,612,822,541,867,842,608,840,290,979,362,779,912,286,898,784,929,739,272,839,933,331,852,851,261,923,362,788,283,421,661,895,879,869,787,955,567,858,893,914,268,894,895,293,544,869,849,383,273
633,453,633,715,401,975,505,463,149,10,362,320,40,119,435,211,990,592,818,191,672,333,372,697,834,642,221,80,834,53,473,835,320,934,299,360,566,65,377,960,931,89,385,93,394,954,93,688,377,67,882,944,865,178,13,373,461,987,795,85,697,114,149,891,846,880,252,431,33,455,826,277,932,371,498,471,447,443,849,329,966,667,421,331,778,938,58,267,121,120,313,66,383,811,960,60,177,320,833,730,507,308,313,98,555,776,377,306,370,95,690,217,688,389,927,635,381,856,96,566,372,850,333,785,889,393,185,867,517,337,949,176,336,782,437,320,944,383,257,786,195,393,859,351,810,162,128,808,123,1017
902,340,462,378,898,279,471,907,223,316,348,64,406,974,374,378,454,430,310,822,943,334,302,405,990,398,438,419,343,782,5,478,305,334,810,466,294,382,310,300,381,849,463,10,382,644,438,86,950,374,470,368,292,330,326,422,284,958,428,270,749,36,268,334,792,881,430,814,774,286,294,318,847,316,478,438,950,310,268,394,448,310,376,106,772,458,303,336,778,420,999,501,288,289,36,350,850,558,15,470,335,50,655,956,975,344,848,420,510,492,314,358,926,300,391,294,783,476,279,822,458,398,286,494,1015,463,263,332,309,302,310,822,270,447,332,362,302,310,270,973,340,132,378,380,837,63,38,527,486,822
38,227,953,384,377,155,92,9,313,912,169,569,273,481,187,391,659,105,89,130,256,640,673,913,58,120,72,955,761,493,789,185,142,251,192,242,371,248,441,56,185,63,8,221,641,8,713,208,240,928,457,513,240,960,248,480,303,881,683,256,192,240,1,791,32,761,193,704,149,211,21,761,966,880,80,481,705,432,0,242,142,489,315,77,12,57,257,921,513,129,131,192,454,153,937,209,652,397,312,963,177,955,856,416,936,176,459,29,171,1003,9,144,185,105,136,35,168,753,194,240,145,166,320,8,244,153,136,205,886,502,713,761,513,162,0,35,150,17,457,57,249,704,50,825,245,98,295,77,240,107
684,568,739,584,699,520,527,703,606,255,753,40,713,688,686,218,584,561,654,650,676,725,653,579,73,593,626,681,746,744,593,661,154,683,654,682,651,648,643,752,931,595,653,693,907,430,157,762,898,507,666,725,429,620,44,666,643,698,38,541,331,127,732,554,654,881,664,616,714,615,685,680,688,643,187,649,571,696,251,673,522,106,664,77,705,593,680,659,988,864,627,680,704,643,653,601,698,685,959,615,661,689,561,725,884,664,197,742,688,634,713,1021,153,691,525,911,721,732,717,736,601,632,549,234,701,692,725,681,680,896,221,85,546,673,645,137,615,552,513,651,209,720,669,512,957,513,561,557,897,642
292,644,811,426,350,867,66,487,530,446,350,996,473,283,275,938,592,881,582,87,281,384,487,797,774,533,162,811,264,45,451,495,499,16,709,126,339,998,519,347,322,376,592,879,89,829,750,427,914,230,873,107,438,921,166,397,351,171,996,484,507,512,4,530,487,953,991,763,811,627,986,215,779,391,802,354,818,607,484,489,491,217,18,490,122,486,465,879,548,1007,376,285,996,342,950,6,907,431,773,416,300,356,623,809,646,505,82,262,303,453,429,875,790,57,484,477,331,373,62,366,132,1010,875,863,594,355,736,730,726,305,460,367,459,507,154,25,423,466,311,2,290,863,291,161,951,4,407,155,457,484
526,835,267,337,842,334,426,391,522,863,866,387,778,330,812,94,247,322,341,388,350,798,627,599,887,403,283,307,339,373,927,842,286,735,347,386,611,349,468,943,472,883,842,466,315,478,330,599,423,318,330,354,793,317,362,419,863,323,371,789,850,322,835,852,92,402,353,258,355,553,98,572,316,550,418,318,778,781,26,362,407,374,71,912,291,266,394,590,811,325,608,339,85,301,419,906,347,807,291,302,338,86,330,583,273,860,395,407,807,845,286,435,185,343,392,130,299,772,384,350,539,308,302,854,293,362,413,871,162,458,483,362,338,314,354,270,317,343,867,264,266,290,258,339,803,306,259,522,476,802
396,546,133,220,164,690,148,420,196,404,220,333,792,412,498,717,960,899,386,658,900,204,932,460,964,122,818,749,646,448,180,658,164,458,350,333,266,354,222,149,406,260,642,620,15,972,268,396,76,410,498,436,842,194,365,773,12,687,192,659,433,1023,204,198,411,387,543,899,780,772,461,424,260,954,179,450,460,973,18,402,932,1012,932,268,268,1011,260,154,540,258,916,908,906,837,224,460,140,206,472,130,396,386,116,716,135,476,218,817,412,202,947,908,140,132,402,300,339,492,716,252,184,4,390,328,76,218,900,713,262,132,261,460,396,996,367,404,692,156,388,204,204,460,133,130,204,12,972,970,640,456
845,987,564,213,987,277,193,797,986,913,885,917,276,140,147,733,586,925,985,223,469,731,335,844,961,279,793,917,902,209,913,810,227,917,731,749,338,913,949,901,919,985,40,785,989,911,979,203,475,795,211,387,145,5,919,971,846,149,917,741,973,221,205,845,847,590,709,799,475,207,981,137,979,961,937,219,693,405,405,721,918,757,979,906,214,914,84,971,218,957,897,1023,941,36,905,975,919,662,221,923,145,229,989,813,714,195,819,209,957,145,473,433,833,791,129,474,405,16,113,217,663,668,785,16,213,209,147,657,693,665,791,223,785,597,22,133,765,511,803,659,987,913,985,911,927,203,985,781,1013,479
51,179,308,150,164,163,838,435,131,170,107,820,117,38,117,35,742,443,1,166,51,239,90,162,82,20,426,626,931,255,22,130,35,71,234,820,60,31,419,35,172,51,55,193,162,126,50,83,365,35,50,803,162,823,3,238,178,740,21,981,743,635,611,35,164,43,55,306,55,34,166,3,51,55,142,891,234,309,51,514,219,910,490,163,52,126,175,161,581,3,168,127,150,62,815,107,959,6,762,250,450,97,235,35,868,107,194,35,37,891,178,1007,245,162,458,49,169,874,931,53,331,162,18,315,237,311,59,874,182,51,891,38,39,163,819,807,627,546,931,380,179,162,418,35,16,801,610,36,469,746
884,13,370,375,229,282,226,53,180,692,436,338,18,981,903,114,60,690,322,124,46,370,1019,84,909,726,785,244,246,314,116,116,948,210,853,852,564,221,410,283,83,60,210,1010,370,242,112,884,445,884,835,117,400,369,245,156,274,338,60,60,212,1010,565,884,482,434,89,404,242,234,120,242,755,914,372,112,180,827,228,170,114,116,314,83,372,132,884,116,53,724,382,748,884,189,400,371,234,242,66,226,60,328,60,711,882,339,148,306,964,381,242,117,628,242,444,114,58,177,317,253,372,181,500,210,83,209,369,27,276,82,884,884,84,442,60,176,212,148,84,373,703,484,371,210,85,61,242,114,85,105
603,298,462,348,66,378,339,314,274,634,314,146,603,324,266,617,924,326,26,82,338,630,634,722,663,586,571,378,1018,346,588,334,586,94,969,752,530,244,330,354,923,604,379,82,370,596,315,555,602,769,42,582,370,628,383,335,578,1014,2,474,594,73,431,370,218,81,74,340,303,570,227,151,89,604,473,338,522,332,507,522,587,751,258,338,344,2,370,855,352,90,411,114,163,370,602,190,528,324,58,78,335,610,584,522,551,842,787,602,66,152,266,571,506,56,382,120,659,75,80,512,370,426,274,907,466,422,603,298,606,322,888,66,622,626,348,322,321,79,585,62,127,363,578,510,550,375,325,525,590,275
385,215,130,599,210,280,279,966,19,17,26,23,144,791,171,406,666,200,732,883,240,875,402,346,130,151,275,336,258,788,499,313,16,5,850,28,5,214,83,260,850,32,82,160,210,642,730,275,67,272,779,128,96,523,216,232,284,458,114,600,138,179,928,670,592,192,33,130,277,13,406,390,129,922,398,19,306,295,155,214,914,982,141,16,17,731,984,72,229,162,55,484,930,990,150,427,48,144,133,54,459,152,16,650,645,710,799,519,258,863,19,134,216,3,134,263,856,135,275,426,17,807,926,6,867,400,144,537,769,339,272,150,898,208,450,346,156,347,150,386,769,227,276,51,858,532,922,151,11,134
62,311,832,1,712,384,583,295,447,30,521,49,709,245,1,830,937,312,128,80,128,844,739,308,289,139,481,65,572,781,57,675,319,831,371,829,753,195,887,15,305,247,721,982,321,579,309,305,441,477,755,573,317,958,740,749,305,540,815,655,439,15,959,51,635,741,909,373,383,64,384,460,830,655,593,325,319,752,857,831,741,939,807,953,392,209,576,122,767,649,850,700,318,1017,447,615,799,958,396,895,271,309,706,319,765,799,777,55,151,48,247,64,317,117,866,198,777,773,717,373,44,19,453,711,441,441,303,640,804,353,503,1,689,707,966,625,743,359,137,377,971,737,446,791,960,272,929,702,482,2
195,173,757,468,949,684,383,77,917,828,253,971,820,106,706,501,612,427,580,941,275,683,813,685,61,199,908,173,777,71,455,908,527,301,860,482,859,180,426,269,241,281,780,61,284,820,573,692,485,957,527,124,157,567,903,268,227,315,955,741,682,935,957,701,100,227,646,527,36,684,205,229,802,61,205,316,317,341,373,550,285,549,63,783,373,567,245,644,396,827,235,427,68,699,189,109,357,54,956,348,125,373,325,932,965,440,325,884,485,335,849,743,693,933,964,476,508,371,175,357,172,171,29,349,939,421,924,684,237,882,276,954,487,756,300,573,997,933,421,562,317,771,685,227,451,677,828,469,66,199
694,436,692,958,149,422,1021,905,276,912,690,144,700,474,565,658,752,178,745,888,994,1020,696,502,980,943,692,402,182,690,756,504,1012,752,516,49,381,1012,178,529,762,757,149,1014,614,888,54,561,565,629,950,821,692,756,567,948,964,688,996,1020,982,760,176,653,754,692,948,765,314,981,692,748,887,736,849,150,541,468,440,624,740,1012,597,668,748,633,399,761,849,164,1013,676,893,965,54,706,692,997,932,434,765,508,676,760,629,560,560,692,756,950,180,629,916,752,764,712,566,753,892,754,740,211,628,309,453,758,978,690,693,696,728,52,700,692,1016,757,144,317,728,144,913,242,891,674,692,577,528,944,692,853
568,826,127,927,809,894,927,921,945,475,1019,850,944,962,986,827,943,439,991,123,624,815,777,995,1023,515,1022,689,273,689,927,248,475,873,849,944,888,886,929,1022,175,987,947,726,855,625,787,945,16,511,958,466,801,665,915,402,610,953,659,403,794,915,985,766,952,913,577,759,771,526,926,937,959,856,191,918,721,898,440,320,830,521,670,462,815,283,985,793,955,830,951,464,1010,474,1000,957,695,923,879,983,914,785,976,209,647,221,275,885,1014,919,303,592,784,720,987,504,1023,840,958,323,415,382,447,505,806,218,1009,721,505,931,927,945,579,698,979,473,921,234,958,955,651,303,774,918,985,926,737,671,962,440
529,346,565,849,121,308,852,623,616,600,624,632,20,252,349,956,753,310,800,376,688,56,436,707,636,304,128,566,310,121,304,592,792,16,889,288,272,630,596,560,161,576,180,177,880,184,745,52,784,305,48,253,672,48,177,566,80,628,564,866,434,85,560,548,57,126,822,624,634,182,832,598,628,632,633,827,376,181,584,120,643,308,565,944,628,881,760,636,852,628,588,584,672,628,272,48,752,505,676,52,678,182,638,512,688,56,606,560,630,595,560,656,760,656,256,765,638,16,262,728,560,630,6,16,566,54,604,638,888,600,54,113,628,588,20,578,97,884,745,0,46,278,622,54,262,182,638,92,849,752
246,622,176,726,728,272,564,634,54,54,226,886,124,20,790,851,690,344,318,820,944,1010,551,118,184,180,24,888,820,657,880,608,658,624,158,348,886,822,822,694,503,88,24,118,627,572,662,606,534,54,55,571,534,630,726,816,816,344,886,880,1006,56,624,630,62,859,934,816,624,383,538,764,51,21,804,630,872,598,820,574,127,343,176,112,1014,949,562,348,74,22,599,152,816,742,558,438,886,560,526,574,823,988,62,434,182,830,240,854,200,311,55,560,568,976,1014,214,16,888,630,151,528,516,566,55,341,566,628,982,689,508,790,52,304,54,886,654,535,645,624,78,54,678,560,22,54,772,20,530,582,756
249,159,727,189,739,702,54,82,690,223,187,656,263,985,337,919,595,657,346,186,595,433,662,726,757,82,905,96,590,217,231,209,474,663,193,983,699,209,159,976,214,242,159,217,86,211,703,289,208,88,147,30,177,403,196,720,26,157,519,82,89,443,137,400,955,150,217,727,246,983,471,215,75,599,210,311,679,185,215,707,826,351,217,640,721,475,407,18,200,849,353,209,337,80,978,609,145,585,86,603,178,215,177,145,235,971,159,791,301,706,927,209,559,189,219,155,991,215,824,147,947,818,904,217,182,430,152,664,723,199,209,599,586,838,208,58,651,147,733,217,151,211,602,720,731,699,733,83,723,713
674,1020,1005,715,685,141,417,52,620,678,679,612,907,741,687,1003,653,612,636,997,749,900,239,231,974,1005,990,229,685,974,46,53,552,239,236,236,651,1006,420,12,200,934,1000,308,517,1002,679,704,681,929,592,231,989,250,739,739,622,416,748,600,648,622,903,225,1004,993,365,636,200,968,609,815,1001,951,660,768,620,568,872,749,237,749,636,141,796,951,999,688,764,383,739,546,589,1004,996,969,633,750,165,751,672,510,223,994,1005,597,909,738,1000,239,975,620,972,612,104,680,746,766,995,712,748,239,745,166,807,607,612,47,760,1001,764,999,237,875,745,108,975,514,143,1004,606,767,620,635,620,998,749,932,542,628
309,122,127,155,235,434,811,378,117,620,511,431,624,51,57,293,438,562,315,612,370,119,436,637,267,119,308,295,50,307,562,52,480,135,378,308,822,273,156,308,736,498,564,412,688,517,306,443,657,563,790,176,377,84,758,51,183,275,311,228,55,309,325,752,232,95,845,663,227,368,892,952,690,253,372,512,1018,378,178,702,371,162,993,148,350,309,802,506,48,192,824,9,259,35,236,499,762,371,128,287,132,180,502,236,52,49,563,148,350,1015,891,195,886,314,182,788,256,312,783,84,498,199,250,234,176,307,316,631,1005,714,35,889,299,162,48,754,332,436,48,274,692,264,434,792,250,446,1002,347,176,489
794,406,734,204,650,667,568,477,764,217,588,377,702,733,1019,661,590,716,646,542,661,764,616,986,158,638,190,661,705,204,689,734,253,806,406,662,748,1007,588,607,185,604,662,655,604,728,636,657,734,586,732,766,705,652,662,462,796,510,764,767,637,730,476,669,670,788,860,576,574,540,406,892,765,765,154,126,735,734,732,644,734,534,766,634,702,476,956,796,734,520,756,972,1007,250,764,734,666,661,730,760,762,606,949,826,526,578,719,530,637,350,700,516,861,588,462,479,644,254,536,607,590,1022,591,216,660,546,124,554,718,721,718,844,536,483,647,253,644,447,606,520,646,510,516,764,12,668,670,728,165,534
73,578,526,206,581,515,719,35,190,642,76,66,206,79,85,591,253,143,254,192,444,203,206,746,254,255,708,77,770,835,71,202,203,297,772,635,332,773,223,579,2,652,79,79,218,227,206,431,131,175,46,46,43,418,670,718,79,76,591,47,134,218,215,764,901,262,6,558,206,5,589,687,391,135,428,392,200,2,202,79,462,132,577,202,204,203,303,198,903,175,476,164,206,333,902,971,750,961,174,6,207,67,590,899,902,11,79,847,174,77,446,398,774,116,296,79,94,967,192,203,844,263,78,902,193,188,516,581,206,6,6,204,202,175,78,190,195,382,658,718,526,516,734,73,77,586,715,812,516,590
349,337,144,387,386,774,835,633,283,193,706,774,642,182,450,785,753,400,465,142,955,86,707,392,920,795,375,472,387,968,781,217,222,903,194,806,990,992,99,390,130,432,488,343,679,390,905,128,464,434,146,208,100,179,150,913,731,394,25,83,855,385,991,341,896,774,256,1017,434,471,979,409,899,770,275,214,401,80,473,257,913,247,407,689,850,163,640,728,747,855,182,650,920,71,146,451,144,899,465,625,3,912,202,401,918,209,138,945,705,199,191,785,249,278,23,417,222,66,998,984,400,414,919,327,134,451,912,337,136,23,266,408,945,655,394,922,125,239,785,260,257,400,921,384,368,424,50,990,433,170
840,685,377,427,847,865,958,943,895,840,959,4,869,527,320,571,345,811,617,987,687,869,837,838,1010,552,841,957,775,776,105,553,809,810,783,808,809,577,173,270,838,845,809,846,331,809,843,837,327,835,841,975,905,72,469,872,847,553,776,904,44,847,103,814,847,615,317,833,776,777,780,839,847,841,393,841,815,326,825,1001,841,952,472,845,321,825,964,905,815,616,289,840,456,808,886,843,281,833,227,463,265,905,847,968,641,809,748,833,956,837,777,884,831,890,836,833,837,860,776,865,847,847,847,809,781,775,845,843,348,782,824,777,264,329,840,809,796,845,328,814,833,886,815,841,864,70,840,1001,833,297
124,834,892,179,645,348,336,83,396,19,597,387,91,852,839,581,75,85,252,338,408,837,205,211,18,708,65,84,157,196,68,451,213,69,285,722,429,501,87,340,349,579,209,734,996,898,343,69,312,726,83,3,877,455,516,859,701,114,546,51,692,203,676,343,215,413,837,853,470,138,540,598,9,245,389,935,29,340,152,145,83,837,896,660,87,966,855,206,85,578,173,412,149,65,1011,163,963,921,397,995,453,66,525,84,101,411,995,340,51,451,320,487,837,339,473,83,980,549,343,464,29,384,852,466,453,465,339,922,964,125,532,208,347,710,980,801,12,866,75,113,966,189,581,835,259,579,321,18,437,282
385,267,773,705,745,309,84,697,589,626,629,721,821,245,263,91,20,177,953,327,775,133,881,341,53,421,965,951,119,317,625,977,85,825,129,11,261,173,409,55,898,404,965,397,149,661,57,3,421,71,775,701,85,264,293,118,280,51,25,845,789,289,205,133,953,449,441,247,129,437,373,435,1003,208,455,337,589,593,713,221,129,773,241,749,408,419,341,89,677,340,255,9,984,49,901,253,213,553,741,741,81,440,177,981,135,265,717,565,505,545,213,477,389,795,529,710,793,385,399,57,757,785,969,385,261,805,773,587,445,1013,529,261,261,909,949,501,265,121,635,305,57,265,309,789,469,745,146,215,247,249
225,743,539,283,915,147,241,555,439,296,11,533,367,85,450,618,115,795,828,34,25,359,831,131,138,43,274,674,555,813,288,485,587,831,67,353,291,873,739,799,47,283,159,191,29,673,779,121,239,31,239,488,157,43,859,79,25,263,791,217,530,547,803,223,811,158,895,125,874,771,527,241,208,779,719,803,663,347,464,91,45,140,299,75,815,235,283,814,58,794,63,831,67,139,650,765,256,639,589,639,806,355,894,161,347,44,751,10,382,122,26,155,451,890,769,43,7,371,841,172,33,430,365,479,683,275,915,43,274,867,163,795,835,578,837,575,62,683,219,263,659,275,160,67,247,106,427,658,851,223
304,276,494,26,88,164,26,454,604,446,182,25,202,488,272,0,344,58,96,17,88,722,94,254,762,296,156,56,344,22,556,924,600,528,290,658,68,104,86,686,522,1016,198,70,712,794,188,52,256,148,610,256,26,604,84,190,26,90,734,558,20,6,113,21,328,323,540,26,52,12,184,88,652,410,202,550,678,298,472,443,44,84,610,810,39,180,202,20,596,52,134,100,618,66,792,10,490,22,57,88,443,514,66,412,10,24,442,648,994,316,32,174,296,184,20,611,372,130,260,59,624,932,84,100,66,128,792,46,612,338,998,928,824,24,848,913,91,960,152,472,216,212,882,24,126,1000,52,40,106,214
551,189,831,442,389,717,765,863,155,681,841,213,681,1023,529,218,127,269,311,471,297,755,149,853,261,555,353,989,701,443,925,41,797,585,169,799,640,21,653,255,973,471,145,857,321,892,763,651,137,297,41,201,545,663,409,1017,951,177,81,61,25,673,223,343,243,544,341,85,385,919,841,189,721,1021,861,217,595,185,933,687,433,655,153,255,135,217,731,869,74,937,813,679,761,822,153,161,254,587,285,57,721,177,281,465,1021,235,397,25,513,919,825,809,737,553,248,658,321,793,985,713,725,499,449,169,289,723,143,41,55,972,33,181,95,601,25,609,1021,983,137,313,892,799,153,499,713,365,687,217,512,365
403,165,795,863,787,287,51,783,509,377,547,687,283,251,415,819,67,784,791,21,367,899,303,93,779,593,423,95,831,165,547,23,117,527,53,155,845,279,221,315,276,262,123,37,381,23,179,293,119,475,85,727,271,356,803,257,309,299,871,791,510,273,123,287,383,381,673,775,319,497,411,375,287,803,283,403,53,633,255,371,21,283,299,155,137,799,823,813,363,150,551,848,551,273,355,151,375,57,545,281,23,255,814,151,195,59,167,39,359,367,337,323,369,647,791,497,127,501,487,187,285,794,670,415,667,115,414,495,273,107,931,183,27,23,59,811,247,167,191,453,103,287,183,79,363,55,155,112,831,149
355,807,81,487,841,213,321,137,571,71,415,161,453,358,887,319,807,233,213,409,805,181,367,412,461,97,105,353,976,358,551,353,317,743,743,769,228,65,795,901,821,365,375,245,370,800,901,75,391,370,849,355,965,537,129,723,312,829,407,513,5,159,949,350,112,413,609,859,337,100,543,230,162,225,492,45,1020,273,245,456,287,69,229,353,389,657,337,193,359,65,225,98,865,333,401,231,805,193,391,114,337,69,337,95,217,369,663,233,141,725,239,643,487,236,449,902,647,247,97,353,689,321,81,801,359,533,97,867,95,165,229,238,984,353,81,449,454,103,781,229,769,599,852,689,89,354,353,385,356,65
11,8,109,473,973,421,425,481,521,200,441,373,97,6,427,509,83,545,789,8,192,49,195,907,641,489,425,395,235,59,457,445,436,77,394,951,469,117,75,497,373,903,93,331,453,473,777,385,518,967,139,264,49,433,975,709,499,395,389,359,393,47,735,300,957,427,457,95,461,329,390,1,459,941,1019,457,43,89,163,434,37,45,555,466,393,264,325,9,708,11,967,389,9,941,49,117,67,443,186,9,497,946,603,459,195,260,433,398,395,200,543,1012,11,979,663,497,684,53,11,443,73,473,393,97,425,201,312,981,829,537,89,325,459,329,812,701,441,471,651,129,527,75,597,45,457,11,58,794,139,495
90,364,746,562,602,551,110,606,515,398,606,11,518,569,94,394,522,878,525,138,535,682,930,156,319,6,514,8,907,86,593,741,102,140,578,102,139,910,670,214,126,586,414,584,648,864,942,621,750,676,104,34,618,206,10,540,1008,687,474,486,982,618,821,562,586,631,644,726,450,802,154,446,1006,365,6,50,73,618,201,110,392,942,942,910,1011,110,526,626,101,682,898,618,174,613,618,808,538,587,14,990,908,14,1003,571,634,4,330,382,970,934,8,110,350,112,67,110,678,397,278,381,74,598,969,974,996,526,613,114,43,22,110,28,526,88,206,10,100,668,22,864,618,102,542,234,8,90,522,45,1000,490
258,1008,288,694,130,252,353,156,257,128,205,218,196,297,396,419,468,260,852,6,481,1016,855,878,868,369,926,729,808,205,804,692,924,840,216,1021,178,648,210,765,222,212,992,720,761,727,352,348,800,961,848,864,40,798,160,1020,976,336,350,812,240,208,382,93,168,246,904,976,856,1020,488,366,720,234,360,1022,704,956,321,512,332,356,941,185,736,676,413,334,200,488,489,220,858,398,839,382,376,568,732,27,505,560,440,904,485,879,616,842,720,864,286,204,872,141,873,838,793,254,495,224,509,488,748,188,253,888,798,450,488,906,509,816,396,924,892,480,236,472,877,818,221,478,268,700,923,934,664,456,237,724
336,35,818,289,365,356,801,300,297,949,803,322,999,721,137,347,758,456,916,504,227,260,204,329,491,648,396,322,1016,448,193,875,224,1006,431,160,261,92,428,416,424,706,777,832,325,997,421,352,40,172,869,416,437,41,458,264,384,355,173,297,227,321,228,884,289,424,189,296,837,296,723,320,428,92,973,333,288,216,417,977,896,488,400,874,881,735,801,260,289,293,642,416,494,301,36,389,205,336,208,389,160,356,324,448,256,516,936,421,321,426,296,1004,195,5,880,912,413,424,423,332,84,237,936,780,177,321,847,849,273,272,750,296,132,742,224,748,944,644,453,424,751,321,988,260,760,816,228,749,44,261
166,687,90,11,37,551,87,403,805,420,488,551,200,999,5,489,971,997,37,227,807,549,225,39,9,485,493,483,9,871,489,38,39,43,37,108,487,39,425,101,443,404,169,481,481,776,393,39,39,769,41,789,805,933,938,1001,39,110,486,844,901,580,535,905,964,490,453,38,3,485,554,503,424,6,37,997,457,164,421,998,205,101,265,420,993,170,105,483,935,69,554,805,456,485,261,39,996,293,969,101,421,39,870,334,997,484,645,896,5,903,453,37,777,191,807,17,935,385,485,42,491,34,161,429,36,995,580,805,417,167,805,549,623,261,788,807,39,105,419,31,996,448,563,549,934,422,487,901,961,105
86,395,81,601,187,215,439,116,790,163,215,663,131,402,87,159,435,97,57,51,471,95,163,351,437,242,94,863,595,115,507,475,283,882,49,439,51,595,117,849,659,407,67,435,723,457,155,181,94,18,1014,24,315,107,437,27,131,631,147,147,251,401,628,51,51,115,127,86,70,435,154,169,126,715,98,186,415,95,87,87,235,29,16,59,441,118,222,187,251,119,850,98,387,58,51,155,59,427,934,279,187,979,235,409,117,382,117,444,607,918,223,635,169,13,755,311,439,255,185,890,91,990,151,127,497,190,627,318,147,147,444,121,479,123,19,602,131,899,976,539,51,215,251,863,183,119,99,441,251,127
644,388,37,8,425,349,357,333,905,41,392,489,21,456,36,41,43,969,9,17,928,358,97,168,489,297,41,489,37,249,504,949,549,485,45,139,873,1000,907,421,45,932,491,485,489,24,37,1002,233,39,901,366,249,837,40,490,909,523,945,427,513,456,426,984,27,489,11,233,457,37,165,593,425,485,960,937,345,57,233,366,221,482,272,39,122,430,416,1003,490,491,392,687,707,488,930,9,552,43,160,481,232,504,484,41,553,83,41,298,281,13,297,477,52,212,485,41,536,488,489,708,809,997,31,869,485,105,37,373,59,296,38,485,553,43,489,41,157,457,40,233,489,41,497,939,794,37,472,25,555,493
757,124,102,832,45,593,157,600,244,242,950,125,657,508,718,982,569,609,809,661,366,210,904,883,293,852,636,900,925,382,557,172,78,787,668,200,850,893,252,787,652,716,22,668,976,865,472,116,661,157,241,125,224,1008,706,708,991,334,663,209,320,229,20,685,592,16,244,634,51,340,916,888,211,669,997,532,577,140,859,94,556,185,877,765,701,245,24,90,656,848,541,886,432,65,759,279,40,849,60,758,518,781,112,317,764,172,376,919,382,713,669,725,620,52,785,891,850,949,665,171,679,93,306,925,979,180,116,636,789,305,729,113,883,820,578,780,213,125,810,190,121,493,621,605,510,556,701,858,596,244
159,807,67,286,815,254,223,335,239,207,206,269,79,220,159,271,195,286,527,719,514,19,271,195,383,259,211,187,254,895,203,214,303,419,143,735,269,783,543,195,79,415,319,162,527,148,787,190,655,215,319,195,266,351,207,252,566,894,271,351,575,355,157,252,7,461,783,115,385,143,3,223,255,700,781,739,163,351,225,139,319,223,717,281,831,911,333,243,477,143,771,841,707,223,137,511,323,463,723,186,505,16,243,783,890,3,526,223,221,11,848,223,143,959,294,255,451,575,242,247,131,319,669,607,629,719,31,334,202,589,783,239,851,207,19,271,333,207,275,205,287,60,851,351,787,459,255,15,773,307
242,245,288,357,244,540,52,176,850,52,177,128,212,240,321,164,228,432,70,233,48,236,316,36,485,163,309,416,372,112,246,438,428,240,108,124,736,228,500,356,105,483,160,176,185,242,168,775,163,225,954,114,129,132,244,212,246,112,312,124,308,124,240,241,290,176,842,294,756,240,648,240,228,288,352,120,122,659,240,242,244,198,500,224,342,177,373,372,240,160,36,212,160,232,228,121,242,204,476,244,721,172,180,376,307,69,212,274,502,247,432,48,376,208,240,312,176,308,116,372,116,306,369,162,226,60,250,214,372,689,980,116,310,128,370,192,52,204,304,753,100,240,374,270,352,203,236,244,560,120
486,960,775,772,922,68,209,231,468,921,464,768,386,403,721,842,451,32,841,991,940,706,636,540,128,708,12,216,466,461,978,910,499,72,384,586,202,92,204,456,429,271,686,771,328,0,494,234,140,977,705,449,965,404,718,302,196,466,31,492,384,797,862,988,790,76,422,490,264,468,969,426,405,324,390,756,590,384,101,69,798,910,896,970,79,524,204,217,480,789,481,865,72,464,985,97,192,896,644,377,717,20,6,970,720,13,33,376,576,912,387,9,749,979,478,44,261,195,456,95,708,65,220,73,796,828,192,770,70,785,728,112,257,268,345,650,261,775,517,481,806,789,261,264,849,665,797,206,962,252
359,715,523,861,744,729,763,839,869,855,868,139,719,715,842,843,599,267,719,883,683,198,513,713,203,755,711,911,839,139,727,575,791,730,719,635,967,823,871,974,839,715,891,875,835,841,583,522,572,724,719,527,411,711,648,455,715,511,871,863,891,567,863,830,719,842,516,695,715,844,839,883,747,843,779,829,267,187,872,510,549,839,1003,565,576,825,971,180,971,591,520,843,598,747,730,969,347,767,843,971,767,715,763,835,7,739,755,971,711,763,235,875,971,335,463,715,640,767,927,219,719,1023,839,743,519,719,715,756,451,647,523,819,523,755,719,755,85,411,743,895,855,974,845,997,1006,555,726,333,741,3
607,159,181,306,255,415,447,85,335,607,267,278,628,103,654,532,887,659,126,127,406,947,438,902,1003,634,201,607,447,701,439,439,27,614,357,343,855,183,779,795,991,831,914,471,127,659,599,307,384,692,143,518,946,840,127,918,925,51,691,676,29,8,854,594,754,507,311,850,949,283,594,783,915,899,125,945,918,103,171,311,402,607,177,795,121,924,607,100,639,438,438,312,126,434,511,70,243,158,691,429,634,145,614,363,126,243,919,701,851,359,855,118,445,366,638,318,766,438,166,767,935,1017,755,125,119,670,239,629,711,927,113,191,367,934,383,414,770,375,445,623,881,403,127,927,255,363,439,173,818,655
48,898,394,658,434,60,434,636,1010,560,466,56,476,434,511,497,449,18,120,432,887,94,380,432,447,562,555,28,313,12,466,140,472,435,350,828,304,48,440,376,557,280,332,960,304,80,880,572,443,1022,400,612,928,450,796,496,624,304,508,496,402,400,688,624,884,16,499,460,148,568,49,970,1022,380,572,6,946,384,828,946,176,188,530,19,336,332,506,432,16,428,947,358,944,398,498,466,561,466,330,477,211,368,86,395,880,566,464,304,699,687,50,444,560,908,988,17,1000,1,458,498,1020,31,206,253,534,492,176,753,1012,1021,930,1020,498,926,824,444,1009,500,508,955,18,350,561,441,432,816,86,372,652,179
949,612,580,920,640,554,937,652,576,956,573,582,640,670,898,643,640,681,604,735,575,672,851,768,639,640,384,633,920,764,532,700,140,703,782,582,698,693,640,623,764,663,644,580,908,707,533,680,736,899,701,895,611,540,880,381,508,737,532,536,1021,858,606,640,700,136,837,645,743,125,909,927,591,908,897,640,606,563,592,954,694,565,917,595,836,949,899,748,724,220,640,693,572,568,896,704,640,839,660,649,584,573,328,605,648,601,958,748,705,953,541,899,880,197,688,513,548,957,936,512,548,937,1009,701,780,679,840,252,743,641,768,917,663,447,541,736,609,655,843,332,904,657,197,520,381,645,924,689,788,644
987,958,433,247,1001,786,562,647,569,162,995,603,496,91,432,373,141,642,493,499,947,950,993,1012,54,859,741,1012,162,899,190,983,961,850,751,899,374,668,917,391,1022,405,409,461,765,645,968,81,507,384,758,482,385,957,689,144,703,759,162,290,804,28,560,945,635,979,165,997,1021,251,603,494,702,594,59,479,984,695,274,900,401,762,191,950,52,921,701,630,217,497,1009,746,186,669,548,528,505,89,416,295,601,670,956,770,647,737,950,1008,846,954,244,961,877,922,625,484,153,921,190,194,241,742,593,498,370,965,489,537,292,602,486,658,128,801,482,769,355,374,1004,832,219,925,347,958,581,1020,372,833,928,1012
560,826,652,1007,794,1007,596,708,512,934,830,623,686,1021,952,772,549,966,700,766,1017,273,718,748,470,940,63,68,838,671,750,750,844,908,724,723,730,30,31,977,730,615,17,702,34,722,726,724,341,723,982,571,966,1004,409,928,662,726,22,573,63,454,862,870,828,827,726,719,982,790,742,764,31,730,662,976,982,703,872,655,972,734,716,750,989,988,715,552,726,721,103,704,758,734,735,716,716,552,948,646,860,932,1019,546,794,857,245,895,724,716,620,550,731,771,964,998,960,925,977,696,830,646,542,63,695,710,1022,599,918,746,595,984,822,622,742,576,902,867,540,758,675,851,576,1017,703,964,911,863,862,997
725,475,618,249,355,347,459,511,423,399,793,984,504,481,315,57,468,403,55,408,896,118,315,764,831,348,728,816,372,813,435,980,987,980,572,824,988,831,505,762,827,745,433,562,199,500,500,11,952,229,248,772,288,571,831,61,522,379,467,354,150,280,988,887,793,313,153,897,823,825,291,807,121,924,215,985,777,63,476,502,666,575,505,767,818,855,763,479,481,761,309,185,971,787,295,709,308,823,135,796,314,767,507,759,315,451,967,499,1003,340,442,471,275,870,505,823,826,453,247,60,919,636,568,225,507,915,868,835,350,153,156,765,487,349,314,712,703,60,57,939,222,416,865,317,204,476,283,307,711,255
635,660,516,651,39,245,127,710,690,220,242,440,50,561,482,774,742,249,553,179,279,314,209,617,187,171,185,141,498,723,29,338,190,48,543,11,761,230,477,443,441,454,731,522,306,710,755,478,667,58,193,806,371,499,304,337,162,169,202,755,734,723,427,718,440,462,996,961,753,299,476,647,609,86,438,251,753,1011,570,393,58,729,53,411,124,675,762,749,211,847,219,737,747,537,399,307,171,550,699,487,738,727,178,734,57,747,570,721,493,543,251,761,206,600,75,827,54,570,506,715,773,683,477,246,33,555,371,723,926,179,198,479,1009,738,974,499,201,204,755,902,762,273,222,571,725,753,726,58,197,34
32,416,517,536,56,36,247,71,223,323,56,45,260,247,84,487,24,358,136,284,12,641,11,43,28,72,992,257,40,59,772,256,31,960,17,496,676,523,256,106,40,429,471,70,560,68,4,100,304,359,939,468,816,360,3,532,516,7,13,12,29,43,340,28,304,56,73,100,632,56,7,828,120,594,87,24,104,569,328,43,72,28,452,118,0,238,226,56,489,56,312,423,96,743,292,251,676,248,433,38,121,68,280,56,286,115,300,325,511,22,232,120,376,39,20,189,372,8,41,56,552,44,571,4,549,560,488,62,137,233,457,44,44,36,71,303,891,49,244,774,233,545,712,704,327,80,133,56,283,48
865,212,654,434,653,601,514,704,684,868,349,540,718,899,260,990,678,745,736,909,716,905,405,837,662,653,114,808,661,719,717,688,173,960,705,894,678,533,707,549,781,717,542,13,653,726,141,722,575,986,450,700,670,660,589,725,686,525,709,988,902,849,256,513,712,753,720,380,861,518,589,890,717,542,316,642,529,829,560,599,174,384,644,653,974,721,717,630,662,560,329,808,269,654,320,688,581,668,672,712,594,701,708,720,745,652,665,557,709,973,542,525,627,526,642,989,653,664,721,982,973,672,974,689,677,668,733,720,663,277,940,771,225,732,581,789,221,822,693,711,654,712,529,204,573,500,652,654,661,653
513,950,209,774,168,230,174,617,182,177,991,982,21,705,319,101,234,604,194,95,114,38,208,187,965,190,105,215,467,93,165,641,93,199,15,281,1019,169,95,991,439,423,125,544,85,923,974,95,643,25,77,149,328,248,165,209,467,924,148,118,193,590,372,246,839,526,353,127,613,173,165,482,355,93,85,585,711,211,95,495,475,165,78,166,733,27,230,1006,268,22,221,525,718,89,125,600,946,146,214,231,693,153,674,722,765,220,650,69,606,537,614,249,681,47,746,484,93,253,535,1002,983,233,585,597,741,687,95,81,189,510,23,193,125,544,242,342,59,164,81,229,591,193,253,607,9,212,915,100,253,525
472,576,543,572,553,481,515,295,28,230,303,575,878,418,843,288,797,320,161,3,4,291,63,203,268,571,127,239,561,556,815,542,126,527,799,31,927,875,620,547,543,323,11,257,771,774,825,0,60,20,39,339,803,823,76,28,555,807,993,45,799,515,739,1005,543,297,551,215,825,275,528,741,743,562,777,315,547,63,451,188,565,313,839,299,921,12,575,322,807,541,596,587,559,25,825,42,560,213,560,189,656,37,828,912,768,804,279,331,620,443,125,75,565,714,807,451,777,191,520,512,4,419,615,674,579,773,295,817,585,343,704,827,3,440,576,163,617,804,361,515,588,106,291,464,756,657,871,230,293,796
240,5,284,5,30,837,351,327,263,391,348,93,383,860,312,412,16,290,352,12,442,655,390,212,880,319,222,348,389,784,799,359,511,446,381,252,470,260,29,219,258,27,261,216,69,173,1008,368,95,614,383,775,730,91,228,861,93,220,543,20,19,285,421,492,223,263,68,613,285,253,477,263,378,102,286,805,28,304,31,315,448,511,988,116,509,286,156,591,479,231,865,697,847,391,296,497,223,511,554,477,121,421,689,443,287,255,317,288,477,95,622,223,159,85,412,33,284,7,371,371,795,280,836,1023,983,359,472,479,413,284,187,732,635,423,271,479,399,284,284,95,860,68,316,285,368,325,220,113,287,4
0,445,937,340,442,32,407,40,524,808,140,137,89,11,369,784,329,133,168,88,872,152,300,849,162,988,933,89,466,276,29,258,473,1001,382,362,72,184,196,347,29,408,428,218,379,201,280,121,258,502,473,395,262,270,232,184,760,187,168,144,288,265,29,321,226,977,441,481,848,768,138,107,333,763,316,376,431,258,904,159,274,103,37,897,393,172,456,34,170,880,296,192,378,161,227,208,8,465,25,34,128,93,121,204,288,137,491,221,496,143,191,312,38,464,937,909,138,889,376,217,366,504,249,253,290,865,553,124,536,779,442,82,384,1002,40,342,362,934,467,290,385,313,346,69,474,285,42,353,145,232
382,261,303,141,79,284,982,798,46,591,957,174,446,158,455,358,370,133,261,451,207,1022,289,904,549,37,503,779,618,894,12,229,867,524,415,799,413,390,229,294,424,369,94,674,354,348,175,486,302,414,294,340,958,287,959,517,500,607,275,390,453,293,501,379,655,299,905,227,503,68,295,947,254,298,490,228,987,735,610,422,868,238,421,118,453,391,583,769,468,370,205,197,789,894,300,140,324,367,236,589,308,290,866,639,196,881,354,966,398,61,415,813,94,426,641,967,668,769,375,909,355,431,975,263,965,355,422,635,445,500,414,911,358,206,941,359,36,118,939,910,84,67,422,909,432,151,865,500,375,287
147,818,227,131,859,202,239,235,264,826,992,250,909,739,895,14,323,663,99,207,659,931,485,35,1002,416,795,951,746,121,698,204,383,335,236,751,203,291,287,91,124,440,117,91,100,96,489,227,960,100,603,327,435,390,900,95,91,399,422,47,345,911,866,62,601,76,843,197,403,935,279,946,307,484,135,54,268,1022,235,987,321,439,866,206,1021,229,323,117,195,199,952,230,228,358,27,147,190,250,12,435,227,97,719,224,749,362,207,31,179,187,55,72,456,296,705,291,188,163,699,828,18,106,207,355,197,787,91,760,856,224,167,711,723,79,179,250,307,610,196,766,225,804,207,335,473,942,207,59,131,248
657,589,914,731,987,944,940,290,319,750,293,786,915,97,994,751,561,875,957,387,52,436,584,427,836,927,78,895,742,670,639,581,762,697,197,1010,739,554,618,193,815,738,1005,279,727,794,929,67,331,576,229,1003,635,697,384,706,561,723,620,720,559,936,529,962,562,496,278,743,104,598,616,1004,263,755,763,686,794,721,699,787,959,64,747,802,620,647,79,907,561,419,818,111,914,707,847,514,930,706,360,690,35,683,695,790,651,923,814,787,674,514,689,843,239,602,619,9,914,964,51,666,651,823,622,18,832,341,584,448,680,712,979,934,642,418,787,192,979,323,601,521,563,442,635,835,659,939,960,611,150,480
260,209,29,276,333,219,688,79,147,448,176,431,57,469,176,256,642,358,790,535,56,148,823,359,613,457,620,468,283,406,205,267,526,384,941,677,214,489,30,358,296,363,331,188,123,97,177,492,877,310,108,348,486,493,798,79,105,502,16,692,184,81,527,683,516,393,105,161,95,12,205,1021,73,304,481,161,356,444,234,120,454,109,101,606,331,307,181,853,315,922,50,235,258,376,265,574,272,311,480,641,820,212,111,233,485,29,114,343,403,348,352,865,389,189,638,132,604,76,73,533,76,735,344,820,61,417,6,348,175,192,886,48,367,438,120,70,918,431,246,367,379,126,276,173,305,223,132,40,406,510
383,150,318,351,174,374,457,574,49,380,492,1012,188,534,256,255,870,189,23,229,404,503,367,21,191,518,487,479,301,238,189,214,452,870,460,433,727,838,526,69,270,663,359,334,495,14,471,71,188,174,30,111,702,291,726,463,190,305,807,453,221,127,149,997,261,981,759,70,391,117,177,71,446,332,509,485,62,336,71,279,466,159,733,702,375,341,268,942,188,542,302,62,322,700,190,366,358,580,391,405,286,14,624,398,391,895,92,509,1005,431,401,351,271,511,340,277,124,735,957,453,277,158,389,446,263,445,959,69,113,151,221,494,399,358,437,220,570,175,493,295,262,534,495,383,159,22,285,190,137,940
602,316,808,528,634,977,315,810,361,1019,606,751,485,551,609,607,475,800,1020,101,478,549,623,716,942,929,706,722,591,594,1018,828,982,869,955,624,742,999,608,805,449,626,605,618,869,813,134,1014,603,936,547,549,274,602,906,90,281,838,595,941,1021,997,350,307,1016,458,561,757,820,301,737,766,759,530,337,598,293,316,551,101,524,395,613,597,604,537,440,611,726,764,696,941,952,1020,909,756,532,634,85,586,633,601,997,933,996,537,664,986,758,596,754,630,907,128,998,585,933,794,776,813,173,318,23,677,573,414,536,486,985,617,699,732,794,776,807,895,422,973,539,337,823,301,689,741,614,590,993,605,681,965
939,42,538,667,363,19,151,115,25,418,379,938,128,275,106,659,515,57,715,187,58,401,19,382,106,558,552,91,163,682,873,19,522,808,3,578,32,425,931,900,106,979,657,803,515,19,866,102,331,555,771,746,715,513,512,440,152,529,657,610,665,754,219,86,635,986,569,19,595,587,958,875,154,898,59,610,457,379,290,849,170,594,519,618,1,586,698,632,587,19,220,153,454,83,661,59,376,891,618,10,618,171,185,331,336,155,666,219,787,465,403,106,619,6,409,175,424,56,555,201,992,393,75,937,969,311,203,514,162,201,162,515,657,513,675,106,106,635,715,682,423,145,627,683,539,682,227,746,75,374
985,626,574,606,624,769,994,563,286,806,960,542,950,534,538,824,713,794,950,774,586,117,970,1010,593,930,693,974,102,586,218,857,554,692,17,1015,874,942,382,842,821,914,820,595,842,538,823,849,530,994,670,776,531,824,610,566,803,663,926,771,558,308,521,590,537,870,727,702,304,979,2,841,637,54,434,682,999,537,820,870,542,638,608,342,346,794,548,687,567,634,117,833,365,523,44,802,783,571,550,219,926,866,281,841,624,602,550,918,610,670,599,963,826,634,1006,822,684,822,590,804,616,912,786,955,585,313,294,550,30,861,830,854,790,556,830,689,603,1002,962,966,982,698,994,983,590,634,520,629,823,966
348,819,140,216,216,492,183,787,843,819,362,355,184,8,401,492,299,275,45,50,179,427,59,311,293,6,416,64,358,120,237,147,472,360,353,204,304,1016,665,331,51,15,968,284,458,51,146,133,552,251,968,104,395,171,663,283,568,140,75,859,114,275,356,216,59,491,329,505,328,828,27,476,9,146,128,189,272,347,206,120,27,112,24,184,265,475,297,307,59,0,127,480,241,790,2,233,113,298,139,4,159,161,9,844,232,777,360,43,516,371,168,376,56,86,148,488,448,58,360,883,152,715,1020,321,465,107,64,16,500,488,144,840,208,294,329,147,141,286,374,64,870,314,167,359,108,41,248,290,781,920
266,820,805,128,530,973,790,26,772,846,221,294,841,684,60,623,954,889,846,1002,641,729,309,602,476,586,644,513,787,512,766,595,704,987,478,1007,759,969,606,874,578,532,668,664,254,521,821,857,614,834,600,820,669,540,23,622,830,793,694,971,922,600,1005,784,669,891,274,843,530,696,528,536,641,716,927,716,29,640,702,708,822,885,925,782,710,174,612,714,640,111,708,329,669,774,648,968,706,836,540,986,854,729,275,786,770,603,166,91,666,159,706,728,392,587,530,316,400,1021,787,893,706,640,322,828,856,605,728,840,618,607,707,778,776,705,849,832,586,662,548,350,987,705,619,848,920,804,528,322,859,650
870,993,721,523,409,681,311,516,61,487,287,208,396,225,666,516,737,129,939,317,153,565,253,701,317,832,213,341,213,281,180,671,221,631,907,331,844,201,451,213,513,415,541,951,184,685,85,325,121,733,275,393,340,643,344,545,664,379,359,244,201,965,823,641,55,177,913,147,935,427,403,879,540,411,209,219,1004,438,377,485,552,703,559,357,348,525,515,416,459,25,943,722,169,720,39,130,195,637,245,89,531,225,257,199,581,695,821,351,319,645,699,823,449,118,713,129,977,321,409,1015,540,49,159,208,649,735,553,977,705,887,89,397,255,513,147,801,324,209,29,540,709,237,703,727,191,406,641,349,167,27
403,154,630,392,790,306,738,530,86,333,313,286,890,432,314,282,470,6,322,204,116,120,26,426,74,250,344,106,181,636,328,450,96,338,341,254,243,206,256,340,926,332,142,74,342,816,414,332,394,312,200,200,264,8,368,222,262,378,318,421,261,598,102,330,790,944,923,118,352,330,52,102,386,382,26,222,374,942,844,346,242,321,338,72,758,159,370,236,688,470,116,0,858,786,40,537,702,297,242,282,402,922,174,468,430,26,197,102,286,328,128,102,273,414,462,274,282,415,770,498,894,26,278,470,208,790,914,502,398,794,136,30,435,114,338,416,156,721,258,32,786,142,392,107,229,200,435,206,110,214
105,932,399,649,450,157,443,905,459,408,741,426,439,261,376,333,349,749,289,97,413,267,385,465,528,89,426,385,709,50,331,505,801,289,186,17,475,418,185,413,443,425,687,22,929,505,440,446,490,240,509,285,507,345,409,330,107,267,765,459,400,353,766,496,457,352,496,122,289,337,501,447,967,260,481,497,463,33,401,425,345,63,21,43,567,297,111,62,155,415,209,251,854,119,79,361,987,915,297,207,493,417,8,81,217,297,1016,433,417,433,765,125,52,102,459,803,345,61,390,353,311,459,408,922,89,68,488,435,433,217,377,26,985,213,409,410,441,401,338,211,443,667,37,464,469,165,111,33,650,505
33,99,734,235,170,457,876,385,31,770,470,187,315,952,471,233,907,188,15,104,509,37,299,19,179,479,95,935,351,55,403,1,360,415,173,488,54,767,90,803,425,727,349,374,469,233,483,495,489,101,401,353,419,963,491,661,497,37,303,611,758,471,994,780,289,335,289,401,315,379,225,826,196,132,381,189,71,99,504,807,764,33,224,579,613,155,499,33,156,33,962,757,248,315,827,826,271,413,370,67,223,241,516,35,304,99,499,945,498,309,443,713,213,928,406,568,619,935,731,489,488,931,488,831,159,224,417,765,979,243,260,419,423,123,23,489,736,295,432,44,333,616,20,489,721,618,23,368,440,103
109,1005,893,941,704,464,601,629,498,1012,517,677,357,125,553,898,951,533,713,255,471,229,853,865,3,996,209,312,897,544,373,677,845,1023,108,634,203,1001,68,510,563,846,7,841,767,897,529,25,743,621,677,842,793,989,1005,549,509,509,896,51,226,380,905,876,565,461,627,457,833,557,981,705,169,629,575,51,529,357,925,943,8,577,619,449,567,519,63,51,565,549,401,513,257,1021,957,892,997,458,692,563,45,245,501,13,951,933,886,328,887,572,929,877,899,959,799,515,123,75,369,44,109,621,513,681,300,721,701,867,951,913,572,825,1013,40,993,821,942,875,1004,433,942,493,649,341,586,811,446,229,137,621
31,119,348,839,919,461,520,468,88,91,503,1023,502,226,454,214,509,607,988,227,538,95,66,210,409,682,824,669,395,195,95,214,769,63,490,579,456,395,993,215,67,345,490,170,134,43,1015,63,887,726,584,500,469,207,952,46,355,121,796,834,265,639,951,873,113,107,203,231,413,375,385,823,605,66,224,325,214,94,534,317,851,98,309,284,782,17,203,210,509,417,349,85,635,447,430,103,467,26,575,369,415,214,573,0,727,227,202,424,579,193,834,214,82,231,471,1,665,773,637,71,651,397,320,407,224,179,292,214,880,905,1015,919,391,522,892,20,106,82,67,783,739,311,198,502,735,242,470,323,119,1016
954,1016,238,158,68,482,41,648,554,405,828,504,198,404,572,268,140,534,776,978,836,900,18,94,860,51,924,780,982,617,923,860,490,190,632,260,335,532,478,42,280,433,504,94,404,800,218,384,296,22,14,454,407,214,776,69,908,608,0,580,56,483,488,36,845,956,429,514,268,126,900,68,1016,327,781,353,481,204,374,184,342,616,268,22,716,354,476,70,938,118,44,1000,514,519,21,65,278,489,838,76,22,104,456,132,776,988,12,773,924,866,480,488,396,64,672,808,440,326,709,562,580,608,72,582,304,982,404,871,798,204,716,989,750,82,582,198,370,28,8,249,261,94,488,350,1000,148,436,684,98,909
89,52,149,418,417,638,540,199,606,344,992,222,708,358,380,254,743,969,274,233,391,924,920,1014,336,627,449,52,254,228,269,862,230,185,142,352,940,1020,194,91,198,917,229,1014,593,126,440,104,413,842,898,500,424,729,444,667,643,379,80,137,433,752,73,961,446,236,494,491,395,510,446,32,884,990,1000,667,105,169,794,123,475,2,983,959,400,512,67,380,986,848,333,37,489,369,115,88,475,940,383,21,279,289,289,390,16,286,401,345,260,515,710,83,140,649,624,13,358,769,971,214,143,997,320,704,474,731,692,292,772,316,177,204,88,475,256,257,533,404,125,353,276,943,12,680,70,361,878,489,509,819
463,208,854,65,223,498,94,74,587,77,192,88,519,408,67,271,81,65,83,350,79,103,75,79,87,323,113,67,75,570,114,599,54,78,379,466,75,334,119,75,70,591,113,15,69,75,66,80,96,335,205,3,591,2,67,11,83,76,70,82,256,76,4,886,67,13,27,79,79,78,364,30,623,78,447,86,87,322,11,78,65,79,321,76,77,127,95,339,66,80,78,317,13,334,10,527,386,367,525,132,122,9,83,408,87,67,211,65,335,79,78,271,492,80,64,87,7,74,77,474,537,70,270,464,78,460,78,3,79,80,79,563,286,131,207,332,113,70,79,73,459,195,333,78,79,15,400,116,82,335
521,531,584,256,72,520,557,512,215,464,914,592,516,553,523,559,908,544,525,656,516,104,840,902,600,808,379,585,28,104,521,547,544,786,976,520,658,914,517,555,552,528,899,969,940,66,544,659,536,904,712,906,865,648,517,914,553,512,953,530,681,784,520,907,532,565,818,656,532,537,265,516,528,789,657,656,915,521,904,801,552,515,520,516,521,552,489,532,520,516,714,516,649,680,512,791,92,713,560,580,72,913,987,544,905,80,933,808,808,532,556,816,516,594,466,921,518,532,220,528,520,660,523,520,528,521,340,531,808,708,804,8,997,548,68,516,656,532,960,102,536,896,555,916,529,720,518,532,528,336
11,916,953,744,541,764,40,668,412,280,732,556,797,708,717,616,569,568,28,110,765,60,980,477,550,696,637,253,828,948,40,604,9,600,953,987,761,620,739,620,701,412,93,388,172,810,928,428,636,616,112,900,952,637,732,280,537,538,735,668,600,632,923,600,682,540,980,751,164,685,157,698,536,696,684,540,760,537,937,669,604,605,568,905,541,476,528,636,808,568,700,49,60,5,748,540,126,685,44,32,157,572,40,780,620,156,728,793,172,884,953,762,524,547,603,459,700,636,64,575,764,576,572,637,512,636,608,605,131,528,704,121,650,636,541,28,1021,688,732,56,621,808,131,409,972,620,861,924,45,933
183,921,111,239,54,919,479,511,503,263,467,409,119,757,66,473,111,941,727,471,983,757,131,261,119,679,277,158,247,119,479,111,171,279,189,182,558,183,763,160,493,301,662,191,375,47,95,247,149,199,505,263,83,313,155,475,461,391,693,187,983,739,239,20,469,407,557,579,439,397,126,455,757,517,665,663,199,191,470,53,187,130,123,503,147,1023,245,621,500,199,479,631,87,447,183,413,439,446,251,655,495,250,111,391,215,119,506,109,241,655,427,123,173,475,71,191,694,286,245,87,751,347,211,822,153,151,119,99,109,823,375,663,662,431,303,149,411,115,667,555,205,571,375,183,411,1011,70,503,563,495
486,902,927,927,273,141,495,943,391,143,754,289,917,942,499,103,947,983,983,1007,249,281,567,483,507,466,953,178,495,931,445,443,501,981,511,993,934,527,415,959,1014,431,661,513,989,877,919,1014,999,210,1007,1008,102,917,169,142,511,887,487,911,223,955,915,487,695,503,215,509,999,935,110,79,214,497,407,247,959,457,1003,505,493,463,506,946,1015,1007,509,80,911,511,1015,574,525,935,215,114,227,183,5,61,998,470,467,445,471,148,108,775,951,541,999,366,925,495,815,947,1007,471,1015,103,943,807,410,499,949,510,246,471,435,1015,927,1014,111,500,718,919,937,87,955,479,499,215,998,143,950,43,919,975,398,729
777,894,831,49,550,900,934,780,32,583,252,702,946,990,829,487,814,704,44,551,470,832,880,828,860,806,828,912,574,830,794,556,854,850,812,801,770,860,830,226,788,794,924,354,494,482,828,944,828,819,829,794,512,350,664,830,952,871,822,804,806,548,830,838,771,956,598,856,780,543,982,575,808,803,310,784,57,654,1003,362,318,935,814,904,487,896,540,806,574,812,930,61,908,542,749,606,804,382,1008,812,238,699,39,642,615,818,949,829,0,292,800,800,828,223,957,679,7,230,33,807,798,830,807,807,894,868,543,893,685,940,880,958,702,686,665,824,934,92,796,826,791,916,594,810,934,682,788,824,562,950
714,847,744,696,822,456,197,875,717,747,1011,690,811,297,513,31,1007,768,431,951,426,186,203,137,498,710,682,234,719,161,251,767,291,832,138,803,584,312,952,192,191,477,682,288,236,173,691,706,696,761,559,223,844,750,715,747,207,43,665,691,467,186,169,238,266,143,693,951,138,924,881,951,233,179,684,762,808,208,175,699,185,655,233,680,672,945,1001,181,163,235,136,238,241,247,204,183,505,243,755,906,152,771,242,803,175,184,1006,810,763,168,290,682,921,346,152,728,681,908,250,939,478,688,239,195,955,681,968,812,909,970,712,834,203,139,314,169,986,552,143,441,1009,840,760,178,696,1000,223,594,231,949
132,130,5,12,33,405,343,5,534,260,280,278,18,832,268,852,384,513,264,704,964,140,278,294,56,269,881,265,279,16,308,149,281,262,292,855,38,260,52,32,129,513,68,454,261,54,261,261,54,385,83,192,865,292,0,325,750,836,53,263,934,151,532,22,22,273,53,334,333,33,462,516,837,384,285,480,129,263,878,283,260,256,345,56,272,280,145,279,209,256,288,192,300,284,279,290,215,0,0,158,276,241,260,385,884,144,129,385,132,281,384,278,149,333,836,324,16,262,0,780,432,967,280,146,268,852,710,272,22,833,852,4,16,279,305,853,310,295,274,256,304,129,774,788,0,17,300,285,4,274
797,769,128,330,813,795,564,159,901,565,287,319,513,232,917,335,569,253,71,33,587,787,35,323,39,97,689,1,353,547,262,198,34,48,577,621,589,96,655,543,65,53,565,796,343,61,111,263,567,323,37,645,135,25,34,153,189,512,517,638,1009,97,641,789,782,671,159,285,517,65,133,567,133,837,519,451,205,121,13,263,771,181,37,69,618,100,147,551,893,257,355,501,547,541,573,872,516,125,12,541,87,117,97,679,199,673,781,545,67,633,108,304,35,3,304,29,33,257,192,545,49,259,5,639,135,5,33,225,245,609,248,1013,257,325,517,63,197,113,547,332,87,513,577,526,53,789,127,6,117,559
1010,922,978,906,1002,872,172,874,618,870,946,217,995,879,938,541,943,974,995,936,547,1000,99,741,884,995,320,1018,1002,930,816,721,730,229,532,90,955,122,1018,508,210,1007,800,898,611,862,956,667,588,546,588,806,1018,650,898,229,755,938,490,929,509,999,938,2,995,956,234,707,722,1019,858,1002,470,861,527,506,195,730,58,163,378,491,80,950,235,600,956,206,995,943,234,619,664,99,651,492,619,898,303,878,923,364,931,931,938,668,970,96,880,731,1012,618,1004,1008,992,124,578,227,698,1010,229,104,844,483,547,865,530,802,984,994,699,867,858,573,66,1002,946,242,787,938,985,1011,802,976,282,1018,347,890,732,952
870,518,262,293,221,909,557,612,551,228,549,549,35,581,528,594,353,544,288,705,936,724,419,548,571,612,973,271,370,423,226,545,355,558,693,353,357,582,292,547,514,615,546,365,833,893,635,967,180,546,524,561,443,549,800,352,551,292,558,289,140,548,448,215,933,576,930,577,851,557,289,178,556,576,557,928,359,546,620,935,420,576,256,513,613,291,559,960,550,612,482,290,818,525,835,352,782,35,290,612,960,633,557,932,549,807,770,931,615,615,557,803,939,551,320,256,956,577,591,611,420,544,547,548,76,941,993,291,958,357,940,416,548,544,928,769,550,943,550,589,563,639,581,359,581,292,927,924,548,998
634,626,304,1018,638,759,360,621,25,280,752,1000,104,946,680,759,784,891,829,700,880,353,313,626,635,524,352,105,573,512,698,688,548,957,829,858,369,915,250,819,667,848,307,794,357,434,624,378,801,784,950,356,624,627,305,786,893,616,880,296,381,285,522,701,318,610,841,792,309,176,376,30,312,895,965,504,841,624,408,381,516,281,346,956,608,903,569,638,373,617,118,868,937,774,363,565,689,998,613,564,236,664,628,377,852,513,701,838,291,626,624,515,600,280,626,502,281,683,888,949,944,273,538,925,552,658,827,789,366,352,22,693,112,624,766,374,641,549,779,573,367,957,383,360,288,379,629,368,832,264
213,581,784,211,290,579,1007,292,419,367,628,34,879,559,40,239,837,546,516,703,837,770,609,616,801,86,301,463,544,360,445,80,471,304,545,98,117,496,549,418,92,494,355,467,296,174,251,828,399,35,449,422,33,934,509,299,34,100,215,495,483,742,371,815,302,409,77,466,175,174,775,287,0,294,537,352,770,430,258,701,82,213,2,294,552,736,67,45,609,175,34,290,34,106,352,586,6,399,338,41,559,496,739,174,81,282,96,860,47,289,500,33,963,291,288,620,210,25,721,71,74,781,293,67,769,209,581,236,742,462,367,42,959,491,623,293,630,399,42,105,495,493,233,68,495,419,492,635,361,418
261,930,405,188,151,898,999,836,844,369,801,946,805,1018,115,742,742,101,162,661,1004,134,931,632,868,549,930,151,912,486,213,387,100,256,275,480,950,816,644,931,177,931,864,164,934,101,152,613,608,231,916,96,339,371,59,108,34,613,741,0,608,760,995,610,98,364,496,165,433,480,485,100,156,610,100,96,958,762,54,410,144,96,99,35,892,407,467,448,175,518,12,104,901,96,226,32,48,866,482,1015,21,404,362,416,96,610,608,992,224,238,690,430,164,11,352,350,102,28,760,899,516,503,624,682,898,96,642,366,117,11,614,390,354,1013,432,547,643,481,888,260,353,791,996,1004,504,36,109,120,353,2
129,642,137,321,901,10,257,641,238,514,250,865,224,170,640,866,250,425,263,162,993,153,385,670,550,445,130,245,1,776,161,132,234,270,776,610,205,777,193,226,237,802,641,765,685,105,910,770,50,518,265,195,802,643,386,353,153,641,905,233,142,138,418,130,170,993,134,254,938,354,289,769,870,643,137,257,130,143,129,865,329,365,394,129,74,297,385,141,258,258,421,162,761,289,290,673,254,140,138,122,737,898,134,642,130,393,1016,714,762,130,225,130,146,778,225,138,225,236,397,386,226,642,26,898,646,642,430,314,942,256,235,226,225,326,865,866,507,159,846,961,670,137,626,257,770,234,482,690,142,129
755,855,883,276,881,276,212,307,436,108,698,767,637,445,382,945,692,760,541,420,369,675,676,307,176,817,308,690,263,295,441,703,692,819,370,876,690,351,380,343,371,337,258,19,675,371,690,689,892,763,419,447,724,311,401,150,692,820,356,380,703,369,308,755,188,348,316,305,849,309,307,612,340,692,821,532,209,756,161,306,283,211,343,614,639,340,624,380,351,146,181,303,369,580,383,756,148,701,695,139,439,310,435,630,338,342,691,977,859,892,340,115,689,116,177,820,433,381,680,856,433,861,615,728,549,499,60,188,633,636,653,695,209,167,308,310,950,428,689,196,144,477,275,791,689,632,433,697,276,345
631,611,844,567,928,568,104,939,176,380,152,376,934,187,575,624,904,995,955,951,992,416,839,692,39,118,423,564,952,819,572,793,347,27,572,441,996,634,659,494,414,155,602,984,923,992,952,1008,955,888,555,101,260,899,506,952,955,232,391,614,678,624,63,947,515,419,367,424,128,955,627,891,632,956,624,955,906,932,628,884,528,22,569,362,943,379,27,951,123,83,443,811,3,880,56,1000,635,120,944,639,854,634,1016,380,928,880,723,955,331,892,635,638,963,48,568,931,627,507,251,975,518,764,804,987,758,614,91,123,955,967,931,631,634,416,307,771,138,51,571,598,376,606,702,547,443,955,111,514,372,856
211,41,497,151,555,806,491,357,294,267,2,305,174,46,958,33,421,164,295,44,494,13,37,33,209,550,152,823,849,16,786,296,933,267,497,58,429,46,176,56,278,932,593,288,48,305,897,550,91,14,25,482,828,422,297,58,173,910,941,951,554,355,361,539,929,41,692,565,78,31,455,534,850,128,141,178,702,73,398,54,262,68,550,19,822,118,278,451,300,553,798,279,32,290,201,457,556,131,842,297,106,76,17,53,437,49,115,170,937,357,801,617,613,824,54,122,879,669,170,1,273,905,43,841,584,276,183,151,625,28,849,963,112,770,41,376,122,394,929,303,46,174,535,896,177,58,273,838,793,275
971,500,474,836,964,977,606,440,463,986,669,843,137,662,979,583,707,221,218,91,250,228,734,1014,978,945,954,961,665,585,762,722,809,641,599,641,214,392,921,664,475,298,722,450,984,984,706,845,997,729,218,1012,217,585,415,971,197,735,145,890,202,788,777,1017,650,289,966,201,871,912,931,987,962,945,761,786,510,964,986,601,858,724,952,483,603,730,1000,392,977,968,357,666,839,976,953,730,706,100,697,737,729,728,962,711,907,217,972,806,985,71,836,853,787,980,761,984,89,946,642,1003,560,601,449,458,506,329,741,1009,627,735,755,953,203,986,391,474,1016,1016,731,606,973,993,768,985,30,212,566,769,719,216
730,438,424,240,437,559,859,736,987,984,714,112,976,467,571,702,744,532,680,652,1000,936,11,986,795,995,986,498,448,40,859,803,474,995,731,675,442,312,75,723,811,1018,827,738,995,1017,824,826,703,962,802,299,807,761,1003,467,627,552,968,800,299,242,995,754,741,745,482,986,944,1017,484,856,592,154,730,713,132,986,811,359,632,624,682,562,649,1000,472,952,810,837,757,664,651,572,552,26,967,296,808,858,888,1016,575,1017,848,984,698,816,999,1017,841,767,315,970,216,440,750,710,752,425,171,547,714,987,739,698,455,313,216,814,752,739,698,983,569,683,599,474,730,738,952,995,842,928,811,831,493,544,458,491
328,138,90,139,3,74,144,452,72,91,84,144,578,388,108,75,523,138,448,26,804,67,82,202,968,80,330,68,651,455,778,840,770,114,90,326,394,490,166,851,888,324,78,7,404,138,998,379,332,33,808,443,272,70,72,843,82,83,37,134,136,196,538,144,712,2,148,372,66,912,392,147,71,10,146,80,122,932,136,68,536,298,444,81,75,406,250,583,505,842,228,146,120,794,138,328,84,90,196,520,360,890,890,971,219,80,602,84,64,138,506,336,762,184,52,269,138,148,128,74,76,90,134,76,139,850,136,68,4,198,503,496,100,74,144,144,206,428,539,642,68,80,132,145,403,586,520,859,328,260
478,1001,125,316,400,381,871,894,959,294,681,623,460,216,892,334,475,375,4,382,294,815,819,39,85,289,120,787,146,512,62,952,422,166,271,895,892,444,696,121,260,423,880,286,860,305,416,421,319,229,885,876,640,440,504,380,278,416,364,435,53,623,871,888,1008,335,98,671,899,960,293,173,318,163,30,101,928,884,430,441,47,315,441,323,511,332,321,481,444,167,431,698,498,611,494,865,307,120,411,441,421,332,440,398,391,508,359,804,239,770,839,376,95,782,739,423,388,414,545,953,259,840,380,881,868,1012,446,1012,52,191,366,271,712,376,319,124,429,264,757,176,247,727,289,427,280,167,636,556,7,440
90,3,769,963,704,417,1006,656,753,85,842,6,531,17,708,526,856,34,82,18,800,64,190,147,991,146,75,210,27,346,834,578,798,656,169,754,520,458,32,466,721,797,200,552,713,978,125,458,778,976,513,302,0,794,524,200,1,711,202,3,142,0,697,48,9,34,816,86,718,130,728,385,284,203,342,711,0,898,8,78,336,705,152,193,185,224,642,665,146,544,152,357,48,196,872,6,218,457,206,968,223,211,775,721,737,923,865,656,601,786,708,0,726,835,80,328,180,992,472,18,396,17,654,227,543,40,78,78,928,942,600,152,825,8,680,236,550,1000,999,202,192,200,193,834,818,798,986,139,40,27
283,295,793,475,419,168,867,983,295,852,988,553,287,359,544,598,67,3,359,679,835,727,793,827,315,461,299,121,457,767,917,295,823,1015,679,295,263,293,309,299,572,1014,807,515,515,439,807,295,325,475,791,792,292,335,414,556,288,198,271,470,495,859,823,478,579,636,975,547,307,510,550,825,795,450,535,467,472,579,755,1023,369,523,479,543,295,766,675,759,566,415,983,511,326,547,383,345,509,936,1000,366,471,766,266,727,1017,807,895,471,647,553,292,289,767,631,343,482,817,110,566,187,333,667,313,427,823,439,992,989,296,551,551,511,485,707,702,995,535,743,511,555,324,487,317,790,585,514,319,547,507,552
230,75,946,785,1013,821,974,544,48,856,805,875,254,816,809,34,845,1021,359,844,561,945,716,908,956,857,815,817,859,909,372,802,820,872,777,830,732,808,876,910,333,967,833,815,811,862,865,773,525,945,163,858,791,829,773,993,886,1009,809,809,884,787,565,611,869,548,1006,183,613,490,885,1012,810,788,822,894,807,775,892,311,820,848,877,942,847,871,45,820,551,794,53,810,833,811,819,847,739,973,816,1020,593,801,245,289,886,910,828,1008,849,325,106,821,753,934,872,617,798,106,853,804,892,784,544,876,859,784,388,106,908,782,974,1010,1005,112,875,845,997,890,814,173,881,107,562,885,862,65,981,884,885,881
673,293,12,283,835,251,517,1018,968,187,832,908,603,916,719,293,33,232,549,760,502,549,640,36,172,914,644,152,925,537,123,160,451,875,545,15,293,849,251,885,859,952,896,707,771,596,120,385,805,773,704,849,501,16,33,523,898,205,940,530,541,116,815,137,771,1012,53,115,411,704,183,450,448,504,128,43,617,228,57,243,866,1016,13,975,537,19,904,262,449,507,658,720,523,609,517,740,826,512,753,741,768,306,899,768,548,771,1012,128,1011,899,772,194,98,832,756,577,772,27,763,960,817,592,11,763,963,291,309,8,570,309,791,1001,502,130,593,128,426,551,59,243,640,805,497,906,248,960,1023,144,9,965
947,369,435,625,946,559,383,959,865,949,363,681,505,769,515,249,407,817,355,866,626,613,938,427,243,891,166,364,906,455,897,98,803,441,109,41,161,383,687,125,127,112,57,127,355,269,645,361,953,82,645,901,806,313,315,747,377,431,831,851,865,889,362,463,905,171,383,953,317,383,171,955,627,609,161,405,817,353,353,906,362,933,609,609,931,417,442,353,531,486,135,817,565,601,353,995,891,903,385,939,939,370,383,928,675,697,957,113,823,937,490,994,383,937,353,437,865,865,807,513,819,101,913,373,317,866,654,397,191,689,126,291,949,623,771,941,877,611,417,51,939,878,219,875,435,882,353,377,106,441
925,937,285,667,37,76,819,289,186,105,21,99,123,442,3,691,655,311,427,349,633,219,87,539,153,314,299,763,73,406,41,35,66,421,549,827,27,395,667,173,567,235,125,557,538,727,751,727,539,757,650,538,626,533,425,889,571,667,613,422,53,683,139,245,570,963,609,469,691,739,454,490,323,907,57,789,954,756,513,907,1018,663,443,205,531,763,658,315,27,75,123,247,567,423,555,547,53,471,827,656,324,825,765,507,699,546,54,765,857,477,507,507,17,672,613,539,130,682,734,351,542,676,158,314,163,659,443,539,675,825,415,186,507,744,1011,123,810,739,663,395,698,745,27,131,215,567,707,82,1011,443
166,112,224,584,564,616,584,362,758,616,367,580,337,607,674,117,688,569,434,560,688,104,577,576,560,380,418,689,680,380,535,280,104,550,575,324,572,575,305,360,627,624,798,560,660,541,294,680,376,378,372,626,115,80,552,692,416,898,424,553,369,170,999,405,106,352,568,74,688,323,112,544,356,123,369,618,640,640,121,902,112,191,116,478,372,436,680,956,626,98,624,703,551,779,680,436,170,550,564,546,520,418,882,738,866,266,106,675,880,362,596,276,376,928,120,794,564,572,112,284,624,331,271,668,570,183,639,368,596,100,624,494,120,801,618,180,624,376,75,584,546,514,368,636,882,28,112,673,320,358
