823,495,455,448,739,749,717,504,101,239,455,113,76,831,461,125,716,120,463,871,451,631,653,489,705,105,105,476,761,99,511,966,149,71,767,107,105,449,878,488,230,95,495,206,110,463,717,867,45,255,1020,704,78,618,69,711,509,113,460,562,493,481,460,609,461,461,749,575,125,717,365,1014,449,716,495,744,961,561,359,117,355,461,709,759,254,449,111,77,201,623,547,455,125,493,85,999,749,1001,751,497,111,453,759,116,739,79,1009,973,111,359,110,972,716,963,1011,493,617,885,709,588,504,65,92,709,427,461,1006,749,511,333,77,460,499,77,449,77,449,77,751,237,77,105,575,105,449,105,125,805,745,495
979,147,181,305,429,436,701,147,173,783,788,189,821,419,133,825,153,147,406,231,295,427,817,543,153,785,535,831,829,501,403,817,387,821,403,290,62,789,829,813,789,867,211,168,787,35,487,771,1005,767,925,953,147,313,173,155,223,809,659,277,551,149,787,191,829,397,831,783,157,295,781,34,829,147,61,821,403,211,154,419,3,815,803,155,813,787,783,63,147,569,387,173,399,147,554,813,813,483,147,789,798,419,867,143,301,161,467,301,515,793,409,787,421,787,789,813,147,149,829,387,831,853,531,137,151,787,211,787,1003,827,509,3,821,787,803,770,421,777,147,418,149,15,141,531,787,147,788,387,45,313
683,119,113,928,683,605,127,124,899,79,531,682,746,211,102,1001,287,537,713,924,935,846,639,728,104,769,648,63,911,7,635,737,584,833,553,43,287,962,155,751,27,711,35,927,769,731,38,105,917,667,767,1010,768,998,10,241,601,562,794,714,833,527,795,31,673,41,939,24,553,928,127,79,687,193,35,66,7,697,737,603,969,279,520,833,771,287,102,913,111,295,937,843,772,121,893,923,694,682,133,947,85,574,682,871,775,286,419,389,515,91,851,917,0,773,697,31,171,735,1002,275,94,1002,255,567,152,543,793,650,425,740,784,632,539,31,875,851,687,951,998,731,783,907,56,769,119,19,648,41,999,844
435,201,191,313,435,27,947,899,841,25,371,755,11,931,922,297,133,243,965,185,197,691,226,283,533,389,441,968,713,441,441,585,1009,157,1013,849,52,243,196,55,948,859,697,73,95,200,9,57,309,699,949,971,283,264,56,27,989,101,949,11,27,691,425,755,837,989,953,776,265,93,441,725,9,331,9,434,659,56,117,489,353,793,137,217,905,133,8,440,117,283,11,27,792,477,916,72,199,986,929,329,881,1013,709,219,905,971,90,900,267,156,437,26,776,612,29,779,827,924,57,769,4,897,325,311,59,901,1017,60,653,57,441,25,11,27,829,41,306,793,947,51,924,329,669,9,139,435,445,928,221,251
263,931,495,209,287,171,337,433,205,845,367,199,619,873,355,343,291,299,967,34,870,397,989,809,803,857,297,185,849,193,589,803,291,135,198,171,607,154,35,155,163,803,611,991,383,197,159,255,253,257,299,775,163,290,375,663,153,431,225,781,771,297,227,797,918,237,153,151,365,137,303,147,777,739,223,810,257,227,859,129,215,307,113,83,867,279,283,193,749,927,919,367,803,599,159,321,175,365,35,301,355,607,219,247,727,226,589,227,611,341,135,791,159,943,306,155,205,825,617,833,133,867,987,47,363,211,295,35,853,753,5,815,811,275,171,219,297,239,227,687,163,15,223,769,539,291,809,923,749,215
730,981,622,583,626,931,482,986,751,924,204,385,218,125,986,988,482,548,210,1007,960,595,226,948,865,546,564,126,794,602,798,611,204,129,96,579,541,218,27,218,126,218,455,856,861,978,76,602,615,346,116,717,242,519,795,73,611,541,986,1021,993,923,999,29,195,517,972,570,23,178,582,998,643,454,92,564,568,112,75,121,199,708,539,218,1008,790,931,636,25,67,831,666,91,700,743,819,923,949,948,218,218,767,19,482,543,921,547,860,603,959,379,699,29,986,254,796,564,914,898,107,972,212,709,196,854,730,515,988,975,699,1018,794,133,1012,93,158,922,91,66,123,962,704,88,540,859,958,142,982,828,339
70,342,968,662,430,401,335,752,81,9,982,976,1012,124,360,671,87,878,727,841,20,680,756,104,360,104,534,64,533,784,150,736,799,805,413,878,3,272,774,630,118,797,923,134,608,694,988,991,840,977,753,22,350,916,814,889,846,464,401,735,848,872,724,713,846,750,976,858,108,404,30,150,270,80,726,916,81,990,980,46,889,96,913,981,1000,927,686,341,623,670,700,15,21,420,748,852,841,865,244,736,745,712,720,436,94,667,151,543,712,726,731,778,584,404,847,110,672,969,200,366,734,572,88,562,744,390,221,1005,23,104,657,24,734,924,860,1013,726,237,455,112,262,812,649,875,149,616,80,110,952,988
551,521,470,415,536,502,562,401,470,936,535,561,298,294,571,304,398,463,465,562,472,560,480,49,280,158,562,542,504,856,94,554,793,559,262,523,314,463,1014,151,428,287,807,406,457,428,920,536,318,24,398,550,524,664,162,6,797,306,384,158,536,551,294,553,465,610,138,523,454,921,562,552,972,446,727,544,923,398,479,192,288,22,166,568,750,414,479,256,307,591,24,536,536,416,281,672,475,217,152,935,483,286,472,470,536,152,952,537,299,656,526,536,472,473,408,262,919,283,555,999,582,390,790,411,278,443,536,393,470,491,552,551,353,25,678,554,497,526,544,523,630,362,25,288,665,559,526,408,550,408
130,796,221,9,760,126,381,366,802,471,98,725,711,969,24,73,358,618,373,92,472,733,475,622,473,235,649,718,761,107,611,760,482,721,480,495,9,406,119,71,989,874,59,355,968,869,580,77,505,712,857,830,888,226,164,737,475,610,713,599,122,216,866,726,495,230,132,491,761,534,834,904,98,1017,116,100,312,491,1016,201,421,870,149,840,867,713,121,836,761,985,1001,464,89,619,491,592,985,357,113,376,716,728,500,854,379,724,746,227,728,6,990,998,592,39,491,182,456,580,712,870,234,106,107,106,118,711,99,264,351,217,449,327,614,875,89,89,340,712,361,875,377,143,377,715,359,792,131,717,163,496
85,141,406,145,188,388,730,293,537,274,267,458,264,700,318,180,383,310,268,351,660,647,310,525,477,565,438,311,661,656,562,308,281,188,384,256,729,670,656,522,222,653,693,128,1,544,4,317,664,126,460,135,550,663,664,676,677,440,662,271,417,558,153,562,207,282,188,506,657,657,25,677,256,216,224,564,286,153,649,664,286,904,560,319,547,188,304,268,517,268,266,263,272,415,664,515,144,719,370,159,525,673,310,433,319,701,649,275,30,727,149,6,282,286,695,159,153,190,351,665,332,164,948,305,129,537,448,308,31,542,292,408,55,726,660,317,310,695,702,664,573,313,191,178,307,0,680,667,447,528
689,229,289,763,535,754,484,535,682,596,944,737,400,766,772,819,264,766,610,307,407,1003,513,176,518,951,223,920,407,671,801,983,32,433,846,569,240,348,403,565,73,167,1008,688,848,388,553,735,1009,176,389,634,919,85,918,533,607,239,239,519,533,690,223,929,939,805,621,984,767,860,1006,17,103,751,913,468,273,233,813,809,805,694,6,217,991,983,23,765,888,1004,705,3,20,734,761,983,95,369,693,88,75,4,183,625,160,424,1015,459,678,273,479,844,621,133,7,596,939,622,985,763,58,398,995,92,499,468,935,17,984,128,261,977,929,18,699,687,767,917,258,21,231,183,31,9,784,223,487,944,17,392
108,244,445,652,300,428,298,333,282,371,394,52,303,355,416,275,268,268,346,94,205,399,248,381,928,339,344,416,332,53,812,172,108,211,371,341,189,693,308,172,196,173,330,356,268,128,675,428,338,267,69,1012,642,782,432,399,181,340,504,162,437,140,864,380,381,106,15,876,940,172,138,66,332,106,338,434,246,172,82,428,275,685,889,653,97,376,899,843,377,434,194,252,405,55,746,130,340,419,940,322,232,84,140,341,163,173,300,333,336,141,275,309,141,340,336,653,301,202,208,354,434,228,224,335,377,178,370,345,2,463,326,160,99,51,812,371,338,322,164,235,358,140,868,237,298,108,280,163,29,323
267,267,77,645,650,145,751,647,652,3,873,108,376,658,884,610,876,755,358,759,687,891,645,973,243,570,906,756,144,373,778,720,781,116,35,103,379,479,99,75,270,145,281,354,179,131,916,372,240,973,803,802,131,107,270,747,143,670,634,191,324,786,134,751,175,360,907,244,140,107,914,114,328,140,297,616,219,763,195,128,136,13,650,655,163,269,591,651,137,713,763,655,139,1001,681,752,532,48,230,138,901,141,205,243,747,818,322,369,239,684,661,483,244,246,376,401,758,771,242,786,616,227,934,143,653,707,371,889,289,250,326,141,352,141,211,753,237,123,616,377,140,779,197,162,645,83,160,283,111,242
716,802,437,835,291,80,580,863,301,217,860,300,227,937,780,465,604,268,60,39,727,652,697,808,858,396,763,863,707,487,169,397,675,739,722,735,557,530,707,809,169,539,871,571,991,677,579,230,724,215,226,464,604,573,745,188,611,611,743,33,804,155,551,122,456,679,711,710,476,544,698,285,982,731,754,731,735,815,860,888,805,316,680,547,223,220,739,738,880,437,711,317,17,551,634,831,219,603,424,31,487,543,551,800,983,551,155,829,219,477,263,295,471,727,531,547,295,596,195,205,475,802,456,300,154,80,527,748,855,27,543,1010,800,731,389,733,637,987,36,743,41,668,985,442,476,283,95,569,396,841
263,514,1019,828,239,800,813,673,678,641,253,787,218,167,508,362,219,363,288,246,653,109,849,240,273,385,869,593,531,545,273,381,723,801,730,173,641,506,17,221,865,151,107,349,633,1010,209,340,779,949,789,272,111,139,782,795,769,223,609,875,852,51,794,45,811,349,1013,791,245,721,275,273,90,919,602,138,917,219,821,99,237,272,223,257,275,367,888,215,119,863,243,779,821,257,341,350,947,991,876,161,353,277,875,787,234,129,13,977,789,557,96,107,237,623,539,171,305,239,785,909,939,107,218,274,557,366,810,271,801,811,196,243,493,254,19,243,45,91,395,15,209,791,271,733,237,779,81,143,465,928
998,841,777,1010,1006,838,999,841,917,849,678,522,841,803,456,782,553,839,968,966,824,702,640,846,777,659,808,830,825,1006,217,856,727,778,814,727,800,718,846,847,824,840,604,778,826,826,816,673,886,937,886,840,966,438,544,1000,832,1000,854,858,895,647,731,774,854,778,840,777,784,855,813,845,845,712,688,768,1018,970,681,821,710,651,729,832,822,716,550,856,968,346,704,225,845,992,1006,718,649,694,982,846,806,835,777,726,648,679,689,730,73,935,233,970,730,729,719,778,771,770,829,840,998,878,968,801,653,834,506,830,933,713,971,693,726,746,771,776,1000,718,54,969,968,853,774,182,840,714,679,848,974,695
238,143,790,854,23,166,142,60,137,224,231,170,239,300,102,276,142,103,144,347,362,301,358,272,102,230,135,295,369,143,143,282,235,152,274,173,282,166,105,284,224,870,878,137,153,280,358,128,368,236,240,234,226,48,491,145,457,241,336,247,382,294,72,279,203,148,359,142,272,321,142,380,136,265,265,150,224,360,199,105,49,870,14,77,290,74,265,149,143,399,362,247,137,150,152,230,238,137,108,105,376,153,254,257,72,342,152,288,153,267,364,344,264,358,366,362,281,202,167,279,167,960,246,233,246,358,366,201,358,425,358,14,231,279,129,366,182,363,153,291,232,264,172,134,234,162,173,145,231,353
699,602,743,713,558,621,561,681,1019,841,902,976,545,522,549,812,680,555,589,473,555,605,814,517,333,985,979,987,1018,987,713,972,596,678,547,581,973,657,683,521,72,461,356,589,895,555,548,858,642,584,549,747,590,693,840,590,673,853,978,1019,1019,949,975,649,557,1021,691,843,85,846,771,538,588,521,529,603,856,710,537,770,555,751,801,531,685,557,574,973,39,813,553,573,514,599,679,559,779,474,601,294,658,971,803,593,547,768,973,933,938,561,627,935,595,641,485,977,531,680,730,973,651,973,763,764,579,858,803,978,591,515,649,813,677,897,584,845,571,941,989,649,969,1004,986,416,979,585,801,657,937,999
946,564,914,870,802,948,764,870,562,588,722,1011,548,842,562,606,910,902,540,664,956,654,1004,562,594,870,548,718,588,588,830,619,570,604,946,946,983,516,620,940,194,574,979,628,580,878,978,732,156,315,940,958,682,948,930,900,564,914,860,882,721,867,574,572,698,365,562,914,730,733,594,922,956,610,524,820,675,670,786,890,588,925,570,829,980,793,3,890,564,922,520,555,588,1006,916,732,1020,614,594,467,1013,910,802,908,930,954,572,602,914,1020,956,958,716,786,874,924,996,870,580,568,971,590,592,526,470,890,956,981,530,562,594,909,530,775,883,562,892,882,962,882,562,900,786,190,890,654,828,850,166,986
149,744,488,26,895,363,1,431,1007,235,132,332,1,460,3,815,47,965,283,43,43,3,427,5,499,480,99,13,1,447,411,486,259,128,475,111,987,261,32,969,40,988,3,335,488,487,384,495,379,388,4,494,625,75,160,280,319,97,191,255,136,281,78,491,132,383,309,232,229,493,153,1,512,1002,268,253,209,391,299,748,478,480,197,1003,267,1003,1012,181,81,117,415,63,113,117,91,511,495,747,511,4,13,248,1003,1023,488,504,115,1013,1015,133,176,15,39,22,451,927,509,193,260,453,169,259,461,481,0,113,999,417,95,119,31,499,480,501,488,254,503,459,992,259,415,210,324,495,1006,571,511,127,478,319
897,660,469,893,153,833,885,775,785,948,775,925,775,1005,893,785,841,261,780,893,869,551,833,22,114,137,376,789,776,108,356,21,2,637,349,81,869,975,869,449,399,868,399,237,621,779,341,816,924,984,1021,445,12,637,20,101,965,807,789,281,973,581,889,621,775,865,101,637,825,893,109,845,892,637,133,597,772,109,883,880,205,823,853,871,261,99,773,149,374,781,792,132,136,821,877,336,892,53,149,612,61,775,228,93,376,284,141,615,868,861,1005,837,866,197,840,785,127,493,869,857,101,832,141,100,788,897,49,125,865,71,1021,45,773,837,265,365,152,772,121,129,837,872,869,536,789,787,120,188,580,775
209,229,1017,149,201,157,993,721,253,737,155,921,929,157,22,254,231,661,149,129,915,219,69,199,645,997,133,481,841,154,609,101,69,150,893,1004,169,121,967,699,97,921,876,897,233,105,653,136,677,1017,29,1001,895,1001,901,229,961,709,167,179,155,1017,794,5,26,844,213,361,1001,995,229,231,923,708,156,229,1017,665,997,189,182,173,1017,709,153,197,909,37,255,150,229,213,971,919,965,153,697,148,659,133,133,965,541,961,157,229,177,993,133,485,229,145,229,1021,133,249,981,143,837,151,105,203,904,961,967,737,244,657,73,121,245,229,925,251,253,881,965,149,129,201,1018,133,201,193,149,229,449,917,139,766
80,721,233,490,106,136,180,37,272,424,425,728,356,165,297,233,209,268,209,296,89,416,489,409,656,89,426,232,649,537,650,265,209,402,745,729,745,16,370,401,472,446,144,362,145,341,685,261,593,241,425,672,261,746,400,810,686,281,426,556,537,681,529,689,944,552,505,242,285,422,337,426,488,672,380,261,281,424,432,392,658,273,424,680,424,32,144,402,453,677,114,688,400,25,674,200,633,657,360,112,425,905,657,649,681,664,522,241,649,713,400,657,625,712,744,661,81,776,1008,237,561,1001,104,273,489,273,93,260,537,714,28,424,749,552,557,394,473,728,201,736,234,617,265,713,108,297,553,809,448,149
845,314,509,636,950,870,626,537,2,397,1021,637,516,159,589,510,752,529,382,828,97,380,548,772,561,13,584,666,260,806,497,825,896,909,741,782,881,633,383,901,516,904,574,260,634,529,354,836,263,452,705,577,510,322,838,413,373,274,370,990,637,639,579,524,851,316,609,860,354,700,322,910,614,590,670,580,390,764,324,780,268,378,115,993,893,509,188,518,542,514,766,644,535,778,764,127,780,294,925,390,205,321,29,510,210,141,265,484,738,729,868,509,14,29,925,532,388,826,465,754,335,101,900,636,638,893,221,4,517,389,761,964,861,356,637,869,908,766,0,981,693,828,617,781,627,562,380,697,541,560
943,222,959,972,30,935,133,966,236,455,431,247,236,974,950,476,916,142,388,974,454,204,469,183,543,150,215,974,970,988,222,970,942,674,28,234,204,724,183,967,856,247,268,919,408,180,164,214,180,757,436,916,239,213,248,524,439,206,903,430,492,510,988,503,986,410,133,971,424,243,926,502,430,446,228,924,444,24,420,206,214,927,244,140,243,215,439,453,199,918,972,502,663,748,132,426,439,732,402,935,205,878,974,196,693,974,671,889,903,244,1014,172,191,933,436,214,418,446,860,975,87,199,965,1015,207,183,206,974,446,183,399,236,495,500,444,972,927,236,535,479,214,460,247,496,247,1000,183,191,190,970
632,938,266,530,312,472,704,322,730,728,602,347,261,312,812,392,532,602,148,312,828,344,316,312,578,595,869,644,646,293,364,616,260,728,302,564,280,568,632,884,612,730,595,296,292,602,392,517,552,732,578,310,569,576,517,348,298,860,760,314,376,570,612,841,312,636,516,366,730,648,322,570,550,634,692,728,792,778,540,344,901,353,232,809,314,344,345,520,720,600,313,341,490,978,860,752,346,632,845,736,376,778,602,557,866,868,480,614,261,856,314,562,598,594,264,304,644,602,600,602,273,301,720,778,516,578,680,901,762,548,906,680,630,612,728,392,601,604,549,266,724,578,317,289,289,609,585,257,720,985
782,8,171,523,858,983,86,219,890,855,318,86,121,398,334,79,110,855,47,86,119,119,535,110,2,845,87,6,13,215,599,247,183,942,42,938,71,603,103,77,546,90,695,91,823,7,109,14,620,9,638,15,855,879,213,618,87,23,42,619,790,623,119,782,887,47,139,787,69,247,110,609,43,853,66,877,322,119,893,855,14,366,126,887,35,598,535,878,107,46,734,109,215,586,334,2,821,86,91,119,106,191,205,907,583,222,843,87,197,855,94,93,170,878,14,395,14,55,683,327,40,622,983,986,107,85,70,270,242,5,11,527,583,581,23,7,11,853,375,110,61,366,47,117,651,174,875,119,564,78
834,961,578,144,762,750,350,110,526,111,584,834,714,578,595,290,934,642,654,368,910,572,826,504,1011,626,1010,83,274,442,326,434,594,697,563,290,323,532,910,618,642,891,430,434,862,462,702,205,602,574,430,238,398,262,986,986,398,606,354,698,309,343,978,929,443,938,294,690,706,442,702,514,601,574,430,494,599,342,546,489,217,622,718,770,618,645,338,793,578,526,258,530,114,430,706,642,466,318,466,942,977,643,391,546,422,306,434,603,510,350,690,434,378,422,625,278,378,323,834,318,313,590,942,930,258,326,910,513,345,722,467,958,270,370,700,654,945,914,706,406,390,391,450,66,270,857,514,827,558,78
840,167,773,978,768,976,811,43,843,851,52,59,95,551,982,41,342,811,777,841,835,103,231,43,218,599,102,887,83,75,165,171,96,175,169,83,169,152,180,235,796,217,43,135,210,939,809,825,171,210,999,177,105,41,96,850,78,777,864,40,88,29,808,875,6,851,825,51,82,107,40,101,154,75,976,163,102,304,866,211,842,536,863,775,244,41,843,811,207,51,211,1,337,178,82,59,215,9,246,97,39,107,59,40,555,985,203,841,58,211,42,84,98,11,808,38,51,931,807,776,803,41,852,982,807,864,94,867,971,3,60,179,107,55,809,91,101,854,99,214,41,41,947,98,82,563,103,811,42,854
657,186,461,400,329,369,197,274,489,973,144,585,454,461,413,487,669,509,246,205,402,677,725,761,582,185,297,414,458,338,401,682,753,818,457,414,461,688,553,297,441,205,969,782,314,658,688,469,201,493,403,177,453,429,681,716,192,401,274,659,313,493,585,754,493,743,156,493,713,978,688,432,436,397,489,461,285,765,401,714,402,272,402,466,751,749,113,135,701,205,401,401,409,596,388,590,746,982,722,425,977,457,1017,202,942,401,703,489,642,741,413,717,982,402,745,402,701,857,925,462,445,744,201,656,502,461,457,274,986,402,677,530,425,492,402,409,713,658,992,682,205,685,717,425,445,409,913,153,434,749
801,879,854,955,238,258,912,829,911,1022,834,915,834,958,984,56,986,864,793,35,878,880,1017,972,528,878,806,83,397,846,86,797,978,336,878,860,770,656,889,122,720,954,640,122,672,125,65,383,328,144,185,36,934,770,91,190,800,892,32,32,918,920,894,702,860,804,954,894,888,818,147,146,142,67,845,941,944,889,365,65,1008,958,870,814,1023,801,893,845,405,400,789,173,807,818,894,6,810,830,173,654,70,964,152,234,173,953,738,879,958,86,891,595,256,832,120,30,878,889,795,853,882,1022,902,848,942,301,882,126,254,612,918,888,918,902,559,165,848,834,940,806,188,434,33,6,912,848,123,931,216,832
710,452,41,298,24,809,810,381,296,261,420,458,502,166,262,563,306,250,305,438,457,485,275,314,484,298,285,436,374,266,816,505,298,197,501,448,446,345,461,477,221,789,284,298,309,442,442,285,272,454,448,454,454,458,550,297,258,446,438,318,458,260,453,866,298,453,169,286,468,170,724,69,322,287,298,1001,564,478,193,962,285,314,446,299,516,318,212,372,386,345,286,509,38,294,317,442,266,554,734,394,710,501,834,454,293,458,501,769,286,500,293,433,501,337,346,458,277,950,532,501,346,296,459,808,733,316,445,460,240,490,314,558,682,309,245,458,446,532,500,790,397,476,280,470,248,285,253,1013,245,201
789,1015,867,738,249,804,980,660,820,908,792,811,1023,402,808,852,777,47,1004,880,1016,783,397,846,821,995,228,200,999,852,851,1000,804,23,1011,1020,984,1020,540,916,823,792,780,891,252,229,273,679,1018,140,856,792,156,524,991,1012,999,889,1020,920,1016,248,779,884,15,473,1010,80,787,970,811,935,807,908,271,792,511,791,1013,860,248,945,814,779,798,776,1016,803,808,356,990,796,802,996,996,1003,761,783,1020,884,83,869,290,908,877,199,880,986,990,1012,971,1017,883,25,20,1018,208,20,235,823,648,789,1000,997,787,1015,1003,820,204,412,971,930,902,807,802,246,1000,771,232,176,804,973,116,777,780,792,632,965,793,1001
922,117,209,137,505,409,197,425,341,356,893,151,170,229,870,1021,926,854,439,909,890,838,102,427,410,869,867,154,857,909,873,85,985,890,421,410,458,921,410,890,870,377,697,166,397,906,356,293,921,150,966,869,985,922,909,102,998,306,677,14,857,985,22,154,160,393,23,469,86,90,870,250,53,393,870,873,889,678,946,90,154,250,933,890,21,868,714,131,922,869,150,965,869,89,943,509,410,410,413,1001,78,922,853,143,220,150,826,921,182,406,910,889,921,405,234,385,937,870,100,409,869,153,932,907,486,934,358,217,669,122,926,454,217,219,997,197,741,613,421,164,59,166,851,965,922,362,393,909,870,869
787,940,820,1015,442,30,827,1015,982,500,379,947,204,390,968,344,831,56,944,912,840,775,816,776,784,850,172,1003,260,264,132,647,944,928,140,370,388,504,906,1009,280,780,1015,227,819,1003,939,188,439,819,212,283,887,880,939,815,531,784,780,248,871,904,967,619,780,1000,772,790,172,248,908,483,535,784,396,936,307,880,840,780,884,328,828,323,776,551,792,532,904,1020,892,872,671,776,944,772,827,1019,555,932,847,372,884,816,848,783,964,891,784,220,667,884,784,841,1008,819,803,516,440,536,784,28,891,1012,819,803,776,136,843,776,246,784,1008,904,952,787,783,992,844,206,644,872,628,388,872,428,272,1003,944,408
468,536,983,672,544,257,776,559,588,592,565,561,545,521,61,999,1017,781,465,979,418,573,60,989,465,673,990,299,653,930,272,657,269,547,990,483,462,720,572,288,467,649,989,549,989,816,440,1005,448,929,843,524,590,448,548,262,556,407,573,525,488,979,509,527,736,449,572,572,12,319,928,471,660,764,467,564,445,653,736,989,748,896,483,717,972,526,520,962,958,474,776,721,720,995,1004,675,931,389,164,460,561,547,333,899,860,524,145,290,829,750,224,708,956,464,782,948,1004,445,547,261,398,33,492,418,451,556,976,777,791,319,605,544,455,973,796,593,521,291,471,76,94,456,353,260,585,272,976,864,332,544
406,922,867,372,667,641,588,602,721,1002,124,261,667,610,105,17,377,155,664,212,68,674,646,41,154,219,628,41,66,202,154,190,638,598,345,923,886,664,101,500,602,650,156,629,37,628,233,667,159,453,580,725,666,669,434,630,245,133,138,634,626,137,198,319,665,126,670,425,90,772,555,529,737,159,638,438,575,569,676,134,210,124,630,74,90,132,745,628,666,158,391,511,924,442,454,628,538,580,107,965,104,746,886,646,811,378,151,198,430,127,421,2,282,135,84,608,394,154,377,498,476,268,309,117,501,100,183,98,580,138,234,427,90,72,634,103,414,626,761,629,118,612,444,90,626,818,2,127,31,455
53,486,109,292,40,478,226,284,91,814,74,862,226,68,488,61,158,824,219,124,41,5,71,989,1012,125,777,124,122,5,294,312,46,337,472,501,52,158,230,286,465,68,44,285,82,254,492,290,497,391,294,1003,224,159,181,95,566,166,244,165,414,254,293,370,2,36,253,3,37,54,36,582,324,465,496,497,477,223,53,181,169,501,40,200,897,242,90,326,409,994,226,70,292,113,400,477,348,166,514,291,324,467,804,218,46,158,414,95,82,32,126,482,37,126,492,818,39,137,289,987,24,477,925,252,156,93,476,311,8,178,286,229,912,502,300,82,756,860,338,451,242,13,60,89,220,221,38,970,89,33
154,60,510,108,717,33,716,108,76,694,819,207,817,46,529,140,10,450,243,32,28,2,31,496,53,115,26,643,44,512,994,642,1021,61,911,512,552,929,561,508,629,55,32,54,830,961,86,34,820,758,149,52,399,20,2,503,269,534,46,812,21,757,764,643,546,642,575,28,0,35,182,36,385,243,820,3,28,514,544,545,780,449,3,556,10,303,98,195,31,542,60,736,642,254,884,233,386,190,541,279,821,544,384,204,564,560,956,738,30,597,572,125,240,194,642,717,252,604,692,587,128,564,547,252,138,544,576,515,35,949,525,0,532,30,542,90,526,540,130,236,413,618,34,243,623,55,53,823,384,642
175,695,963,736,716,32,100,895,960,80,636,316,159,536,204,323,112,752,655,987,655,732,524,542,94,102,92,19,300,880,223,397,733,174,368,126,760,883,956,70,176,65,28,364,128,99,355,886,286,673,128,543,829,252,675,456,231,152,221,643,895,72,220,748,528,1000,736,235,911,963,252,480,849,688,536,16,646,636,835,144,150,951,990,255,128,284,1014,30,95,620,128,623,16,220,72,758,879,1016,800,172,806,284,675,72,35,144,127,287,700,179,219,200,127,640,620,754,156,673,232,271,893,851,32,856,576,112,147,621,604,109,1003,688,78,45,832,876,977,95,896,606,149,131,703,763,515,160,300,222,638,380
125,251,381,27,11,764,157,397,115,155,253,131,383,251,473,307,268,105,253,115,347,341,108,13,996,106,43,218,219,275,389,277,13,135,227,325,171,979,129,371,507,363,141,189,125,467,374,4,275,208,148,251,125,121,5,371,11,69,139,523,8,389,19,312,251,11,5,249,114,240,469,13,509,268,211,493,84,97,827,267,10,125,371,11,228,85,67,67,168,213,131,509,45,403,131,299,507,11,251,240,851,123,389,360,191,379,131,123,506,69,115,493,149,148,727,227,301,237,142,155,149,45,45,3,249,293,62,140,21,91,475,19,349,189,131,133,620,264,149,395,387,386,226,133,219,211,875,139,225,141
273,403,762,241,281,249,254,255,507,115,160,500,450,29,460,737,406,505,112,115,239,737,481,145,491,233,737,65,457,708,0,43,27,403,89,226,171,146,505,17,495,16,704,152,23,97,237,279,54,114,228,109,401,553,9,397,23,97,144,308,233,279,203,105,255,238,495,144,129,9,529,401,453,657,67,112,73,225,211,973,448,8,487,16,251,147,273,174,407,503,499,176,401,400,205,146,456,225,118,107,994,663,67,136,65,43,703,136,449,487,657,400,486,493,193,145,233,491,110,460,146,16,103,198,1000,709,401,240,1002,17,656,144,530,199,65,699,153,37,598,105,225,232,406,657,739,409,585,481,407,656
423,419,511,388,446,460,900,723,334,318,506,411,440,316,291,324,463,407,334,442,520,295,426,476,361,311,59,332,875,472,292,505,423,411,972,455,573,58,463,318,463,432,446,291,439,315,1020,305,63,335,340,335,316,351,492,444,460,299,419,224,760,302,446,464,308,463,291,416,408,316,361,460,416,292,832,511,439,455,959,463,315,460,329,288,439,463,476,495,4,292,326,256,444,471,420,686,288,327,388,462,479,434,462,452,423,440,462,417,442,439,48,307,383,440,393,295,311,295,312,416,544,418,327,407,44,460,479,300,39,672,295,329,320,323,504,460,447,318,460,288,319,328,76,460,495,504,292,363,972,462
873,314,610,877,256,853,533,257,610,340,796,341,372,771,799,804,853,995,771,351,1022,282,796,788,996,965,852,853,797,771,981,475,807,836,805,282,892,788,773,773,836,796,795,897,844,924,36,852,260,898,620,868,773,839,830,773,853,826,812,883,525,1020,383,791,519,776,579,884,75,832,874,866,549,613,980,885,868,580,863,530,539,877,540,772,613,412,349,357,868,835,530,853,375,887,383,853,315,836,855,871,812,874,932,772,871,1020,367,261,769,200,923,837,796,874,356,771,834,897,804,894,709,811,768,844,827,853,1019,260,853,836,293,854,853,367,866,869,772,419,853,1004,885,356,796,884,868,796,891,871,805,612
719,915,979,489,426,404,965,515,916,1004,1011,932,391,843,164,421,1011,1013,660,460,451,659,1011,1011,188,919,983,911,963,916,980,951,917,215,396,943,994,935,971,547,151,948,585,915,820,941,933,971,968,979,1003,943,405,917,469,660,919,420,952,788,468,981,1005,165,919,685,975,919,404,935,174,437,199,919,951,971,399,908,975,212,978,995,405,915,981,1000,468,404,459,917,971,947,887,437,1011,181,820,404,917,972,930,975,459,935,983,916,915,1011,404,467,724,980,1015,957,684,916,955,452,404,433,939,899,948,469,1005,147,157,436,460,979,917,406,933,939,883,932,935,916,932,916,756,957,237,1000,463,956,931,981,899,491
501,183,506,913,441,753,626,83,497,737,657,678,998,755,183,408,1007,486,503,161,750,502,905,649,494,425,406,427,649,400,501,934,913,401,501,756,747,401,1001,993,348,641,489,180,913,244,471,407,487,1010,681,243,43,145,33,1001,239,463,510,481,896,903,510,21,1015,510,23,915,930,748,649,241,469,425,678,393,401,751,404,399,397,403,913,419,687,417,239,500,494,486,753,138,585,494,242,502,238,693,721,386,373,398,419,150,675,1015,398,1014,393,481,662,993,658,436,654,747,398,503,917,398,496,23,656,913,943,238,417,329,385,389,747,430,502,692,116,426,1011,494,1001,238,486,687,745,403,491,286,486,649,133,129
503,969,897,982,917,467,468,989,473,169,341,565,493,909,411,855,201,683,1014,431,937,497,389,278,468,467,393,307,853,861,777,433,334,983,933,980,937,1019,987,1015,393,981,950,973,813,941,955,305,215,979,853,364,465,905,387,907,332,983,693,389,283,469,387,412,437,465,147,469,909,906,1015,489,403,398,501,462,945,942,473,941,459,405,399,469,433,397,981,425,393,214,464,1009,439,429,768,785,1014,322,937,395,465,592,285,971,1014,411,975,934,477,497,974,905,424,289,405,883,909,1013,777,430,473,1013,503,471,877,463,901,429,1006,429,599,431,470,394,981,909,394,461,489,937,980,469,989,427,393,909,459,1011,471,981
590,926,718,700,664,1020,836,743,208,735,860,776,1020,639,855,911,1017,222,612,806,769,996,636,764,77,628,159,863,991,927,152,636,926,518,609,359,891,777,719,869,761,719,863,703,607,398,782,639,739,711,519,582,519,22,269,676,708,200,924,903,712,39,1023,743,676,735,1018,716,676,631,780,668,120,545,540,969,208,184,35,192,516,745,1004,735,732,668,971,577,34,166,583,799,743,991,964,713,713,988,869,255,710,981,969,743,416,483,15,719,611,647,485,620,664,804,407,743,523,796,791,928,332,718,760,615,519,542,599,671,988,735,255,713,804,739,733,895,716,522,986,105,88,313,639,719,636,671,525,676,11,140
786,325,146,268,920,1002,253,362,874,1008,872,914,914,818,876,788,824,994,883,668,906,812,370,787,1010,883,237,932,1001,356,1004,842,790,912,115,305,892,1001,877,921,489,787,780,10,276,874,460,882,915,919,842,778,802,178,880,1000,785,844,364,364,20,844,784,907,843,963,868,862,488,949,237,784,205,364,332,795,925,882,284,790,949,371,204,260,874,1002,972,1001,329,400,970,968,915,874,645,1004,1002,829,843,428,963,471,1000,634,883,861,604,844,411,404,843,924,881,844,885,844,236,1012,1004,855,330,1012,1009,794,905,948,796,845,436,1010,825,489,852,204,905,921,364,364,786,307,428,362,786,780,1020,842,841,362,840,1004
894,864,775,774,384,362,464,205,880,254,463,927,999,539,464,615,640,867,511,456,927,992,472,224,511,472,384,232,639,974,712,435,462,767,156,639,96,236,923,541,1008,135,927,472,414,415,325,902,412,367,224,414,767,475,487,667,798,203,898,324,408,733,414,152,456,923,960,415,412,332,472,263,287,828,415,1019,775,405,155,703,259,513,379,889,871,912,313,1023,764,59,456,647,992,948,927,355,508,668,799,224,998,259,414,924,767,796,482,844,393,255,287,481,156,719,993,95,30,385,667,479,640,408,995,540,736,335,381,897,456,479,764,975,924,287,1023,715,302,159,444,1007,360,799,156,408,976,993,611,875,735,670
373,649,782,330,376,264,177,812,967,683,742,311,733,220,861,82,1019,295,821,845,1020,248,733,663,305,796,282,142,892,341,264,649,546,1013,282,660,86,93,264,282,155,333,213,855,146,279,630,310,665,757,900,264,314,277,332,295,524,299,629,124,680,284,268,207,117,298,520,999,280,264,907,264,222,221,789,828,268,115,297,305,897,92,154,346,540,394,376,402,280,478,309,88,266,731,760,524,668,526,40,722,689,36,668,266,988,641,422,306,282,274,757,496,722,216,273,126,264,130,656,264,112,341,717,313,975,746,537,125,125,469,250,733,1022,633,690,112,923,327,89,23,590,297,266,267,281,139,343,972,93,298
1000,660,647,56,665,994,752,721,257,641,1008,813,993,336,672,4,751,382,225,679,712,740,53,777,791,391,132,652,992,198,637,303,399,468,594,1001,521,911,119,409,308,748,395,496,263,331,1016,851,660,164,304,711,355,675,745,463,567,872,663,395,104,225,823,759,932,345,676,644,579,37,20,527,635,900,992,124,664,389,393,657,353,257,308,655,493,257,224,999,1011,315,583,705,651,404,104,449,267,593,289,646,487,260,316,689,297,724,667,1000,645,679,792,572,393,565,225,940,259,651,772,321,151,489,929,363,651,303,899,136,59,1012,663,380,652,663,420,84,203,908,940,560,937,752,146,319,260,523,567,256,539,527
893,330,164,204,872,916,243,964,6,920,244,190,240,82,832,242,474,848,116,283,202,225,959,314,948,768,212,867,1008,879,279,830,868,254,916,990,897,306,230,980,820,831,246,614,945,180,52,902,987,510,64,190,230,114,154,259,830,146,190,307,701,226,829,782,246,566,636,820,547,801,574,227,244,834,180,116,467,246,218,551,867,1008,824,397,227,123,707,243,870,546,564,864,240,92,845,1015,999,255,236,365,240,187,611,584,896,1017,210,574,694,985,129,246,952,240,548,391,676,464,190,982,1011,352,198,251,382,243,520,977,550,182,918,643,532,818,730,436,1011,923,690,580,908,575,186,515,190,1011,382,91,880,78
349,803,503,212,853,606,167,247,629,131,443,885,915,868,710,597,326,28,838,345,213,887,885,145,935,898,864,851,133,467,163,380,851,19,540,157,851,471,192,915,638,139,864,20,839,805,864,952,403,610,131,848,19,173,99,148,875,419,1011,867,155,862,446,158,619,923,915,885,803,382,901,357,549,153,139,887,787,829,791,595,826,953,131,161,165,963,629,836,635,637,885,98,967,573,339,5,355,861,611,867,259,885,147,949,133,155,236,145,869,35,611,611,883,131,162,144,887,115,322,133,343,135,786,213,830,213,939,57,280,362,317,259,771,227,61,892,253,355,28,145,132,437,20,947,867,19,213,811,184,160
9,105,117,1014,631,499,246,437,656,886,667,817,590,417,296,179,887,161,247,182,737,155,142,649,663,885,764,473,194,349,537,168,166,591,181,389,156,179,110,865,342,137,729,322,375,388,649,313,865,369,626,886,588,587,365,372,334,348,25,347,585,409,795,949,238,569,614,510,821,886,118,147,163,412,201,893,80,116,236,693,382,945,905,411,334,755,147,886,331,119,245,411,883,63,669,110,629,557,491,456,841,19,6,857,893,637,175,926,183,169,394,219,147,502,882,889,409,393,795,943,765,803,179,140,734,173,373,157,881,183,353,183,473,883,51,853,119,370,107,905,182,518,513,483,859,413,155,793,435,158
382,39,431,720,701,330,143,448,663,368,726,976,920,202,591,336,448,783,563,783,331,553,752,319,321,464,824,735,881,246,624,920,328,554,734,638,207,397,682,439,684,440,365,329,266,195,831,331,112,344,920,174,653,872,79,806,591,558,861,334,372,607,877,782,88,879,478,52,200,142,460,175,904,778,546,968,367,109,325,528,576,99,816,106,366,654,812,63,808,568,976,359,344,336,208,108,1014,373,584,576,326,560,614,620,336,779,911,168,464,174,976,271,184,815,844,591,816,201,558,905,547,318,460,613,691,816,971,748,574,830,53,464,808,551,280,968,336,815,740,402,851,558,768,47,968,459,653,339,72,566
625,854,137,882,863,174,123,220,95,177,886,161,495,351,991,862,862,95,159,51,582,479,951,752,490,922,141,479,567,990,238,162,573,945,863,174,158,952,858,225,881,191,863,632,150,255,567,86,127,153,592,543,129,233,29,631,589,165,48,880,30,934,49,440,857,255,638,98,233,154,600,863,31,130,735,799,957,496,541,432,870,860,610,628,351,844,59,82,861,598,95,434,646,886,623,210,580,49,498,860,688,623,353,577,826,617,746,95,873,637,367,208,149,624,239,845,174,945,905,176,561,892,826,489,64,56,194,49,64,507,63,981,697,495,241,177,845,98,369,31,882,702,624,561,560,180,873,379,184,865
944,583,887,619,337,87,256,838,500,560,951,760,256,84,367,416,164,546,775,673,614,775,421,904,384,356,327,117,371,647,259,443,484,424,372,578,887,943,209,904,615,327,162,424,933,611,895,552,175,98,376,631,615,808,1015,655,552,472,195,936,615,490,896,386,627,560,403,167,339,544,951,372,324,448,643,251,775,615,233,519,354,919,593,160,615,938,322,275,784,944,708,490,864,934,868,593,48,695,756,808,999,324,332,936,776,79,336,712,588,288,386,335,168,475,944,132,130,631,259,919,379,386,178,323,647,808,962,375,103,102,941,916,616,484,611,594,440,631,232,866,696,695,955,768,551,967,360,327,723,487
671,366,675,400,471,914,540,534,671,285,855,84,424,547,339,414,720,350,439,926,400,945,728,795,346,668,247,798,542,139,186,428,734,347,241,346,263,487,542,536,411,840,582,951,540,24,615,947,956,35,423,264,622,259,784,307,488,219,587,231,672,951,531,419,131,432,695,771,730,180,515,464,416,203,832,734,499,150,615,538,522,211,163,208,431,282,232,435,607,536,415,539,131,614,428,404,923,414,947,926,416,397,488,151,375,931,542,534,161,164,695,592,448,595,423,232,430,430,423,792,255,416,69,480,208,403,615,216,284,979,86,197,936,191,294,189,211,684,515,603,243,351,507,216,440,584,200,590,166,423
278,143,267,495,281,54,413,201,718,550,614,566,30,21,702,197,731,394,233,726,105,540,84,265,712,730,436,763,502,630,308,328,264,632,395,1019,267,713,591,310,376,136,456,747,694,400,729,763,639,265,274,526,606,715,590,782,694,253,374,331,299,459,747,910,507,145,266,745,521,267,502,318,350,139,267,614,476,715,350,715,696,328,459,729,462,206,638,395,1022,414,637,506,267,723,514,586,875,717,712,875,467,313,382,718,648,758,443,396,711,891,374,334,456,30,619,697,712,730,155,262,310,694,270,475,312,510,334,683,265,761,629,262,798,713,558,894,739,640,314,585,715,630,366,280,734,434,331,596,566,590
47,79,64,73,107,65,72,89,193,622,63,33,833,64,801,33,590,335,225,591,161,878,455,254,35,417,81,79,846,927,736,64,64,67,327,696,224,846,65,355,846,225,151,47,866,936,64,366,91,175,929,162,65,239,1017,65,174,224,33,67,714,175,835,79,545,361,65,79,194,33,767,833,879,96,582,225,230,47,161,160,463,72,191,79,342,79,267,175,72,230,17,417,751,814,321,78,993,64,97,321,494,166,64,161,78,64,170,161,943,879,225,161,487,78,160,65,184,170,163,109,239,1005,238,160,1004,65,719,928,98,67,227,33,171,840,175,95,160,35,239,175,938,81,174,928,591,343,39,193,494,65
722,530,562,344,630,530,440,58,24,602,632,694,40,632,536,632,104,698,534,344,214,528,562,566,318,182,564,56,632,406,366,121,84,536,674,248,722,562,17,86,123,126,118,57,118,201,246,118,758,552,246,22,382,186,724,606,56,596,344,630,90,632,200,120,470,120,628,120,654,120,88,664,198,505,582,182,698,50,692,0,126,310,210,632,553,182,172,230,622,726,952,532,568,610,658,278,380,86,53,601,617,120,818,632,178,694,24,22,760,624,180,706,104,638,723,146,118,632,566,630,534,218,88,122,616,542,214,244,596,150,569,178,184,632,758,116,114,662,722,662,632,134,442,122,628,178,22,24,150,118
736,826,774,994,822,226,598,263,1023,784,839,787,844,832,1014,833,995,999,780,994,842,845,519,588,840,994,476,839,954,841,1001,661,341,988,971,642,860,834,71,950,326,486,774,1019,1022,928,737,836,1014,242,86,840,1010,342,296,764,432,994,434,774,807,775,791,800,840,577,1001,226,841,962,993,937,848,838,737,848,770,1007,793,841,930,487,755,856,838,842,839,994,227,838,855,913,334,838,930,759,994,550,230,488,798,768,834,1003,832,903,377,390,992,844,873,547,850,842,858,947,487,1005,848,992,755,1004,480,861,351,845,841,494,289,327,999,418,930,386,248,995,690,838,1004,768,773,940,598,841,802,791,770,502,1005,268
708,577,600,992,426,235,239,603,229,69,555,36,526,578,997,234,738,250,72,239,84,644,1000,138,78,587,322,639,312,587,807,132,767,648,744,3,683,741,546,66,600,596,1007,648,64,71,175,167,654,742,11,650,750,628,740,103,232,136,327,944,520,729,618,697,78,392,623,651,0,72,69,580,138,686,11,201,935,1,568,744,716,68,965,526,89,750,79,943,36,514,399,875,590,526,3,743,931,334,648,772,613,577,235,581,645,549,225,611,103,11,142,69,591,677,654,555,578,744,68,768,583,421,75,749,555,581,863,741,228,88,67,584,559,747,752,574,676,1022,79,79,964,574,577,596,168,614,324,614,527,68
493,962,342,296,106,258,193,996,813,965,228,493,69,970,202,492,952,74,902,140,838,331,356,461,332,426,938,453,248,931,490,460,581,613,357,426,198,364,300,867,50,110,225,330,458,356,109,451,940,809,868,970,462,650,100,774,281,932,442,235,871,98,868,324,804,611,492,354,1005,205,452,324,289,805,393,292,260,277,429,228,972,864,876,802,360,164,938,652,866,206,173,458,396,330,301,364,868,480,332,291,325,458,257,1001,265,673,314,450,834,290,617,1004,322,43,417,940,937,234,714,486,1004,488,845,489,993,492,329,490,930,356,291,353,813,333,99,492,299,492,234,612,289,301,492,235,813,357,100,459,677,68
608,608,624,814,892,382,30,364,0,622,864,300,354,847,876,864,668,272,588,562,892,844,182,864,880,632,600,864,302,940,936,910,928,944,568,428,604,864,323,428,44,878,892,656,64,384,286,892,879,324,844,608,624,384,860,835,512,370,876,366,682,934,640,864,270,928,316,108,352,912,634,364,620,611,140,364,864,390,876,354,528,866,368,352,624,812,656,576,428,876,610,808,256,618,640,876,768,416,624,558,874,320,770,364,352,640,815,32,256,384,288,380,418,384,640,332,846,378,652,352,320,880,876,844,384,303,906,608,364,458,428,896,62,406,864,640,384,128,338,430,348,414,636,847,846,627,416,390,640,190
612,224,516,900,804,152,736,144,130,804,646,246,818,808,649,908,800,906,173,670,806,290,808,131,616,810,209,1001,224,645,531,624,244,18,110,852,149,662,916,519,665,805,995,816,666,549,755,36,129,938,198,565,546,898,36,188,650,809,548,544,137,881,658,740,252,650,650,905,132,804,580,130,648,548,137,548,232,99,916,645,132,104,33,154,546,581,53,882,621,808,906,904,200,244,996,824,808,748,568,622,226,76,100,900,992,212,644,996,704,138,995,828,170,249,192,228,637,739,805,114,131,754,18,645,642,132,544,686,645,107,133,146,40,133,133,518,618,170,552,918,568,130,112,817,77,774,230,83,170,653
343,755,539,827,599,595,739,629,256,523,1005,259,278,336,93,531,755,744,492,283,491,331,595,381,256,799,461,507,1009,397,512,763,515,285,579,605,851,791,1019,477,785,760,381,863,383,595,539,731,913,764,765,244,637,859,347,503,765,885,762,629,243,764,989,571,475,513,343,76,595,267,764,1003,818,371,485,499,1005,619,795,527,347,351,787,765,538,508,493,51,263,151,851,458,109,269,507,739,353,813,749,765,512,979,996,507,747,321,287,503,319,924,509,523,765,285,859,371,595,317,1021,883,762,775,747,246,737,541,763,555,305,595,330,493,251,765,813,599,317,338,971,573,855,1015,765,1020,493,259,570,843,510,506
378,125,174,82,180,20,85,116,884,146,346,131,282,30,146,275,914,894,50,30,788,948,218,116,50,850,830,30,18,118,402,51,92,90,284,350,82,50,30,92,6,94,366,124,990,58,90,30,402,182,180,52,28,886,110,820,110,26,410,950,410,18,18,28,88,344,884,338,52,818,82,382,284,62,179,116,154,370,842,122,802,92,48,468,86,146,158,596,770,186,82,85,310,272,182,49,114,348,98,106,821,50,885,172,830,186,284,178,50,477,818,116,92,794,28,88,154,127,62,254,94,110,114,116,797,125,338,162,370,116,124,885,188,382,346,117,564,122,882,18,114,317,956,178,926,370,23,50,170,284
562,851,299,779,353,324,289,333,331,817,321,555,300,467,423,332,750,427,502,342,173,461,541,514,429,397,428,323,428,365,268,941,427,402,475,749,396,365,290,429,451,355,813,192,355,173,493,865,492,295,957,359,333,299,268,460,288,413,321,385,59,368,289,445,416,653,995,381,491,365,323,353,327,477,333,716,291,323,29,327,781,352,393,359,427,364,623,365,414,658,427,642,355,426,311,819,427,292,339,476,369,307,372,353,320,398,173,332,877,288,421,468,684,806,35,333,321,471,309,867,332,435,359,406,353,492,844,744,429,435,493,297,268,397,306,257,301,418,365,449,323,339,555,300,749,396,320,357,739,321
381,880,964,1016,614,941,440,144,444,756,452,288,392,396,958,773,1016,458,452,988,318,312,825,468,415,12,258,318,686,910,1010,796,482,550,700,958,436,1022,444,268,654,510,168,830,409,910,566,988,498,566,464,462,484,558,1014,526,959,649,446,952,570,398,446,302,316,58,424,190,802,424,476,316,300,934,440,415,268,378,436,122,206,268,968,822,575,284,456,316,952,943,455,58,958,922,303,612,143,408,44,440,521,770,73,440,441,382,976,415,466,502,780,286,312,264,398,271,798,960,958,422,510,948,56,350,30,458,319,568,694,190,782,206,396,624,822,494,312,202,824,398,462,655,824,58,270,286,306,315,414,954
250,852,170,154,131,660,650,722,764,26,219,202,330,92,764,930,690,682,641,132,170,202,250,234,305,810,182,148,234,52,92,810,234,650,148,698,138,1,187,690,810,202,818,158,514,780,162,74,211,146,52,646,134,1,148,180,674,580,171,745,178,628,682,522,161,162,176,278,316,129,644,170,196,188,154,172,602,146,162,250,153,219,810,106,58,122,644,636,764,248,690,42,60,761,308,132,169,122,804,626,506,754,376,162,150,178,148,20,652,168,699,202,153,138,237,138,689,4,122,52,162,308,50,278,626,145,818,178,194,682,426,657,180,522,100,650,690,688,778,701,660,68,620,190,170,26,158,134,696,244
529,398,770,635,497,1015,147,944,896,2,384,267,306,248,307,272,512,375,395,452,118,1022,295,968,128,378,51,256,325,406,76,873,390,793,899,891,789,400,38,395,376,520,68,951,49,304,182,587,0,391,435,458,913,48,323,519,279,66,584,304,6,19,896,434,461,88,691,438,799,434,304,949,391,271,906,0,900,964,1003,317,944,6,504,1019,903,387,882,951,944,773,903,887,487,338,439,314,909,51,368,450,123,384,71,912,71,390,779,432,888,379,368,1011,391,435,1008,504,583,391,899,518,391,1018,16,135,947,440,50,315,451,511,951,435,934,519,48,264,519,375,96,59,632,55,208,55,771,51,16,17,779,861
385,179,342,440,150,369,151,401,369,831,135,417,391,70,341,177,327,127,359,176,343,181,326,86,752,327,351,696,112,325,191,373,370,149,433,341,181,374,693,230,342,373,119,150,401,279,320,329,129,417,129,439,387,159,368,192,182,128,343,343,337,165,454,183,448,342,113,390,373,128,165,367,181,351,363,321,433,369,439,389,215,321,262,460,359,198,321,373,433,69,499,132,98,384,131,338,358,76,133,449,337,65,320,128,310,307,197,389,354,178,981,166,151,151,352,214,133,225,294,159,147,498,333,85,197,389,503,87,341,368,498,133,230,353,181,455,326,691,423,391,322,244,246,227,433,112,449,405,215,227
918,522,760,694,479,570,540,128,988,779,778,861,880,904,842,906,954,835,1018,698,892,669,960,924,888,794,952,546,844,699,523,266,383,907,860,779,525,770,1011,522,650,924,897,884,651,669,9,907,170,696,923,636,814,840,632,779,520,844,900,904,500,315,845,653,640,574,1009,844,642,817,778,284,692,651,333,652,947,569,789,780,840,891,703,568,744,598,844,570,653,638,540,649,696,956,338,586,584,780,924,857,850,648,844,699,910,571,908,889,952,972,778,652,776,558,413,587,586,859,827,828,905,796,584,568,285,799,888,816,376,956,512,840,675,334,702,682,955,893,519,893,686,516,875,957,634,838,927,940,947,1008
146,547,416,744,725,80,146,918,231,438,18,400,480,406,278,250,40,662,178,160,36,22,86,144,302,672,211,278,4,856,81,160,310,22,432,214,550,132,130,404,199,528,400,694,708,144,294,20,32,224,165,22,790,332,48,96,230,150,532,83,118,722,256,208,20,164,486,294,384,725,422,80,53,422,166,454,213,310,22,662,128,532,933,400,230,292,656,402,420,166,640,418,144,230,101,214,22,228,870,790,400,278,566,598,220,150,212,610,144,404,16,928,614,421,192,405,673,678,790,194,256,406,288,162,166,402,20,230,594,210,598,86,292,646,166,199,146,934,288,223,102,85,18,96,118,256,22,656,208,35
421,266,277,480,440,24,308,226,228,314,352,286,82,465,292,292,291,276,876,418,518,122,482,930,872,42,404,132,554,298,34,287,548,108,290,466,178,476,340,481,288,142,426,464,0,482,427,481,262,292,226,594,550,298,433,298,96,370,404,425,354,97,290,483,988,800,130,212,937,604,738,313,402,163,618,362,224,480,968,602,500,291,264,306,430,497,97,34,236,468,228,500,490,504,456,240,45,198,308,292,404,476,34,556,81,532,852,273,540,466,340,304,1001,280,226,220,980,596,426,260,484,298,466,436,722,482,212,401,500,324,34,212,82,276,420,298,420,438,452,44,931,428,82,114,498,83,170,468,721,270
876,551,671,552,535,805,759,739,356,761,655,764,695,759,519,754,658,691,556,914,592,981,644,244,711,566,531,695,514,749,725,711,767,211,674,679,374,757,901,709,804,644,656,736,503,661,764,711,721,544,689,692,803,767,252,877,644,531,176,695,724,765,759,672,645,839,119,754,645,800,743,242,644,655,732,642,255,892,663,213,207,883,692,758,853,695,261,773,647,551,709,819,52,554,208,709,857,553,186,673,388,524,737,845,737,820,690,752,599,724,761,736,737,677,803,250,658,544,508,255,693,277,693,660,732,687,773,804,541,692,765,563,647,593,645,715,753,765,732,585,727,821,719,702,205,677,807,661,711,700
979,978,1011,994,791,631,822,0,512,321,794,2,219,517,577,486,739,453,836,259,864,832,736,848,198,286,869,305,560,823,785,2,1008,581,983,258,625,154,527,869,979,865,785,1021,674,546,556,577,599,791,767,998,736,732,993,304,535,720,466,210,234,625,612,641,737,614,512,551,508,870,283,93,219,804,850,834,837,866,972,549,598,764,509,983,990,738,194,648,6,776,162,742,817,546,574,196,994,214,546,513,742,802,979,354,537,736,965,544,580,619,54,229,309,736,808,708,513,864,825,997,1020,708,211,733,1002,800,54,805,997,90,1003,743,755,717,524,889,914,724,594,800,2,86,332,785,996,613,737,681,274,613
609,105,977,423,357,358,487,593,671,401,283,919,471,103,622,109,55,417,788,43,287,472,535,484,279,327,609,301,319,409,405,415,389,231,343,55,104,237,388,487,231,46,773,303,80,503,587,995,25,473,471,799,111,239,557,567,71,627,557,217,407,471,916,933,529,599,89,921,921,409,87,217,404,879,229,375,801,471,621,237,215,225,431,297,247,487,255,127,439,599,407,303,295,407,617,801,302,247,167,468,415,80,341,39,289,745,753,740,101,85,81,493,455,975,167,930,414,103,161,989,929,465,785,102,425,793,342,471,409,675,260,285,612,213,485,423,401,366,81,997,485,421,87,193,295,721,166,165,852,943
410,335,141,844,67,707,900,484,541,284,235,259,445,315,495,965,898,227,523,527,645,395,836,331,347,700,844,195,396,67,411,669,387,269,474,896,283,28,815,103,4,205,240,116,640,861,708,122,133,322,332,963,333,395,335,195,79,352,143,27,548,388,195,2,263,320,532,27,224,385,643,28,92,75,412,196,956,588,5,333,195,415,348,924,92,251,203,67,836,1,223,76,554,708,396,355,67,900,143,204,260,228,964,911,403,387,775,291,93,963,204,460,899,60,835,316,396,143,1007,899,115,213,507,640,207,340,196,899,716,349,847,433,675,67,967,335,642,271,715,127,4,652,768,832,243,201,388,79,396,387
80,797,968,984,842,40,523,969,723,605,590,787,811,795,439,461,211,539,859,983,525,579,592,978,733,824,967,541,412,1014,781,265,61,989,763,592,393,777,627,727,859,970,785,779,983,88,261,861,727,152,827,247,659,789,597,834,535,471,813,979,267,651,778,16,792,218,696,811,469,879,210,457,991,541,843,605,539,456,576,597,471,252,475,659,635,987,728,24,981,21,594,631,987,435,539,539,1011,13,477,651,525,77,299,11,979,917,955,911,525,615,589,656,285,477,475,215,600,808,77,603,595,434,789,19,979,533,968,467,27,961,597,793,12,902,793,603,499,984,27,0,896,283,31,149,471,659,27,773,987,779
753,634,170,860,680,610,803,861,614,97,866,4,85,638,234,38,954,992,872,938,227,189,481,828,1005,637,870,744,90,860,794,954,894,598,620,84,790,124,770,1018,590,878,126,93,854,813,770,250,244,882,762,253,540,725,682,231,747,996,734,572,1018,1021,250,570,972,872,792,633,230,794,678,844,245,858,502,10,517,188,194,166,602,858,82,877,193,857,181,110,189,634,877,892,237,866,889,854,825,936,949,102,616,197,161,249,870,84,30,757,938,182,942,892,989,236,956,778,236,92,25,796,511,186,761,826,770,194,636,1005,102,26,250,889,161,954,634,142,630,484,226,1001,636,610,711,874,1022,491,761,169,96,813
209,215,194,130,833,960,211,929,839,129,321,167,193,887,336,584,512,242,5,833,832,791,855,833,583,961,230,193,631,832,841,247,15,835,1,7,834,1,913,576,839,160,1009,839,935,343,197,897,849,903,193,905,129,11,898,194,225,321,321,902,831,898,801,192,961,320,577,903,384,193,898,841,273,834,839,832,833,198,462,848,129,896,134,646,578,130,897,903,449,640,642,5,321,247,129,900,321,329,326,195,903,201,7,577,161,193,897,199,129,919,909,192,641,577,131,577,135,832,847,624,151,583,903,225,881,343,359,578,192,1,199,129,512,832,215,893,150,224,199,194,9,609,129,839,710,193,839,880,199,135
555,580,451,459,629,296,131,451,75,780,202,468,266,666,893,428,308,494,84,163,324,858,130,1,471,841,65,898,193,645,88,919,195,185,90,506,470,7,386,228,497,54,233,137,57,470,204,324,632,588,385,641,628,193,194,4,201,643,114,454,330,651,453,468,449,131,579,291,180,627,356,646,226,71,199,801,650,480,65,205,193,393,346,329,458,545,269,858,11,103,201,114,129,458,134,168,905,457,497,75,513,475,92,323,866,473,75,66,881,134,145,69,558,962,628,1003,33,809,456,590,428,260,519,361,233,230,100,130,641,582,509,67,322,72,585,3,906,905,105,195,324,581,332,626,450,332,577,493,140,906
703,593,444,852,579,442,599,183,823,599,689,610,600,560,401,567,449,586,399,984,339,324,688,628,396,151,599,551,433,857,685,288,455,576,306,487,423,183,598,816,660,513,432,583,439,839,951,465,406,311,855,483,791,439,176,592,134,584,498,144,476,192,852,688,480,470,672,596,720,847,688,604,407,473,543,219,599,145,400,552,855,848,133,656,183,784,210,182,383,176,90,17,840,519,433,160,887,503,693,433,529,599,423,272,54,640,512,87,564,688,671,560,407,512,631,247,404,663,551,560,260,660,327,560,528,273,407,407,592,688,583,596,455,167,383,973,703,562,823,785,847,863,502,471,661,135,468,337,971,535
736,411,853,989,31,29,498,923,465,241,341,717,227,81,529,627,899,877,125,189,116,316,498,114,482,632,636,446,474,634,639,371,250,93,509,510,134,411,644,507,922,971,58,250,410,186,628,146,624,409,775,146,793,660,638,125,155,888,404,118,889,541,978,496,389,989,829,489,145,667,568,613,605,629,26,977,413,538,61,381,861,666,157,349,186,105,337,26,410,666,49,505,828,994,1019,922,18,317,484,1014,413,605,339,154,221,45,606,63,28,581,209,1018,602,865,231,992,509,26,121,905,121,23,913,509,249,121,953,663,122,410,901,505,797,370,82,52,26,629,313,413,661,26,409,93,27,506,120,497,252,1021
740,404,48,944,711,630,238,628,880,244,870,760,247,756,182,503,848,209,759,496,882,854,948,885,500,752,912,501,870,759,624,502,762,871,631,883,231,436,757,615,822,210,373,688,631,630,487,1014,1008,885,758,886,282,55,500,103,624,247,944,150,628,368,1012,305,1015,887,551,247,709,432,886,560,180,755,754,752,775,887,917,886,882,500,784,549,759,759,884,866,880,884,614,567,933,565,354,725,1015,706,243,635,567,295,743,717,998,624,695,246,884,624,886,48,437,759,884,39,533,869,870,487,160,884,0,464,754,692,757,886,838,181,887,560,872,1013,358,250,754,756,629,885,631,592,885,500,1013,781,311,1013,676,178
490,317,61,474,493,46,956,398,584,861,94,541,8,760,394,11,504,414,394,346,45,410,93,429,30,123,680,382,154,459,442,93,125,574,446,1006,701,106,429,254,446,104,920,93,525,248,24,250,45,426,751,445,28,338,1002,856,42,424,904,654,430,221,506,442,396,910,218,314,430,109,30,168,637,24,410,110,445,42,74,93,218,413,88,26,61,398,2,862,942,426,414,392,26,42,952,109,907,408,46,13,936,14,411,415,621,382,102,696,127,221,415,31,12,858,88,396,445,238,29,920,29,488,122,140,506,904,958,443,280,861,920,312,127,429,30,942,29,923,408,888,398,56,832,141,78,125,108,894,318,537
438,75,436,407,317,146,631,318,696,881,791,186,443,827,694,880,916,662,274,53,442,410,886,393,250,827,58,440,798,470,446,694,59,83,57,827,439,118,377,791,635,888,134,826,26,230,566,690,831,438,446,148,824,790,414,810,791,436,570,58,412,378,825,11,52,318,420,307,180,826,158,826,181,440,413,759,275,886,626,434,378,164,276,695,410,666,793,884,823,407,186,818,22,948,531,438,180,958,649,787,274,186,304,470,570,791,817,62,16,182,795,854,235,812,180,887,948,279,958,804,890,420,500,826,830,563,275,404,440,168,409,402,3,696,862,439,535,734,698,695,410,506,900,798,154,438,187,790,181,437
709,837,777,264,680,565,198,453,197,589,714,711,581,1002,212,964,713,202,833,859,325,773,680,9,837,56,849,421,681,301,200,194,712,229,457,714,870,714,962,809,714,901,716,705,961,553,710,648,810,229,705,857,745,705,5,485,837,709,549,710,8,805,714,457,709,746,837,801,614,966,732,721,705,422,193,712,485,678,843,871,320,866,706,709,329,423,841,968,714,834,72,642,929,713,834,961,713,318,966,965,744,865,486,966,421,194,844,681,853,837,421,833,726,805,834,237,932,904,837,878,851,229,933,717,714,745,456,808,933,322,741,408,486,776,233,649,169,805,712,685,580,684,422,36,460,38,484,198,485,713
276,260,387,136,256,523,540,148,181,4,11,536,917,523,233,347,385,532,428,699,267,280,905,536,795,399,388,280,517,517,61,51,401,520,25,279,260,703,347,408,276,159,776,519,265,535,819,773,740,276,272,487,519,511,519,259,263,537,863,789,572,444,403,23,541,129,158,23,916,383,277,684,521,264,535,511,520,919,184,313,635,396,596,279,955,12,309,135,1011,264,275,897,241,900,268,57,396,359,132,860,268,403,137,256,343,280,919,908,148,507,516,132,477,260,308,443,260,541,328,799,279,900,356,516,276,279,5,153,269,276,104,394,823,129,853,280,315,280,536,151,407,273,147,273,597,0,279,647,969,275
560,1004,563,775,0,493,77,255,207,429,96,97,622,865,799,102,100,35,982,99,480,479,481,877,520,132,495,67,431,609,499,488,480,963,227,492,751,391,227,511,155,480,464,108,931,731,96,227,1020,100,608,95,993,387,227,100,687,618,115,495,255,508,620,99,224,995,483,608,227,141,483,415,507,487,97,19,491,99,739,4,100,493,107,1006,127,99,435,96,751,876,480,622,227,623,84,236,99,461,611,749,99,3,108,108,115,865,1011,595,112,96,867,499,492,754,227,110,739,627,13,104,492,495,755,64,96,99,224,111,151,739,739,68,511,101,111,900,80,228,992,355,504,227,111,300,681,493,595,997,623,131
774,841,937,776,133,805,650,225,717,288,653,165,666,696,160,442,161,996,682,904,405,185,648,297,421,928,808,960,421,261,662,304,697,778,692,674,294,301,941,926,230,420,815,644,909,257,425,448,989,260,698,282,957,902,456,288,269,941,901,900,310,390,444,474,357,810,485,676,182,802,941,229,429,694,324,702,421,601,697,689,778,980,940,137,704,292,293,709,329,799,778,406,202,800,454,696,941,781,953,808,967,973,174,436,810,304,438,312,169,987,664,905,422,776,672,962,901,469,808,815,901,446,952,681,314,485,772,645,660,246,821,169,421,804,929,665,143,833,837,693,260,666,389,329,304,904,137,253,858,161
118,510,486,121,608,246,126,122,889,118,509,872,486,122,886,954,502,890,502,114,57,486,890,126,246,970,37,498,822,498,118,458,502,122,506,488,822,358,374,118,941,626,502,442,502,1023,890,842,506,890,86,630,246,630,246,506,121,570,373,502,885,126,790,122,634,234,118,118,890,502,474,250,122,822,102,502,150,122,890,469,858,112,790,58,102,57,502,374,397,890,790,510,890,497,506,790,505,38,1002,410,78,438,502,73,490,822,981,501,86,374,121,886,822,888,498,506,886,495,502,42,886,466,26,378,570,874,870,506,857,501,121,486,502,126,374,611,484,886,886,502,825,506,126,406,790,885,118,118,118,118
238,713,655,659,71,739,675,103,740,229,33,297,981,727,645,356,168,20,803,277,41,760,27,345,215,199,758,356,644,223,352,105,759,265,277,323,325,376,356,261,905,292,288,4,357,230,644,363,356,648,367,252,41,728,772,8,519,661,355,292,553,40,69,689,737,133,375,653,230,347,233,289,229,6,478,521,359,357,612,4,996,132,72,352,745,360,645,680,646,329,197,361,356,233,356,743,5,668,487,196,148,360,149,133,653,663,279,353,107,142,365,261,225,268,750,745,644,360,665,325,737,326,727,616,293,231,141,357,713,228,760,41,326,680,37,358,393,168,297,751,536,224,1016,725,708,531,236,265,283,135
481,679,627,550,773,625,808,639,1013,66,1013,609,407,222,113,796,249,499,638,485,98,445,225,622,625,250,638,493,321,493,632,624,207,771,480,570,862,534,586,520,526,977,557,608,235,635,879,65,369,625,613,624,634,625,97,591,617,449,1017,474,593,497,480,591,413,479,499,736,802,538,993,473,257,515,480,615,633,781,977,369,515,757,25,78,637,497,514,510,579,977,399,384,589,615,518,954,715,538,716,417,386,618,628,409,865,400,484,993,713,14,979,542,493,511,414,481,421,337,479,631,768,461,637,399,849,624,784,481,865,482,849,531,477,631,637,400,477,621,300,990,525,614,616,360,634,449,513,769,233,410
703,447,514,876,650,497,881,270,429,815,291,864,289,300,701,269,447,432,754,14,702,418,256,642,290,690,445,575,701,49,688,689,829,815,305,689,643,771,291,445,561,354,495,801,336,643,675,815,433,177,829,802,429,429,741,689,447,945,558,865,689,757,269,643,431,643,829,689,690,677,753,781,317,753,503,746,691,782,689,291,700,819,765,802,945,737,817,800,305,829,702,60,828,494,801,305,893,687,829,319,317,650,431,417,306,810,881,419,689,434,687,674,691,847,831,751,940,289,53,690,290,307,800,681,399,689,497,509,431,816,702,831,426,433,690,45,829,641,691,687,825,1006,827,829,129,419,783,881,445,256
693,664,265,471,65,693,121,286,694,204,136,179,314,344,40,600,314,182,281,308,897,729,278,565,661,405,136,90,470,648,314,312,310,846,965,128,837,310,234,836,1012,730,570,343,969,564,273,665,265,218,776,516,666,261,949,154,821,952,925,314,820,437,5,26,918,986,89,89,266,794,692,341,265,72,773,272,664,69,645,727,182,129,825,9,981,792,308,817,534,314,310,305,312,698,969,74,445,269,29,920,986,57,310,950,821,981,954,58,901,712,349,261,573,917,694,1014,151,276,952,351,280,782,317,642,853,345,6,330,57,545,313,438,713,149,901,662,933,949,265,281,6,651,442,344,57,538,697,350,986,901
41,672,232,623,747,507,458,631,24,101,420,428,166,363,83,329,326,440,201,211,867,43,619,370,103,327,442,36,872,934,375,376,421,96,38,425,475,45,723,358,301,428,414,63,59,360,203,310,100,275,59,883,435,72,365,425,703,59,499,235,326,376,363,459,394,324,326,436,443,71,35,201,360,377,447,202,96,166,42,425,745,162,51,139,497,355,347,4,265,40,371,379,435,427,420,96,91,43,82,682,415,41,45,336,423,40,68,71,428,340,259,459,339,427,400,365,302,292,412,365,196,395,59,456,360,332,31,679,272,168,159,60,59,364,427,400,328,368,325,38,443,443,152,57,435,59,360,176,500,43
894,797,732,733,195,720,631,631,934,719,831,692,239,756,363,832,872,536,859,758,779,545,39,571,820,963,727,757,565,727,652,1011,764,807,838,711,559,343,246,936,970,639,757,839,631,1015,615,767,511,676,843,680,699,692,755,68,327,263,702,559,996,247,655,967,766,792,703,807,997,618,855,252,994,573,852,804,740,740,226,175,253,1003,245,727,795,808,794,767,755,635,753,808,733,962,721,567,274,611,742,550,994,580,704,764,961,732,832,750,683,856,676,757,956,659,223,721,655,647,230,54,965,324,563,811,575,766,551,792,195,614,875,821,983,814,324,840,40,789,575,100,779,647,565,934,743,676,674,551,554,538
1,459,938,114,11,170,362,165,941,969,488,186,885,939,98,187,165,388,83,808,68,243,304,296,10,880,23,436,160,67,107,161,230,101,101,119,107,184,443,167,667,315,808,182,606,232,100,118,679,514,838,390,337,982,102,370,871,421,407,18,392,167,268,302,424,100,151,420,421,127,494,247,892,465,227,933,470,7,166,773,353,171,231,235,208,739,115,437,47,119,393,471,467,388,823,168,868,935,104,45,183,166,427,227,10,392,937,436,191,161,168,421,424,122,245,166,45,228,306,453,237,168,165,163,455,247,393,116,69,402,182,382,736,440,614,361,424,421,388,611,844,425,164,290,116,40,389,405,435,870
740,617,596,607,879,583,736,159,617,764,769,924,566,835,513,991,868,201,967,413,615,542,998,1004,321,511,614,703,732,348,1004,579,846,655,406,526,924,606,1004,583,140,271,575,401,461,961,494,286,773,615,67,453,904,786,792,392,750,711,359,620,925,727,255,675,727,639,598,1021,888,623,708,568,711,621,735,854,270,727,565,543,875,966,709,796,486,581,590,583,542,864,204,926,255,650,583,390,397,572,607,1012,599,388,274,705,80,415,911,967,765,849,662,593,783,607,967,665,734,724,28,634,397,638,909,623,111,865,909,103,702,652,924,739,965,796,460,927,351,769,927,927,618,614,911,285,967,662,362,596,620,621
104,923,484,64,265,160,227,507,104,208,624,98,626,190,187,353,834,746,611,931,835,231,164,83,539,319,293,83,395,194,226,369,163,991,227,238,616,778,408,466,183,35,423,443,220,436,154,903,159,768,442,91,186,167,16,160,312,212,114,512,336,367,442,136,235,183,794,183,136,635,435,120,260,162,954,96,558,263,632,444,194,58,384,183,114,784,326,923,2,194,888,102,978,423,66,515,241,794,931,394,247,864,794,176,189,109,1007,146,792,91,427,260,944,386,608,114,119,126,955,291,121,771,739,511,819,891,624,948,672,899,224,924,123,163,116,939,19,467,72,826,278,609,71,291,443,796,64,697,18,692
565,110,109,521,150,317,1014,286,78,62,714,194,521,462,102,1006,109,481,622,638,493,913,518,970,189,533,534,541,646,358,21,513,105,829,30,517,21,622,462,805,541,317,465,221,298,621,471,533,109,1022,541,985,528,125,918,618,525,137,906,526,4,286,646,406,998,542,518,454,262,314,508,902,358,574,34,413,533,317,301,518,557,314,158,669,476,513,518,958,497,1002,370,489,1002,134,797,62,622,525,498,565,557,270,1013,797,22,14,262,389,494,346,725,31,1006,542,998,605,1,173,813,358,389,646,646,532,1018,720,117,430,13,462,61,318,124,541,542,662,462,501,998,561,126,642,461,558,705,519,4,482,405,498
356,692,131,752,928,94,355,127,754,686,740,871,687,648,238,868,991,260,7,887,613,486,678,888,355,619,796,88,671,76,950,768,716,742,68,871,198,871,922,26,847,611,839,865,742,398,64,160,674,3,358,740,867,871,676,833,908,832,447,876,432,878,429,864,646,140,376,243,772,0,871,255,899,991,358,949,66,100,356,359,322,385,428,864,315,782,808,680,352,740,5,899,323,385,911,356,796,416,883,12,518,260,665,3,524,654,835,143,721,99,736,420,688,775,924,864,12,3,865,930,544,868,652,868,868,896,990,20,320,847,641,195,641,928,836,164,615,583,2,771,326,647,928,352,99,132,687,583,359,885
736,9,648,473,120,16,553,435,249,922,408,473,521,537,946,25,489,116,27,985,115,287,442,309,658,282,15,931,537,826,265,529,561,361,281,209,10,809,27,536,35,118,223,566,739,819,503,474,248,905,797,51,65,537,475,283,664,539,26,779,475,491,22,282,1014,434,163,315,987,409,536,528,59,434,410,384,27,50,280,664,18,208,26,118,505,280,793,286,745,635,537,282,306,265,389,534,411,507,906,50,538,899,629,531,25,287,215,739,787,770,533,537,265,211,947,488,937,1018,506,266,500,1010,259,25,27,985,465,485,563,157,275,505,409,641,475,297,993,1010,297,538,521,283,499,305,18,264,786,120,315,794
650,298,156,659,780,610,798,714,509,914,337,145,451,976,593,971,850,974,1011,977,543,1010,715,528,963,450,627,529,1023,963,395,963,1008,521,495,566,769,526,1007,407,459,662,449,849,904,593,593,978,463,636,659,529,981,527,979,849,531,713,979,620,1009,1010,396,531,983,465,979,240,726,848,16,791,785,961,978,494,962,732,893,881,403,977,523,448,666,718,971,723,771,529,401,927,31,471,593,734,19,625,717,789,755,498,285,798,148,1009,979,608,477,530,971,611,395,782,787,402,982,524,464,542,123,1021,974,733,463,895,655,278,897,1008,625,400,479,1011,1007,907,983,456,543,193,456,533,735,531,540,529,393,625,787,790
51,151,48,281,272,305,913,255,249,243,146,63,264,146,83,343,154,55,121,923,147,361,346,154,364,155,794,346,401,970,50,267,49,90,210,369,146,794,88,386,283,731,82,50,283,1014,146,420,371,906,953,86,154,475,850,922,394,383,409,282,64,193,53,178,318,57,443,146,288,34,880,154,960,770,146,242,402,722,283,375,118,40,153,640,898,49,795,246,57,102,641,306,90,99,319,887,383,848,217,322,149,339,391,50,434,773,263,51,793,782,49,913,401,266,282,81,283,58,281,209,901,794,981,209,253,814,52,885,432,250,1004,769,144,914,151,231,147,151,817,274,570,658,358,112,209,218,81,250,281,48
72,680,968,903,805,942,613,116,581,698,1015,586,437,475,555,631,670,648,666,183,329,884,948,102,161,838,1012,879,314,935,295,587,311,313,693,113,56,613,588,567,522,841,906,662,102,648,971,810,777,56,579,505,827,421,401,586,757,997,392,665,932,185,258,270,848,65,909,330,331,117,649,357,167,565,645,648,586,935,566,182,650,330,186,169,678,629,1015,312,907,295,996,922,901,413,331,904,970,919,873,695,871,650,873,497,441,746,908,911,918,741,938,325,843,841,842,54,420,883,518,264,676,150,459,264,693,309,922,64,73,841,234,929,934,649,460,265,647,938,693,298,283,182,898,807,649,808,165,1012,932,998
969,438,347,962,1014,683,289,62,831,688,497,247,1016,971,843,105,255,828,831,55,671,771,959,894,192,750,233,313,251,753,242,992,377,832,9,817,318,677,299,458,459,496,698,831,823,983,871,859,58,890,887,891,758,544,761,891,368,211,373,446,882,955,706,649,998,63,847,731,795,374,3,889,676,871,49,516,447,891,665,835,503,320,55,1022,505,836,865,849,1019,751,36,26,3,1016,1018,694,723,814,746,59,7,207,763,63,695,38,244,545,414,59,740,510,212,807,1002,531,884,783,437,54,438,55,234,892,57,474,763,489,704,256,59,225,57,832,848,201,957,230,1008,895,523,1002,886,239,474,329,833,826,572,454
913,98,110,563,527,153,878,549,974,917,552,730,485,174,909,674,125,565,927,806,642,676,66,798,597,558,30,530,718,192,805,866,948,847,126,995,543,878,142,1002,962,98,142,230,867,554,802,913,878,178,842,548,1006,46,874,110,558,514,78,206,834,809,165,728,109,522,142,975,807,769,194,922,914,948,485,526,678,814,98,866,846,894,688,599,163,521,709,512,522,206,65,126,546,592,782,834,514,142,254,676,813,174,231,660,881,686,682,641,526,897,106,613,165,533,930,870,165,142,796,1022,126,549,654,902,785,189,164,802,709,670,110,558,565,857,684,834,145,533,869,158,205,174,190,117,729,962,526,868,806,74
885,381,523,861,895,158,892,839,603,173,159,886,857,952,238,549,512,95,862,189,217,985,145,575,510,801,193,647,857,962,577,527,49,28,229,574,574,81,406,717,897,193,850,1,639,525,845,576,205,566,575,159,694,337,481,145,194,873,641,573,640,557,177,402,134,897,812,1,895,376,834,637,833,185,945,828,1014,140,151,561,523,991,849,381,583,832,854,137,886,903,214,641,209,945,67,246,590,850,246,194,969,878,137,25,573,189,149,961,209,137,515,885,147,1017,134,653,833,73,88,62,449,129,786,205,2,551,153,156,141,893,73,383,893,211,209,207,258,62,349,193,409,0,891,815,190,137,593,129,117,54
330,23,330,606,612,844,347,128,632,347,857,720,620,864,996,408,612,618,167,59,40,1003,40,490,149,139,187,890,724,343,620,608,364,672,16,915,762,683,364,110,160,7,714,595,676,24,198,925,335,523,640,615,173,416,123,360,32,864,538,320,412,611,292,846,36,682,151,875,740,736,135,916,582,352,352,615,144,584,580,44,710,582,704,667,331,171,106,929,672,608,122,402,583,378,32,36,660,340,27,608,211,608,576,215,155,390,839,858,52,339,838,170,650,140,714,672,939,139,634,352,620,923,646,864,21,843,595,151,343,650,452,404,710,96,875,580,912,404,128,103,155,172,580,731,928,362,932,896,169,635
999,601,520,89,689,830,805,767,809,153,884,667,815,559,907,782,603,985,761,294,21,475,797,27,674,831,745,829,701,433,793,57,617,613,508,89,113,291,37,41,635,469,788,793,472,29,805,537,511,781,690,221,993,767,664,153,665,317,687,505,7,230,784,240,873,803,503,809,792,792,21,829,29,669,807,973,478,27,499,505,795,743,619,639,239,103,988,879,793,536,54,753,793,791,732,600,285,817,281,811,820,629,726,25,116,988,633,496,793,299,425,809,155,693,181,809,247,792,796,667,422,831,802,600,868,601,485,779,788,118,248,41,784,291,800,177,814,811,29,219,92,806,603,692,807,174,596,856,728,565
251,245,603,332,527,223,183,187,175,243,823,524,243,396,123,244,251,255,268,624,831,189,510,936,1015,639,820,117,822,819,268,171,301,372,179,243,624,243,253,347,827,943,245,251,247,139,205,639,756,327,741,187,175,991,167,938,783,821,411,332,845,267,187,827,315,952,949,691,247,220,826,788,583,179,267,425,930,223,247,780,196,215,245,347,637,333,1019,891,244,251,591,373,381,243,873,941,507,637,1015,635,159,247,783,183,243,395,123,591,327,258,243,379,371,123,1023,191,215,887,637,242,771,812,963,823,427,123,75,179,435,20,587,627,189,309,955,381,247,309,203,524,245,644,604,372,243,638,506,203,251,245
887,839,837,754,763,139,106,129,961,975,151,165,1014,121,137,136,840,711,217,441,205,107,632,87,1005,903,465,488,848,510,480,521,210,791,132,583,760,108,189,971,491,132,1003,709,855,135,121,148,839,839,616,151,167,973,794,975,532,215,911,969,887,935,7,134,183,184,983,25,151,249,632,496,905,960,745,976,968,116,944,798,97,235,184,872,824,873,894,944,773,48,1011,117,192,183,178,872,371,537,945,872,631,144,168,135,471,184,727,841,975,104,186,43,1001,153,971,8,1015,150,104,859,793,727,916,584,131,975,455,153,889,980,471,1000,614,971,233,169,711,147,488,215,847,800,424,973,428,471,921,864,977,801
202,696,884,838,241,889,120,120,142,724,148,206,240,922,433,470,145,206,307,202,918,596,330,399,121,74,165,330,187,927,135,152,934,870,112,117,153,883,832,177,529,262,474,121,401,834,123,71,209,496,122,688,470,945,79,117,437,67,246,1009,924,150,832,794,70,245,869,273,117,689,368,160,869,956,188,839,142,264,906,766,945,76,150,199,88,121,932,880,957,55,113,267,884,916,392,134,964,176,198,121,680,894,192,148,880,849,251,176,378,141,837,885,70,946,710,405,831,809,626,689,97,783,115,987,134,84,944,154,916,86,240,932,144,508,921,842,70,726,309,837,195,932,276,883,817,790,932,148,858,917
1,921,30,734,670,720,62,542,1006,653,984,909,985,425,705,574,637,349,56,56,734,670,696,344,1,1021,224,702,582,457,46,8,734,513,710,550,966,686,734,542,542,579,936,702,580,712,729,126,710,1021,710,249,686,574,711,65,461,705,614,537,584,683,640,712,622,638,186,526,574,705,568,254,513,542,665,705,1,582,4,538,705,590,545,574,518,510,286,30,637,184,62,646,127,38,334,472,670,494,249,646,734,698,542,646,577,65,641,766,622,632,766,646,862,520,321,126,504,577,709,1022,664,710,430,705,224,125,254,253,734,640,768,600,448,702,318,537,24,648,390,536,605,590,574,512,726,717,550,589,101,568
450,442,713,899,502,438,157,434,482,449,324,706,956,579,339,707,897,711,268,453,59,454,964,131,453,437,705,449,657,501,993,69,405,960,925,453,449,462,226,480,923,899,917,671,483,719,148,915,657,708,901,145,451,326,509,129,961,274,409,966,185,865,452,706,450,274,454,499,503,977,652,961,915,499,913,901,319,511,451,697,67,437,139,387,417,455,925,923,485,1015,925,709,380,191,903,817,454,381,1017,783,382,474,450,921,145,973,421,913,405,706,449,443,449,230,156,961,126,279,902,132,498,1023,153,185,166,897,917,481,501,489,451,442,276,923,882,701,645,897,959,963,149,901,806,428,453,267,902,683,444,401
865,606,115,861,23,62,111,890,521,17,126,633,547,102,350,646,620,614,861,523,859,568,521,350,94,15,615,238,143,524,23,520,101,545,9,268,266,1,638,121,142,3,89,517,360,19,69,622,519,62,607,655,795,607,9,605,521,13,533,190,22,631,258,831,86,357,9,649,553,118,5,126,229,614,619,615,561,549,534,219,121,633,14,14,270,382,112,606,555,147,533,516,545,654,620,601,102,590,14,529,14,617,1,23,110,619,573,526,516,353,505,19,535,279,522,398,347,270,367,19,604,367,79,119,337,70,89,587,266,123,17,529,3,605,270,633,126,810,638,633,9,521,571,47,124,531,611,633,613,382
218,905,1018,602,910,242,639,631,937,908,650,806,281,905,687,1009,650,47,938,523,866,44,607,46,52,1010,975,237,922,809,906,601,917,794,1022,1009,994,857,922,1001,927,1017,234,681,578,761,171,562,957,687,42,745,862,94,813,193,1018,15,934,654,941,221,671,478,901,794,910,613,654,766,754,943,749,993,269,922,788,639,858,682,967,905,525,9,556,557,921,429,522,991,949,902,903,799,665,882,1023,378,809,538,78,898,92,940,667,987,1018,497,889,636,553,989,997,795,465,511,1021,223,650,887,556,653,26,14,15,941,521,910,556,105,603,938,1022,985,1018,754,889,559,386,47,1010,757,937,1017,995,685,911,793,642,217
382,880,527,296,76,382,523,526,44,299,320,709,363,376,556,126,374,822,343,547,329,78,378,299,302,568,343,142,72,350,822,126,308,782,625,520,176,310,443,120,120,545,806,590,264,72,264,275,8,830,638,890,340,574,366,830,552,681,11,64,616,526,334,8,376,72,894,634,1,584,864,545,121,208,264,267,534,526,65,566,374,376,526,664,126,56,675,336,558,298,587,382,123,120,382,121,123,776,82,382,376,126,118,304,526,124,894,561,344,382,526,374,72,1,334,314,376,265,382,377,206,273,588,558,632,318,71,520,321,350,58,62,872,382,350,366,624,11,289,699,8,334,624,382,79,894,374,14,78,744
58,213,227,255,167,897,254,792,221,153,247,219,27,211,413,775,159,145,241,899,202,225,105,249,241,134,230,230,384,929,249,152,231,98,496,155,409,987,247,214,7,143,167,233,658,262,211,337,227,157,128,560,921,902,770,159,111,203,225,159,1017,31,851,135,230,793,656,647,129,7,158,898,145,73,240,128,248,200,194,6,241,225,226,249,192,231,25,242,225,203,902,254,129,415,231,65,487,7,898,226,159,211,17,153,109,129,253,229,255,87,153,223,231,215,761,25,241,135,575,345,249,130,792,7,249,390,246,126,1,184,903,159,505,129,155,25,455,128,129,231,1,169,964,454,129,216,1,153,128,135
283,133,133,293,106,218,291,732,171,882,27,189,253,621,282,35,179,155,10,93,253,346,109,36,236,5,45,628,284,370,930,56,269,29,488,186,45,197,306,730,157,379,40,164,894,155,121,227,67,178,317,217,229,109,157,61,141,237,164,834,435,424,232,504,106,185,109,225,93,994,182,323,141,62,141,709,53,218,306,427,93,890,234,226,313,125,825,40,197,362,171,157,219,237,224,540,45,165,155,605,226,249,314,202,253,141,872,37,172,77,187,170,534,232,77,61,219,501,170,429,164,186,251,139,717,36,811,91,765,363,162,26,792,229,200,184,951,77,202,657,50,154,203,77,101,679,200,191,189,45
746,552,513,569,569,600,698,232,703,454,853,618,569,350,153,425,551,289,633,445,25,327,600,252,255,551,351,105,955,649,735,649,126,639,89,574,505,721,625,538,545,390,678,761,761,649,130,868,473,33,999,120,632,568,25,294,7,289,596,761,602,762,149,558,729,666,198,526,522,12,132,121,238,860,249,764,102,703,569,234,254,120,95,742,703,348,13,150,473,89,132,558,156,324,759,722,634,708,601,393,77,601,377,702,33,518,377,520,377,23,454,887,36,10,513,697,38,721,38,161,665,526,102,326,719,521,681,62,319,124,181,545,593,726,250,497,71,342,379,264,343,705,716,473,545,271,323,249,249,958
928,722,20,828,711,740,929,756,162,886,614,464,626,600,840,580,570,630,730,676,22,609,161,19,456,726,706,1021,191,544,597,740,162,158,822,90,677,757,546,32,189,34,701,676,806,464,166,438,760,164,692,160,154,568,604,546,34,863,734,824,548,212,676,730,832,598,838,710,1008,820,704,935,242,702,748,677,801,578,39,730,248,213,1008,721,418,679,602,597,706,849,706,734,161,739,756,618,848,600,599,990,991,732,548,726,10,722,1012,678,679,34,213,595,736,758,606,835,37,710,582,847,1005,211,162,592,92,703,632,602,628,677,806,676,518,724,1012,817,476,698,219,416,730,624,762,710,676,344,824,581,858,802
254,209,513,26,223,347,313,258,204,343,246,476,383,448,513,343,804,296,771,314,123,248,94,579,139,900,140,36,267,515,122,382,156,931,286,160,338,132,384,390,507,394,132,259,418,371,266,387,450,802,535,348,291,449,276,266,418,290,348,356,379,722,466,228,379,410,594,135,580,182,284,388,356,958,348,412,218,708,201,132,955,902,192,282,510,674,654,250,290,340,266,356,951,507,452,209,478,486,449,336,383,385,324,412,508,651,254,259,385,515,465,124,348,672,638,417,320,708,580,507,764,70,130,394,195,916,574,212,594,464,294,698,446,316,256,92,714,411,163,281,588,397,259,668,428,332,508,356,442,340
590,458,454,463,186,56,954,712,952,950,110,958,955,351,456,86,912,536,879,863,987,870,410,57,424,566,471,326,79,960,487,256,295,331,327,447,440,79,334,262,360,471,207,446,474,440,966,600,58,1022,366,191,70,590,438,390,430,199,270,342,774,474,454,984,454,62,310,88,344,449,343,486,622,464,454,422,991,262,326,954,359,974,838,90,40,970,550,458,282,54,120,454,418,56,1003,714,42,122,475,791,376,391,103,343,602,1006,79,360,262,310,776,422,1002,384,270,448,478,582,410,970,990,807,314,454,1018,506,458,478,42,474,774,422,262,971,966,310,295,107,447,966,871,1010,458,406,359,478,319,790,790,920
737,253,529,401,369,155,649,532,748,1003,778,705,553,403,527,10,531,524,725,221,113,381,736,532,368,617,530,533,421,373,669,47,655,799,196,244,117,596,773,657,77,847,49,22,624,368,294,112,729,280,272,213,277,1013,601,357,784,209,653,525,529,529,733,661,317,429,762,293,529,525,113,524,533,713,445,560,81,512,727,714,881,231,237,29,660,530,225,113,517,526,29,385,879,1015,28,813,781,753,717,29,284,526,729,745,916,781,437,765,21,20,149,1007,977,529,624,380,252,213,534,604,17,104,751,395,416,552,21,29,264,729,789,9,580,532,527,277,277,684,193,373,887,540,213,660,541,901,241,8,9,749
390,845,398,766,322,142,398,157,137,125,434,844,380,894,31,397,270,380,262,350,422,3,350,393,329,891,13,378,380,103,648,772,142,153,765,654,30,351,894,259,320,493,77,125,2,143,926,382,217,614,332,255,434,505,888,393,78,305,382,4,390,253,327,377,335,543,444,122,376,70,394,329,74,215,255,317,293,390,902,440,253,402,914,485,337,436,392,745,382,487,894,445,131,379,431,380,382,142,973,381,446,383,1020,30,895,390,345,766,434,252,741,296,398,180,398,377,894,910,942,250,445,892,25,363,159,269,390,136,383,377,393,425,333,142,377,398,322,390,365,376,351,302,461,504,419,322,444,369,381,71
1001,953,1000,408,526,622,876,665,244,340,488,666,84,361,127,411,22,664,608,680,889,527,692,616,906,590,937,926,600,688,851,989,184,926,908,649,857,918,510,619,996,361,984,616,153,921,665,1005,604,1001,402,608,168,425,590,94,906,624,404,921,986,616,926,409,665,724,410,665,488,86,104,91,660,181,687,361,649,409,108,223,905,520,1001,120,814,16,488,78,670,392,184,916,529,872,424,248,440,616,618,925,406,362,302,856,674,375,397,105,441,588,362,88,616,681,872,260,361,484,424,616,664,105,392,521,926,460,650,105,617,1000,936,598,922,623,472,69,142,606,949,854,917,616,490,1005,670,686,621,395,140,110
647,532,824,685,151,887,641,241,662,881,777,679,877,1015,998,744,698,145,843,115,1009,398,880,662,663,969,118,694,881,457,629,777,879,262,983,496,849,567,881,527,888,799,804,753,657,885,900,374,969,663,1016,17,983,373,1008,692,504,119,842,727,881,457,657,855,681,951,873,169,885,689,919,885,784,912,182,841,981,441,984,843,612,886,657,265,881,965,377,709,791,885,649,935,336,122,886,151,265,811,529,911,661,689,1017,9,560,992,649,694,720,882,693,886,977,881,305,921,832,795,885,7,693,886,905,118,369,145,146,802,833,132,691,1015,1021,377,944,625,841,969,887,885,793,756,649,657,884,143,982,119,883,119
645,549,197,369,421,307,419,43,277,85,981,373,643,541,387,965,51,133,903,293,501,645,177,773,563,131,131,37,277,885,499,1013,429,90,839,611,823,141,163,627,901,885,261,451,421,885,1011,867,405,541,949,445,839,127,1015,311,531,181,325,337,49,131,333,705,837,51,645,207,223,1005,53,717,997,517,515,261,375,245,561,369,789,210,567,1019,147,1015,324,136,541,129,1013,453,816,17,51,565,245,1011,261,653,693,949,501,497,293,517,69,485,645,189,949,389,101,413,821,445,453,1013,221,643,589,853,965,951,115,195,925,53,141,501,949,109,1,691,325,5,835,451,677,948,917,775,771,413,397,869,437,501,661,117
319,370,306,656,676,513,345,169,461,144,624,49,64,983,341,178,499,72,159,680,337,173,305,257,273,49,217,144,844,561,397,361,144,157,367,65,51,114,176,96,160,566,171,81,359,79,174,785,321,0,729,723,274,307,75,480,383,161,489,80,1009,331,310,172,107,146,337,157,689,41,320,305,187,321,305,317,312,321,41,310,161,721,365,172,449,333,337,129,134,689,1008,330,656,177,174,191,332,279,80,496,559,449,190,17,178,176,321,68,288,53,494,342,337,493,310,310,209,144,190,306,144,209,283,169,127,303,402,369,370,177,180,822,68,65,675,325,375,175,49,863,367,851,353,181,61,369,313,311,720,682
180,191,197,563,960,43,532,36,188,76,186,651,1,595,467,756,339,693,839,50,431,842,661,836,709,67,329,964,692,342,212,685,419,240,296,424,821,803,121,416,690,819,591,561,332,203,931,131,689,560,843,683,329,660,554,193,212,268,556,721,686,491,812,844,543,492,555,50,924,170,208,587,716,20,648,205,213,177,288,940,435,208,821,180,778,819,200,692,597,948,200,214,492,704,545,563,709,564,720,300,843,772,77,201,724,276,809,757,628,16,562,555,303,821,304,965,32,900,139,692,709,460,47,565,308,176,318,177,688,950,52,48,788,560,177,709,692,335,211,692,445,20,529,32,805,83,53,171,499,769
27,579,451,71,80,57,679,423,418,85,593,939,21,467,469,355,25,469,278,869,454,423,422,545,849,341,487,19,943,341,505,942,485,90,469,274,82,467,85,390,942,41,65,491,475,795,549,139,805,293,931,465,49,121,19,419,379,85,474,483,485,973,25,469,473,467,596,211,811,533,537,36,676,53,81,36,105,901,149,469,929,344,283,466,977,423,597,84,853,336,917,601,467,85,91,465,111,942,84,161,617,123,466,449,215,105,453,395,51,446,282,149,81,917,488,491,471,475,472,81,357,427,327,482,411,549,468,423,281,853,541,589,935,999,363,228,203,91,18,9,32,20,349,427,419,149,427,83,427,979
121,231,159,31,106,549,421,749,111,408,479,103,481,430,111,110,109,33,104,94,505,164,173,513,81,545,96,96,46,93,387,157,7,160,6,158,350,39,47,89,329,167,79,617,29,167,97,29,103,173,121,30,127,2,504,45,130,401,475,41,414,349,5,150,558,110,82,41,45,519,126,37,225,159,152,173,170,287,31,47,224,476,110,157,91,336,450,30,127,31,113,45,417,158,30,63,111,88,77,220,81,91,646,157,935,668,417,96,135,509,943,238,414,127,30,33,89,93,109,14,159,359,46,208,32,0,474,549,129,479,110,526,110,94,89,799,126,111,477,487,512,478,477,454,122,99,665,32,575,409
244,256,966,368,889,967,528,920,1019,376,925,214,854,774,496,996,247,632,255,232,242,335,855,259,592,126,891,252,400,214,22,240,883,888,19,498,1016,850,213,1022,368,592,760,252,935,205,1008,680,1008,478,86,103,804,1008,1011,368,478,984,120,351,296,88,464,536,486,248,338,510,976,243,982,464,338,220,376,637,25,959,472,1006,255,342,744,499,468,208,1008,492,847,896,839,509,339,255,912,31,984,414,231,767,81,989,736,339,22,209,248,984,124,1016,214,967,726,925,128,470,30,658,327,248,968,990,982,381,325,6,238,966,492,0,80,952,120,144,208,1006,126,968,81,509,913,734,894,1014,960,912,975,16,248,1007
58,261,185,210,76,785,761,122,746,662,33,722,980,570,524,600,278,146,79,274,407,120,709,698,42,60,824,694,698,906,822,308,898,306,754,676,432,33,370,180,650,1,17,190,252,694,250,407,569,472,37,524,84,188,468,313,18,346,337,444,628,82,58,696,337,184,338,913,697,60,772,50,660,340,646,2,316,724,338,37,314,186,697,186,275,536,441,722,710,338,825,850,452,114,18,661,849,313,42,697,58,5,308,965,378,66,657,980,490,57,642,313,4,188,670,726,468,84,274,70,722,778,638,604,6,467,408,33,60,852,601,58,216,60,276,702,455,850,4,182,762,506,340,786,1018,570,770,788,594,785
69,481,793,952,495,251,56,961,527,49,938,249,318,1017,472,937,128,128,102,963,868,328,22,976,42,897,211,314,174,377,703,190,156,105,278,99,184,6,215,364,967,313,233,1018,248,270,457,379,696,696,279,310,960,918,950,368,113,452,62,900,93,472,463,1003,83,377,150,195,46,947,1017,993,373,916,464,342,215,457,824,59,390,233,475,262,457,965,273,141,213,304,31,951,856,317,310,49,311,278,311,298,511,278,296,214,389,294,277,187,963,964,942,128,1023,210,88,437,198,1003,950,318,969,310,161,969,460,249,441,275,976,168,1021,238,942,182,875,52,187,88,963,958,323,953,229,97,901,442,43,176,62,314
398,449,705,711,574,737,576,607,833,590,359,382,518,778,649,750,464,631,585,505,647,464,254,630,585,846,719,362,734,626,190,553,191,224,573,486,587,254,839,440,993,577,584,70,958,65,354,637,604,486,199,449,480,577,735,254,368,343,318,704,464,490,407,317,974,585,1008,625,464,486,202,653,450,351,199,334,614,704,624,382,760,592,766,582,832,710,742,841,231,585,574,583,248,265,383,454,358,630,787,710,454,248,286,710,705,192,369,61,258,272,370,719,704,495,265,360,846,486,318,393,486,279,736,1016,582,199,576,766,487,479,584,359,528,918,862,888,626,590,830,840,704,502,1014,232,602,758,584,457,713,473
724,313,557,296,208,931,973,80,985,112,642,61,965,594,423,380,414,902,755,980,331,675,301,606,99,980,312,657,997,369,944,681,609,696,316,412,497,1005,369,318,870,252,379,408,417,613,105,69,725,982,627,300,414,113,342,115,30,251,596,825,628,1019,672,369,374,126,499,606,597,405,533,592,45,577,639,55,569,309,977,730,369,123,571,201,627,982,620,748,44,583,712,497,368,30,1005,33,356,208,571,107,1006,113,976,368,661,283,673,893,112,73,673,340,624,704,916,356,334,299,667,478,179,330,377,982,372,435,93,390,727,622,79,347,977,801,585,49,340,342,638,289,368,921,59,592,314,28,312,598,315,545
307,33,287,74,8,538,77,7,741,675,103,722,47,693,77,650,335,73,652,329,743,11,11,334,1001,647,897,643,363,649,689,15,717,493,695,765,695,79,629,689,805,51,632,615,39,744,299,749,691,465,101,329,611,256,871,717,767,973,239,843,743,1007,679,329,673,679,79,693,713,925,612,739,335,37,77,83,631,423,469,905,678,323,393,739,992,77,297,81,237,655,225,305,538,981,77,713,679,933,948,15,439,721,417,613,590,333,969,333,439,943,9,365,329,335,455,289,739,675,695,333,685,117,755,483,675,339,739,960,842,679,679,300,815,713,33,11,13,257,1,588,695,51,385,847,483,677,387,685,419,872
235,248,246,401,826,430,410,790,918,190,790,148,848,249,918,826,920,144,246,278,646,1004,918,806,168,796,918,792,1012,248,820,246,150,798,729,16,88,776,750,746,778,886,148,91,885,16,86,677,788,702,854,432,918,762,918,288,953,790,790,777,155,537,907,236,974,985,761,986,166,786,56,666,790,158,670,244,885,128,915,158,342,873,275,505,796,785,824,891,784,452,443,745,918,278,277,949,917,238,753,790,752,784,242,680,918,748,752,272,897,982,361,246,798,324,1008,502,24,264,915,806,753,790,790,883,166,920,859,158,360,795,54,784,148,222,336,790,922,274,977,249,22,794,280,977,780,758,500,872,686,694
200,810,794,142,207,106,782,431,850,15,848,842,142,679,785,852,176,482,39,480,970,188,544,458,522,816,428,228,4,210,36,874,854,993,805,970,202,462,853,442,229,166,840,778,842,840,970,780,36,457,270,1013,554,672,194,856,842,666,996,134,820,561,778,429,162,865,807,965,199,708,77,482,685,173,666,550,842,40,637,167,586,938,9,712,420,460,768,714,798,847,160,226,173,118,965,591,489,42,206,162,546,770,718,778,137,160,458,846,37,807,215,606,481,800,854,842,865,420,138,768,1004,230,42,393,804,879,41,846,1005,848,39,777,161,992,806,430,562,431,673,392,561,416,18,416,416,335,804,800,714,444
414,560,184,728,254,249,217,474,224,312,24,753,451,750,784,886,440,510,264,846,592,507,702,734,254,478,320,336,494,137,766,454,936,502,344,185,808,288,244,634,718,478,728,598,848,848,454,244,436,216,478,696,486,486,334,632,280,350,758,717,544,520,748,486,505,398,86,494,486,536,178,505,654,502,630,248,232,214,597,214,614,342,94,1010,342,96,216,606,478,633,88,718,336,94,62,218,880,600,856,448,312,498,432,584,624,248,78,592,94,883,472,267,474,222,406,569,726,216,733,704,656,478,468,411,136,198,696,670,230,974,689,478,622,462,342,632,968,246,830,862,846,336,408,752,638,30,224,142,560,753
382,240,558,638,373,90,342,425,794,570,857,983,215,689,529,887,313,121,785,601,243,573,561,625,113,116,850,777,215,345,254,311,857,343,863,858,214,877,296,369,562,575,857,881,785,181,753,855,952,174,246,315,211,219,623,296,57,383,293,848,625,853,209,336,598,598,241,343,950,850,556,339,249,572,588,573,734,203,980,245,713,728,471,665,606,575,468,726,214,466,700,351,569,210,496,509,345,766,574,334,561,180,313,561,602,852,854,635,214,243,561,547,606,633,200,883,380,599,625,881,331,376,599,319,604,117,222,342,826,212,469,315,636,252,177,377,302,207,565,817,177,700,337,251,404,49,244,981,847,214
129,491,77,840,333,833,147,198,152,476,355,144,407,197,981,128,131,373,13,237,338,77,75,299,8,365,347,80,107,373,331,16,359,203,480,909,903,348,27,411,837,904,651,104,136,339,496,491,1000,147,7,152,73,72,451,467,925,1003,520,28,0,11,29,855,347,323,917,384,75,1003,144,88,280,88,392,347,851,75,107,165,461,903,664,872,133,847,347,3,411,389,102,835,344,856,387,84,16,344,12,139,74,15,596,91,584,983,629,320,24,379,379,523,88,408,131,128,27,120,589,843,451,736,107,472,635,839,581,485,152,339,393,384,619,72,331,259,360,920,154,73,371,423,504,197,521,685,331,875,236,469
810,986,808,293,789,274,762,1022,842,793,761,62,889,728,682,602,988,956,858,602,844,785,364,786,945,206,25,474,773,985,937,553,796,785,856,620,177,781,714,218,202,412,604,278,958,618,602,954,89,604,988,1009,979,841,900,817,770,753,826,985,812,807,754,988,617,988,873,467,922,854,786,921,968,137,657,266,307,990,678,476,606,156,982,788,12,978,732,772,25,469,276,210,274,785,25,794,900,265,1013,233,841,613,748,748,817,809,922,220,572,591,290,390,796,784,717,465,553,517,797,362,236,806,786,820,788,794,585,274,394,73,905,996,935,793,346,284,774,177,937,298,270,154,540,295,729,908,794,524,595,75
489,510,210,471,516,382,510,573,60,1022,158,894,770,510,714,357,646,147,116,554,477,314,466,546,368,574,977,506,66,376,1022,197,574,552,206,506,753,555,302,174,378,178,854,765,80,593,504,706,760,713,864,1010,818,510,1005,529,512,254,732,768,253,434,993,370,522,51,522,182,141,528,989,478,733,461,542,174,313,497,1,318,818,158,670,466,530,526,142,537,784,136,702,504,822,654,378,864,893,666,511,494,728,313,81,158,960,257,250,606,794,283,502,784,361,561,383,450,558,55,766,318,56,272,495,654,381,509,570,545,658,283,641,353,287,657,829,575,499,814,206,383,48,291,10,268,569,313,826,717,364,465
455,749,423,749,202,45,969,813,197,224,749,519,458,609,737,463,457,225,237,461,226,962,461,229,289,237,461,237,237,34,160,229,675,610,258,34,322,362,205,38,262,550,801,98,202,207,229,453,226,34,234,421,39,493,258,386,233,105,58,550,7,931,37,757,293,933,614,457,449,609,353,201,225,41,514,930,550,889,461,33,34,226,100,547,458,194,738,289,97,417,641,253,297,261,202,750,171,37,546,317,422,165,210,165,698,63,34,591,458,413,298,815,58,225,458,33,34,239,815,1,549,453,162,422,17,236,614,673,162,333,557,836,551,738,59,685,202,529,450,713,546,402,100,330,422,769,548,711,458,545
950,538,678,698,569,570,987,566,378,990,438,742,848,378,582,966,966,989,546,607,936,569,473,969,470,633,841,218,934,600,560,865,401,422,574,574,352,881,816,990,568,222,827,934,688,933,1013,950,566,897,566,606,990,949,574,549,574,437,565,712,544,944,582,990,859,672,585,890,969,566,565,576,944,470,536,953,472,544,497,350,569,418,566,566,521,601,565,945,70,886,971,600,54,457,502,585,838,838,566,449,574,550,633,446,537,886,822,473,1014,697,965,998,982,997,438,569,485,600,946,318,854,975,769,533,454,689,513,89,370,600,950,990,504,985,513,213,473,478,934,544,32,1017,478,53,633,160,553,536,838,326
348,468,532,399,1012,159,665,854,540,860,740,492,959,531,780,671,992,31,1015,768,467,879,984,500,523,676,868,519,17,81,688,855,31,671,529,860,420,256,528,1012,376,785,516,499,1010,532,735,372,979,528,276,752,788,843,770,923,871,191,956,343,601,508,652,852,724,414,540,324,26,884,919,927,839,532,996,343,512,884,784,424,655,992,683,467,471,348,529,663,529,243,916,25,915,665,858,535,228,411,516,740,703,803,961,251,519,659,480,1007,18,643,890,495,696,594,142,311,291,748,918,871,191,788,339,977,17,276,804,523,188,63,787,439,352,19,967,737,442,33,852,868,532,464,668,500,534,80,815,1023,911,236
1019,52,1017,921,1018,985,436,393,975,920,473,48,1000,161,792,511,115,793,90,605,85,602,920,185,934,1017,62,734,78,52,986,974,15,81,564,15,22,586,788,479,11,507,542,280,22,17,921,414,20,906,551,37,921,908,985,825,41,607,245,52,85,53,792,472,794,670,38,449,473,475,777,479,898,391,278,908,25,385,26,462,991,919,117,105,902,1023,40,1023,113,393,26,20,475,921,665,385,42,7,88,775,568,53,793,441,798,572,790,601,55,507,143,796,991,478,457,59,798,169,542,478,543,342,54,62,273,814,830,46,8,59,52,392,990,926,1020,601,991,987,405,341,438,449,415,799,514,1017,111,478,473,926
192,871,212,307,131,312,828,219,493,380,192,768,132,319,202,907,279,28,295,796,222,196,819,198,734,126,4,194,19,28,192,208,196,28,211,157,670,797,296,194,663,282,157,384,100,400,147,208,924,156,382,227,212,486,892,222,723,212,273,209,275,147,976,590,291,723,475,260,732,371,195,220,377,200,444,196,153,981,291,291,388,179,435,159,147,75,828,148,350,222,958,732,208,976,188,222,512,788,319,771,159,451,144,157,96,676,340,990,412,196,148,220,723,508,165,213,786,995,787,464,198,789,58,410,831,292,991,303,147,195,355,19,218,988,846,703,395,163,136,1018,279,773,819,162,263,60,774,753,480,258
554,900,78,222,238,260,462,452,759,70,6,385,207,200,6,254,74,199,713,439,517,134,9,107,206,553,713,262,118,433,561,177,177,263,134,201,215,196,239,52,17,206,713,134,616,107,206,1,897,9,455,70,33,326,516,457,197,206,400,711,489,192,612,932,206,546,398,203,200,292,112,40,617,206,335,239,233,774,654,617,553,222,166,201,278,526,38,36,608,943,6,205,392,70,719,720,207,796,247,990,682,54,656,468,489,7,494,0,710,1002,104,4,132,769,985,207,270,233,4,262,39,1,999,740,129,203,329,197,457,457,137,133,329,726,296,743,70,22,214,196,5,106,6,198,798,71,773,278,233,12
743,908,990,929,988,814,878,937,580,768,935,961,559,879,800,865,967,966,960,936,548,933,709,864,744,644,999,379,932,967,936,32,923,935,585,901,1001,574,935,838,879,1000,924,942,583,933,428,548,992,551,622,807,935,494,111,875,682,423,1008,484,804,745,359,999,623,876,805,109,877,877,192,998,877,934,892,366,937,937,365,848,678,554,105,933,879,875,580,939,549,641,971,874,998,800,100,105,970,928,929,68,937,692,965,326,545,935,888,957,998,550,1020,934,969,748,704,993,874,912,998,868,416,518,877,70,417,934,871,101,555,935,800,964,709,988,877,884,933,832,682,551,972,617,902,864,581,885,576,871,998,551
899,919,651,51,1022,463,715,962,945,907,19,451,307,714,243,962,515,889,508,963,462,1023,379,970,975,243,983,755,139,334,767,947,13,717,979,371,658,450,435,827,835,1011,15,699,735,783,691,831,516,510,704,15,370,703,1011,562,625,974,307,831,1018,1023,382,131,507,771,511,963,376,977,527,318,817,510,127,771,947,1009,263,371,307,499,946,1011,319,323,959,275,767,139,389,383,286,1023,107,499,1008,375,1019,271,864,527,572,542,59,531,947,831,575,415,575,1011,170,906,976,538,979,497,827,761,625,919,383,705,881,323,511,582,771,50,49,961,383,271,530,1011,123,935,563,906,447,799,515,499,271,498,143,735,775,39
606,508,256,450,240,70,258,195,334,474,770,387,335,395,494,771,670,364,386,974,1022,9,384,894,590,834,989,963,834,283,973,866,780,782,319,450,259,334,206,386,386,256,564,434,560,817,610,770,451,398,1008,1005,780,51,814,508,334,204,460,771,962,774,1009,396,880,256,386,483,192,138,838,454,462,591,638,782,318,838,704,956,976,834,318,447,207,718,706,834,882,650,882,818,779,386,771,783,1010,399,768,140,450,386,1006,12,962,878,564,222,446,770,108,846,972,206,246,322,242,259,498,398,818,114,462,976,779,206,400,1010,155,704,0,562,782,2,754,386,498,194,306,48,140,847,206,506,962,783,380,132,450,12
397,445,257,260,653,323,1011,997,945,961,685,432,920,369,329,445,883,321,369,641,323,365,885,433,332,369,833,377,345,833,833,643,909,177,769,396,321,321,321,832,769,973,909,433,897,367,429,337,381,333,397,332,385,369,321,273,433,109,381,865,321,897,833,653,941,820,896,945,321,701,641,3,320,345,360,385,457,321,140,321,403,703,320,397,396,909,978,380,833,444,371,881,409,945,409,688,321,333,451,321,963,237,435,265,261,371,945,322,333,909,896,332,305,321,353,323,333,257,909,332,896,780,385,383,321,703,353,369,369,945,385,323,371,444,897,129,945,447,333,429,973,320,867,369,353,845,899,909,13,877
695,142,822,654,643,651,382,102,702,830,587,154,134,518,711,643,526,699,647,130,646,651,138,730,626,163,714,635,134,598,667,698,698,582,643,974,643,586,67,643,586,642,635,370,630,70,742,590,114,580,642,66,571,587,642,586,250,763,583,711,571,134,520,186,614,647,698,666,155,156,646,754,891,824,586,673,643,588,646,635,630,950,635,298,954,632,410,614,542,642,642,826,658,688,630,583,187,438,646,635,526,654,646,70,627,194,638,646,762,635,706,626,654,614,656,627,318,735,519,826,582,799,642,131,566,578,990,666,634,570,762,622,542,754,578,955,142,647,590,579,736,718,138,251,146,654,518,646,130,642
528,192,520,80,617,527,652,36,4,566,246,516,130,815,872,553,179,596,152,734,621,624,425,510,718,224,533,222,144,210,162,716,747,222,751,521,656,601,156,636,720,7,160,642,708,940,530,525,748,191,196,614,198,986,91,728,144,719,708,559,644,709,644,144,206,240,559,192,708,106,186,512,595,754,760,784,777,653,8,658,767,603,543,332,535,698,804,978,8,552,972,708,543,731,176,90,1023,783,191,534,158,140,188,709,654,531,650,539,519,524,514,669,1000,644,447,139,722,76,704,604,174,772,567,558,668,712,218,659,208,716,622,104,132,322,653,80,41,603,159,158,516,516,80,572,532,7,730,559,96,798
873,327,343,329,225,140,130,625,377,9,425,949,393,331,903,891,761,393,740,131,421,261,329,377,123,418,887,73,363,421,489,414,833,137,213,309,388,385,455,363,443,69,359,581,337,395,841,77,1001,433,19,73,425,325,377,361,128,377,134,843,761,581,131,329,437,839,263,389,843,341,378,329,121,185,448,930,121,133,332,401,393,379,455,85,441,363,161,407,361,123,331,405,261,841,69,325,889,83,391,361,397,139,869,361,329,913,393,855,869,862,841,921,391,131,901,1019,137,137,192,327,869,117,461,891,329,851,324,443,377,834,151,133,419,135,441,395,240,361,401,361,341,513,841,393,108,746,187,391,441,352
572,812,212,217,559,520,834,760,572,712,571,170,829,684,506,20,227,985,953,692,732,698,728,829,565,1016,760,554,36,680,926,934,686,232,990,0,756,664,633,2,1,660,126,682,809,677,638,724,512,952,996,764,612,880,234,12,560,248,751,852,906,42,200,675,554,762,308,726,700,816,64,555,664,569,104,866,758,756,120,867,520,233,610,569,696,166,240,728,920,740,692,690,674,196,736,712,219,791,619,534,800,824,549,592,660,8,513,64,546,547,248,672,882,696,871,840,739,756,44,896,609,744,523,192,120,703,276,201,729,124,568,24,852,696,852,682,477,712,637,132,589,666,746,756,672,713,700,642,522,752
673,742,575,677,733,736,659,749,673,645,989,940,608,869,557,933,353,537,549,547,685,684,679,677,109,621,601,813,621,613,977,217,741,801,681,608,929,109,741,857,793,593,97,635,89,937,737,941,621,672,553,805,877,933,996,545,1005,753,867,932,541,616,665,940,805,624,745,929,341,93,936,223,933,108,341,873,681,992,149,609,111,609,871,929,617,553,521,850,557,557,621,673,716,252,749,688,813,729,615,681,617,616,677,557,873,597,621,616,865,809,685,693,744,933,841,557,746,864,621,733,865,665,33,928,745,616,749,21,733,81,913,607,193,861,857,621,745,105,553,549,800,609,617,669,809,597,605,681,869,609
384,350,46,346,962,446,422,450,834,262,995,963,288,466,510,318,183,322,450,958,302,178,274,286,866,834,286,866,1022,542,842,394,498,894,300,151,170,335,498,494,855,854,290,662,290,702,910,18,271,62,960,1014,99,418,286,898,286,964,314,466,318,190,910,994,386,802,418,991,174,466,322,658,351,947,366,279,462,286,338,494,238,402,323,910,16,1010,827,402,286,130,271,990,850,1023,994,862,574,338,898,178,958,294,286,922,559,311,326,34,895,448,878,162,670,815,304,802,498,478,204,606,946,834,478,314,302,486,848,1006,815,906,867,48,506,802,47,278,990,684,994,398,802,446,410,850,431,834,416,1010,430,990
353,873,425,844,805,876,913,793,857,557,861,957,625,993,849,609,865,924,937,413,609,431,811,929,877,864,611,925,549,609,361,870,857,877,945,101,879,621,793,687,915,675,925,429,941,993,799,943,849,929,737,813,873,496,877,877,575,958,481,481,959,622,929,207,877,879,849,943,684,200,941,620,157,941,619,653,173,643,673,417,872,959,879,877,1001,895,861,417,657,615,673,865,879,872,896,641,733,873,392,943,816,275,877,942,884,959,865,860,157,737,755,365,941,861,865,736,928,865,816,915,591,813,739,669,877,872,861,877,885,865,437,673,876,638,865,925,877,748,837,873,865,893,947,864,892,877,1021,623,801,437
742,373,809,613,860,803,870,635,768,812,772,304,796,871,892,116,869,805,871,276,816,783,868,573,775,820,811,893,861,769,808,813,630,857,638,881,806,769,868,630,612,789,260,651,837,903,852,1016,837,370,886,894,827,519,791,519,869,870,889,813,613,827,516,632,892,869,884,356,349,813,813,567,781,861,869,628,870,799,812,513,629,885,809,613,836,805,775,783,871,874,868,788,852,557,812,800,773,871,791,815,773,628,800,805,773,820,808,812,813,812,769,812,893,300,716,868,597,596,629,884,869,637,803,356,629,869,553,774,870,804,356,868,769,888,885,373,628,870,780,805,808,861,773,772,780,320,846,884,768,855
396,780,652,372,956,877,964,881,870,1004,882,820,780,780,804,902,975,819,355,868,668,244,758,1015,949,998,311,958,908,204,205,992,436,447,420,1005,1012,780,852,950,404,876,774,944,877,956,462,1012,934,740,268,428,406,372,932,916,788,925,884,908,814,748,909,178,406,820,836,980,324,964,307,285,749,836,836,845,341,877,306,717,998,492,228,477,958,972,940,946,278,372,945,268,804,831,372,257,780,1012,789,684,108,1014,822,308,503,1005,292,244,804,364,788,869,928,492,132,935,325,823,382,292,437,918,836,868,486,1015,788,140,356,958,974,807,832,492,445,908,877,460,396,982,444,512,806,966,887,789,460,316,884,1015
525,916,785,853,917,1009,884,1013,996,917,780,853,777,925,869,877,976,833,1007,452,604,982,860,996,1004,884,877,164,1004,916,857,524,781,860,517,896,517,860,879,876,1021,589,981,869,353,869,848,1007,798,831,927,981,540,852,897,628,524,884,781,983,846,972,911,916,533,885,340,783,1012,576,997,977,849,861,709,885,927,853,1005,464,415,911,1006,949,845,767,524,981,717,1008,608,868,865,830,533,389,525,982,972,908,1008,877,609,780,989,879,817,543,517,877,900,148,525,973,625,988,782,605,1009,964,624,876,910,991,529,1013,1013,628,853,868,927,892,989,661,993,1006,918,868,848,1009,797,833,797,961,660,913,653,848,911,541
667,172,734,238,247,156,888,142,968,455,662,927,430,228,741,766,799,900,686,214,671,662,460,30,284,428,747,669,136,190,684,889,668,286,725,517,110,845,220,492,686,740,757,188,23,919,644,214,285,940,663,468,668,728,669,896,246,919,756,396,974,798,150,964,583,148,149,748,172,766,763,671,215,899,332,156,1017,236,908,1006,108,140,940,159,669,876,542,406,630,395,92,156,872,744,756,724,156,264,750,728,684,1020,219,175,159,412,207,214,935,276,451,1010,651,834,367,278,543,158,766,519,492,156,740,158,570,148,157,133,724,889,756,470,924,750,937,996,152,151,743,391,728,143,648,996,877,1004,492,28,509,543
730,698,875,862,222,646,510,706,136,678,186,750,515,698,739,567,547,706,738,514,862,546,566,706,643,482,706,762,758,898,728,994,730,742,135,627,898,194,606,566,566,220,560,738,568,716,786,751,994,625,694,738,730,571,634,616,610,696,628,710,698,750,639,564,682,711,575,715,690,702,842,743,739,78,292,642,390,770,674,755,235,743,674,564,994,630,803,746,180,607,630,642,986,610,566,854,701,698,716,734,582,862,750,74,546,763,764,739,99,710,675,738,563,674,206,259,62,734,763,515,648,700,238,643,694,313,571,522,702,569,712,713,190,642,668,698,736,130,674,570,834,550,703,836,700,66,643,546,704,738
727,727,638,632,758,572,629,464,388,167,182,867,1014,788,881,51,228,887,47,572,582,895,574,916,1010,753,918,1006,884,747,573,427,916,663,567,1006,622,817,920,956,876,913,1004,470,51,170,572,775,696,955,828,588,654,564,919,696,917,932,126,958,924,144,656,953,820,608,821,956,692,306,630,818,743,758,926,724,694,703,420,789,652,188,564,623,774,582,701,840,148,958,726,750,648,957,982,60,662,463,831,808,1005,855,660,181,560,1007,564,588,310,599,887,644,190,576,957,198,581,676,15,700,953,955,1014,915,433,701,562,756,887,749,1014,751,1010,604,927,630,605,196,956,758,767,838,688,254,548,316,526,700,470,212
278,410,46,636,582,374,330,319,924,62,62,110,30,286,60,574,70,30,522,558,790,42,94,303,216,630,85,54,380,854,188,70,46,94,21,166,318,62,540,342,22,286,62,414,606,414,36,380,542,494,387,238,61,61,84,84,94,46,38,22,84,812,294,62,446,6,46,564,734,62,29,218,89,198,220,45,62,603,349,574,366,86,29,46,958,534,263,94,592,63,382,94,85,970,70,84,254,382,46,286,4,62,322,318,223,574,60,94,446,86,159,252,412,414,804,92,94,285,141,510,852,222,30,606,30,82,894,94,603,71,68,518,522,84,20,263,284,343,924,86,101,252,21,401,30,84,470,62,30,64
220,156,188,151,480,503,188,148,1001,254,132,383,226,479,150,449,879,656,148,782,669,244,734,244,2,189,703,145,247,925,134,143,376,244,756,788,399,484,692,725,161,188,660,372,192,208,720,645,668,1017,189,692,236,964,695,132,480,484,188,663,470,496,254,208,660,1014,924,757,924,153,664,657,246,129,736,692,468,980,644,244,272,246,305,796,188,157,700,76,564,668,244,159,512,668,342,188,372,701,661,924,748,702,736,877,444,695,668,764,737,758,452,114,156,224,720,145,924,1013,237,156,173,640,1013,228,937,767,404,232,864,148,156,670,976,964,500,160,656,240,498,494,703,528,668,736,628,224,228,160,336,652
912,772,292,772,335,862,938,931,524,290,900,6,324,281,57,780,618,256,443,886,335,162,66,326,778,480,558,305,781,847,817,430,870,782,774,490,808,838,368,886,374,645,6,293,819,133,769,269,262,901,800,326,177,842,260,886,836,650,1021,374,352,490,262,891,270,143,368,778,2,350,271,78,262,369,346,358,362,437,422,863,433,461,262,395,302,269,773,269,647,298,140,18,324,802,339,778,780,857,379,263,930,348,64,134,452,199,331,331,370,296,38,4,485,487,321,487,315,289,817,349,350,320,846,432,134,892,262,266,903,358,330,319,291,344,260,890,418,327,138,333,70,29,427,782,290,331,536,479,326,288
411,621,525,212,373,63,179,97,225,135,375,369,245,97,135,317,1,159,497,57,247,57,793,173,1013,657,509,341,185,205,317,185,501,273,175,119,241,49,297,45,601,85,31,377,27,2,115,45,155,7,433,63,609,125,265,159,179,643,895,173,245,317,279,61,415,41,57,117,93,85,135,761,247,77,209,505,373,121,3,17,411,369,483,353,115,185,253,365,369,259,155,375,537,318,113,117,657,27,117,113,245,339,697,115,61,281,25,273,509,869,85,885,135,125,57,241,517,193,509,255,5,767,217,693,27,366,219,283,281,513,67,433,373,279,95,89,61,213,287,323,235,249,315,57,233,179,137,247,337,129
360,916,424,788,356,352,33,209,144,528,224,216,208,568,69,936,354,698,296,532,355,224,126,733,220,20,832,352,484,836,352,352,793,804,40,412,902,740,356,18,412,193,828,743,264,192,29,785,352,72,20,872,36,353,100,912,888,528,36,242,540,701,408,464,322,412,353,32,148,20,916,40,568,57,20,736,482,308,793,49,16,920,528,16,740,0,609,532,20,765,643,288,336,880,378,408,117,808,704,21,96,905,876,348,357,275,386,152,916,640,352,352,664,34,733,120,320,925,104,800,666,356,656,231,353,258,110,97,967,16,56,568,784,665,18,632,704,888,404,32,56,615,0,8,904,776,144,380,96,912
849,177,83,353,673,801,893,70,694,156,816,242,96,240,81,64,817,881,177,101,441,848,984,224,840,880,732,29,817,257,1021,752,269,989,224,281,337,305,185,116,72,608,885,760,782,861,16,523,404,128,860,508,65,176,695,85,0,933,743,176,74,241,753,328,289,753,368,585,0,88,81,285,147,601,1008,853,89,226,862,355,421,119,624,21,625,73,71,177,880,841,77,329,888,1009,536,81,307,225,353,521,97,273,328,992,595,640,3,483,293,376,225,881,628,885,164,610,105,88,65,60,65,593,332,224,64,72,72,161,881,886,334,9,840,653,86,176,625,1018,848,289,784,259,1009,858,545,113,396,880,329,417
401,35,17,9,371,927,867,17,435,42,41,33,473,435,233,331,297,987,146,154,347,159,666,11,123,137,225,473,915,43,439,377,473,913,401,979,285,225,440,297,42,36,8,486,57,147,40,475,395,507,41,349,513,857,407,55,137,11,41,915,447,467,555,483,923,907,43,187,43,41,491,953,159,9,1,19,915,650,483,403,869,185,1019,137,187,911,969,233,243,568,393,506,376,923,757,41,345,920,552,339,11,303,19,294,527,145,297,57,43,809,729,401,315,313,494,123,121,11,313,401,923,809,393,233,523,121,553,1011,369,121,915,496,38,113,305,123,923,835,1,729,403,907,473,475,915,185,377,361,11,19
57,287,401,193,165,923,285,515,241,137,177,161,632,167,181,1001,29,21,251,259,163,261,163,51,261,167,177,323,424,259,5,17,773,1009,933,113,433,5,63,789,543,273,897,775,897,49,839,243,929,265,159,769,170,385,25,0,949,1,223,369,737,273,775,965,135,525,465,813,358,422,241,604,227,285,391,323,128,771,769,509,161,169,241,401,432,573,209,337,193,799,897,441,337,233,263,327,273,705,871,769,784,829,831,169,159,169,717,861,933,53,261,170,769,169,407,273,629,101,385,869,35,257,177,951,167,655,256,685,465,835,167,627,245,929,95,801,184,937,245,447,775,257,167,641,781,129,849,257,187,345
337,257,233,169,389,1,273,200,169,173,309,365,649,941,137,431,545,469,5,646,645,309,437,791,421,273,647,5,529,641,261,237,501,341,213,441,309,489,517,184,824,765,393,505,489,173,517,365,372,660,193,501,691,120,281,405,629,241,701,169,525,505,175,373,241,1005,341,757,681,953,401,277,175,429,789,497,273,132,437,647,441,185,317,501,685,391,453,205,321,269,647,405,665,305,137,345,309,308,13,333,404,713,169,389,261,261,645,175,269,557,677,292,428,445,437,172,309,429,965,149,423,407,237,309,437,147,317,281,497,7,41,148,545,501,189,685,435,199,143,485,513,517,309,7,653,341,277,143,431,385
535,640,801,358,930,902,258,773,6,146,76,356,534,1006,597,854,522,548,773,602,646,6,463,774,1014,1006,54,662,68,651,945,662,368,1010,994,6,774,708,652,902,578,10,598,342,950,516,724,950,800,3,822,717,814,132,1020,84,1006,1004,370,882,838,516,958,422,772,78,882,644,1014,838,650,842,960,571,1003,894,650,868,650,638,728,822,975,27,0,779,584,870,294,964,310,886,660,822,724,262,574,718,6,1016,598,1020,370,1002,722,884,374,836,566,774,318,940,559,4,772,822,660,332,562,894,590,806,644,302,1021,999,900,294,820,1021,932,954,996,719,732,518,516,52,804,378,258,646,132,606,526,2,364,264,356,644
540,586,60,44,180,684,283,28,92,346,60,658,616,486,668,624,350,556,316,292,135,978,308,38,702,220,44,420,81,64,380,805,28,380,648,172,328,700,104,348,420,44,846,420,44,684,164,420,676,798,188,644,284,528,933,431,350,64,648,188,92,216,940,294,316,684,56,860,444,324,316,60,588,20,668,116,88,748,294,340,684,536,394,316,676,24,348,83,868,212,92,28,163,284,348,604,292,548,686,422,140,444,253,188,586,316,10,164,78,22,440,740,292,512,814,604,14,432,425,860,68,676,284,424,684,172,164,92,348,292,52,860,308,348,764,308,68,444,76,345,345,164,780,180,76,164,36,164,233,168
626,473,899,595,955,583,967,286,675,226,222,595,487,707,229,65,479,165,116,179,931,263,494,595,693,154,454,274,582,799,323,819,226,58,138,619,227,346,80,495,351,227,831,630,235,379,162,315,479,94,358,121,298,322,591,163,177,158,507,596,82,95,226,859,79,626,367,819,328,338,881,870,462,478,171,30,226,230,917,194,947,1019,437,803,755,347,606,456,528,247,829,94,166,450,254,192,628,226,79,282,458,463,71,629,354,866,631,178,994,820,578,423,695,451,294,563,994,231,638,81,323,242,295,118,70,817,78,319,470,181,347,632,590,89,138,78,886,71,55,326,448,334,818,870,162,976,655,110,911,454
970,557,790,972,82,676,877,468,234,674,675,710,1002,986,874,998,667,683,170,458,662,214,659,664,963,642,947,659,675,678,683,647,661,642,939,237,1003,558,275,531,658,679,1010,874,983,403,682,658,323,954,227,299,1005,791,962,686,903,659,941,727,659,693,283,910,778,658,746,682,671,675,971,950,875,670,922,663,938,1005,659,663,562,171,659,942,650,656,675,531,690,278,939,946,108,266,279,662,987,406,270,901,851,979,1001,690,1002,937,690,951,658,972,723,695,570,883,594,363,997,973,582,675,555,611,1007,1003,869,1014,550,563,997,875,713,1015,883,663,640,866,970,869,671,498,661,300,267,741,918,373,483,899,478,877
792,266,514,906,954,416,795,87,666,187,770,954,974,658,928,235,741,974,622,840,954,614,586,143,289,704,218,811,945,971,334,795,874,670,459,295,672,186,923,184,667,89,143,426,330,856,60,310,904,433,32,334,770,447,442,714,475,763,718,928,622,441,734,418,867,432,875,739,715,929,905,238,283,954,234,187,440,167,70,730,661,770,422,775,743,254,734,459,671,718,538,220,566,259,778,670,331,910,346,664,282,418,704,911,186,438,931,539,795,691,814,169,795,934,655,160,186,747,235,186,406,971,232,586,251,714,1006,707,187,479,286,218,486,160,289,233,169,184,139,930,908,694,171,390,879,352,591,672,430,186
679,963,130,947,934,113,675,627,88,883,289,343,726,730,67,631,160,129,455,704,640,291,178,34,186,195,293,803,179,88,225,155,289,687,878,515,579,177,72,42,515,803,949,667,993,113,51,690,611,88,896,625,624,865,627,195,163,954,227,112,931,67,167,0,80,100,866,866,545,627,94,97,97,881,66,323,497,627,103,930,67,179,829,179,486,539,351,241,339,185,931,678,752,499,354,114,419,640,626,291,376,963,515,101,304,993,739,752,321,822,370,737,803,307,146,562,163,577,224,762,643,91,419,578,67,930,863,611,113,177,577,513,371,705,591,690,579,163,289,131,115,114,577,161,939,113,290,369,162,178
385,1,407,469,312,475,92,131,510,107,120,143,267,159,501,92,511,15,267,58,480,563,141,904,48,583,484,27,99,425,139,563,256,1019,379,483,539,396,5,24,7,319,363,399,501,271,507,480,124,399,156,193,399,123,28,1019,27,167,419,2,257,391,351,431,27,463,480,97,152,460,481,511,399,541,113,136,29,315,744,455,972,252,460,143,376,260,511,265,389,295,388,619,415,911,393,399,139,399,263,118,28,60,412,82,283,24,511,54,143,306,387,28,139,31,464,463,452,127,335,498,459,263,401,504,391,12,504,391,135,139,487,399,320,485,398,387,859,137,463,128,448,98,27,207,257,397,384,18,492,964
914,553,305,529,1002,961,1,602,1009,937,389,145,978,562,625,18,578,945,593,933,1010,953,257,553,987,521,593,466,578,1017,833,913,849,609,402,25,753,865,985,970,985,584,817,577,65,934,849,640,97,144,73,144,914,945,713,981,889,577,585,969,521,514,586,993,874,593,560,970,929,1001,834,305,945,1009,49,337,233,576,81,913,689,938,992,1002,585,410,960,753,433,955,578,577,586,1001,849,951,545,985,640,593,897,978,578,586,902,528,673,449,594,561,578,849,962,738,995,961,473,952,937,625,169,962,521,937,992,915,425,1000,498,834,969,577,625,849,984,513,832,705,10,498,577,914,597,589,978,145,483,579,873,961
113,808,1002,781,785,558,915,784,811,800,924,521,1010,561,361,718,623,981,1007,527,918,523,608,715,522,480,137,757,753,617,771,997,791,985,920,788,617,922,404,808,617,552,915,617,749,922,1001,619,991,808,983,529,593,618,915,1005,136,586,535,724,808,914,920,921,899,936,536,530,656,625,240,556,274,912,723,749,913,976,522,915,914,924,629,909,577,362,911,619,904,1003,840,808,552,117,811,585,981,555,718,979,721,985,1011,994,591,812,981,817,225,501,138,911,914,983,744,553,587,805,912,914,651,553,616,908,912,784,602,719,545,555,796,730,579,737,401,591,785,811,620,529,811,795,914,915,720,42,920,579,713,626
193,418,39,444,417,88,26,164,411,492,303,403,322,447,387,323,120,356,103,23,368,272,503,321,423,504,507,758,386,592,499,170,577,99,443,101,1010,103,635,439,438,499,327,343,248,55,423,239,68,503,1012,51,497,288,195,416,115,115,611,435,497,115,320,449,59,391,104,755,20,463,99,215,102,6,498,1,530,297,111,447,955,331,113,249,439,499,135,99,19,420,95,295,500,59,115,437,107,81,479,52,496,877,767,64,443,455,47,167,96,0,1008,38,115,238,498,327,1009,289,391,91,295,54,499,7,551,464,371,357,106,977,274,262,491,356,32,119,467,107,391,698,127,435,115,67,28,503,507,255,23,320
127,239,60,232,620,538,8,468,508,512,520,947,396,612,376,483,215,471,255,44,195,1000,16,255,844,888,627,492,8,522,348,330,394,983,627,571,588,366,616,364,332,484,284,200,971,572,11,239,588,1020,863,308,971,480,204,907,867,892,1020,1016,20,49,1023,959,1000,315,940,783,740,863,972,1023,95,316,979,943,599,108,936,20,312,302,522,288,492,316,759,60,432,780,140,876,491,60,99,498,84,60,1016,104,407,355,595,851,530,494,879,59,376,60,943,979,750,212,120,360,1011,940,716,8,236,108,596,524,11,1004,300,415,253,764,524,1004,722,943,76,224,365,524,907,232,491,204,716,383,568,367,620,500,591,1004
300,820,308,297,823,879,970,817,683,977,855,829,188,180,600,696,248,431,395,328,111,507,176,819,305,308,996,178,511,396,291,48,458,981,480,1011,713,456,493,404,12,328,267,493,63,303,824,365,177,56,809,816,400,176,330,936,180,252,710,362,840,315,40,780,207,493,468,431,468,826,823,983,811,808,405,53,349,876,692,723,180,110,364,357,308,201,137,823,817,304,66,237,423,361,139,813,336,495,420,712,892,233,406,186,396,43,176,788,431,178,823,1023,188,928,176,919,336,524,168,365,398,846,484,916,427,146,463,876,712,343,788,344,779,431,177,712,308,873,563,315,200,460,692,1004,32,183,496,51,110,393
926,726,590,436,93,982,438,693,69,118,6,405,558,325,966,461,206,461,446,469,6,702,273,562,598,445,205,5,428,110,401,590,983,118,854,140,470,365,845,422,582,13,142,574,462,468,18,901,85,589,974,469,566,53,478,774,405,53,117,333,116,973,854,918,390,438,949,471,93,69,413,757,709,21,629,122,198,469,501,85,389,469,518,462,981,645,109,646,69,22,721,213,109,853,77,158,398,214,87,213,214,54,206,518,223,302,117,598,119,502,402,471,630,182,718,66,477,326,526,142,42,621,389,629,1004,86,517,222,397,6,221,14,389,134,5,597,7,86,397,465,886,588,957,46,119,502,717,213,5,399
143,391,461,1012,639,496,719,655,71,415,615,231,546,196,511,399,124,647,150,414,327,126,588,31,453,327,620,380,195,127,407,647,462,71,479,720,327,590,963,500,391,135,455,495,119,743,724,639,631,691,212,332,127,38,439,212,1023,321,351,100,388,263,131,727,5,111,663,446,575,148,926,191,151,606,407,647,415,645,455,407,270,111,316,127,631,132,900,327,447,468,109,62,607,415,725,591,447,903,124,727,447,887,903,334,467,71,60,375,79,343,547,967,324,20,223,711,695,78,119,88,135,390,15,838,391,367,31,127,647,326,327,855,348,351,446,132,604,323,833,418,372,390,695,887,135,131,141,836,335,406
134,658,750,718,886,686,526,286,618,646,70,733,894,644,605,645,861,925,853,286,710,646,766,682,589,857,769,126,502,670,471,350,338,782,641,78,714,582,206,131,542,730,645,718,222,246,346,642,670,578,505,994,562,338,890,770,865,756,654,646,758,645,634,645,850,894,157,518,578,642,774,885,573,670,894,781,644,638,670,646,654,990,778,578,582,637,650,654,518,766,653,517,874,734,646,5,812,646,518,718,962,782,595,578,962,870,157,562,62,650,886,895,766,669,525,734,845,397,770,366,786,669,646,863,730,584,134,318,38,994,894,637,641,221,613,646,874,733,642,854,797,646,671,774,853,741,130,850,639,886
778,808,398,399,54,286,791,693,63,351,844,299,610,522,831,567,279,1004,558,927,303,148,815,743,31,609,563,609,806,759,884,828,437,271,943,557,687,302,945,256,319,276,638,904,654,850,862,595,143,908,99,629,521,793,92,32,380,636,419,665,810,525,229,75,93,382,526,526,883,690,302,467,780,47,799,270,349,561,334,309,590,396,565,522,447,92,818,480,670,585,427,851,591,430,119,438,886,656,588,579,895,72,813,508,782,878,647,16,759,316,627,487,683,39,534,351,694,294,670,816,529,942,533,909,446,929,769,540,633,690,798,843,823,871,958,862,430,259,655,882,368,367,534,568,112,566,798,56,430,286
7,75,475,420,423,455,785,40,899,932,391,460,551,267,23,36,436,7,499,7,455,416,343,435,583,563,484,475,451,944,960,343,55,484,540,904,335,23,683,449,340,456,951,267,455,449,343,901,516,88,279,389,439,295,963,251,595,435,967,455,107,528,67,545,180,517,432,267,320,455,259,560,439,388,423,59,427,456,427,323,368,419,55,39,968,999,451,788,591,424,423,103,4,403,67,79,33,271,455,971,392,452,915,183,459,931,393,183,417,416,11,186,452,389,487,451,548,384,507,419,499,391,487,308,79,516,840,391,423,327,853,43,439,971,44,467,423,387,43,196,451,436,455,967,428,52,981,919,467,524
300,237,246,791,47,240,142,150,166,213,438,151,229,64,757,197,36,197,343,293,240,789,44,276,357,262,69,207,244,245,372,500,37,235,756,242,165,276,246,68,358,182,308,182,228,236,166,496,311,810,246,357,182,308,292,258,229,263,198,356,214,196,36,230,222,242,148,476,246,274,432,758,496,318,244,277,245,230,262,240,132,292,958,292,70,183,174,316,504,230,336,76,150,64,188,311,148,166,244,800,294,876,302,168,230,191,5,47,178,300,278,76,302,44,424,852,290,496,247,182,372,263,212,310,246,240,597,244,870,309,241,112,323,134,258,246,89,162,103,229,4,50,20,6,279,198,208,100,207,288
432,611,760,418,611,994,603,994,480,896,480,963,736,355,927,544,224,419,928,738,494,99,608,416,930,384,995,519,3,512,192,608,2,99,608,931,432,931,692,96,715,966,448,807,864,483,70,626,1003,619,583,896,111,156,960,3,211,803,482,876,3,623,96,163,544,551,994,160,928,756,450,611,443,611,864,1012,3,16,419,426,931,507,899,608,416,931,972,608,640,544,619,420,384,800,928,928,992,96,640,800,115,975,1000,96,1003,131,41,387,512,486,931,227,135,1004,1006,96,992,996,112,898,515,419,739,423,640,548,64,963,611,992,96,992,756,611,179,896,736,480,491,800,546,960,480,239,96,320,616,899,96,1000
837,157,359,133,279,791,257,226,487,388,370,285,125,775,867,375,738,373,491,272,798,260,259,414,373,854,287,785,398,144,645,382,389,407,189,117,346,462,517,236,175,967,127,499,894,277,973,961,887,69,231,231,276,282,851,183,786,386,245,159,230,819,450,645,739,373,797,259,275,646,383,371,787,899,599,253,381,793,246,482,246,261,231,133,485,250,242,199,926,485,18,997,358,159,741,279,382,918,902,258,765,782,743,213,923,282,355,496,902,485,282,149,150,188,482,783,70,391,647,250,134,742,485,998,881,230,229,642,278,356,999,375,130,1015,134,741,262,482,286,225,489,855,853,454,786,289,966,263,766,734
988,698,540,715,155,538,731,1022,536,536,922,540,664,779,784,826,824,794,894,607,761,667,775,536,666,618,719,218,892,794,26,90,632,664,794,519,787,56,727,824,776,888,761,531,856,795,10,658,634,794,872,798,112,759,827,650,534,661,795,827,571,779,347,904,360,825,794,730,795,792,786,872,794,664,537,154,667,790,281,667,819,618,794,539,763,843,875,794,736,363,533,787,856,571,663,747,795,792,703,820,187,795,26,843,794,885,874,572,217,889,524,697,666,874,771,701,568,891,822,664,730,729,503,794,328,809,656,859,536,750,538,795,776,626,666,888,794,667,789,538,187,660,896,891,528,779,701,18,120,826
96,372,470,108,503,12,780,117,12,463,124,144,415,404,495,127,124,263,0,111,916,20,383,318,511,372,116,511,639,7,415,143,116,511,7,775,628,500,20,104,161,98,406,528,511,492,366,20,20,439,30,511,886,103,366,19,405,286,23,127,180,614,240,1013,944,102,278,367,22,1009,924,23,880,108,6,271,260,276,404,404,110,404,1020,879,119,535,135,588,486,626,5,132,608,374,500,503,20,31,398,98,287,532,104,38,414,111,519,46,999,4,22,100,116,30,36,116,894,927,916,428,263,31,119,224,117,391,119,124,78,80,4,404,410,15,415,96,372,736,4,103,301,788,239,502,382,503,276,871,358,398
384,76,162,210,230,673,161,834,418,160,193,450,833,488,450,136,456,162,290,206,192,138,162,331,170,448,726,130,178,208,304,837,320,161,321,320,3,323,320,161,161,674,194,449,321,449,162,195,466,208,299,174,385,674,161,456,290,160,722,192,480,450,337,195,480,176,209,178,321,387,802,162,672,465,929,193,219,161,417,416,160,322,416,717,960,346,434,451,978,844,192,936,172,168,448,680,208,673,162,451,328,328,450,737,160,209,178,139,192,448,194,218,480,162,336,328,160,42,193,384,163,182,706,721,208,457,176,321,835,467,209,963,448,193,162,162,194,224,458,448,449,339,322,321,294,832,202,288,160,960
70,114,1,97,74,449,66,169,37,321,49,609,325,214,577,177,338,49,562,629,593,113,249,561,545,85,113,562,346,450,65,98,51,950,434,193,562,61,177,502,502,42,69,213,501,578,37,209,80,49,214,245,585,49,337,480,337,405,443,33,438,146,458,521,321,438,594,70,209,193,113,81,70,17,545,81,693,49,50,113,38,81,69,722,65,98,578,193,81,618,53,178,962,181,66,933,245,330,547,49,181,593,42,449,341,161,53,85,466,338,42,82,710,754,656,225,433,113,51,625,465,545,721,33,758,101,902,240,597,64,176,177,586,858,678,545,86,242,586,213,86,817,54,50,178,562,85,49,434,67
415,346,55,186,60,328,204,279,204,620,335,139,417,332,383,239,220,860,328,156,751,219,463,344,327,255,367,330,431,47,335,301,405,189,187,172,267,239,300,351,459,331,175,204,207,175,820,47,939,338,170,184,332,367,370,348,858,95,349,172,136,174,364,331,383,46,200,207,140,259,177,351,236,154,351,254,127,431,94,207,140,115,350,366,207,207,348,397,172,171,143,289,111,91,190,207,204,415,463,312,391,160,172,334,271,143,239,351,460,872,200,271,347,175,395,431,83,847,140,264,79,284,335,332,315,207,351,340,506,847,332,239,303,175,203,143,204,404,286,200,428,72,334,639,239,191,223,207,751,239
236,759,633,155,364,109,109,405,363,789,207,56,207,722,874,205,1001,877,553,344,851,67,145,237,308,331,132,877,915,977,853,201,873,236,223,841,889,978,249,42,890,236,234,725,724,470,465,722,365,283,971,101,873,994,491,101,362,1017,725,877,343,362,525,867,555,23,877,236,405,209,876,471,858,237,873,234,493,362,233,363,685,594,855,893,858,245,867,237,813,693,851,860,237,13,851,341,81,997,189,365,469,149,361,853,233,104,217,173,155,596,733,8,999,825,174,840,85,685,842,379,849,861,468,213,845,363,215,749,205,621,853,875,977,853,341,779,245,87,874,498,213,749,101,244,852,509,1001,284,659,232
769,823,686,693,771,891,1007,640,681,771,819,681,938,771,1008,113,815,791,809,793,769,789,893,619,822,687,713,871,109,690,680,793,657,811,769,7,1004,647,919,661,681,642,683,784,822,647,683,819,829,811,691,811,654,651,817,777,793,1014,658,763,791,815,801,3,262,635,909,823,747,642,823,865,665,919,527,663,879,647,943,843,813,815,1003,657,633,794,808,686,273,262,747,917,531,809,641,961,799,952,699,811,912,775,809,713,747,779,881,699,761,647,827,815,688,12,779,787,663,771,35,773,691,775,772,771,771,773,641,783,749,641,944,748,785,713,690,662,1007,789,769,679,790,775,659,767,1003,883,823,773,657,947
22,110,177,448,88,112,601,89,102,582,70,32,86,415,847,496,696,112,95,296,369,600,623,608,607,112,583,504,614,94,454,92,560,84,473,625,608,606,392,1008,999,470,496,73,601,600,89,974,326,615,511,544,792,606,432,423,77,65,89,622,88,216,473,113,96,62,511,382,457,591,214,368,64,88,494,298,64,600,598,31,600,598,577,487,582,518,328,472,598,990,72,473,472,454,617,119,303,416,583,577,622,128,96,623,978,943,126,65,472,577,489,598,624,671,606,488,984,561,600,582,604,600,958,479,409,40,417,65,72,88,832,481,105,40,472,583,95,64,72,558,478,39,502,97,102,689,80,577,111,986
1022,56,250,118,655,753,332,240,1017,868,1010,1022,1007,632,764,997,82,1004,748,740,973,960,336,796,969,781,1015,630,1013,195,224,100,974,968,529,608,719,880,94,615,182,591,581,270,864,383,77,721,878,780,1012,1022,972,998,284,1006,887,984,624,756,562,106,228,517,972,492,711,880,996,876,4,854,1008,46,623,987,207,202,631,996,572,704,880,719,765,567,991,999,783,576,871,742,878,876,630,856,669,1015,229,639,720,1020,710,108,1014,322,949,967,126,204,536,756,66,716,879,996,761,577,320,76,919,521,888,100,623,996,1014,780,240,615,1017,742,998,884,1004,999,639,916,976,704,868,1000,1004,926,525,253,976,964,639,516
231,894,932,222,886,255,821,797,855,150,23,865,414,245,648,104,857,125,285,750,740,219,254,224,786,817,350,228,745,273,238,875,788,89,248,356,860,254,636,172,882,661,831,476,864,85,349,174,804,924,894,361,782,111,105,54,127,233,872,762,356,878,166,878,360,409,374,120,104,353,363,125,991,22,866,619,23,596,95,414,886,174,110,789,878,280,858,140,870,406,989,238,617,798,619,862,543,245,241,166,151,887,796,350,351,281,366,887,535,108,736,247,214,417,350,887,799,151,729,789,348,869,798,678,620,854,120,879,913,684,623,565,591,861,472,539,91,30,895,110,341,878,366,554,286,344,622,778,793,872
785,784,398,795,428,9,821,846,8,229,273,129,818,12,430,3,785,22,657,227,25,777,793,521,27,140,410,318,8,119,485,776,11,88,781,527,389,264,8,11,15,60,18,174,503,777,799,12,147,541,536,872,777,153,567,257,128,239,143,912,789,77,665,766,470,8,753,785,223,776,24,24,238,648,430,145,776,527,952,200,177,221,877,210,777,556,25,312,433,220,50,56,321,539,821,745,401,245,521,24,24,655,784,488,751,827,14,142,563,193,750,392,495,443,717,654,57,105,27,681,132,9,207,536,574,565,24,244,49,138,809,673,769,57,687,520,798,776,825,565,137,237,244,16,786,243,11,14,883,680
69,385,305,829,123,771,285,883,449,229,319,67,52,541,829,577,324,828,395,831,187,1,883,643,3,119,1,125,685,323,189,693,773,581,778,811,935,63,193,795,581,773,605,667,29,69,881,194,515,773,52,819,517,25,645,445,45,68,319,3,796,579,693,197,541,87,260,779,707,59,796,797,629,699,387,829,323,156,67,258,194,790,63,389,700,791,177,825,91,357,945,562,133,937,829,581,773,1021,307,395,5,187,261,575,49,575,537,195,437,893,187,837,5,861,699,177,133,133,413,37,669,344,307,831,533,27,65,113,445,779,651,189,173,261,133,703,323,947,133,813,309,444,775,436,825,53,61,643,796,829
64,418,928,934,574,440,625,924,616,290,562,488,500,504,510,446,754,126,46,388,504,450,10,874,506,338,420,36,648,110,418,912,962,124,568,560,114,14,656,14,433,430,108,1020,392,918,658,702,622,992,704,424,502,414,848,409,492,386,438,44,72,430,392,440,416,118,678,930,534,168,738,940,56,112,944,115,410,444,558,747,22,54,504,480,66,24,768,1008,56,626,384,996,912,414,412,964,172,300,54,182,416,72,408,392,98,448,680,160,674,439,24,414,540,242,50,796,368,398,904,702,620,424,882,412,118,646,446,434,440,515,196,398,738,40,456,950,476,398,454,138,428,180,708,562,502,15,688,56,814,30
756,347,227,501,586,604,29,108,759,111,373,731,538,631,741,99,1015,619,1013,221,619,531,266,115,459,613,995,740,563,627,389,275,994,522,458,745,758,347,925,267,883,69,503,595,230,540,156,882,938,908,323,539,732,243,714,747,27,339,451,759,365,27,471,813,723,627,549,739,670,787,141,108,243,738,755,506,27,1013,409,685,885,413,203,725,373,238,547,26,733,237,987,524,1013,668,731,108,739,603,613,611,979,245,556,643,860,731,746,532,459,743,523,322,77,613,941,75,234,485,725,1005,707,733,884,291,861,619,539,732,595,586,303,537,453,354,667,99,751,226,246,477,539,557,287,618,91,619,1004,876,331,717
472,427,506,466,387,87,437,467,579,590,475,323,21,970,77,590,744,245,200,501,71,395,55,122,435,499,591,949,775,504,589,179,77,621,719,50,589,563,53,437,631,453,88,369,589,460,50,499,434,573,631,598,503,365,71,1022,92,583,974,256,757,562,445,881,119,623,627,459,390,695,501,553,629,910,1013,107,629,469,595,390,581,477,954,453,107,69,1009,623,54,439,255,463,34,583,627,122,628,219,89,625,439,371,453,371,584,94,675,309,499,951,466,490,616,319,315,922,92,407,523,453,566,974,860,453,387,631,619,119,586,119,363,93,55,713,57,495,605,69,435,41,300,37,585,584,577,450,591,439,334,495
881,370,791,224,878,832,124,480,408,818,264,330,664,526,503,53,882,98,278,874,307,649,52,10,406,395,924,70,874,36,274,713,281,780,47,4,627,35,62,50,432,303,548,78,818,22,947,135,306,868,102,32,546,373,812,936,287,1016,323,523,916,105,813,24,329,38,412,27,911,878,19,802,266,719,51,307,543,272,532,278,314,1008,304,563,526,434,1022,839,660,874,287,11,878,867,563,520,14,312,894,389,538,73,104,560,804,651,428,786,872,887,667,272,18,140,530,6,0,803,532,383,282,387,650,564,1019,136,528,44,18,72,282,136,778,371,177,904,662,903,795,51,392,790,886,7,274,872,360,515,215,886
186,402,501,109,950,105,378,409,265,913,89,116,53,814,886,146,145,121,889,965,894,329,30,113,886,117,390,102,530,154,593,14,5,885,50,998,169,238,105,397,922,529,5,309,122,117,6,777,553,56,17,138,22,874,10,889,886,110,930,901,26,142,169,169,741,265,49,242,849,116,874,890,118,838,54,100,817,30,722,102,182,180,822,622,145,394,57,313,145,886,266,942,964,281,57,861,666,105,873,629,9,110,50,241,758,45,393,969,177,285,324,866,785,621,53,776,38,182,874,914,10,538,920,50,785,630,392,54,401,394,913,566,145,793,953,1013,885,146,390,54,289,146,185,105,153,934,805,645,954,182
745,330,506,965,841,198,706,564,202,458,458,374,198,758,1013,248,998,978,758,458,454,790,712,693,202,1017,241,325,528,235,37,713,840,249,741,522,548,1013,453,584,249,122,746,566,325,505,457,521,689,905,240,713,384,245,469,245,712,946,245,1013,264,949,502,255,202,140,485,660,10,874,1012,757,377,378,137,458,1013,769,458,970,361,453,1002,498,1001,970,970,502,974,86,202,969,217,185,964,457,57,186,456,453,202,173,117,182,661,498,930,458,473,245,53,666,1018,697,640,640,451,501,201,244,744,251,440,585,997,472,244,714,586,321,149,314,773,721,457,1014,689,1013,841,457,654,472,457,210,241,249,457,581,505,1013
275,759,299,399,274,400,291,675,543,591,566,659,215,656,567,432,692,419,556,559,299,29,403,668,444,399,591,527,575,284,531,320,403,770,503,522,478,588,415,66,162,692,562,596,556,366,529,823,163,247,703,71,403,427,787,439,687,183,530,400,412,415,195,694,158,695,700,660,147,927,759,36,559,658,563,467,239,687,655,146,207,812,274,431,83,206,403,543,275,819,439,758,540,798,564,756,238,339,690,451,680,527,643,414,876,223,400,427,339,943,543,308,659,288,375,427,807,695,303,335,563,690,540,716,467,323,799,684,808,460,975,558,44,556,175,691,528,759,735,275,700,428,495,412,568,279,143,543,84,79
512,76,604,779,588,512,823,783,75,295,867,267,303,275,199,72,547,692,267,48,328,16,595,556,800,780,583,259,771,348,851,172,527,656,264,653,51,565,46,568,37,547,692,816,312,793,344,816,42,166,536,395,290,751,699,565,3,292,679,7,820,52,68,755,125,74,540,108,567,567,300,260,824,771,328,264,309,72,204,100,776,20,600,28,240,424,872,560,219,24,527,521,72,636,557,771,265,652,735,59,760,6,591,851,339,287,311,379,267,202,7,516,544,297,79,264,216,516,772,295,532,484,342,328,590,280,284,588,59,137,567,791,33,709,783,59,352,772,516,517,762,520,523,307,292,507,39,256,24,571
523,315,678,308,314,558,300,293,517,677,935,310,379,856,521,550,79,820,789,293,318,875,28,279,661,266,315,795,25,827,276,295,789,538,453,548,551,816,527,557,72,870,556,260,541,267,293,265,302,280,523,307,885,601,565,516,710,343,263,806,820,382,294,260,534,515,295,539,379,310,534,955,858,525,309,308,523,314,527,519,278,295,550,549,260,523,473,311,826,549,551,300,267,295,266,75,289,602,519,279,265,307,826,59,802,378,302,552,519,645,779,262,517,310,312,87,293,538,292,302,494,275,422,562,281,825,298,472,647,807,525,91,279,269,523,290,36,537,358,262,293,551,731,597,292,585,602,292,515,310
878,236,466,64,327,144,640,648,219,656,824,102,883,81,71,239,102,334,72,370,1002,787,153,235,144,220,137,208,239,336,792,990,175,475,226,107,968,98,239,210,1004,878,532,218,89,483,467,707,219,45,1005,340,1004,187,876,658,685,215,340,494,787,226,683,344,664,18,669,727,98,840,67,1003,463,328,100,88,73,212,169,978,215,879,923,492,666,357,983,232,871,663,941,347,152,75,1006,683,659,175,170,642,203,170,8,343,43,280,1006,536,20,210,884,171,328,499,12,866,228,344,464,854,103,222,211,203,983,40,366,179,220,194,338,947,1007,607,160,118,232,944,943,72,986,1002,480,1006,791,91,236,978,19,139
230,861,255,980,187,871,1019,986,236,228,836,101,799,101,101,246,62,984,469,124,865,237,764,862,57,219,1019,796,228,16,870,619,284,340,861,88,30,103,862,990,229,799,91,28,93,319,895,798,248,902,24,842,202,826,99,198,336,649,235,787,862,868,90,31,324,39,636,476,637,86,862,875,104,21,709,854,1023,983,998,772,105,235,998,796,231,87,773,982,993,927,478,863,231,350,236,84,860,94,85,999,861,773,997,575,101,798,103,791,125,7,228,635,853,229,229,92,350,891,786,214,231,979,892,870,849,232,478,164,1023,106,581,779,234,862,1023,224,102,396,210,775,997,101,871,222,229,84,795,102,94,380
821,166,394,869,693,157,406,166,830,153,366,669,404,949,6,406,550,933,837,157,93,982,190,442,413,917,420,786,899,1021,938,138,986,993,660,438,165,281,401,915,130,810,726,722,917,153,61,933,445,395,166,350,221,957,982,130,341,218,797,925,968,317,1,182,137,938,190,1022,173,677,912,933,913,937,734,982,903,934,181,430,750,358,400,209,809,794,454,806,412,409,965,166,173,66,698,981,669,134,929,898,523,253,509,606,137,102,902,37,1006,445,607,144,893,409,86,429,790,153,906,165,350,923,439,1012,996,709,1001,938,982,93,421,986,24,641,913,730,170,922,933,144,218,145,542,733,990,142,342,350,597,958
475,444,451,727,139,511,750,1002,1020,439,938,875,511,723,444,984,719,228,463,851,96,763,240,796,728,1002,672,467,127,464,143,719,682,1007,707,724,603,224,984,876,727,1023,510,992,688,231,392,867,731,1020,757,727,140,1003,616,471,456,720,1007,727,481,655,468,460,955,535,203,76,736,79,756,511,486,987,715,719,727,471,715,908,231,767,724,468,759,996,1000,484,944,223,972,764,1019,213,663,488,984,506,964,267,971,644,463,987,696,744,466,762,923,475,704,40,424,707,424,728,712,727,608,467,720,211,491,467,944,395,767,986,716,487,239,399,428,336,471,724,464,1018,415,723,759,764,748,436,439,580,723,431,1016,762
950,535,711,105,663,311,265,624,70,658,550,110,681,678,183,918,168,360,360,905,567,119,97,177,535,623,873,174,456,184,601,71,55,633,697,505,170,169,937,361,131,518,377,24,280,697,871,771,225,874,893,903,376,105,945,691,651,163,166,870,279,470,954,695,483,694,175,408,123,553,424,951,121,410,35,321,327,534,919,345,662,518,679,981,681,347,360,137,879,343,120,536,103,555,361,691,70,844,848,583,488,267,183,579,121,679,374,177,428,618,147,411,689,105,951,878,591,73,745,591,631,126,409,425,902,323,872,41,912,759,72,930,609,943,113,873,819,887,71,679,139,75,343,151,377,150,855,870,178,841
655,429,79,512,671,255,655,322,177,625,374,655,673,174,996,649,689,67,944,655,912,946,143,703,193,61,947,959,897,881,133,428,936,985,100,99,703,497,583,373,372,673,289,595,928,334,115,115,639,8,62,944,353,255,175,944,897,174,703,125,705,933,111,944,681,434,44,832,69,271,526,124,395,334,846,335,181,117,259,835,627,15,593,886,113,640,580,93,959,626,432,40,607,323,142,561,834,942,849,435,403,883,773,386,326,441,586,591,943,655,128,70,769,686,376,171,738,435,625,530,883,611,928,592,129,199,371,926,689,80,562,66,624,943,527,78,958,1009,112,63,772,302,654,270,640,143,126,553,689,885
973,516,0,370,466,250,48,756,11,688,588,716,640,59,819,138,1004,704,240,140,638,10,650,628,250,124,250,176,576,642,69,12,246,250,650,756,715,561,188,0,524,252,250,514,644,562,12,112,180,48,4,512,114,58,496,138,522,42,650,752,524,52,652,758,576,688,244,638,714,225,562,250,692,704,12,53,74,522,74,586,202,116,253,250,570,522,516,138,206,518,704,778,520,300,48,589,228,44,604,180,0,10,0,138,72,588,116,136,670,650,48,10,586,305,194,820,584,10,48,506,242,458,138,12,562,508,58,236,564,752,587,10,522,112,202,196,752,250,650,522,648,66,704,702,588,516,138,100,756,762
36,86,277,46,218,166,638,106,23,398,340,24,343,36,15,80,627,20,100,38,254,54,57,666,60,454,474,22,24,659,26,211,298,228,102,214,159,564,731,199,743,145,487,380,540,103,169,92,742,100,222,212,642,212,24,670,733,876,710,214,250,172,548,617,668,106,76,110,21,131,148,31,150,663,20,482,161,450,3,228,134,31,283,91,101,727,92,44,86,520,732,21,20,158,814,233,285,36,365,367,216,150,87,420,42,296,66,102,304,222,135,662,726,621,26,87,47,562,212,60,45,533,82,111,318,96,148,382,891,255,239,154,38,175,158,486,12,274,718,80,213,21,164,340,102,172,26,2,21,529
87,213,425,41,121,39,85,150,35,153,697,137,99,409,153,936,99,121,203,167,441,169,107,425,101,151,91,475,149,161,120,171,89,153,247,87,153,167,153,161,103,281,315,472,341,407,159,809,183,37,475,171,57,341,115,235,41,147,102,227,423,149,439,165,171,41,117,175,169,467,85,169,175,117,149,37,169,103,341,47,375,129,419,41,219,40,169,143,389,115,357,35,617,473,25,153,161,175,44,152,181,101,101,219,143,357,147,133,219,715,409,37,143,419,855,473,25,41,281,151,165,39,85,427,229,149,239,155,131,473,309,33,239,135,70,153,163,299,83,95,102,293,297,425,91,137,161,347,105,309
854,820,966,952,768,293,202,824,318,864,976,960,566,528,454,826,1000,976,825,271,642,710,304,314,1017,664,304,1014,266,294,1002,822,1012,305,783,1018,630,262,826,817,965,262,278,195,384,816,442,8,570,790,262,966,778,774,569,824,948,725,824,954,246,892,702,312,714,952,566,822,960,970,651,1008,1014,312,304,318,970,1017,584,758,384,320,286,774,454,929,904,293,586,960,817,746,762,263,874,784,808,627,313,818,424,474,263,575,744,938,1009,1014,875,659,970,806,821,778,280,486,258,1014,816,921,999,40,345,637,496,870,906,920,458,969,441,1003,290,312,816,902,315,982,501,526,711,719,615,266,981,480,824,984,795,312
897,443,529,883,834,703,251,830,563,903,907,927,877,177,901,956,387,883,897,603,973,9,645,961,124,675,1023,178,943,843,329,904,579,633,892,579,74,499,525,511,972,445,885,189,481,584,141,585,387,701,315,939,777,373,941,891,125,522,643,633,419,581,91,653,125,616,68,653,691,605,189,463,691,243,653,770,893,399,131,1,579,707,701,389,525,67,333,251,1018,755,901,129,450,323,381,683,386,140,59,909,1,521,563,701,139,955,443,833,577,883,161,723,51,189,652,883,317,940,585,672,527,579,523,957,882,133,653,805,909,491,393,687,527,127,444,847,389,435,699,73,972,125,707,975,955,889,125,139,321,755
717,802,709,717,837,273,156,741,967,758,752,307,448,724,205,784,1,519,525,49,865,24,837,707,1010,525,781,989,710,124,981,865,748,738,645,965,743,10,541,132,517,707,327,525,765,724,281,403,876,583,596,876,764,188,38,832,965,157,236,391,764,525,150,500,598,576,534,550,518,224,980,546,668,580,576,535,692,837,637,739,812,748,717,647,589,620,812,640,231,640,836,701,60,755,755,657,136,710,1,861,527,531,7,696,566,646,769,551,153,670,754,708,884,767,748,236,566,721,545,679,544,528,812,415,736,368,545,541,717,276,581,703,536,76,193,64,732,578,743,567,514,717,5,723,49,722,748,161,579,669
250,132,52,488,269,214,198,540,44,410,470,18,202,298,490,218,252,236,210,221,507,221,466,194,348,422,323,10,0,676,348,268,266,218,168,332,146,214,38,52,290,2,50,332,204,290,508,134,5,716,508,284,39,522,246,412,262,234,50,314,274,484,54,508,294,268,84,411,60,141,294,268,174,223,307,29,180,61,100,460,717,252,0,314,300,204,2,22,84,414,510,36,84,291,4,300,22,459,116,258,192,268,204,37,236,70,243,38,300,306,278,490,324,306,268,28,246,230,260,60,236,138,490,82,240,412,44,190,122,290,242,288,300,125,476,76,262,278,218,256,284,60,494,230,218,332,202,261,156,770
358,888,958,116,846,140,564,894,100,844,890,456,900,390,654,910,612,840,182,634,578,948,898,636,900,406,702,382,944,932,664,638,638,630,636,616,894,902,568,201,894,182,607,638,190,842,110,580,980,644,852,890,890,902,692,436,836,918,918,584,186,84,126,858,174,840,698,894,872,588,884,890,1003,500,644,100,958,894,422,944,694,388,988,628,952,868,136,838,446,580,846,868,630,182,926,892,876,894,646,622,760,974,612,698,580,702,876,588,900,894,920,916,902,142,868,798,876,94,632,902,902,206,868,902,926,934,74,332,900,942,628,180,926,436,878,896,758,390,856,838,118,590,678,68,878,920,340,396,638,836
222,613,526,670,151,32,548,294,50,742,118,754,246,463,738,94,282,818,622,514,278,206,756,820,765,520,548,553,564,525,544,830,570,706,230,518,514,438,340,78,560,534,551,256,570,975,570,141,199,242,716,486,806,292,602,820,754,318,724,404,549,694,1012,547,694,209,2,548,550,568,230,534,236,556,202,526,708,222,13,198,342,854,54,564,478,550,674,476,482,94,208,240,13,716,562,54,462,520,293,556,216,765,224,274,950,526,7,50,540,802,269,5,612,559,4,575,647,974,582,782,218,742,78,514,420,711,14,758,628,38,566,368,38,558,34,2,216,558,772,206,206,548,742,582,734,814,38,78,662,560
998,320,834,934,828,784,985,426,294,876,828,478,808,911,860,852,1022,801,938,492,828,861,511,956,346,1020,702,966,654,1022,446,894,797,970,318,318,318,959,766,884,542,800,495,782,702,412,975,798,838,464,470,284,490,444,368,850,860,336,806,466,349,323,860,980,962,318,863,959,828,791,294,912,796,802,853,286,275,348,1022,30,1020,806,794,547,798,861,810,287,931,938,862,223,802,978,295,465,998,798,351,380,394,925,948,832,350,834,777,959,806,830,980,932,742,806,800,295,318,374,337,286,351,318,286,984,298,954,350,286,760,827,822,908,861,508,978,966,906,512,766,478,336,860,934,796,259,786,830,294,406,540
363,98,443,772,426,532,326,877,868,128,882,388,815,893,891,869,775,495,877,964,891,891,868,809,780,793,899,954,884,411,865,276,921,329,837,772,949,374,920,925,981,864,832,770,379,679,768,832,916,773,932,98,871,790,950,899,905,871,839,774,366,342,24,921,923,793,874,923,896,540,868,939,855,891,837,302,792,838,377,793,896,887,172,792,780,955,435,929,827,955,889,399,818,918,839,861,302,938,1003,793,793,872,321,620,837,261,955,878,486,915,847,776,417,907,431,12,362,858,908,441,824,795,428,921,793,327,770,326,853,1014,635,896,926,878,291,1012,419,377,888,346,955,846,769,634,866,889,876,891,841,807
287,11,923,89,955,417,423,697,710,311,365,928,347,891,178,288,175,805,547,367,546,864,832,689,409,151,914,939,436,345,944,347,281,546,921,419,860,419,291,801,394,857,544,365,15,436,839,437,383,693,422,689,861,933,259,362,450,257,770,440,89,413,164,423,825,551,771,605,303,420,185,585,929,814,125,603,322,315,210,415,355,928,263,172,433,882,409,315,181,731,697,317,155,940,825,825,180,64,864,359,863,815,25,608,418,438,316,323,439,161,169,91,351,429,280,409,943,347,521,281,928,810,912,621,96,295,263,703,968,415,372,960,825,803,825,59,513,257,27,513,283,65,315,267,607,64,217,921,827,320
462,382,294,391,414,462,388,422,990,372,450,1010,422,382,319,978,374,462,338,310,324,974,458,430,418,294,306,870,294,258,302,370,328,142,444,910,462,486,718,462,462,286,476,382,975,476,831,434,356,294,462,382,312,274,368,100,828,269,496,342,798,962,783,452,330,326,292,326,446,270,476,267,975,718,366,475,854,284,292,330,282,836,272,266,398,286,318,450,854,196,692,460,868,462,470,270,382,880,967,800,298,362,358,380,318,444,294,964,478,462,380,450,970,930,342,368,259,880,374,450,376,806,886,302,354,734,318,458,66,959,708,988,406,288,284,1002,382,988,292,844,356,382,722,372,990,484,310,478,710,462
464,34,515,144,224,217,720,311,468,40,57,565,571,640,226,192,52,37,17,712,896,131,612,547,153,993,768,802,217,949,640,221,249,968,85,128,208,65,225,225,272,137,128,214,8,457,217,6,223,222,56,228,41,304,129,477,729,192,293,249,256,579,57,218,554,809,386,485,19,222,521,144,29,261,707,67,481,59,413,208,481,192,457,533,261,138,217,129,34,217,483,268,769,305,136,227,251,545,59,315,243,286,193,299,450,545,210,148,481,817,219,511,291,417,568,46,245,512,577,504,235,217,464,449,542,473,53,953,315,289,693,531,219,15,195,128,138,213,4,225,137,828,248,248,640,169,388,240,697,297
608,567,724,619,634,617,693,696,736,725,616,713,675,641,577,588,666,729,616,681,581,682,645,709,588,616,747,579,620,609,644,691,69,552,577,664,590,580,576,684,686,715,706,681,580,641,442,620,725,591,680,583,643,681,683,756,684,589,68,579,617,681,581,679,633,537,696,104,597,577,603,79,623,642,631,647,591,728,647,565,679,625,68,969,719,724,737,744,645,620,618,757,600,587,699,682,746,763,682,108,622,591,204,1012,747,619,645,616,601,641,578,715,618,461,644,633,108,748,588,683,680,78,644,581,627,653,758,655,837,686,760,724,697,647,613,746,77,687,197,683,645,577,643,618,589,718,682,616,684,683
564,1014,473,759,561,485,821,1014,929,502,166,247,234,571,733,806,797,903,539,270,479,229,491,785,259,204,987,457,477,434,602,275,475,522,502,744,787,821,455,503,1014,498,209,55,38,823,854,1007,480,337,475,86,794,799,449,743,467,481,295,531,902,485,527,599,484,822,785,489,378,675,499,459,470,310,606,850,23,795,839,161,548,583,949,134,435,922,481,795,530,275,529,502,247,439,849,327,532,965,483,1003,961,279,747,456,313,993,795,487,979,551,787,538,426,428,770,554,230,370,806,1006,741,987,25,807,807,623,947,758,503,797,39,785,467,989,69,823,315,84,327,429,390,515,891,315,231,290,503,589,746,309
436,298,40,954,334,309,859,946,866,113,510,334,846,822,859,947,303,383,383,874,886,297,830,879,317,57,319,691,399,27,271,263,840,355,387,291,335,318,303,872,474,334,323,300,834,462,333,370,334,846,307,258,307,842,817,576,931,330,317,306,851,30,331,445,351,863,320,754,339,407,259,947,311,842,302,318,298,882,285,311,842,414,179,67,394,328,298,334,899,898,447,847,975,845,349,274,510,327,330,871,387,846,203,330,845,264,815,814,683,335,842,259,287,803,362,511,328,890,590,947,362,881,883,447,285,335,858,803,258,438,882,275,207,339,370,832,458,435,179,399,378,307,458,846,913,810,392,319,379,477
813,392,956,202,392,970,960,181,50,447,416,216,970,494,493,197,898,964,974,150,334,460,576,482,196,395,442,740,218,858,424,388,160,458,388,180,972,961,994,458,165,224,898,714,824,221,398,268,196,846,413,988,988,690,397,844,206,845,132,134,226,572,204,38,972,393,164,964,146,166,974,961,710,966,412,229,132,480,488,314,965,228,490,102,934,508,388,748,430,705,932,298,192,134,440,380,929,969,1018,422,694,771,460,442,388,857,965,486,996,847,438,965,132,362,858,236,966,427,288,292,356,402,128,974,694,384,930,210,166,364,74,44,394,928,932,736,190,719,1004,973,186,458,38,901,160,220,446,692,988,38
953,215,249,913,959,927,477,1015,1021,214,145,1001,247,679,919,991,223,1015,146,965,983,905,1021,415,174,1015,933,229,217,249,417,903,735,191,255,1023,183,401,217,1023,241,997,145,951,255,905,185,765,221,151,926,977,641,503,959,788,943,929,953,433,1009,991,961,991,250,199,245,903,249,921,897,135,903,913,985,751,911,921,929,241,241,634,213,903,759,159,199,713,385,217,919,503,977,175,505,913,919,753,207,441,913,441,822,935,407,255,217,409,985,901,921,991,823,935,217,249,945,919,929,202,919,247,249,982,705,681,1005,223,991,1009,767,45,249,207,245,499,221,937,735,183,1009,247,925,193,921,913,247,961,189,937
576,67,563,163,811,784,37,165,235,855,553,48,35,822,208,231,843,779,275,41,67,291,807,390,562,253,226,167,774,562,294,165,743,39,673,139,75,39,363,199,34,579,50,96,35,39,295,581,51,71,235,167,197,170,238,81,191,163,872,195,767,83,75,232,34,167,163,682,387,55,903,39,363,213,839,218,266,163,827,195,101,339,213,237,35,232,373,43,67,51,74,805,550,551,53,197,75,288,965,70,211,40,981,163,933,51,931,672,51,407,101,325,67,243,7,291,258,130,55,807,194,50,341,252,930,168,781,699,34,195,677,91,387,775,39,50,35,931,627,994,34,116,743,117,258,234,981,43,518,195
466,611,881,24,246,114,247,244,18,996,224,912,338,115,369,16,787,960,247,240,336,244,876,497,914,114,640,116,1008,996,320,852,328,372,112,608,100,284,498,16,196,912,887,916,240,563,144,246,132,148,757,112,387,118,882,402,467,16,784,118,405,992,1008,19,916,146,374,116,148,342,992,158,404,918,179,272,40,14,22,168,240,276,1008,470,240,884,242,916,925,824,247,964,882,384,116,100,116,274,20,240,336,119,112,1010,279,240,406,156,240,910,575,18,948,23,246,244,276,904,831,118,448,372,20,240,912,919,244,116,370,119,114,400,232,884,116,276,436,16,626,230,274,114,824,1020,27,228,103,567,357,279
378,313,338,72,61,338,570,532,90,274,658,522,344,570,298,311,42,588,276,570,298,298,310,339,554,586,74,726,573,2,550,554,556,554,326,638,572,306,817,74,97,562,602,338,21,90,76,346,938,93,278,586,630,635,339,278,338,58,322,86,336,74,84,312,314,370,299,554,564,262,346,588,374,330,324,667,69,331,338,402,554,477,565,332,602,338,338,74,571,318,553,884,300,84,466,318,341,566,586,58,42,310,341,340,301,582,53,563,570,340,90,339,770,378,564,299,586,587,600,442,570,300,772,331,324,76,604,578,92,83,77,338,553,570,91,204,554,90,338,300,60,560,216,346,291,572,818,332,88,326
274,587,50,26,30,160,224,851,356,16,76,883,99,320,848,122,164,162,372,865,341,660,251,99,112,864,499,10,883,19,295,869,164,78,276,756,721,43,154,1012,27,163,34,866,594,666,0,355,140,963,115,51,147,964,16,994,98,357,116,754,205,195,206,6,20,500,787,224,122,802,149,114,162,227,352,203,864,141,26,659,146,131,540,883,1004,20,17,50,781,260,203,706,724,886,145,371,128,899,59,378,670,148,885,387,146,25,51,35,372,144,179,54,128,900,244,712,888,353,354,584,166,114,476,146,26,152,168,146,36,475,202,242,716,356,26,277,779,50,206,32,823,927,50,132,339,112,260,80,152,196
101,263,708,389,765,237,635,211,413,186,251,743,669,242,743,277,804,759,827,435,735,159,295,739,237,552,697,393,407,907,900,388,948,777,749,213,539,739,411,150,580,293,631,388,907,251,765,475,244,899,724,187,661,613,171,741,781,373,251,612,629,899,355,888,635,613,611,379,796,483,923,381,754,277,628,747,3,243,278,708,179,627,411,427,997,747,777,221,696,123,667,101,91,749,484,788,84,740,749,117,741,183,380,643,651,379,765,1019,739,924,279,105,916,807,247,347,123,244,225,753,725,261,395,263,503,245,408,765,123,671,308,213,43,467,84,258,539,352,211,133,764,275,757,228,281,927,904,482,229,123
703,645,696,307,181,288,390,396,868,653,901,581,409,140,963,169,503,845,423,702,882,377,765,444,852,201,899,195,460,975,56,741,649,661,407,655,465,429,509,655,419,52,1015,658,681,175,56,863,655,973,825,172,653,573,336,650,828,959,460,980,910,527,379,527,173,659,531,516,724,854,489,534,695,949,964,121,185,376,483,687,217,169,377,319,682,948,597,444,143,975,237,233,903,117,175,911,653,125,503,725,228,685,189,693,653,175,981,583,342,233,896,136,908,441,685,463,211,231,109,629,338,837,199,717,175,555,789,990,765,441,427,349,643,946,847,914,252,489,853,515,496,439,684,173,483,651,388,431,30,349
1013,916,497,924,661,149,980,660,658,186,904,978,884,660,703,281,194,948,756,570,659,506,786,676,154,757,500,148,534,885,1012,887,372,916,912,636,500,884,757,756,644,964,886,625,976,880,325,660,630,656,317,756,244,144,662,372,1015,948,757,887,698,948,632,498,946,756,901,996,380,954,982,658,757,994,610,404,630,752,1012,441,282,628,664,711,881,858,884,1020,567,1013,636,116,645,631,625,692,661,978,657,658,738,755,377,665,660,508,624,530,753,624,657,737,1015,786,386,903,252,901,946,533,1013,690,866,1012,722,964,865,660,640,690,756,140,159,537,116,626,660,881,372,697,500,532,570,752,500,258,948,728,913,738
629,723,569,464,973,953,735,937,953,861,815,825,958,945,945,1015,571,536,569,809,600,945,831,959,978,190,307,907,973,177,958,185,990,560,559,778,957,831,951,249,906,474,985,759,959,33,983,991,209,333,497,825,217,985,1017,767,952,615,178,941,561,471,855,472,176,953,246,473,954,702,945,941,953,333,824,473,758,936,462,965,561,953,456,727,210,817,185,545,813,945,689,985,401,185,919,955,945,477,601,990,909,700,953,767,958,8,570,626,825,395,215,841,238,590,301,759,954,562,697,104,990,473,966,441,825,610,601,955,703,978,402,945,982,439,495,829,289,216,574,703,329,222,953,591,698,199,947,731,759,921
632,380,732,512,772,628,599,280,876,894,116,368,624,620,52,122,556,432,563,272,370,264,378,368,624,876,628,400,624,92,631,378,528,640,272,884,624,276,380,286,624,279,783,272,528,522,334,380,528,276,628,628,375,636,12,608,368,276,624,19,794,124,624,240,272,96,896,278,634,84,1014,762,340,404,10,531,308,372,635,282,360,638,564,564,632,848,616,414,632,528,262,628,16,137,624,874,402,566,635,632,9,624,618,720,16,368,532,122,186,105,628,266,405,272,516,598,256,889,28,784,855,566,278,272,526,160,281,406,528,628,532,776,632,630,656,276,724,631,634,85,364,561,311,622,628,636,274,630,578,82
20,532,886,660,596,52,86,850,854,826,372,819,819,182,516,854,119,862,514,882,786,20,874,978,228,178,92,530,996,850,84,882,691,18,18,116,880,58,982,119,794,804,538,116,238,226,550,946,630,146,211,692,324,516,146,820,616,146,752,628,884,26,950,242,20,850,1010,176,528,602,787,788,180,151,786,252,26,498,663,668,770,566,594,884,726,882,528,660,1014,58,147,978,818,242,20,860,167,852,158,884,516,626,884,114,22,212,1014,882,916,218,886,858,948,146,240,340,368,246,530,948,826,946,631,196,532,564,662,532,596,540,146,178,60,532,692,254,884,631,374,18,314,846,36,146,50,116,722,918,626,114
725,699,208,979,15,411,954,703,723,731,472,727,213,147,186,307,144,471,83,725,216,681,204,707,689,359,69,216,728,211,923,19,217,217,653,443,211,181,692,208,242,952,989,704,939,979,434,177,945,947,657,667,2,211,702,147,977,702,208,208,508,143,723,400,955,210,163,976,720,688,180,720,958,736,208,702,179,671,189,209,976,147,474,177,217,699,946,19,435,963,147,185,688,695,179,595,210,218,949,949,659,1019,216,475,767,221,948,739,216,699,208,435,693,208,189,749,599,659,927,689,213,435,339,213,447,981,984,684,721,149,953,666,219,731,575,216,946,723,178,149,184,213,699,215,341,207,690,99,718,699
199,910,653,750,432,182,630,616,654,1022,711,160,671,453,942,165,704,495,134,134,229,489,489,653,897,646,999,512,652,997,525,929,677,709,528,398,710,677,928,704,931,644,614,926,174,161,997,100,745,493,1004,715,745,143,686,749,717,965,238,892,741,1006,1006,717,1007,142,1000,533,750,494,747,928,736,654,909,934,1003,685,1001,680,654,134,674,419,1000,711,518,998,585,963,654,745,718,993,134,239,941,705,993,903,193,717,425,745,649,112,590,935,750,709,1006,229,1007,903,1007,719,648,931,153,453,677,384,622,430,25,712,719,706,617,716,646,934,935,205,688,748,705,940,905,942,745,998,111,766,766,998,742,166,137,718
301,619,244,379,765,434,242,123,243,405,948,703,260,133,307,178,306,43,397,823,485,115,221,306,465,307,421,595,52,675,389,714,226,496,210,304,306,242,404,333,84,210,146,677,996,418,371,149,307,565,459,498,786,595,898,314,179,178,819,395,387,368,242,565,656,275,445,739,147,754,208,732,341,724,732,45,509,603,195,272,415,405,306,692,340,468,652,908,563,306,507,176,293,877,117,724,756,333,756,260,339,508,268,181,786,384,722,307,240,273,387,274,210,381,53,316,357,627,722,619,308,817,319,307,212,211,340,259,304,308,291,114,435,724,163,435,307,243,645,252,722,626,212,388,304,715,3,499,276,203
638,721,766,660,670,764,148,812,660,500,253,472,757,765,896,494,143,697,927,720,494,407,262,462,764,760,763,479,404,411,656,902,622,415,696,394,765,668,404,670,757,734,254,920,432,671,927,702,670,988,667,254,573,46,716,614,734,764,766,760,660,558,726,604,670,478,412,762,668,668,620,508,669,402,409,765,492,524,730,766,763,746,472,762,696,762,232,590,658,479,620,150,763,750,748,820,526,143,660,670,764,988,742,668,238,406,780,152,508,730,252,364,504,216,252,623,784,430,466,718,670,469,405,670,534,414,559,673,356,510,508,912,637,589,477,926,634,671,762,762,654,670,664,662,477,765,484,618,894,404
421,782,693,937,62,459,717,395,206,590,832,462,454,206,425,205,191,559,813,168,166,355,47,79,463,250,641,42,237,581,430,430,422,462,104,839,193,686,232,40,0,6,169,457,558,677,815,607,456,430,686,687,78,590,205,846,687,685,481,384,205,430,174,206,165,192,729,47,646,175,518,196,38,174,174,462,150,488,678,121,527,206,203,170,173,63,174,859,163,905,687,201,352,118,79,142,525,462,43,498,843,45,672,200,558,194,74,192,526,710,330,534,171,47,207,646,430,379,704,40,834,34,75,73,192,397,9,89,577,206,198,78,254,200,809,582,448,79,206,424,194,686,458,652,200,462,718,686,366,172
1016,772,999,901,595,216,947,978,442,268,24,134,387,493,957,224,293,730,135,258,923,924,192,907,348,444,21,391,306,896,704,447,436,80,198,780,949,973,1011,437,912,15,472,384,978,217,972,243,961,180,466,979,172,432,412,84,1010,243,987,179,208,59,416,400,760,440,410,231,992,146,995,981,977,988,435,67,137,658,181,144,284,488,396,432,236,915,119,226,612,444,243,146,112,212,151,2,432,720,146,909,403,406,973,211,252,148,663,867,976,467,979,275,112,947,1008,186,967,19,147,226,147,352,508,499,307,243,417,772,151,115,965,919,1010,916,744,858,112,290,2,447,997,237,405,915,152,989,192,227,177,247
810,939,813,591,557,810,841,46,811,412,41,9,684,13,516,981,842,34,842,893,302,842,11,299,50,837,846,837,808,66,845,834,803,845,77,104,845,321,9,299,677,844,845,525,46,778,845,164,257,834,782,837,841,555,837,846,843,21,847,109,554,836,843,875,718,810,837,299,331,75,804,841,843,834,270,301,845,557,810,838,870,845,837,77,809,812,810,685,833,780,846,783,109,838,833,297,812,905,890,813,843,689,836,843,781,842,33,772,269,41,832,366,557,842,818,845,863,813,294,66,852,77,877,850,810,872,525,46,1002,837,841,837,843,555,553,861,43,709,806,515,843,813,69,41,813,810,175,299,725,293
826,49,834,933,822,833,209,81,158,449,841,726,199,951,136,311,405,53,277,86,432,438,325,72,149,160,81,441,38,29,465,985,965,705,982,465,497,465,713,485,439,849,86,854,310,197,22,278,271,961,199,244,721,553,564,323,712,710,272,431,30,531,87,429,51,393,963,918,441,439,583,465,709,165,176,281,85,225,449,966,350,725,49,853,343,78,721,470,673,804,510,799,336,449,992,968,438,726,14,86,112,692,542,169,930,311,817,961,453,320,112,503,337,56,718,244,88,149,214,631,853,465,220,579,5,713,78,177,990,901,118,2,791,438,469,342,417,79,81,582,660,87,89,408,179,960,421,721,213,293
530,209,373,792,757,0,245,253,241,149,373,664,497,375,136,261,298,641,778,568,293,439,436,161,305,204,884,269,237,181,465,502,245,160,645,757,821,694,181,885,641,377,180,129,269,182,672,201,279,565,783,535,501,646,241,805,257,241,193,649,249,183,181,307,272,243,373,244,913,519,785,673,321,257,183,329,194,653,221,688,292,268,765,317,189,897,145,166,861,241,693,888,693,337,761,757,697,507,645,697,881,164,245,371,148,241,337,224,297,183,497,753,645,321,641,1008,142,929,12,1008,134,799,255,641,161,172,285,208,773,225,165,148,613,349,162,768,145,151,98,700,757,881,169,905,821,641,138,157,241,781
539,675,554,435,293,255,147,215,423,555,553,211,369,702,863,127,673,334,669,812,171,126,287,344,163,763,377,267,35,839,383,43,559,239,252,151,242,346,887,351,802,812,291,812,337,35,479,163,17,89,157,31,675,347,275,545,831,348,797,47,728,365,41,9,547,523,607,163,286,383,631,445,942,668,227,188,677,175,591,863,673,45,715,572,190,702,383,559,43,249,798,275,812,703,291,771,319,675,219,83,135,469,686,221,815,147,275,563,445,747,815,559,215,609,31,3,316,813,815,891,171,839,147,191,33,35,27,221,883,840,545,670,43,489,895,915,175,145,859,259,33,35,686,35,659,803,683,379,35,278
40,40,378,554,312,760,26,328,38,48,320,330,174,806,544,202,120,690,88,500,88,334,652,221,163,101,814,380,22,50,823,118,122,26,32,510,440,630,110,280,951,358,38,426,350,622,38,644,487,672,250,244,380,770,312,602,423,326,504,322,48,178,56,378,404,38,298,122,20,490,440,492,378,226,38,252,36,134,634,120,570,122,424,50,367,116,300,164,36,104,420,120,506,174,98,121,90,550,630,376,544,336,42,166,94,922,164,36,166,594,40,342,172,382,292,32,506,282,38,634,32,238,928,954,380,426,282,123,982,568,166,46,32,628,110,98,186,136,246,440,122,34,172,44,462,366,282,138,26,56
565,653,299,349,287,182,781,145,218,145,163,191,221,289,803,17,857,261,147,219,863,733,873,253,837,397,831,345,761,289,861,181,181,249,157,705,219,219,817,277,151,297,205,859,805,295,287,151,185,191,913,861,297,441,181,301,691,813,717,297,417,843,793,809,701,217,317,309,729,217,649,299,735,381,701,139,86,681,309,765,189,893,829,157,289,565,681,171,797,183,309,309,257,693,169,43,157,675,287,161,289,185,791,97,185,353,309,733,809,969,861,831,791,219,229,217,157,507,895,157,215,297,151,679,157,685,819,157,151,163,151,761,421,697,745,741,197,167,317,219,155,161,1005,729,683,159,171,289,801,169
499,35,297,13,191,853,279,31,415,603,279,35,157,303,471,49,113,699,283,288,169,65,163,139,599,427,303,257,285,223,215,289,65,187,919,975,369,31,321,859,935,355,323,259,307,593,511,415,151,9,187,337,157,279,407,51,409,115,539,503,379,499,31,279,283,112,337,11,59,179,315,103,31,171,355,63,287,27,227,283,155,445,343,43,471,397,247,467,231,365,67,287,148,127,302,277,303,83,337,95,215,63,535,175,371,255,533,219,303,479,163,383,111,187,287,263,801,43,87,353,291,443,45,315,607,687,799,115,23,277,413,31,299,171,189,683,47,23,399,429,359,299,27,241,115,373,151,827,27,801
339,343,39,305,109,143,241,99,781,995,352,295,225,337,343,305,96,317,212,353,98,275,349,713,233,199,358,301,84,323,285,326,379,357,287,285,29,31,353,227,224,241,173,199,159,215,97,368,353,369,237,761,364,368,274,275,87,325,357,99,197,351,279,229,112,225,325,352,323,226,351,359,305,208,353,279,327,324,233,337,370,285,382,354,227,564,325,739,197,241,107,359,215,413,287,885,371,119,321,96,317,737,209,209,129,355,381,339,112,348,159,343,323,357,351,373,98,197,356,381,368,741,96,157,28,180,272,129,3,98,257,307,303,671,171,286,224,357,145,285,351,197,224,353,40,381,359,291,753,199
429,89,389,5,356,3,225,497,397,391,392,428,395,57,123,389,443,905,421,5,939,113,77,9,121,440,429,491,507,389,388,249,99,504,47,453,41,9,905,116,5,425,71,469,491,215,15,473,47,499,13,5,71,619,268,29,499,499,388,117,1017,7,9,15,305,105,105,388,488,47,29,449,489,107,473,429,473,430,452,475,421,1001,37,98,9,388,467,45,425,37,396,117,379,392,103,123,228,497,495,501,123,363,389,435,87,441,463,469,497,389,507,941,53,441,11,7,387,504,481,43,499,100,505,45,59,45,953,105,935,123,391,899,496,133,59,5,353,949,388,327,505,483,389,505,428,12,133,461,393,393
514,22,390,743,474,523,150,850,362,598,646,234,855,76,462,712,100,264,650,728,985,917,472,407,681,450,347,591,234,6,614,998,526,746,416,490,725,687,100,14,22,198,468,587,74,135,338,522,971,591,88,153,681,217,361,351,726,726,586,84,614,842,610,998,235,504,585,522,598,618,615,290,100,150,472,494,922,998,406,846,590,966,963,168,330,475,458,522,984,7,770,870,742,138,471,214,250,986,638,614,618,490,523,1002,102,986,334,19,586,514,328,714,474,330,599,150,362,522,590,262,134,88,222,90,448,230,158,598,602,726,100,558,330,74,360,578,234,102,739,394,80,202,347,202,86,151,607,972,520,223
480,72,130,450,485,605,786,382,460,201,956,608,461,116,669,641,476,93,30,924,984,92,158,476,416,668,449,130,860,493,911,972,544,386,750,92,738,289,470,142,348,840,478,270,137,271,606,129,860,126,129,860,453,472,993,226,642,409,153,988,140,385,478,784,860,384,249,200,353,482,222,480,492,456,453,1,105,769,270,232,156,121,477,496,848,512,95,481,222,112,990,476,280,464,608,250,1022,494,28,863,948,672,80,470,478,863,456,472,332,241,280,856,905,284,365,478,204,845,773,480,492,61,478,213,477,384,456,223,448,218,449,223,988,843,594,465,488,226,480,990,525,910,76,96,452,625,269,280,81,417
420,680,400,808,346,452,774,773,416,217,295,448,422,424,288,536,744,436,448,292,298,448,136,456,248,102,424,38,980,404,360,404,201,472,293,192,296,421,960,5,45,484,616,132,832,912,423,216,88,456,388,292,268,47,492,104,430,237,202,160,272,9,477,36,132,449,860,387,164,336,488,676,277,37,696,321,903,716,292,475,416,385,792,435,448,616,172,133,342,456,689,460,420,425,423,292,722,313,72,208,421,706,156,6,420,321,443,550,24,173,135,132,449,320,475,233,41,37,404,64,456,336,968,720,134,272,465,676,458,841,148,336,424,391,772,36,169,424,1004,329,192,314,832,424,109,24,744,800,168,281
978,972,420,175,35,537,225,993,45,609,14,137,81,91,77,527,764,1011,117,1002,457,465,511,558,33,467,539,687,475,588,540,651,663,432,460,207,750,557,479,971,401,49,14,802,465,511,283,539,173,670,16,294,474,743,931,335,63,412,393,877,301,191,89,783,314,483,675,731,1011,93,765,502,712,914,907,466,520,499,615,469,750,239,172,481,539,973,787,994,401,495,427,24,747,60,928,914,985,33,213,397,529,481,50,509,274,212,735,47,20,28,364,477,317,353,573,86,417,299,477,499,433,17,555,416,191,0,487,740,469,912,1015,418,1011,235,93,1012,403,518,509,363,495,561,547,563,679,352,388,20,1003,750
107,322,90,367,35,343,366,119,418,395,9,127,23,70,43,431,121,77,155,50,125,117,419,87,75,106,105,585,123,70,106,11,438,79,442,155,459,834,411,113,283,281,503,463,119,274,394,182,207,131,619,985,127,331,431,375,334,503,375,582,399,107,198,115,115,387,931,155,438,127,638,94,119,91,95,658,72,181,94,91,118,7,439,246,433,435,119,904,458,127,67,135,39,842,393,647,630,71,411,159,246,156,135,246,187,91,635,459,491,475,111,64,127,9,130,69,938,125,122,154,167,182,75,410,435,98,503,402,96,11,435,73,71,923,421,980,423,71,236,435,31,79,403,151,403,246,71,18,155,214
474,108,231,7,473,21,501,470,457,392,490,37,873,21,233,537,988,677,549,297,77,511,550,17,488,461,33,418,216,421,37,724,282,429,205,369,1,510,502,40,1001,423,682,43,471,17,29,473,497,517,25,410,38,488,469,489,446,409,46,424,451,472,38,385,507,299,998,36,452,549,998,558,405,501,808,468,49,21,473,4,998,26,41,37,37,501,25,539,421,409,465,32,281,453,501,298,38,945,389,505,494,913,474,285,171,472,389,423,473,469,23,193,345,298,39,554,325,477,125,977,810,36,36,298,37,982,213,362,469,37,409,509,39,1017,409,469,232,468,38,412,41,213,409,990,297,922,429,474,235,853
708,1017,56,757,582,415,248,184,597,181,772,203,581,635,713,773,646,760,632,613,57,1013,110,244,183,184,117,150,708,712,130,904,358,6,516,752,761,331,133,456,702,709,821,485,138,201,772,552,180,119,586,180,166,644,132,772,713,585,75,586,709,652,201,433,836,122,645,132,758,693,1018,376,123,584,644,763,5,73,148,874,68,981,264,53,760,948,827,134,548,190,899,265,132,565,256,251,9,817,824,521,713,25,517,58,506,840,575,73,245,953,69,711,1016,645,377,121,644,612,183,253,837,761,643,85,569,890,198,120,260,75,785,180,648,196,72,641,197,810,516,119,586,853,823,568,260,197,566,235,117,440
47,147,803,764,195,807,223,483,302,559,31,799,227,355,736,303,303,35,195,29,287,279,175,787,223,543,291,531,783,255,49,273,753,33,231,751,284,53,238,277,555,162,383,571,159,787,47,734,223,300,253,739,287,31,218,19,547,158,472,286,32,671,31,223,291,565,302,227,731,611,312,753,99,659,159,755,211,747,653,350,127,293,199,140,347,765,339,751,227,339,595,211,675,735,51,211,344,211,223,671,401,302,255,227,243,275,286,271,203,367,815,287,813,239,19,559,286,743,47,284,519,95,815,29,369,239,275,239,175,55,851,931,223,863,747,223,721,19,275,771,559,217,368,3,319,606,655,227,217,257
240,704,124,76,440,215,0,292,350,82,242,344,344,243,44,376,348,256,200,88,220,92,124,224,92,246,87,444,318,128,108,355,307,149,260,251,212,204,205,204,373,190,261,277,204,288,111,224,136,44,308,107,312,7,140,171,264,320,275,108,209,188,331,188,328,193,44,252,456,212,364,4,229,96,972,88,119,206,288,436,268,430,214,192,120,65,160,312,110,215,816,0,276,244,338,108,216,274,248,406,306,192,122,20,380,36,13,239,224,58,391,267,39,176,252,123,341,231,127,127,178,212,240,59,212,200,48,767,650,205,376,228,140,200,258,404,508,125,468,128,364,68,64,69,84,252,258,268,300,183
493,65,12,921,824,372,258,964,545,66,899,630,118,500,501,1013,781,976,491,836,688,470,496,265,526,188,113,508,446,460,626,957,269,1014,449,751,387,201,624,816,998,769,252,572,498,572,785,469,975,384,638,751,1009,64,808,496,994,768,757,610,781,600,118,373,457,930,945,491,764,368,242,284,377,250,380,782,314,368,836,240,504,957,744,457,432,354,152,610,632,584,504,443,973,316,461,13,358,833,453,974,498,148,521,780,356,353,796,969,126,584,286,996,524,461,268,476,714,316,615,1021,537,305,316,233,196,688,792,194,780,973,333,73,786,781,771,782,361,259,930,396,460,509,1021,966,186,701,476,590,632,474
467,811,939,371,571,879,727,812,567,895,543,531,271,735,31,860,331,863,542,339,557,627,511,867,1007,915,751,751,735,591,382,839,877,659,547,723,749,735,879,921,337,663,931,735,815,561,463,1020,879,751,863,819,707,780,527,497,720,753,847,639,715,266,1007,867,963,815,543,767,367,419,715,859,835,757,851,723,723,815,880,623,723,739,207,849,621,895,537,993,491,303,799,1023,239,883,46,895,979,753,197,719,751,559,608,879,531,1007,943,527,939,766,871,515,983,559,622,751,515,543,883,867,723,815,515,341,883,699,851,735,572,558,531,844,735,835,719,733,615,1019,739,766,543,1005,339,195,739,1011,767,751,531,535
426,548,487,346,631,230,938,169,455,830,835,267,630,615,695,223,723,442,715,921,71,423,761,617,119,443,419,215,390,634,573,95,85,171,407,935,781,123,586,71,141,614,427,585,954,599,423,330,786,754,301,938,403,167,613,727,980,301,312,424,103,967,937,706,79,503,103,579,406,79,827,937,667,851,875,953,914,209,103,314,618,91,623,403,107,954,443,162,557,931,20,444,1017,699,907,939,608,934,851,618,599,955,919,666,502,791,175,411,429,595,171,595,859,578,595,902,863,425,591,595,539,935,551,855,83,231,214,926,362,283,941,645,743,631,747,118,424,615,443,589,431,612,391,614,422,863,875,775,619,1015
410,57,803,1012,40,344,43,2,506,426,544,494,800,510,276,41,505,28,392,39,100,347,267,494,598,148,471,416,484,420,490,24,48,403,292,24,470,300,423,303,507,480,292,356,440,492,456,119,824,276,416,456,8,410,394,932,506,24,286,501,36,426,84,488,424,90,416,278,492,276,424,50,382,510,26,452,948,86,344,414,84,276,504,282,544,452,296,628,495,20,43,360,452,30,484,276,230,504,344,332,854,1000,59,24,470,424,1016,422,394,908,471,279,904,488,40,966,458,39,276,954,430,456,476,164,502,968,938,440,596,468,1016,164,538,40,44,468,852,47,392,212,36,296,470,120,348,488,504,888,532,40
676,353,671,741,606,585,333,509,128,876,753,766,322,445,632,609,993,512,599,597,924,320,640,724,335,738,751,158,678,701,998,702,584,388,757,741,898,700,320,738,343,582,332,603,514,741,758,324,501,1022,605,611,512,128,386,488,501,587,321,996,609,766,670,866,610,766,245,997,641,241,603,412,610,501,542,613,640,512,678,484,702,85,662,926,224,621,317,604,354,893,651,742,917,328,596,748,753,501,765,957,758,94,254,373,348,669,585,384,580,766,590,417,604,748,605,982,701,752,608,742,1021,608,485,528,1021,125,521,886,608,880,641,758,893,974,381,485,644,515,320,630,576,642,1022,693,661,481,97,766,733,587
267,387,660,342,736,1011,880,817,263,803,702,148,884,504,96,639,350,919,611,328,412,674,20,867,863,896,864,675,667,676,528,791,739,832,244,20,266,447,977,370,498,387,634,927,96,492,663,544,483,668,912,388,901,11,428,851,132,608,641,471,483,1011,375,288,867,580,128,319,411,916,656,892,603,402,410,592,867,580,912,252,288,607,137,976,411,371,351,155,130,595,664,500,415,339,364,1010,387,224,755,51,48,899,28,736,348,52,395,300,598,387,276,82,615,159,607,372,640,292,251,288,956,736,624,608,660,686,676,608,627,752,659,984,404,256,980,139,752,387,835,915,925,467,644,608,354,155,567,658,503,145
238,733,946,805,504,750,69,725,407,926,693,386,470,653,530,813,45,977,677,861,893,573,493,750,486,481,285,802,317,182,736,540,429,647,780,765,270,669,897,418,669,471,161,542,665,721,666,710,257,372,546,727,702,702,2,685,678,726,706,721,893,668,413,278,657,198,389,438,678,646,1,37,22,389,871,485,1004,813,575,805,290,757,813,656,642,706,801,914,729,301,818,434,758,659,741,701,815,961,878,866,470,818,686,533,646,261,353,644,262,432,454,526,726,1021,893,646,982,653,645,519,726,964,657,737,678,401,768,658,455,726,758,750,30,765,669,690,658,758,514,492,645,222,710,669,434,390,762,533,658,497
212,777,305,160,504,258,452,820,819,725,202,787,708,68,320,49,507,180,782,795,852,784,199,215,312,148,973,539,823,835,710,218,803,313,251,214,961,308,900,998,807,224,478,148,770,113,290,803,196,208,896,60,991,322,266,322,111,129,309,819,249,769,825,257,181,963,192,800,980,857,323,829,221,826,690,230,0,985,933,307,441,208,964,553,221,937,777,213,260,148,469,815,311,315,315,824,84,991,945,805,825,985,274,545,964,146,807,818,436,801,720,818,225,452,1012,289,439,667,966,208,828,520,198,827,371,12,979,250,594,488,843,131,519,975,711,295,563,770,679,817,441,266,225,965,47,24,147,800,988,951
904,779,563,230,199,979,987,219,249,937,915,31,235,17,763,884,795,304,209,192,183,219,91,39,892,964,998,554,811,730,306,34,987,539,250,913,934,40,799,960,196,913,536,231,32,527,203,30,979,999,91,25,971,196,595,884,868,309,212,211,529,231,675,923,915,203,32,953,843,288,240,903,6,711,9,160,409,280,43,216,52,972,290,160,742,523,991,211,952,88,571,964,214,676,199,11,35,69,347,1016,75,523,32,56,235,224,251,25,25,83,949,200,167,987,930,231,921,982,63,987,200,923,743,743,25,141,983,799,315,793,999,992,955,930,280,783,971,999,60,36,987,976,31,931,35,995,43,52,569,219
61,844,507,811,220,88,815,108,927,810,428,250,491,73,80,42,784,297,969,968,851,40,59,984,56,40,40,59,36,77,36,251,327,811,73,864,106,446,246,791,471,83,276,108,300,85,980,40,73,168,681,856,43,315,51,68,935,212,811,988,28,339,79,71,848,920,990,16,20,468,83,775,56,657,232,56,89,20,788,295,140,964,1019,990,827,40,76,76,44,811,250,808,76,832,43,800,968,471,452,32,303,43,59,0,212,836,991,0,979,808,980,76,859,999,39,59,75,808,811,1018,99,87,43,375,812,186,48,479,477,442,816,1016,804,42,120,234,988,59,91,460,103,852,464,43,72,80,187,1018,827,476
691,1015,830,652,394,332,667,708,899,463,684,433,827,163,259,456,655,643,655,760,940,352,716,319,271,384,575,549,522,141,992,800,588,719,749,414,732,673,480,823,974,671,544,640,884,668,653,279,621,642,498,605,992,350,193,496,831,287,717,364,463,272,429,535,535,663,755,96,384,755,332,279,739,264,436,549,648,598,527,736,880,647,15,299,403,668,660,989,515,542,219,480,188,735,323,711,1015,688,591,709,416,495,715,820,406,387,432,243,931,76,975,654,604,736,735,503,279,735,588,777,339,271,628,944,663,719,516,407,596,128,701,917,815,700,701,269,387,883,637,671,312,547,138,892,884,655,719,644,724,436
396,92,527,165,54,28,475,415,909,467,544,392,411,732,401,701,228,570,253,298,379,625,397,52,873,631,10,799,895,349,608,623,580,579,828,106,760,823,671,676,679,651,471,339,451,686,541,823,685,729,253,28,937,29,272,412,440,764,287,349,656,58,497,589,667,361,319,82,663,649,560,490,426,142,141,596,98,852,701,430,135,729,893,494,424,149,217,544,612,445,484,398,39,563,167,868,101,686,143,750,255,504,510,441,874,63,174,143,660,14,400,852,102,415,816,511,593,29,219,960,453,91,398,248,351,255,792,48,28,652,173,597,72,404,821,920,550,571,759,736,140,486,143,420,421,564,719,653,255,605
1018,42,828,286,267,131,65,37,42,826,58,773,993,876,1,846,57,761,1002,379,728,301,478,989,42,870,222,59,196,830,1018,223,226,213,455,29,445,988,179,318,33,1009,319,873,968,331,186,610,221,857,359,792,1002,59,225,843,91,713,1005,31,302,874,941,811,860,617,768,1017,821,30,993,215,573,105,669,987,724,1022,200,40,2,222,5,345,1006,43,129,101,222,862,543,76,214,30,873,5,711,846,797,776,222,1003,706,125,66,567,319,205,834,861,534,704,982,1001,735,735,550,797,870,229,831,286,104,62,477,610,833,221,222,569,215,195,104,526,157,782,1000,104,58,313,857,895,353,865,553,218,873,873,35,834
467,285,371,337,739,718,270,260,380,92,623,290,416,725,516,247,463,637,708,302,532,453,464,339,263,37,518,210,260,615,751,7,243,263,453,465,295,528,260,466,741,317,176,244,570,278,467,4,1005,877,261,494,260,336,738,383,498,496,483,261,829,285,176,336,518,261,483,350,546,301,598,560,196,359,71,349,327,613,303,532,511,263,4,291,516,549,303,350,295,645,351,476,516,31,722,211,318,435,725,720,464,455,279,467,470,452,477,711,623,71,275,532,276,350,775,307,496,304,466,926,324,452,481,341,434,284,300,303,191,592,673,532,276,480,260,534,102,223,210,164,710,319,455,563,420,817,199,532,929,349
365,348,349,636,92,92,897,166,165,7,416,445,130,902,59,771,929,802,288,848,218,47,186,931,621,128,888,250,797,138,417,128,790,793,345,104,154,373,784,280,280,164,146,256,141,852,937,904,797,280,87,944,336,884,792,247,861,674,28,377,640,791,144,183,134,659,216,795,146,166,276,128,18,890,249,216,184,601,189,768,344,163,146,826,522,132,554,178,210,283,179,890,146,141,320,129,13,377,163,280,80,474,249,889,393,274,441,905,847,458,192,290,149,888,348,503,151,176,802,352,98,226,888,186,183,378,320,862,160,409,904,179,146,147,402,484,128,350,441,505,752,856,154,529,794,351,352,162,144,260
405,449,162,434,550,487,309,550,546,309,252,258,373,950,285,482,318,998,602,927,410,294,273,965,62,885,540,540,294,134,165,475,262,533,286,351,798,285,289,310,142,895,893,965,414,958,138,442,446,571,929,188,351,796,436,639,11,322,350,1020,806,549,569,1021,1020,310,390,486,255,626,497,546,446,159,958,869,175,285,349,404,735,295,229,277,957,413,156,453,411,513,959,659,518,517,277,412,30,947,434,382,511,285,285,441,278,285,277,477,629,630,773,606,566,446,258,34,413,294,630,862,461,455,481,417,422,287,382,557,166,174,486,446,769,925,558,579,316,46,447,397,894,630,43,406,1021,519,605,806,285,442
376,352,111,691,96,314,131,67,128,907,147,131,820,251,860,167,122,736,995,747,179,739,380,85,380,91,76,152,819,691,862,243,114,850,107,207,863,152,864,79,179,13,732,124,456,891,891,859,463,379,691,83,892,264,131,179,155,511,131,895,47,930,207,23,767,352,367,493,948,86,947,143,951,47,636,109,140,945,186,856,155,892,88,843,823,899,830,179,378,643,112,244,225,158,242,356,600,872,99,120,75,225,243,73,90,70,93,192,333,93,243,235,844,135,237,83,240,748,739,226,179,132,632,499,255,847,331,819,483,711,892,351,131,227,123,830,156,192,139,359,231,383,690,143,243,994,178,143,178,183
776,723,872,243,749,267,907,754,707,585,531,766,727,824,755,314,743,19,480,736,784,809,379,876,879,692,994,1011,329,722,647,739,730,591,272,272,739,592,733,895,720,728,805,893,837,880,471,723,702,632,915,735,848,803,727,659,794,838,740,202,572,511,748,828,317,776,272,688,731,824,690,753,611,253,759,475,570,702,658,556,528,749,879,294,911,884,127,834,531,528,344,720,787,27,322,503,659,944,779,763,535,883,598,200,979,211,236,992,832,296,882,608,531,507,479,784,724,307,624,219,672,532,763,592,663,818,347,784,315,480,11,480,490,491,458,883,877,536,836,763,808,871,850,904,755,752,531,720,755,755
493,22,777,310,565,316,445,339,311,342,918,366,300,361,165,694,360,166,459,813,607,261,132,342,194,330,180,589,342,162,139,360,160,489,363,210,597,186,363,128,149,306,278,332,555,148,673,362,957,694,182,206,312,348,148,415,335,166,361,309,699,111,342,93,365,542,109,492,598,677,877,137,181,169,182,186,854,172,574,291,164,331,141,366,566,696,310,366,182,275,363,176,342,108,303,299,342,366,827,360,188,340,236,900,338,371,820,182,302,566,292,873,700,296,171,359,189,186,653,471,334,340,142,5,166,904,425,687,717,495,164,620,364,317,853,252,140,438,104,555,246,299,176,347,330,138,224,52,182,197
383,63,293,310,421,135,228,327,206,668,668,383,382,317,519,373,183,191,391,183,401,391,350,183,702,189,391,181,230,710,686,190,262,654,383,425,263,175,703,878,261,55,965,694,702,380,367,259,133,399,175,556,425,189,156,161,328,381,337,439,655,702,260,447,188,382,350,661,381,157,670,325,668,430,446,447,518,69,231,263,583,174,261,375,174,446,383,446,583,380,158,517,284,382,367,743,7,179,260,263,321,375,135,389,308,63,254,341,63,167,647,509,172,406,453,383,741,190,175,655,767,645,700,142,261,382,364,289,63,383,350,742,199,135,344,135,431,636,175,325,327,325,325,71,142,327,381,197,647,135
754,538,880,481,762,498,502,742,762,673,869,671,40,480,784,994,1018,725,480,1013,89,869,781,347,912,709,773,864,797,873,479,485,653,733,730,730,110,246,609,810,799,484,726,562,625,357,300,734,762,309,399,762,542,502,222,397,594,366,485,102,722,221,850,1005,474,276,730,317,545,352,993,870,761,486,754,871,895,730,270,286,816,794,638,153,797,481,548,557,797,398,794,741,986,693,753,806,381,786,797,865,610,754,890,907,284,105,724,736,886,873,781,818,242,846,501,242,219,609,869,266,719,722,870,241,879,730,89,273,649,877,811,375,757,754,218,613,722,623,869,781,809,338,701,993,865,142,157,96,737,590
654,697,586,169,273,938,954,768,938,683,658,619,322,627,602,683,530,723,1001,529,107,57,106,256,905,537,11,818,379,707,368,275,73,529,986,187,240,175,938,351,523,51,178,147,633,745,352,187,264,618,313,521,275,522,51,904,314,154,105,186,569,367,681,518,102,699,11,89,746,40,938,248,216,147,680,83,514,185,112,802,272,699,48,219,945,435,211,696,144,697,323,938,745,491,576,622,987,305,698,360,745,185,753,584,233,1003,515,690,192,731,187,354,273,19,809,601,680,1003,163,746,339,938,170,938,1000,19,178,722,368,240,323,162,522,19,275,400,600,305,107,537,1018,659,683,235,307,51,324,10,618,367
987,974,982,78,622,973,77,546,294,626,822,567,994,663,948,382,949,861,564,1005,569,937,819,673,674,654,874,808,742,265,458,127,293,526,821,399,585,969,181,827,517,970,306,878,893,604,38,1014,269,674,586,719,558,1002,969,984,653,18,202,549,308,708,512,586,586,442,550,521,376,622,282,822,969,554,610,714,717,1000,562,553,791,1014,410,591,52,462,571,650,6,534,714,585,906,850,546,484,717,546,822,998,422,262,971,927,665,525,746,818,450,339,778,970,548,22,738,948,569,694,597,1009,989,882,50,333,741,717,517,544,1017,858,461,531,1010,549,826,557,651,1018,134,519,611,742,655,383,817,646,382,650,789,14
114,55,480,31,309,567,24,616,12,787,24,96,192,397,32,448,51,104,621,160,627,448,987,96,562,238,410,59,30,1,489,652,568,34,35,225,563,472,19,455,51,186,451,16,264,480,24,76,530,160,15,456,609,59,183,472,27,27,901,192,243,108,456,385,539,499,0,961,624,48,104,984,383,108,496,1000,168,8,639,475,106,335,12,168,888,617,291,100,28,482,42,783,56,120,489,923,174,791,388,643,823,296,170,16,624,40,48,751,18,476,488,420,636,442,11,187,8,402,479,408,499,24,58,168,0,216,968,384,27,127,760,51,408,608,396,98,454,115,423,123,827,503,694,392,26,183,1000,341,218,472
980,896,729,985,526,10,782,920,964,492,729,990,587,632,737,578,784,742,728,924,514,854,587,537,926,1022,1017,910,536,202,899,573,121,597,526,970,590,586,718,274,728,89,985,936,591,986,914,363,633,1016,665,11,914,723,784,282,408,4,537,349,577,920,918,585,536,202,321,797,714,986,833,152,526,767,565,914,366,281,145,723,733,796,961,540,732,977,536,270,728,593,970,586,516,523,832,395,720,794,792,32,728,970,512,797,542,927,733,522,729,512,726,911,590,89,330,720,558,962,977,1000,344,728,799,853,156,766,922,279,984,216,591,961,590,536,153,540,960,78,985,345,666,975,718,914,15,961,27,597,634,65
981,13,93,1013,1009,205,213,71,209,21,859,961,152,976,916,977,1005,195,681,201,16,81,264,747,713,341,208,753,625,907,211,1001,77,972,788,21,808,925,753,20,81,715,977,777,209,81,213,753,751,949,849,67,277,983,209,333,209,199,337,843,1,808,717,841,817,493,201,650,341,817,913,81,743,285,336,268,266,194,17,208,717,273,977,776,81,209,361,337,340,1001,792,911,201,789,205,15,213,905,349,37,833,899,69,965,361,849,341,137,109,267,284,1008,993,853,205,49,213,201,657,211,371,816,79,915,977,905,203,21,912,17,921,789,281,846,245,969,207,83,853,849,48,337,242,11,789,835,13,341,145,915
974,130,534,542,402,80,656,390,470,272,722,18,452,406,326,716,534,454,426,82,6,84,580,118,460,222,414,406,914,76,278,594,10,278,142,458,534,474,550,30,22,346,139,94,90,270,470,22,178,4,150,600,462,142,62,130,278,478,22,132,222,146,670,146,321,274,466,662,470,534,854,478,134,478,19,614,722,422,182,486,450,470,462,30,470,606,564,8,294,150,26,716,478,466,286,474,8,466,458,666,150,662,462,606,86,474,150,482,470,38,80,278,602,8,90,484,204,982,140,524,474,50,18,262,386,274,606,467,606,460,278,34,768,482,8,476,472,534,734,278,10,642,486,470,94,256,126,478,278,146
75,249,507,225,29,897,239,153,545,193,229,449,313,633,689,577,510,347,505,473,296,601,875,81,288,49,281,152,297,419,730,209,314,793,321,248,226,75,225,369,321,943,347,363,449,153,409,25,713,257,481,313,257,473,1017,377,24,623,193,16,255,577,409,505,311,25,171,297,225,417,729,193,57,345,348,479,25,152,363,121,152,161,185,289,281,440,347,473,508,761,317,345,89,411,792,587,313,473,513,317,351,346,849,271,160,760,203,449,47,225,345,281,490,441,313,352,929,761,569,1017,1007,635,481,321,731,473,281,508,251,761,357,219,315,64,25,257,459,633,440,153,253,5,641,793,409,193,825,33,249,57
483,50,49,443,689,48,370,937,360,494,681,672,511,307,697,363,425,767,120,352,562,747,691,619,363,542,499,115,177,691,315,378,298,507,755,315,195,219,451,498,88,362,299,370,891,379,873,114,370,369,280,691,718,371,488,386,44,1019,363,489,755,689,363,688,107,506,673,262,734,465,690,303,691,371,43,363,891,471,370,113,626,427,299,434,681,755,327,363,94,691,371,371,563,195,363,50,368,537,179,743,511,363,401,351,705,695,379,370,627,396,519,259,691,425,689,202,329,49,755,449,552,262,370,689,115,499,362,552,683,762,325,685,315,315,83,690,562,299,233,626,315,696,113,314,711,17,544,379,179,755
189,941,55,105,247,989,172,1005,941,509,173,37,52,988,950,221,1013,621,92,941,1009,373,813,1005,1005,125,44,1006,61,626,105,620,817,1009,624,53,183,997,237,933,933,205,221,997,941,941,173,941,621,173,861,804,813,941,877,293,121,173,491,937,941,877,126,233,411,941,245,845,92,205,781,61,498,237,819,949,1005,893,245,813,1005,853,118,359,821,743,813,229,765,876,105,109,125,621,749,653,1013,189,895,111,510,621,621,613,173,757,55,509,1013,621,37,101,125,823,1012,97,364,5,55,1005,173,164,829,1005,349,941,493,33,1013,949,811,229,92,485,1021,181,172,997,105,797,233,780,109,621,637,889,885,997,1005,119
543,543,350,267,390,532,783,519,575,730,414,647,531,278,143,574,527,210,467,590,542,458,619,335,650,262,8,3,543,39,618,415,463,719,6,517,479,319,655,463,837,58,327,911,6,991,454,510,899,447,459,266,863,510,58,838,399,455,286,26,27,540,27,451,447,404,0,350,942,270,734,415,591,735,574,745,203,526,447,334,458,767,927,390,923,107,455,391,287,390,402,946,452,542,333,127,926,627,206,959,103,191,414,517,460,391,390,607,331,31,726,451,453,588,396,452,478,47,454,7,958,453,455,909,494,75,459,419,7,606,70,463,219,534,927,730,127,775,62,8,663,525,103,391,556,279,511,735,653,954
278,478,396,268,663,92,652,12,476,588,837,20,580,584,934,316,918,844,900,334,460,260,460,644,892,789,292,644,790,77,461,855,788,332,260,277,20,660,340,324,644,860,454,604,340,132,142,534,590,343,452,332,148,932,644,132,20,258,261,140,646,260,652,260,516,648,468,212,509,324,150,174,660,764,295,916,278,324,660,460,132,644,540,58,151,165,172,876,478,332,708,147,28,269,924,909,662,84,288,902,151,150,333,300,261,76,188,86,264,132,150,68,212,300,336,589,710,646,20,576,261,668,828,453,466,644,644,72,900,132,460,128,140,132,278,468,631,468,910,726,4,532,790,388,456,12,268,22,644,900
216,326,357,204,192,652,1004,524,291,217,217,332,156,277,279,45,421,128,116,1001,289,980,428,663,212,646,1003,364,267,245,580,220,269,269,300,926,214,140,196,1005,134,235,209,276,265,42,274,233,32,153,276,656,986,278,214,196,234,734,57,249,548,214,180,200,288,908,804,80,237,209,32,301,466,206,28,65,917,388,245,16,145,145,278,384,268,580,514,340,273,257,217,493,237,673,335,809,1021,276,313,384,986,214,936,279,201,208,226,277,713,260,256,970,274,23,224,512,24,211,13,224,298,260,261,794,213,12,226,245,985,146,9,969,980,45,513,497,268,272,206,306,915,547,261,34,1006,298,293,36,1004,713
433,903,475,15,462,439,61,88,786,67,206,194,2,91,454,467,470,80,71,87,63,217,463,206,80,63,118,445,68,67,206,390,78,56,80,71,86,71,449,26,67,454,846,481,14,207,450,199,322,67,329,270,465,79,73,388,574,84,273,79,49,454,279,104,28,71,86,79,463,14,95,119,272,78,439,502,40,118,22,79,73,336,216,78,457,78,323,65,73,407,473,47,399,335,473,454,72,312,263,303,198,87,65,949,25,462,7,82,121,81,118,95,382,223,112,7,479,73,88,318,82,96,375,79,438,64,15,83,86,254,478,11,713,511,336,78,344,401,327,474,382,81,100,86,86,75,87,441,399,406
534,942,544,526,553,660,662,526,656,824,656,548,930,824,720,570,552,537,950,900,16,658,944,640,553,916,541,512,570,949,932,535,773,559,548,896,981,552,522,526,520,974,512,526,952,648,1001,650,933,908,657,774,544,657,569,532,919,619,560,560,912,906,534,896,657,534,544,944,928,554,657,916,820,456,808,663,528,888,952,916,544,520,532,968,776,656,586,1008,872,915,620,648,906,521,948,954,912,935,668,912,906,522,809,521,905,534,528,910,905,522,520,822,286,682,266,570,600,953,910,523,105,948,657,918,897,806,220,936,924,713,688,904,900,925,528,970,790,544,896,952,528,560,72,944,958,523,521,817,520,912
941,21,1002,792,608,848,592,580,177,476,684,954,544,938,793,592,924,729,908,621,129,900,602,556,900,921,1005,620,542,989,1001,828,584,533,348,557,581,1004,954,605,524,988,85,560,426,993,924,88,669,698,940,41,245,536,525,884,600,44,24,616,28,994,20,556,929,980,829,526,916,528,284,1004,937,162,18,475,1012,876,558,758,1008,696,664,556,988,860,924,557,776,984,302,604,898,544,46,620,1019,544,2,60,925,937,625,989,116,688,606,524,621,544,920,600,592,544,226,901,545,533,852,109,987,546,991,931,96,1005,548,541,968,558,90,621,913,59,696,604,709,465,556,956,980,917,90,806,606,645,430,733,524,608
403,308,134,275,263,54,403,203,413,193,38,158,631,681,135,630,884,7,256,431,401,451,82,117,389,279,109,43,121,191,315,629,483,439,773,271,391,123,43,177,452,391,949,399,71,445,169,247,135,55,263,465,299,663,261,135,455,819,133,109,45,367,7,491,751,819,55,113,190,817,567,59,428,493,251,443,203,171,435,315,453,389,247,908,85,265,415,123,301,263,219,411,169,411,693,213,392,557,362,19,13,119,197,239,3,47,55,369,463,229,439,303,467,584,475,519,325,687,429,199,1019,467,455,209,759,178,457,837,437,427,430,199,506,516,759,123,54,251,945,233,453,325,565,447,695,236,579,401,431,403
403,579,593,503,869,405,629,719,467,98,995,483,471,963,959,734,1007,453,325,1007,511,41,142,931,975,431,451,66,343,115,435,631,985,623,639,975,72,959,1005,439,495,499,67,499,627,931,950,559,1007,635,493,421,959,67,435,110,1021,147,435,35,1017,43,127,488,451,115,425,835,583,81,1011,127,1007,623,559,631,607,46,98,510,1007,429,559,44,575,71,471,67,23,43,79,488,471,43,63,109,444,407,515,598,835,963,705,503,495,19,143,430,391,499,43,45,7,659,435,403,595,957,615,639,67,109,71,595,44,3,981,1010,967,415,1023,83,503,505,600,505,43,494,467,965,43,443,126,427,15,467,495,979,946,503
928,892,543,798,799,820,792,924,956,998,785,752,984,814,686,913,382,784,656,864,732,800,657,806,932,804,908,748,592,830,576,534,800,814,574,542,672,793,929,780,784,807,920,656,680,800,1007,687,540,864,681,528,942,790,550,806,576,742,830,668,748,917,798,546,544,541,824,830,676,824,800,684,804,796,831,796,644,926,935,810,788,538,672,848,996,813,528,798,864,798,814,922,940,1022,928,933,675,810,801,798,272,144,682,802,679,678,784,815,574,737,801,816,929,918,780,813,993,190,828,168,934,519,932,951,540,519,807,936,736,668,214,934,590,801,492,797,638,621,800,790,792,736,798,528,542,542,930,820,668,720
232,762,183,305,830,238,374,136,823,26,826,902,319,207,736,810,191,755,450,822,698,702,209,649,689,867,673,499,15,435,759,141,699,659,654,830,497,208,689,695,240,203,591,254,291,688,176,743,129,698,823,166,827,693,643,827,783,758,232,894,891,160,136,249,318,654,830,688,379,668,321,334,769,176,334,689,131,295,696,376,309,831,526,695,201,834,694,698,766,234,770,234,290,694,250,142,38,330,748,260,145,830,769,738,142,258,371,943,692,255,824,291,783,129,869,270,686,625,800,104,640,690,829,176,823,309,304,948,771,129,273,657,203,658,177,873,674,698,241,184,897,819,642,178,191,686,182,320,675,335
308,294,176,277,412,370,176,256,60,176,824,309,412,287,768,50,676,177,907,158,182,644,176,180,288,24,314,394,398,694,145,151,260,820,269,286,305,138,180,144,132,256,144,30,8,769,310,261,852,151,461,132,140,286,138,310,4,309,780,264,252,176,204,293,160,160,820,14,308,286,156,394,202,182,7,176,280,180,260,128,135,182,822,412,776,312,188,180,52,300,304,280,24,925,384,145,304,206,305,820,768,136,24,142,1,51,166,308,304,415,256,265,289,176,365,148,406,818,48,183,396,158,264,152,128,289,884,4,281,308,666,384,312,269,257,129,300,391,263,317,256,56,488,6,280,415,806,188,144,309
151,295,279,265,225,353,183,112,455,692,353,181,427,544,239,367,605,159,679,11,886,33,785,903,951,293,183,63,161,959,823,7,25,537,607,31,921,694,229,927,289,287,513,289,61,351,1009,425,319,679,25,927,167,999,688,677,701,33,511,160,641,32,670,713,447,533,935,133,177,689,7,264,607,935,686,711,545,173,415,421,425,617,157,153,999,41,929,680,937,152,225,679,479,407,207,225,409,601,182,311,641,695,985,16,161,769,423,733,9,561,711,567,543,958,471,7,737,553,23,473,809,289,95,337,223,457,920,171,284,8,565,392,753,361,695,695,175,159,31,5,167,24,713,263,401,9,779,807,935,439
68,572,1014,291,90,755,610,304,613,774,992,997,114,562,450,490,1004,914,1018,996,868,678,844,1001,868,580,946,423,508,1015,633,518,1002,994,547,804,1018,946,582,627,605,988,1010,601,320,988,540,633,251,492,1019,579,402,972,744,243,987,885,714,573,413,998,999,980,954,564,647,537,166,627,594,578,486,50,646,1018,514,762,610,250,818,646,935,537,115,1002,583,822,614,58,36,882,441,536,482,636,987,90,994,598,1008,50,626,934,986,58,911,392,984,996,456,667,899,995,588,68,598,612,998,896,903,978,1010,483,946,994,66,845,882,985,26,744,562,988,426,906,902,984,636,536,612,986,602,866,603,945,883,552,1001,775
632,56,279,849,264,961,998,531,679,876,623,770,484,535,900,854,938,332,338,971,100,86,298,271,606,263,930,942,100,577,611,588,545,108,615,108,647,514,930,900,524,828,35,944,882,583,44,75,748,131,803,948,352,620,960,928,69,948,65,550,120,802,864,292,50,359,546,751,902,324,932,558,550,117,327,289,805,85,323,598,962,438,547,37,903,627,995,577,576,294,77,582,465,944,7,929,595,418,523,834,452,292,844,672,68,943,901,933,934,934,812,740,79,711,448,835,416,32,3,117,327,610,98,392,878,484,37,303,932,750,333,68,871,292,515,631,870,938,930,738,519,51,263,623,746,611,940,556,437,742
19,887,438,839,695,537,281,1023,755,24,1010,605,888,159,275,378,120,602,694,244,754,443,886,810,784,846,889,759,598,377,150,535,534,374,104,375,635,259,851,637,886,539,283,932,696,569,508,373,647,887,266,183,855,406,816,791,271,1014,121,522,381,697,774,99,358,697,543,310,791,378,820,637,372,855,1022,519,826,383,483,355,823,568,633,280,887,184,363,1023,286,434,791,596,817,769,831,535,639,191,286,693,803,284,819,878,628,167,529,890,55,826,886,286,571,25,843,630,314,122,886,753,757,881,895,59,755,696,190,885,278,383,887,698,635,26,567,6,408,692,372,184,567,534,993,771,579,538,249,244,857,100
32,324,262,145,970,970,579,424,961,514,510,129,488,30,33,14,98,461,706,446,254,322,642,761,578,302,552,544,270,291,60,557,547,45,326,32,259,552,1007,294,961,320,998,298,1009,584,916,806,736,933,709,425,718,555,417,250,995,588,938,270,45,437,749,961,756,419,705,868,777,989,656,757,96,65,489,578,706,1017,902,570,255,306,194,74,552,1000,579,322,230,356,226,962,769,917,235,745,288,289,1021,336,254,404,970,304,68,810,708,298,754,554,298,550,612,307,328,941,46,41,288,298,363,54,487,962,70,614,261,546,246,741,252,226,962,514,1004,419,288,46,581,545,749,644,329,872,906,977,817,608,33,327
141,119,104,457,100,131,227,870,242,916,866,995,791,780,1001,355,149,917,931,1012,3,515,917,96,99,15,133,775,775,0,98,232,97,939,352,867,771,807,180,868,101,103,104,148,0,902,996,993,992,136,1003,853,887,259,787,879,1019,107,947,103,105,948,355,180,148,924,771,839,146,900,100,895,996,147,104,116,131,903,387,279,164,107,884,229,873,483,33,768,244,949,363,149,916,372,927,3,3,99,868,7,871,215,261,992,997,903,779,917,772,107,103,264,73,100,7,379,645,308,129,136,158,992,103,103,608,115,864,4,136,135,871,1014,867,96,228,931,875,119,868,99,949,388,99,869,147,772,992,35,103,32
589,1000,130,257,1010,748,1001,138,137,577,145,605,298,370,50,354,137,642,385,262,898,641,493,270,131,905,672,130,66,354,737,258,417,750,789,750,642,493,130,497,738,494,129,745,494,493,897,298,355,358,449,131,142,330,737,288,270,897,348,394,654,493,769,742,658,865,301,653,1005,365,642,653,481,257,173,226,138,145,763,994,737,227,482,419,674,522,501,355,897,128,193,737,130,641,657,258,490,194,257,322,361,992,562,994,289,578,9,906,514,513,737,641,142,266,329,138,748,170,642,581,941,17,35,641,129,625,365,749,267,489,877,649,265,482,514,748,685,141,642,974,257,141,258,544,481,909,176,525,733,266
688,244,500,538,367,194,183,118,272,594,694,203,540,337,371,375,415,304,828,439,368,700,375,337,942,306,316,624,440,371,151,240,598,152,375,383,652,179,24,826,815,436,407,166,726,482,690,820,172,371,664,328,728,661,757,690,312,712,819,727,345,379,415,627,663,448,704,733,438,891,726,374,508,278,693,818,310,603,370,376,205,624,653,863,431,880,840,264,855,210,433,632,368,120,511,630,538,369,152,720,688,447,908,368,507,882,548,870,372,183,715,749,340,659,694,567,692,432,582,595,319,188,280,694,370,375,627,467,662,690,702,374,372,688,720,424,695,695,852,695,699,679,373,329,366,278,649,343,732,627
560,538,389,403,432,585,417,455,632,684,470,1018,607,632,475,761,565,341,376,472,223,439,660,635,424,665,980,473,1023,536,587,342,345,568,536,377,695,242,467,585,601,345,635,452,536,472,635,475,436,760,889,442,632,598,371,562,315,569,504,1016,680,637,611,536,571,632,699,635,424,340,536,709,644,633,425,411,937,633,699,662,628,989,565,1000,594,287,535,586,985,660,587,436,427,425,435,635,324,570,595,449,633,991,662,714,681,281,308,603,662,473,155,223,715,919,56,48,438,648,404,632,394,496,311,631,376,532,561,632,433,248,378,440,548,673,340,153,487,303,566,420,1001,523,471,634,961,423,249,597,42,344
202,413,710,281,30,522,603,741,553,33,470,102,345,585,274,362,81,250,322,418,726,286,761,38,598,975,546,54,186,550,613,566,986,117,373,38,101,301,102,290,506,249,121,497,313,181,546,309,545,634,590,50,825,198,117,841,568,387,258,378,393,101,826,278,806,286,682,153,66,305,426,986,954,53,910,813,285,170,706,545,966,293,57,294,94,593,94,877,565,53,294,890,54,346,585,282,601,689,341,391,889,326,709,35,102,553,450,126,61,26,98,385,258,229,278,281,37,37,4,514,253,269,571,513,69,809,554,34,198,621,266,385,549,753,449,275,449,793,890,282,394,26,594,694,550,554,165,379,933,601
593,934,809,181,177,425,982,201,634,242,166,682,987,473,983,986,425,586,647,976,965,808,969,841,969,746,242,906,921,661,697,89,977,1015,438,1,169,537,968,233,810,902,656,694,730,953,681,969,441,810,162,934,584,601,200,201,777,201,986,202,586,178,1002,169,985,837,1013,832,186,982,586,666,602,810,714,986,490,970,917,281,969,18,912,841,630,578,602,714,953,162,725,329,441,33,170,953,953,849,426,217,910,201,677,933,145,1003,162,970,789,817,954,474,209,952,0,650,905,763,976,811,170,201,811,977,809,841,10,342,8,209,210,905,810,134,825,150,129,169,73,955,970,827,209,809,1009,10,906,938,209,441
467,936,657,715,210,728,560,821,593,976,488,969,463,57,567,808,969,691,490,201,1018,552,571,955,808,1019,566,630,420,983,440,567,315,147,569,189,953,689,873,969,731,618,299,504,970,969,985,458,961,240,565,905,459,131,235,475,913,1001,921,937,426,191,80,759,552,513,630,905,599,33,888,528,901,975,568,840,182,939,552,969,937,55,971,969,627,902,969,402,667,837,984,50,554,697,971,169,571,987,508,745,570,929,526,551,603,881,921,873,977,569,386,457,128,941,911,913,629,1001,564,1019,59,144,969,629,875,699,986,945,977,810,522,921,392,856,563,987,990,389,562,201,38,569,695,696,185,842,635,57,129,218
40,842,216,240,52,805,115,165,475,555,804,338,116,98,20,546,580,336,124,850,51,649,1000,10,656,273,0,840,196,42,106,235,140,823,810,810,642,10,42,410,34,193,655,202,197,50,888,148,864,842,804,126,116,16,523,400,91,37,136,42,226,234,42,867,1008,128,50,171,128,232,138,858,520,136,108,666,370,651,935,618,36,517,134,906,708,96,96,144,411,76,11,354,138,53,522,47,504,80,106,116,42,403,82,226,147,128,166,116,131,426,411,564,144,139,234,128,960,236,91,8,193,192,122,424,850,106,1005,650,52,874,90,965,10,70,82,714,80,842,48,430,416,128,107,403,80,511,115,95,146,74
413,889,888,414,400,455,283,890,16,510,383,63,413,408,262,498,260,889,124,816,548,288,1020,316,157,415,158,880,460,368,351,81,376,422,246,125,280,644,152,13,100,477,696,184,370,358,774,68,897,415,120,415,45,359,665,112,111,371,358,696,345,376,382,1009,921,784,359,127,414,319,390,838,624,5,39,925,888,391,359,410,888,383,359,881,614,880,897,15,883,609,505,458,889,374,829,503,445,133,260,445,804,388,356,769,390,888,125,197,315,389,793,397,349,84,352,13,157,863,871,911,285,880,260,871,391,389,0,721,414,374,879,895,773,927,894,870,469,376,414,359,888,984,824,349,865,383,861,344,382,432
0,811,72,466,99,181,675,408,733,211,160,208,762,99,18,544,195,991,90,728,0,69,985,228,719,32,684,813,773,732,583,712,552,162,537,196,556,882,1018,222,818,644,732,988,57,240,706,969,160,515,972,9,973,728,40,98,644,982,608,872,50,725,181,716,200,991,840,32,192,984,376,202,811,44,219,48,34,911,205,864,557,803,938,204,963,974,824,96,216,219,564,32,809,0,847,732,234,482,856,675,205,76,104,52,32,249,786,704,973,751,208,44,203,162,728,26,972,808,0,904,667,200,986,32,991,552,210,205,0,952,576,32,540,201,287,867,978,953,163,0,707,960,519,165,560,210,714,707,715,804
480,876,831,449,351,291,311,991,256,327,307,861,295,767,449,471,614,863,963,555,419,447,547,351,467,991,271,479,607,319,544,314,815,799,735,537,827,830,321,828,292,732,315,672,607,547,683,575,607,863,551,288,831,575,607,327,415,291,423,609,335,803,895,733,711,735,290,575,479,412,195,311,605,704,487,336,675,292,735,295,311,557,608,351,803,551,412,319,298,808,963,295,511,35,511,295,348,575,735,988,579,673,711,339,871,673,291,591,551,431,704,601,547,288,311,524,350,580,967,451,735,455,447,641,793,411,675,320,295,832,687,820,672,571,551,463,859,830,479,479,415,327,687,831,499,455,829,483,609,351
783,942,949,865,1001,94,41,23,817,225,941,1013,99,1006,791,845,769,833,1006,78,877,821,814,24,878,635,545,956,111,769,873,783,782,788,952,772,768,773,1009,532,175,45,799,1000,1006,768,857,774,941,13,873,382,978,654,0,942,328,784,1009,12,1006,601,533,381,942,767,18,0,301,785,14,829,521,876,1009,110,253,313,943,17,814,769,1012,797,993,877,877,173,22,792,943,814,782,110,768,931,878,943,768,1009,872,813,814,832,849,493,1005,937,785,113,994,797,829,513,865,1009,1014,778,1005,859,844,809,993,788,881,495,1016,785,1013,919,885,970,877,785,871,658,15,845,857,61,789,789,966,128,1005,308,857,781,45,957
516,768,260,160,760,709,993,10,763,507,278,464,259,169,507,769,377,249,256,525,595,322,491,282,539,1019,785,283,923,512,224,456,680,201,740,229,24,745,841,169,481,765,832,253,537,717,128,762,0,899,997,507,993,824,596,667,577,417,771,578,162,640,261,768,1019,307,736,354,277,377,3,1019,256,484,517,517,317,5,506,13,224,203,837,1019,253,431,897,665,772,128,897,744,352,777,268,17,765,20,652,979,747,645,251,787,787,768,928,249,641,284,992,569,645,360,12,753,581,760,256,577,664,993,592,512,741,541,379,745,153,492,765,1008,535,210,261,827,840,3,773,778,761,740,769,129,995,377,459,256,665,441
119,211,505,603,989,587,875,45,442,425,178,930,273,410,865,345,333,422,867,81,91,381,694,771,925,289,891,595,770,893,257,659,317,445,683,539,699,803,435,738,287,667,218,773,945,134,529,954,447,513,909,946,114,771,928,17,945,965,945,803,553,427,105,363,539,191,66,429,937,959,179,545,433,369,543,714,561,346,458,941,355,609,257,931,941,874,769,433,171,941,370,1013,134,945,344,131,69,947,833,163,801,895,779,955,833,219,378,768,674,443,977,843,835,799,26,899,685,837,673,99,153,162,954,781,329,91,682,305,799,378,915,477,287,437,353,365,89,539,800,847,339,905,979,530,959,153,27,797,81,897
739,411,443,387,250,747,737,579,94,747,503,763,251,187,346,446,739,699,579,609,579,579,502,425,283,225,534,467,994,385,573,515,258,70,346,354,575,603,89,763,510,883,27,267,399,571,579,548,475,26,1015,731,67,602,743,279,227,508,583,347,283,503,571,315,186,579,577,259,102,567,507,532,579,94,517,555,761,745,545,743,90,738,353,746,731,740,306,603,90,759,484,29,725,602,451,694,347,724,739,347,747,568,412,577,723,63,211,737,283,124,69,443,570,762,546,955,310,507,758,612,613,506,66,586,350,119,955,762,91,755,501,628,607,987,572,90,483,163,731,751,350,411,424,579,9,516,606,577,129,565
264,83,628,680,596,520,618,513,625,539,10,306,690,332,139,266,594,561,532,317,626,617,906,679,52,426,104,628,643,428,644,622,531,522,698,372,512,666,690,374,260,570,74,618,610,690,50,741,693,266,529,606,350,682,681,688,260,431,542,592,432,688,167,178,521,677,520,363,535,517,616,299,318,380,8,443,362,276,528,381,371,288,564,278,579,306,523,82,613,597,276,820,531,626,433,562,650,564,528,432,363,369,108,682,386,114,648,53,340,98,560,525,587,112,609,78,116,272,340,560,362,65,675,266,691,587,16,562,256,348,541,636,314,112,540,692,286,586,540,585,106,427,428,688,87,112,332,554,522,522
