740,447,432,596,65,873,620,503,71,399,627,333,359,355,756,77,119,417,114,485,333,106,450,71,233,257,577,448,277,465,71,485,118,461,117,559,620,749,263,455,357,502,481,441,710,199,465,498,401,365,631,621,373,949,369,359,396,493,99,105,444,497,682,468,249,239,114,461,481,765,618,298,109,105,471,489,357,391,502,425,55,461,253,79,119,721,757,316,366,105,489,461,749,513,105,461,764,961,106,52,253,322,609,112,775,77,501,235,631,501,500,746,480,755,623,71,646,781,198,457,233,71,732,493,455,452,449,871,209,469,113,367,449,254,117,461,237,877,85,487,501,301,271,455,114,882,465,493,489,1
63,899,1003,139,907,17,23,147,11,13,575,19,667,785,981,188,229,13,437,781,651,7,49,179,799,235,911,32,153,147,37,121,21,151,121,287,63,147,31,791,3,29,1011,688,276,179,239,289,813,217,159,397,387,427,901,795,289,917,791,707,28,190,409,563,955,22,51,21,303,909,809,801,35,405,639,401,781,255,15,953,175,927,812,137,911,271,807,821,17,14,13,170,561,793,55,17,395,377,648,179,775,49,689,621,177,649,519,3,907,801,955,907,547,287,653,171,171,155,23,15,927,909,179,169,729,159,707,259,399,801,177,681,824,77,307,543,652,301,13,29,105,801,771,48,141,263,783,921,155,139
662,627,522,891,622,35,815,945,922,987,135,575,623,922,625,641,911,575,751,1,631,887,935,357,1004,906,622,705,843,640,987,955,782,311,753,890,815,777,897,735,922,813,246,907,639,199,159,769,919,848,423,559,823,769,513,287,572,129,899,583,655,575,651,385,537,575,949,547,579,919,607,893,583,891,99,570,833,710,833,945,577,161,757,987,520,899,641,949,986,949,1014,543,1011,955,63,699,662,512,53,769,520,801,695,1014,433,664,518,859,803,879,910,577,59,884,967,775,527,987,640,793,759,561,536,898,845,815,970,587,824,971,585,47,803,971,839,543,885,669,999,103,984,571,923,5,433,527,892,907,1011,902
441,53,137,17,881,195,950,696,25,4,163,117,179,57,251,121,285,260,83,179,921,452,541,120,163,861,53,153,277,413,117,434,409,403,377,533,387,385,97,825,179,803,565,83,749,993,899,505,245,485,283,605,541,949,516,909,25,48,85,163,413,345,24,164,261,258,105,795,117,482,75,405,838,121,921,789,665,243,149,331,313,927,227,53,718,282,619,385,82,884,856,183,65,253,953,56,203,563,152,305,51,173,505,41,389,707,889,453,473,485,817,185,253,321,769,949,405,440,817,917,468,178,885,137,829,27,405,257,339,969,216,68,19,282,865,405,486,507,181,476,899,259,137,312,133,459,19,6,849,946
38,506,9,374,207,99,255,15,259,153,194,899,179,207,61,402,649,93,217,417,275,239,675,193,107,946,462,655,727,517,831,777,599,175,727,823,415,995,679,43,777,841,27,871,962,439,195,249,319,335,191,171,153,839,43,267,199,809,601,665,479,71,295,137,9,153,609,253,27,335,182,238,179,163,190,179,791,163,851,319,366,43,137,496,206,295,285,207,287,717,1023,344,265,899,99,76,199,147,795,995,98,329,81,191,219,153,407,7,137,859,683,569,103,871,255,923,379,875,29,826,887,123,201,189,207,527,131,553,189,143,283,219,654,217,35,433,507,795,743,319,137,899,385,7,198,123,831,867,627,814
908,604,973,475,624,252,512,514,850,135,140,794,624,536,589,466,454,903,636,603,218,1009,313,806,28,581,927,537,71,102,435,903,631,967,834,950,774,205,86,983,158,403,205,549,102,164,965,835,990,372,160,530,711,918,949,258,24,924,286,991,21,998,158,711,95,630,990,94,530,287,542,600,578,852,186,186,779,908,1018,631,798,594,26,146,1011,194,160,982,534,152,588,979,1009,578,918,838,197,934,913,989,849,798,706,767,677,839,897,925,139,578,734,49,111,432,901,560,851,615,26,770,624,1023,88,962,605,196,239,26,835,994,248,857,985,432,750,581,985,334,248,912,90,911,973,231,400,901,722,622,774,513
1008,135,138,768,170,966,724,506,145,859,854,568,314,982,460,596,805,615,519,897,945,756,330,511,412,559,222,809,519,398,868,624,688,656,991,908,756,886,265,964,974,890,623,384,632,337,141,591,722,408,862,1007,344,835,1005,331,991,256,712,619,513,948,856,648,820,137,813,973,1008,0,684,633,940,788,746,842,674,907,665,986,198,748,588,513,718,868,576,971,632,335,586,188,889,576,791,533,787,570,459,542,632,744,700,448,144,972,706,372,197,564,60,214,920,272,964,732,331,938,820,660,217,668,100,1006,548,762,584,498,854,852,134,152,532,998,900,949,661,598,148,642,230,852,706,628,661,974,1007,728,704,1020
583,416,442,6,820,8,523,581,682,570,762,37,254,29,417,782,36,795,164,762,316,134,522,488,422,470,417,402,537,537,163,31,409,478,60,978,930,570,384,264,794,473,265,536,19,128,422,305,154,438,490,386,902,281,130,800,885,562,447,145,666,154,598,672,859,542,529,400,67,457,328,397,666,521,114,541,920,794,805,6,36,48,832,16,416,555,63,966,54,415,416,390,400,570,426,462,490,10,992,33,390,264,161,425,290,149,390,422,185,738,703,500,264,453,787,250,21,414,391,542,416,25,746,528,421,250,530,16,130,28,424,58,89,414,515,666,594,101,661,574,573,31,574,520,558,643,806,32,17,848
577,451,521,518,383,249,377,951,254,723,590,632,254,363,889,327,480,1011,455,627,567,710,253,101,195,497,631,826,311,212,870,736,343,263,880,328,582,815,163,895,372,1010,327,295,8,218,150,598,175,599,757,717,248,1011,1018,955,696,845,707,353,1004,520,240,402,135,639,958,207,305,246,752,586,214,583,198,741,368,1011,737,123,625,501,455,343,327,378,792,721,220,248,363,269,583,844,454,823,717,903,925,135,711,490,372,625,271,611,696,635,505,345,321,960,482,155,883,66,192,250,697,200,469,487,602,80,585,1017,480,513,519,960,583,248,265,738,192,89,358,357,240,306,475,733,625,615,219,194,281,184,236,967
885,52,417,415,116,577,564,628,144,467,155,148,658,27,134,51,16,819,721,773,244,784,389,38,574,157,176,52,180,273,412,180,567,434,14,279,7,157,657,314,260,391,258,155,189,269,492,136,136,192,774,298,264,153,832,37,372,830,128,529,453,389,388,790,265,262,0,388,649,317,152,166,560,178,920,497,565,662,478,766,657,891,435,312,477,927,192,413,134,900,186,408,0,313,132,8,389,176,262,267,280,128,134,277,821,312,404,128,62,51,280,528,62,543,186,370,432,710,656,548,773,836,403,399,314,668,20,185,572,568,656,317,414,564,512,158,543,374,401,276,924,444,152,187,259,563,797,154,927,543
14,703,977,160,415,63,617,184,905,63,948,62,752,589,483,431,495,618,1016,375,425,682,25,695,314,391,334,561,617,774,427,175,37,505,490,254,391,576,801,119,297,607,969,529,905,631,617,677,479,93,905,461,549,299,905,767,1001,480,716,759,208,616,737,209,104,561,207,549,691,874,722,607,228,863,484,614,585,558,717,655,431,472,7,814,511,115,535,430,552,91,798,596,502,312,929,735,754,55,841,631,655,232,785,427,489,489,633,251,616,845,17,983,787,795,588,495,392,201,729,427,562,932,15,77,197,543,368,490,534,778,891,418,691,412,424,201,574,633,206,644,337,7,649,554,738,777,42,248,767,42
370,330,748,258,94,725,314,275,388,691,376,586,1,0,208,82,254,154,780,16,353,428,400,231,362,674,876,892,949,388,327,172,332,256,268,956,410,259,323,398,228,338,180,62,875,370,325,150,210,429,224,379,760,286,224,884,755,199,244,211,490,380,270,255,338,492,139,772,44,147,329,398,292,334,252,531,378,444,64,188,5,477,850,428,352,857,434,314,264,146,373,110,612,163,729,133,465,146,146,234,5,820,290,660,244,468,234,258,410,874,164,629,16,234,320,484,274,190,253,124,373,340,268,353,234,380,279,268,385,205,1006,334,268,728,380,146,154,875,786,686,510,141,768,420,282,142,588,864,762,421
640,840,848,801,416,208,720,874,220,614,855,727,90,401,456,184,205,743,853,356,819,165,563,725,830,965,718,707,141,338,212,151,309,823,933,815,594,772,191,110,445,235,72,643,228,308,928,780,207,5,6,311,761,967,693,912,819,301,251,253,826,210,904,981,307,619,188,648,424,673,289,181,918,175,470,640,225,851,367,262,207,304,767,302,673,178,98,677,852,549,50,469,48,653,207,146,183,841,211,43,325,569,176,111,368,555,335,841,791,737,727,214,656,359,138,179,261,769,178,191,1010,804,5,526,485,769,369,727,963,136,325,244,206,228,431,891,100,798,4,45,979,546,407,10,377,151,64,435,51,819
135,281,855,665,838,112,632,760,555,396,807,807,674,348,589,661,165,287,420,596,393,865,24,491,837,472,996,866,999,229,700,147,644,405,736,473,503,477,99,482,225,847,238,770,869,707,790,1012,511,11,173,520,683,608,171,132,867,131,279,547,133,722,665,663,617,298,979,511,805,787,741,643,699,661,453,731,35,208,326,225,407,481,662,624,433,663,608,981,609,201,370,250,741,804,849,664,396,468,400,837,808,484,879,868,793,738,760,285,385,201,261,734,741,643,551,855,130,210,537,112,467,887,602,195,866,216,279,851,504,852,640,26,97,864,255,11,669,391,676,625,257,24,771,147,869,884,647,392,158,947
674,364,179,239,194,801,875,264,766,367,667,151,237,667,11,237,255,725,673,316,607,180,235,138,811,687,249,53,84,108,29,280,385,233,751,461,111,795,125,245,911,168,676,750,175,747,869,329,51,805,543,873,154,279,188,513,463,637,899,703,951,797,857,521,852,172,1021,8,243,755,28,175,338,748,1021,686,743,189,720,117,155,235,676,539,254,687,24,808,754,364,883,357,338,130,211,707,748,740,800,254,107,885,109,229,353,781,753,878,245,169,751,783,255,381,755,757,980,831,366,804,715,203,433,43,153,676,329,904,330,365,777,877,737,666,754,748,27,411,352,243,138,363,551,877,882,217,233,684,242,681
657,766,584,568,762,49,693,790,1000,785,847,928,823,933,793,749,584,831,1022,362,932,240,695,689,762,82,888,915,848,697,814,247,677,831,726,873,651,257,851,847,690,151,914,817,159,825,130,767,776,832,669,664,41,932,848,562,686,934,819,820,847,821,777,680,1018,697,676,838,938,868,840,771,649,721,184,27,961,786,705,78,590,656,580,645,970,868,217,794,191,972,790,728,1018,696,783,894,1023,665,933,726,669,1001,849,206,52,702,809,820,1000,846,139,872,534,711,764,829,997,705,847,726,929,776,792,776,800,690,548,650,818,779,968,760,684,174,696,777,817,797,76,167,697,750,702,641,750,877,677,54,674,145
265,138,390,190,273,253,51,250,316,274,332,190,134,473,359,307,345,298,89,393,368,969,328,849,438,292,280,184,136,135,905,336,260,185,147,211,296,456,206,320,284,274,292,138,50,336,340,352,324,225,209,209,473,252,151,166,176,337,194,186,208,85,88,822,199,264,193,178,322,264,208,22,689,191,342,244,212,295,274,809,929,800,208,273,273,238,213,721,352,217,167,81,311,80,71,346,895,182,328,311,976,488,702,209,928,345,80,257,134,216,546,214,272,80,208,336,161,0,232,65,238,310,160,190,720,290,336,32,962,262,129,808,396,144,10,390,391,208,182,313,223,343,214,184,260,737,238,256,316,193
934,875,950,791,567,570,260,1020,933,523,753,531,421,917,933,227,757,1002,523,784,577,985,658,551,545,535,709,503,229,571,909,571,881,663,650,595,961,853,889,725,694,521,289,572,503,716,853,531,909,995,980,630,706,959,717,930,789,461,529,965,818,623,971,827,484,904,633,569,995,888,535,820,515,552,101,803,584,999,973,994,995,915,120,705,908,515,789,781,1017,246,632,867,755,946,789,979,933,534,497,995,892,678,563,787,707,637,933,575,498,627,522,570,741,1019,549,249,589,726,901,677,534,525,502,894,639,770,389,681,971,224,1013,785,809,695,311,694,499,933,795,1006,81,979,787,639,235,522,529,371,641,921
633,828,224,954,426,954,428,696,617,1016,690,732,600,784,602,944,998,546,622,801,770,820,550,1006,550,540,740,649,550,176,689,828,930,360,920,112,723,668,816,620,690,240,931,803,650,878,984,912,560,300,568,692,986,250,868,588,570,932,542,524,438,585,564,75,1009,138,950,718,700,642,620,212,834,610,642,251,940,172,492,618,935,996,996,994,939,461,820,668,780,942,764,420,931,806,910,652,622,712,531,628,989,540,970,548,614,642,970,778,688,692,978,688,1020,618,646,522,838,941,612,169,613,386,560,250,516,1011,892,930,932,522,979,930,984,906,522,692,1016,560,875,980,580,796,732,802,986,194,692,550,772,576
379,123,317,465,189,339,395,593,141,497,468,384,32,19,245,84,51,435,307,279,803,803,563,457,580,85,407,239,403,63,617,511,236,84,151,65,541,215,53,405,416,279,241,177,581,126,251,340,635,19,366,297,304,450,783,425,433,456,80,575,603,403,926,85,665,75,71,80,60,272,784,806,60,332,504,109,435,1007,377,59,59,407,368,139,597,127,476,563,69,433,439,479,338,0,571,457,261,83,966,364,85,439,329,359,212,83,595,992,507,575,316,53,312,246,466,529,473,447,297,262,329,621,583,489,595,703,393,288,417,175,801,369,371,167,861,438,469,635,327,57,433,467,99,190,44,289,71,367,71,63
893,355,602,877,416,154,269,65,295,591,853,839,925,618,901,846,1016,55,853,631,390,409,920,101,837,295,888,94,854,999,263,313,258,845,15,1021,870,617,261,380,196,349,741,506,131,673,330,981,621,629,274,394,381,764,636,980,752,885,871,865,852,774,381,926,517,788,982,725,14,761,869,491,285,341,227,615,458,506,517,839,639,952,871,505,261,836,1008,4,773,1021,893,362,900,615,492,877,301,637,628,261,285,499,869,260,901,889,990,429,516,598,850,868,599,261,442,295,869,613,637,583,431,853,549,341,639,296,893,450,868,981,53,373,464,865,892,889,869,721,897,853,805,373,628,917,17,849,575,620,837,263
133,225,229,765,337,225,609,485,801,861,229,421,158,923,678,513,741,509,235,425,396,1018,689,361,485,493,149,1019,145,947,1,254,89,810,656,113,468,101,369,247,213,941,509,81,225,229,133,1018,154,645,236,225,413,161,745,109,357,307,725,357,927,191,691,352,147,725,229,678,481,124,681,999,485,229,379,235,197,661,257,731,213,245,221,133,766,763,741,121,745,239,1016,252,772,663,889,889,1019,215,411,791,228,669,109,98,749,232,679,243,229,682,717,793,671,401,865,794,771,996,97,154,201,435,155,873,5,97,725,481,493,681,741,154,386,237,903,159,821,683,174,230,125,656,179,575,679,485,683,660,571,921
408,300,274,745,424,172,425,497,497,658,405,395,882,361,360,437,297,432,620,657,443,474,648,320,233,474,105,752,305,348,280,424,168,490,169,39,426,108,665,187,175,365,488,178,145,424,273,270,729,418,224,236,302,426,657,360,425,538,290,127,126,50,375,557,659,438,17,296,302,208,122,525,241,400,401,432,722,401,745,433,418,617,186,661,409,303,411,746,680,305,286,689,170,405,137,489,781,472,488,108,321,178,424,425,248,443,401,434,490,151,505,400,232,728,152,19,443,362,746,290,505,681,182,241,721,401,362,529,33,273,860,272,305,553,361,425,746,241,57,45,145,970,328,369,178,745,144,443,23,298
832,844,860,196,66,9,836,838,751,895,206,708,998,59,73,101,886,189,452,568,584,875,845,516,893,890,847,605,188,140,78,332,95,774,574,756,576,700,825,881,590,174,791,824,732,843,825,612,189,422,339,189,996,101,701,676,887,46,566,837,825,534,777,979,966,103,890,575,943,809,121,844,957,860,215,56,845,353,272,837,206,63,207,306,716,988,832,999,36,734,836,545,870,701,614,834,910,95,621,571,1011,422,892,884,825,833,826,103,891,776,846,870,122,254,791,1005,773,61,89,956,379,806,837,764,74,123,76,847,668,1005,383,956,972,890,698,76,836,21,204,15,500,777,56,846,339,743,877,103,877,877
942,958,461,180,388,956,988,658,735,678,806,1015,1014,218,896,496,989,970,966,988,509,254,881,235,540,771,989,957,204,462,478,702,1000,220,833,73,343,173,440,439,182,950,174,223,194,206,421,466,911,207,316,951,193,668,466,947,750,204,980,951,952,238,955,989,183,310,429,220,214,247,966,484,906,205,404,999,965,323,462,479,420,247,319,873,324,261,910,462,212,164,462,148,388,215,182,203,999,1022,391,165,174,218,390,463,207,964,990,460,244,473,469,204,231,924,503,198,631,320,933,322,868,439,231,974,741,135,242,974,900,686,988,180,980,831,974,902,958,965,221,438,460,196,940,476,73,181,933,398,344,311
560,569,561,794,993,996,612,616,1000,841,564,424,786,96,300,868,952,562,314,790,654,541,232,601,736,784,844,293,802,612,856,636,626,753,856,858,608,376,883,953,309,637,926,258,1016,638,576,680,378,692,857,376,386,867,666,634,280,441,670,108,890,634,890,532,90,27,574,768,514,828,790,550,760,473,610,641,680,398,548,410,633,585,568,673,713,633,281,626,824,818,889,634,290,617,890,8,889,369,996,803,764,666,290,296,120,216,768,315,824,911,953,697,808,386,1018,830,584,804,84,649,737,676,519,768,634,608,536,890,125,610,786,168,830,965,286,874,864,108,250,620,505,930,840,616,666,893,358,317,826,313
741,1011,138,573,60,134,4,101,374,862,14,119,181,46,276,623,698,243,887,118,630,622,118,620,631,761,101,32,37,54,31,518,219,6,142,26,43,119,124,232,118,878,117,551,119,289,103,390,613,541,170,622,771,10,372,626,118,533,706,241,109,30,210,235,573,110,571,66,92,622,376,69,86,227,29,234,631,621,747,6,621,160,70,622,227,268,1015,47,666,524,118,55,110,557,115,110,622,619,621,251,631,887,856,622,623,622,886,114,587,288,37,117,15,103,906,46,543,117,542,242,622,118,630,211,524,27,763,110,174,125,629,731,860,110,102,731,621,30,4,862,53,94,111,71,29,416,922,620,622,125
819,315,347,510,957,705,514,950,241,66,958,664,62,180,348,194,708,961,518,786,462,947,930,446,926,109,902,74,444,946,442,24,580,454,810,946,190,436,296,910,441,825,174,322,570,88,442,937,682,237,198,198,601,432,306,826,778,770,2,87,62,770,859,314,314,577,830,769,534,546,816,10,745,910,823,819,514,808,828,58,57,430,213,244,315,950,133,810,58,802,810,940,816,411,194,466,513,346,826,709,874,636,948,89,507,898,547,226,826,290,962,56,824,254,160,146,339,25,350,960,466,966,958,146,446,114,950,198,726,792,392,317,834,139,718,306,709,146,18,825,748,82,196,934,450,150,306,966,942,774
12,226,421,107,59,1015,289,27,211,97,404,624,27,751,175,353,375,377,866,672,261,97,147,210,443,25,98,449,615,873,242,130,913,785,811,696,1,697,505,864,553,371,343,289,543,243,410,19,55,401,126,234,61,1016,758,288,99,232,130,788,584,102,272,794,99,618,611,117,586,587,758,71,377,871,232,866,968,865,533,850,609,285,31,1008,141,115,595,112,183,667,555,514,68,483,115,87,624,465,249,25,880,239,426,376,24,33,669,299,535,409,99,715,211,3,46,594,169,214,284,351,880,377,619,528,97,663,48,521,786,146,786,75,103,11,9,232,633,817,417,35,330,88,854,81,59,62,809,357,97,99
184,306,189,901,952,169,430,31,197,501,461,941,431,181,169,674,889,442,461,605,478,169,172,93,953,230,991,632,213,178,437,447,406,346,141,497,508,351,428,145,429,765,205,333,969,215,125,137,233,58,743,553,569,497,385,735,178,225,249,371,432,45,625,469,422,109,244,255,946,973,177,246,941,242,434,185,433,557,506,713,362,169,478,161,50,941,50,14,237,184,509,861,443,90,241,398,314,236,112,177,897,13,245,940,182,425,858,201,121,40,253,169,970,955,447,63,949,403,622,141,941,987,173,955,454,431,463,425,973,242,479,13,233,458,982,157,1008,94,415,177,947,364,152,175,333,587,415,204,29,434
106,778,152,106,824,682,356,158,66,918,978,142,159,858,886,158,806,836,836,936,938,859,920,152,925,906,670,826,846,118,932,106,182,106,958,802,900,164,901,924,246,903,160,134,1006,338,678,926,275,920,178,854,890,822,626,102,616,790,868,872,330,842,650,670,1014,941,138,786,862,906,408,906,839,570,862,116,158,135,193,382,904,984,753,170,414,660,958,920,66,74,134,880,624,902,938,886,614,796,922,352,842,940,614,906,138,42,856,802,902,926,842,986,900,814,166,150,383,998,282,922,798,378,936,154,918,946,786,326,410,862,102,106,899,364,856,158,921,838,788,133,68,666,154,850,898,162,838,328,923,694
490,532,260,457,478,843,251,264,580,150,448,322,265,264,327,282,266,450,476,276,266,222,266,838,276,769,222,314,857,393,532,954,502,265,488,250,785,276,257,0,246,456,452,638,472,117,457,266,142,466,455,402,262,458,490,929,930,330,456,260,212,712,490,286,22,282,266,266,463,267,359,476,278,324,399,358,333,372,446,72,276,196,404,582,7,508,274,456,875,505,266,456,278,474,476,388,202,540,456,990,862,10,474,76,418,498,292,265,548,278,316,281,754,350,230,272,266,890,456,384,458,257,74,452,454,11,984,404,265,272,264,266,319,293,490,484,18,457,418,424,456,320,476,258,778,705,344,584,294,84
967,802,877,844,881,601,819,216,597,772,172,104,960,1022,768,987,537,877,780,874,824,772,980,820,281,1000,1001,968,983,1019,984,492,172,985,248,13,798,888,947,812,261,986,236,1000,869,812,986,975,1004,810,845,972,542,974,654,824,630,1023,986,1002,898,930,919,233,980,116,500,820,985,310,1004,534,931,449,69,914,264,1016,718,810,832,536,648,985,822,822,972,789,1014,773,1020,1011,844,857,821,847,1003,1022,988,800,981,456,856,684,981,184,968,283,324,965,160,985,659,813,314,1020,1012,214,814,44,992,1000,253,20,985,759,820,169,846,781,808,769,819,789,985,802,782,565,888,848,856,447,246,819,891,327,888,872,206,793
154,879,817,340,106,360,196,852,1009,359,628,106,402,124,597,18,946,403,186,887,923,82,137,648,872,138,422,242,177,884,186,875,634,329,32,787,148,44,101,878,460,819,181,411,166,255,216,945,952,58,900,185,827,917,877,420,202,947,366,909,172,1000,889,821,141,108,885,915,161,295,890,117,997,26,865,184,475,109,94,425,435,245,932,347,933,877,980,250,391,365,876,876,364,877,1013,248,1012,432,166,941,806,901,673,939,148,115,13,907,877,189,886,894,104,80,611,453,178,361,403,170,133,97,51,1008,949,269,362,433,86,132,361,876,687,961,172,85,391,116,859,16,366,891,877,853,141,891,853,914,165,876
567,800,372,894,996,412,992,980,332,332,941,656,168,839,588,272,480,496,690,884,44,844,876,928,284,964,188,278,924,272,930,984,448,908,644,184,944,430,786,344,812,652,641,808,820,856,788,884,924,858,860,308,336,688,368,404,358,956,984,100,412,936,424,568,916,792,392,1016,568,312,640,960,128,140,412,900,506,416,648,784,604,828,1008,993,904,48,944,503,884,950,680,304,960,352,312,188,182,424,650,816,464,142,384,812,880,976,688,768,540,316,724,1002,324,288,448,844,916,658,802,514,276,520,396,844,896,452,834,904,116,480,24,768,478,776,604,896,916,652,409,261,800,416,148,312,896,784,960,922,52,264
767,285,369,20,9,983,1012,503,776,496,256,406,471,560,711,177,405,753,555,665,17,471,281,281,289,481,540,976,989,956,277,524,21,231,369,407,874,448,961,541,471,281,973,608,564,537,776,469,341,643,555,240,276,537,369,691,420,537,833,541,561,1013,939,320,272,297,563,431,221,993,541,703,573,268,256,469,925,49,983,201,797,247,50,518,293,565,680,989,272,833,259,973,761,497,537,272,541,93,464,572,831,256,56,796,788,285,753,259,340,305,692,285,279,32,471,787,601,477,393,500,963,939,789,31,801,415,279,388,842,41,791,457,453,278,279,500,962,500,751,797,513,476,941,465,302,257,747,790,27,541
618,187,639,962,175,719,726,846,622,175,666,702,943,422,210,722,115,482,442,637,716,638,146,80,167,46,559,615,628,672,562,548,646,591,366,146,127,698,503,40,826,226,101,516,122,378,442,550,947,404,958,305,54,122,687,691,755,632,99,421,634,686,382,178,563,942,551,346,612,174,766,48,430,397,686,49,635,711,111,568,22,632,430,430,423,96,684,430,974,646,698,802,546,302,24,768,6,714,174,74,658,386,430,66,611,175,910,174,588,622,87,426,75,219,302,290,571,511,96,62,352,417,623,842,598,70,338,644,639,172,126,62,842,638,174,706,440,686,836,102,178,687,236,699,825,687,317,366,622,662
125,147,168,417,238,28,400,313,141,732,586,457,18,141,242,428,245,239,214,150,154,2,8,62,800,212,116,96,234,268,168,234,918,136,446,450,236,60,96,846,330,140,689,469,226,463,404,212,992,1010,384,940,249,724,450,215,194,450,136,264,168,212,183,32,8,272,747,268,276,680,129,8,204,858,52,489,33,602,144,172,210,174,140,69,210,168,404,500,652,324,100,104,96,8,96,826,22,285,980,205,53,172,148,168,470,192,266,160,382,216,800,340,86,232,62,844,397,317,244,452,9,257,268,13,188,502,226,224,256,936,264,448,484,324,33,97,154,492,433,189,500,192,29,92,255,100,233,206,276,168
12,32,606,438,673,194,557,570,756,92,716,793,125,648,624,816,611,565,150,745,11,36,721,111,234,150,349,744,562,150,204,433,180,146,448,636,884,36,1011,174,698,680,884,768,761,181,496,204,585,179,513,67,609,512,615,0,547,648,349,535,14,149,705,449,38,192,971,175,118,675,755,572,562,205,28,834,519,540,56,145,2,419,39,704,180,586,552,404,445,13,188,309,672,520,725,172,235,822,558,764,133,767,953,701,636,730,236,575,192,739,146,527,250,73,256,85,316,416,251,562,170,795,208,687,188,684,576,36,78,780,802,67,644,10,662,604,660,92,512,0,92,764,99,47,1022,652,204,146,866,204
589,656,376,52,724,544,988,892,780,140,380,176,672,636,536,520,264,72,44,204,663,320,664,124,284,128,476,744,224,268,236,608,232,88,621,656,224,232,796,640,207,600,649,624,649,716,8,548,15,716,160,600,4,146,77,240,861,652,216,683,214,456,201,4,712,78,152,168,780,602,77,972,91,889,974,12,1017,104,144,716,120,556,27,536,15,857,531,840,88,205,84,143,208,1020,716,908,620,716,218,20,204,216,332,342,593,908,785,12,656,153,107,214,588,948,204,524,720,636,398,164,593,334,664,88,641,91,820,844,524,932,974,656,220,566,195,128,908,492,525,236,735,54,88,588,717,846,872,222,234,684
274,77,85,243,484,127,135,258,491,363,251,173,413,479,229,471,227,125,137,186,376,723,65,157,345,469,602,397,227,99,205,75,112,189,364,52,91,113,491,319,266,149,189,779,83,206,213,13,975,425,123,453,235,675,205,237,399,364,204,106,171,97,228,43,229,82,211,83,333,725,43,675,347,77,97,436,302,85,99,140,77,459,699,205,299,352,143,363,461,419,483,289,172,101,379,168,196,15,251,369,959,91,591,192,173,8,77,69,123,427,109,228,360,227,198,101,242,458,187,483,645,69,93,445,411,428,497,346,172,483,489,694,242,461,307,227,213,242,100,253,99,226,862,115,149,467,149,453,490,36
501,305,115,416,105,230,201,433,507,122,371,949,112,464,277,592,57,448,251,496,224,311,929,126,371,498,419,128,937,202,33,357,124,0,996,499,904,235,419,491,481,229,175,247,131,233,497,404,419,635,168,177,527,128,37,233,464,169,242,545,498,115,416,208,951,67,749,358,192,464,18,807,509,225,299,393,95,497,726,177,688,173,117,105,161,66,243,232,210,679,163,944,461,49,146,243,43,110,464,274,239,483,498,497,466,357,103,487,107,647,387,183,503,105,488,369,239,126,815,233,835,97,153,402,76,389,395,437,481,679,117,77,312,489,502,459,502,144,242,161,224,33,499,177,720,186,17,243,497,455
312,261,122,366,262,266,796,463,488,367,485,356,384,307,391,477,972,495,415,335,311,454,46,317,508,418,468,999,454,510,351,317,299,485,455,677,300,394,486,429,461,334,363,307,391,488,287,319,494,320,268,495,363,410,460,478,391,294,431,454,614,457,202,461,327,36,423,908,431,452,378,488,1021,398,459,483,392,511,510,268,423,511,475,415,463,385,909,448,17,504,294,319,278,384,463,263,455,303,911,387,509,488,439,371,788,372,256,463,463,318,234,1020,388,396,485,262,494,301,418,423,478,449,479,351,350,329,461,997,367,257,463,472,315,348,908,256,398,263,262,495,445,294,382,277,471,454,454,463,454,367
875,870,871,833,804,884,420,861,803,623,890,835,868,835,869,257,971,876,0,516,701,804,386,316,324,893,805,365,557,877,805,740,867,868,13,772,844,792,807,356,876,35,984,615,826,603,789,103,548,613,608,804,264,871,946,516,772,836,998,917,804,832,772,836,772,259,944,795,865,884,821,563,579,895,357,613,617,768,804,804,940,775,290,295,805,620,893,549,411,836,813,869,285,807,835,421,932,956,801,472,900,292,36,893,436,797,603,836,357,548,893,953,869,804,828,324,636,290,933,877,828,868,34,293,895,577,459,892,868,829,828,869,804,868,403,893,869,805,871,580,357,828,893,836,857,868,378,91,772,807
661,917,928,940,679,424,844,947,173,919,936,651,1005,170,671,916,685,900,466,434,508,993,435,969,431,904,399,701,684,387,684,399,655,427,404,236,659,212,1007,407,405,948,919,467,656,940,904,948,906,143,904,913,308,240,661,936,913,951,918,917,932,955,981,1016,919,431,950,919,911,140,967,653,999,995,419,391,915,436,940,311,947,943,746,919,915,942,1011,431,178,1010,905,276,414,903,659,997,932,1012,501,660,724,913,919,947,883,652,180,944,948,798,764,668,654,407,943,1015,1023,403,306,252,428,397,996,944,1003,983,818,976,912,499,971,919,967,651,1003,1012,809,947,695,947,763,947,653,949,436,972,941,930,911,644
650,690,399,915,911,170,644,386,469,911,473,951,400,395,276,402,523,513,406,693,473,447,389,144,201,298,209,908,401,403,591,401,81,978,657,182,777,146,243,900,401,657,405,400,914,501,913,405,477,392,680,392,913,207,439,244,398,403,913,907,386,1023,420,941,663,138,954,400,985,436,846,434,181,904,401,653,145,195,663,271,907,145,1016,915,788,144,643,657,439,137,955,392,915,938,907,695,393,942,662,913,141,209,676,754,933,693,150,822,401,413,211,179,482,406,905,497,401,662,395,393,954,661,912,653,425,184,657,402,245,459,384,671,139,695,949,491,139,645,241,912,200,132,393,145,405,659,472,661,438,913
297,211,427,1005,696,425,425,400,652,936,433,173,141,417,909,425,659,1012,433,957,397,978,960,941,413,781,951,436,935,429,973,853,385,412,430,952,458,433,431,430,685,940,181,904,902,945,945,877,403,935,945,945,441,432,424,404,181,909,436,909,277,829,952,937,945,669,920,925,425,1011,435,440,940,433,141,917,1001,132,382,782,913,429,940,950,917,940,93,1013,389,951,941,225,213,402,392,817,392,685,919,901,397,955,413,419,758,401,916,431,425,488,441,943,937,501,901,945,421,440,445,413,789,426,425,820,903,936,1022,855,183,478,435,364,917,433,1019,1001,425,441,405,685,405,434,907,445,472,504,572,435,490,549
636,631,538,963,711,864,748,767,639,961,744,230,1022,700,100,704,616,126,529,599,124,126,535,764,735,597,767,767,760,1020,1007,996,236,746,639,238,969,108,766,719,943,191,236,663,310,967,713,623,192,319,584,464,528,706,406,252,748,255,748,876,705,1022,704,868,879,236,1004,569,612,892,963,706,767,839,205,748,1014,591,616,759,473,764,908,575,766,861,996,995,612,610,712,333,764,902,711,127,742,761,583,764,1023,132,108,750,738,711,731,102,200,927,745,848,1007,764,473,612,918,704,840,962,986,1007,586,612,583,79,615,64,737,709,200,766,847,620,766,711,740,719,612,892,612,627,97,1006,1004,232,871,861,230,127
688,112,841,820,242,506,444,808,443,918,977,820,629,274,820,626,500,508,308,874,173,428,1003,872,713,781,300,867,372,1000,329,273,948,521,188,363,825,820,842,818,882,979,336,147,556,855,890,922,360,874,868,903,787,1002,946,412,857,859,369,754,842,584,299,42,882,690,721,338,810,810,878,114,855,874,618,876,890,784,1011,330,819,890,909,1012,906,890,41,778,245,434,544,918,394,821,785,89,16,266,877,308,1000,297,366,795,828,875,820,789,721,813,781,108,938,506,428,604,956,436,642,762,859,265,845,1012,618,828,506,290,474,783,158,552,874,776,333,842,824,876,845,1002,826,811,957,828,779,497,1013,808,913,875
409,760,436,596,766,444,760,504,487,504,743,380,991,967,1016,612,223,418,820,468,1023,998,591,488,611,751,760,743,224,196,475,348,1004,510,380,748,608,983,879,989,193,332,951,894,382,702,801,952,636,928,728,511,583,767,1019,176,729,246,223,1016,496,767,476,878,728,479,248,712,695,404,892,684,664,895,857,752,1020,772,504,325,359,376,1008,452,736,894,760,355,482,872,219,961,254,492,307,614,737,983,68,176,475,392,222,510,382,999,254,893,764,743,998,380,1016,1020,863,416,231,1002,708,511,614,383,384,349,593,382,833,1016,504,507,960,460,708,951,119,455,504,638,248,1008,507,956,479,377,488,344,377,480,454,510
372,344,636,44,757,296,346,481,523,905,138,738,476,923,105,368,316,555,508,664,282,365,116,477,242,184,360,13,212,60,734,729,422,140,236,141,373,366,138,287,572,536,40,428,14,44,267,1001,200,940,1010,190,248,106,593,603,346,826,28,637,506,1000,230,876,138,368,71,271,144,184,305,554,580,734,56,798,298,116,344,211,106,90,842,444,778,412,138,97,392,356,1013,845,828,152,764,60,442,440,804,477,585,49,30,872,313,249,14,989,366,5,959,847,625,306,646,906,857,350,755,486,98,302,236,824,397,525,468,204,248,303,778,240,200,110,649,100,972,266,142,44,60,410,204,856,745,298,573,10,414,60
276,262,214,213,893,499,170,507,658,649,612,337,695,420,190,19,817,679,528,740,71,296,774,1009,13,502,869,999,326,148,298,357,176,93,7,326,945,368,463,943,589,82,897,327,597,335,369,949,84,897,961,943,672,835,493,197,327,506,485,868,447,807,997,269,389,281,484,432,774,647,242,327,337,804,209,358,65,273,340,66,813,709,359,71,209,775,870,196,66,69,931,1021,263,658,1008,873,889,29,413,871,912,788,225,901,869,918,27,5,947,869,582,752,305,467,934,883,0,881,170,141,337,956,369,933,731,243,806,897,594,944,385,308,401,923,912,381,275,105,336,785,775,547,467,881,911,947,108,85,631,834
449,560,396,669,610,688,786,432,951,413,454,676,752,690,756,280,945,282,194,456,687,718,196,851,435,301,146,368,756,454,518,322,784,886,542,960,390,434,550,862,256,508,704,356,230,972,690,27,788,971,782,560,706,538,624,848,766,702,804,68,80,454,881,310,776,412,208,417,273,432,278,476,768,96,534,748,25,432,621,135,369,420,3,796,0,642,530,10,400,835,260,676,833,588,580,526,894,833,788,163,386,576,970,520,784,653,594,530,882,520,550,274,786,857,374,508,612,857,540,140,772,568,358,641,500,688,432,478,222,910,262,465,439,320,238,546,454,283,758,530,694,262,611,58,201,968,919,78,478,849
250,273,115,143,723,790,497,429,516,435,263,513,626,383,723,371,829,1014,99,355,130,658,945,523,669,514,371,483,209,722,596,259,883,229,769,883,231,313,385,262,612,84,351,408,368,401,613,385,510,503,247,721,583,273,359,113,625,737,721,765,259,113,169,150,914,865,509,386,355,140,115,721,574,145,358,807,391,292,1006,627,587,253,353,142,737,19,483,113,377,797,411,421,449,819,359,648,572,849,389,211,515,807,989,511,423,1021,612,542,367,133,352,273,364,310,383,143,423,375,754,663,37,605,326,331,529,309,33,243,383,340,290,1023,357,198,435,977,197,834,429,819,95,224,259,881,57,262,739,145,412,761
535,568,715,662,1015,845,945,741,821,463,502,837,682,234,339,761,243,467,404,427,350,283,395,471,297,925,223,281,462,755,660,158,58,413,435,1011,342,444,165,108,333,363,887,718,333,414,945,1007,940,383,377,449,493,333,611,95,382,114,30,628,322,293,453,503,659,493,545,293,785,989,391,676,95,97,877,389,3,989,577,413,623,544,603,609,189,505,492,309,235,403,163,18,705,423,463,623,918,9,651,319,394,623,415,571,320,198,630,435,701,165,324,385,431,502,710,432,859,312,467,115,783,718,401,384,451,499,603,645,432,228,667,385,431,401,331,433,187,231,467,629,371,66,827,659,100,432,141,497,173,564
163,596,104,60,105,621,36,175,302,46,956,676,957,520,189,205,894,643,971,140,50,380,513,650,684,98,607,220,174,188,270,568,545,672,814,905,751,10,906,40,152,813,430,650,898,884,606,207,684,680,946,1012,915,322,184,555,300,242,460,590,320,687,404,42,735,82,936,450,68,301,62,947,973,60,330,381,688,722,220,688,908,316,990,719,99,976,47,177,10,168,581,93,266,696,545,1002,207,723,548,154,432,654,976,690,186,490,13,892,62,90,120,697,892,120,309,98,616,809,301,90,72,458,29,234,42,40,520,76,544,554,82,252,576,74,114,90,88,650,724,254,941,458,575,752,712,670,684,700,418,320
460,157,77,324,1004,366,295,441,882,692,943,411,989,411,584,595,411,569,895,143,718,675,447,35,619,611,398,875,381,15,379,345,134,411,425,395,12,343,409,386,279,507,833,887,642,473,809,242,447,412,819,24,403,542,652,545,588,271,199,349,772,856,275,844,283,491,635,11,952,463,887,826,523,9,864,63,520,429,878,641,669,494,649,669,955,370,429,309,477,341,841,22,620,57,674,618,906,716,471,959,939,428,169,50,50,675,53,187,371,158,355,898,419,437,479,334,303,719,515,351,814,825,316,845,876,401,620,391,365,673,318,956,847,809,740,287,411,545,1009,1008,841,4,878,285,447,375,220,382,366,665
513,260,512,962,213,37,583,344,642,714,603,791,658,219,533,199,588,850,213,258,196,368,549,624,583,666,640,724,797,502,214,434,5,594,371,613,549,583,234,698,850,54,407,678,321,548,142,633,481,356,402,800,802,200,530,530,715,667,484,512,500,117,173,276,594,264,545,103,763,737,274,690,676,561,838,165,948,304,52,885,853,349,1008,659,264,546,576,562,692,349,598,867,314,86,321,633,697,412,398,820,602,37,583,166,625,531,972,940,98,614,340,948,818,513,306,692,612,212,564,582,122,561,781,678,535,690,684,461,583,1013,340,710,84,662,49,772,581,616,147,742,949,682,562,740,149,613,644,1003,659,956
346,729,344,499,358,250,311,754,234,346,867,490,12,791,96,65,483,275,707,886,419,685,144,7,452,285,467,453,634,186,910,393,271,945,30,860,197,110,857,619,881,396,518,997,472,429,65,961,543,611,825,631,104,377,782,185,867,469,482,217,558,403,879,451,177,586,772,760,323,367,786,163,504,759,751,36,506,398,287,78,359,832,854,323,196,186,944,355,415,208,765,371,892,451,756,102,859,89,837,1003,906,579,985,435,67,241,665,735,465,820,492,270,530,174,252,429,101,281,589,355,757,742,411,348,639,558,881,255,339,659,910,447,721,894,114,471,741,851,462,890,285,558,623,187,659,96,453,1018,359,300
1004,308,151,212,826,418,440,218,610,269,1006,268,172,750,460,314,179,239,562,822,47,826,645,13,717,173,781,296,317,159,296,41,75,875,682,826,375,894,984,940,927,750,270,109,306,843,552,90,493,103,303,143,808,713,331,266,650,297,114,315,363,681,369,463,840,219,906,877,303,140,924,153,953,334,941,394,781,614,154,268,260,1006,459,185,571,493,107,472,173,63,861,45,171,952,724,476,601,279,986,652,427,367,89,444,158,82,140,780,808,268,994,692,77,186,40,840,297,97,376,916,445,1022,68,718,781,1007,359,346,137,14,794,270,473,471,309,789,558,315,376,58,459,876,714,351,397,669,314,892,1014,314
871,45,47,846,175,41,165,433,425,33,47,47,35,14,226,365,9,10,357,229,175,355,359,103,622,415,356,358,357,685,79,487,725,529,103,431,430,107,37,422,208,653,93,738,107,621,45,503,162,609,98,195,101,13,134,550,161,863,38,45,17,196,6,77,102,40,32,558,46,303,107,102,42,543,877,175,431,74,221,78,225,47,109,169,102,47,227,235,355,363,362,373,47,97,47,559,429,15,97,711,686,175,47,559,207,107,229,47,451,78,832,35,258,115,586,227,482,102,131,182,47,46,0,175,429,97,14,817,99,175,687,77,193,175,47,98,622,363,97,169,490,544,97,783,301,193,46,47,544,108
636,566,182,638,124,54,567,254,764,254,136,380,54,248,254,638,764,58,734,566,568,255,442,52,638,604,550,594,62,38,536,566,694,764,764,342,110,54,622,600,766,126,695,980,102,51,534,729,636,20,341,568,216,124,486,550,318,54,126,570,620,242,52,502,242,248,566,126,518,134,4,126,252,46,638,126,306,218,240,702,48,692,766,174,564,818,113,122,1020,692,695,58,562,638,698,52,597,140,568,244,646,634,766,202,694,564,647,58,166,238,442,168,252,622,614,452,734,664,54,564,118,234,766,764,599,662,254,32,254,694,564,634,562,76,562,510,634,84,638,508,54,254,6,606,442,22,126,558,252,636
944,738,34,822,969,969,813,565,435,961,994,941,832,963,971,874,308,805,366,402,973,951,993,346,488,1012,987,361,887,913,256,909,970,601,710,987,989,640,771,1022,278,993,240,582,140,806,801,325,823,994,998,292,280,776,728,903,425,976,944,265,634,534,934,450,300,589,510,518,977,890,820,455,586,963,294,257,829,257,995,774,342,806,970,272,179,940,823,970,864,518,563,481,795,429,819,1000,976,772,858,848,417,905,970,551,386,966,966,955,913,819,947,1010,458,10,930,257,995,944,772,434,971,570,857,970,976,802,375,267,491,587,924,289,769,941,290,640,977,562,904,422,458,859,1002,1011,1008,971,934,970,930,547
45,42,546,875,808,576,552,323,77,45,616,768,425,123,644,651,209,85,523,917,739,104,580,704,768,80,719,578,43,563,682,845,86,607,59,722,363,547,163,874,577,200,517,516,624,79,104,37,672,11,609,35,235,123,40,250,616,232,555,760,67,522,556,611,122,705,651,643,628,741,104,683,146,689,57,683,107,121,47,35,321,706,132,164,353,193,717,195,549,722,59,783,637,579,88,720,563,196,708,35,747,704,40,170,165,778,865,201,538,517,738,554,194,227,619,677,67,639,748,576,517,36,181,613,45,680,893,739,649,43,721,922,596,36,58,26,90,250,625,608,747,37,740,723,228,482,739,63,99,616
170,589,326,988,301,768,861,1000,365,482,293,302,589,290,480,354,332,232,364,365,404,106,298,217,806,44,418,876,326,418,298,367,840,360,293,300,492,252,937,804,872,1000,708,494,898,301,800,290,646,179,877,428,828,109,994,928,362,164,362,418,364,456,324,320,910,360,492,259,71,874,361,516,480,1001,1020,352,362,362,384,332,582,426,43,111,805,681,308,482,333,299,352,225,975,423,292,739,802,872,365,421,299,490,801,460,204,930,873,46,334,382,289,872,416,360,842,804,629,576,422,10,994,589,291,589,549,347,931,436,238,421,301,199,104,430,353,677,341,896,941,364,170,845,841,165,872,652,994,499,354,34
1000,806,320,865,800,772,768,972,870,256,40,512,774,288,300,816,652,416,940,868,431,800,271,256,512,466,300,318,302,428,262,294,110,815,300,643,800,12,492,1004,688,878,64,374,956,288,366,972,388,236,291,974,80,828,360,288,480,870,1004,684,894,304,960,364,390,878,228,680,254,462,362,828,488,748,366,739,310,608,60,876,940,870,867,304,644,366,358,934,0,940,376,776,545,960,940,236,360,623,844,748,864,288,336,816,256,872,588,900,771,622,800,822,619,770,560,808,614,1020,878,771,1006,576,802,592,878,102,476,828,384,32,828,292,936,360,888,812,316,806,102,856,800,160,774,1000,876,844,782,326,616,680
45,740,652,684,866,933,612,421,172,47,756,22,99,156,779,150,893,46,890,997,229,612,745,1014,174,940,740,724,958,235,498,137,228,812,676,163,978,684,812,240,940,807,948,677,756,37,741,685,536,754,686,930,556,870,670,1006,738,232,345,636,174,924,932,558,92,738,942,696,556,830,148,157,166,670,98,584,880,141,1021,174,430,644,173,104,164,758,764,172,658,13,216,98,595,558,300,812,556,158,812,685,164,226,796,668,700,668,653,610,668,642,244,868,172,558,686,172,992,210,168,662,390,628,216,773,684,173,556,300,44,99,876,156,558,44,614,660,644,44,224,516,46,701,702,98,652,623,690,4,644,516
573,619,449,336,123,313,575,61,635,833,337,589,841,727,962,61,853,848,796,850,851,476,504,539,301,284,964,443,147,595,760,631,711,593,81,448,333,215,36,961,326,336,939,467,171,573,380,946,631,723,541,848,973,441,595,209,635,473,321,891,925,620,635,613,882,861,476,893,282,997,575,124,82,572,451,89,539,123,498,336,485,123,323,979,505,861,320,879,321,722,573,1011,374,320,635,66,83,293,317,599,26,125,80,627,338,781,465,51,540,345,538,62,315,122,321,816,589,393,609,286,99,779,314,993,313,336,350,595,317,556,893,125,632,337,120,322,466,977,1017,115,355,979,323,851,451,707,444,381,467,781
52,82,498,364,346,286,112,818,307,19,50,60,558,817,350,594,521,799,858,74,50,22,562,50,52,290,108,28,69,50,830,53,324,182,50,312,26,50,329,270,638,306,446,802,604,830,90,310,410,82,76,818,124,78,506,562,848,373,54,74,370,73,86,306,310,54,564,62,286,74,30,457,31,62,883,606,50,59,310,885,180,920,90,30,585,889,476,633,50,882,314,54,508,306,537,74,90,286,306,270,84,26,254,54,34,153,52,793,562,26,54,86,306,68,26,116,51,337,537,28,26,852,180,910,306,10,54,84,92,414,122,44,270,50,590,564,25,562,26,890,17,310,74,52,312,9,282,311,50,284
487,301,886,354,564,311,371,821,413,295,365,781,505,282,268,301,285,293,365,305,285,821,297,781,258,343,369,301,377,357,269,289,623,376,881,771,302,477,353,493,883,267,353,359,367,289,358,287,421,355,497,317,68,269,165,885,749,325,805,365,285,355,511,557,353,353,357,416,813,311,807,813,363,77,302,480,779,269,480,279,172,377,869,345,436,353,301,352,357,1017,329,412,173,892,297,871,371,369,77,265,300,269,423,269,829,296,369,268,360,267,355,302,265,355,377,257,265,300,9,268,935,481,361,781,340,367,328,623,681,891,295,549,302,369,427,355,308,149,371,308,348,377,382,288,352,229,801,484,477,297
100,998,484,670,374,30,466,101,402,454,412,996,62,808,470,1010,726,356,486,453,55,444,292,502,742,448,70,470,374,350,453,270,286,318,454,810,480,502,426,342,480,462,410,466,87,838,287,426,86,296,430,454,420,870,2,940,884,454,470,800,425,270,266,372,470,40,798,392,1014,776,398,286,446,454,998,0,318,286,926,446,454,398,768,936,550,264,264,413,392,742,414,630,1012,447,374,448,392,996,648,936,430,484,838,300,318,943,998,942,906,286,300,469,904,982,486,482,848,992,398,118,342,410,374,278,484,502,454,414,284,326,942,424,136,798,298,959,976,408,958,96,286,190,424,350,670,1006,502,286,300,318
394,249,724,704,416,204,674,32,178,296,178,766,26,172,716,140,146,144,902,352,112,724,646,68,186,322,474,70,204,202,650,694,658,134,186,156,118,1000,929,55,746,816,340,728,0,134,187,242,362,128,660,122,170,184,112,221,854,610,242,650,440,142,232,734,710,691,245,224,224,202,692,178,690,644,182,802,154,10,513,864,488,148,200,642,736,714,204,657,586,233,132,760,306,484,233,520,430,766,400,161,184,242,222,658,643,144,274,673,224,112,656,690,742,210,154,442,140,315,144,588,190,706,764,672,6,48,140,756,241,680,194,146,518,128,676,224,134,646,161,718,176,178,672,122,144,178,902,140,476,210
679,345,347,269,261,972,278,940,6,924,48,239,329,347,508,319,396,460,319,931,410,659,602,778,1,276,324,68,407,963,922,360,396,378,748,914,510,19,456,219,419,276,488,947,91,534,491,874,916,849,490,865,912,774,787,128,916,858,29,107,940,474,476,787,346,162,677,330,491,115,456,816,859,276,97,804,970,283,289,347,361,490,281,491,770,205,315,458,330,272,52,362,329,484,914,890,426,418,788,275,877,146,204,367,166,868,183,335,418,461,484,290,900,423,418,867,511,382,986,472,347,916,362,458,530,192,856,924,349,360,68,261,493,306,850,344,498,457,824,19,295,491,32,367,200,683,290,298,491,250
195,475,483,464,455,404,261,193,19,165,36,155,475,295,215,173,143,227,103,271,212,19,303,287,159,493,99,151,363,441,361,400,501,3,376,751,142,175,487,295,355,786,383,169,451,317,478,468,403,407,907,151,296,190,150,285,355,452,287,153,479,359,275,368,239,228,485,181,413,483,356,365,31,443,471,56,428,348,742,429,507,238,510,352,271,277,418,281,67,349,298,187,407,728,352,269,683,767,155,179,227,167,333,161,431,363,221,468,467,300,165,293,423,450,652,287,364,166,159,171,295,405,163,235,291,223,227,229,342,467,516,84,284,325,643,335,1017,854,578,213,478,889,390,284,472,274,34,98,419,365
420,928,368,770,856,952,954,975,666,318,379,562,1009,966,514,834,848,392,773,486,856,528,838,904,680,651,934,575,859,1019,809,856,1015,656,987,356,878,770,816,584,872,878,986,342,776,600,827,872,696,411,383,842,772,22,769,176,819,591,832,783,842,928,720,819,632,872,864,518,847,922,148,847,992,841,968,934,870,179,392,916,888,560,890,126,544,836,796,770,590,846,846,968,940,895,901,818,382,838,400,945,782,808,874,475,512,891,322,911,292,392,585,896,889,914,818,418,298,1018,838,590,895,987,816,806,525,72,648,737,872,782,874,754,674,1018,846,647,425,372,646,728,784,888,888,753,816,761,651,818,890,420
714,48,678,746,206,344,530,72,54,174,100,88,862,728,223,516,255,608,640,812,234,37,222,193,407,730,830,116,532,254,418,226,254,204,92,614,162,600,293,362,318,744,344,174,224,600,94,603,228,220,222,610,894,546,218,335,546,664,406,810,239,38,406,222,862,332,86,98,844,180,180,220,366,622,30,110,360,550,234,202,18,50,714,32,203,200,19,438,708,246,448,362,106,702,328,34,206,114,152,185,228,922,978,418,238,878,132,34,396,0,164,670,548,36,588,418,96,4,356,200,648,56,252,22,726,226,330,286,452,608,228,18,114,212,498,98,227,342,868,230,748,290,50,220,446,196,34,111,442,402
448,952,356,880,154,312,64,336,224,924,242,482,219,198,418,136,370,442,238,704,794,368,250,432,196,322,372,192,340,208,266,115,816,72,965,454,270,10,152,354,464,240,680,936,440,440,184,318,142,168,502,642,482,240,687,374,936,396,937,1008,151,448,470,330,98,146,486,6,28,184,498,447,56,214,824,872,300,339,345,196,24,159,208,156,368,262,374,443,410,399,776,39,210,480,64,65,319,268,440,810,270,66,360,776,318,756,720,280,82,380,634,550,312,183,112,960,650,324,522,374,994,56,26,64,268,158,342,368,952,408,270,112,594,192,2,498,264,636,270,598,210,415,448,410,448,320,310,240,470,286
813,530,740,797,762,661,806,752,667,879,207,661,301,211,157,1001,173,221,645,128,675,741,667,739,749,237,426,660,730,229,154,716,451,795,860,173,745,461,389,681,748,726,683,597,1,708,749,677,661,729,659,733,45,723,661,732,669,661,735,733,679,601,669,797,669,723,729,221,687,248,675,37,667,665,667,180,605,165,553,676,672,832,165,932,723,687,736,212,741,681,721,804,677,674,563,667,146,746,719,747,651,923,211,651,750,853,723,685,722,741,672,725,665,668,221,237,661,228,1019,36,675,981,728,852,682,214,751,733,232,740,276,717,740,923,157,724,622,917,725,1019,685,601,741,940,724,889,741,809,815,601
745,465,59,1002,982,544,536,704,920,667,543,233,581,643,888,818,24,958,982,1001,726,977,993,473,97,412,983,384,424,408,592,56,992,310,208,912,928,988,943,31,680,224,977,936,664,664,429,763,920,954,426,1022,3,208,920,1008,990,552,510,904,246,927,374,976,785,920,1000,502,476,982,28,472,807,1000,920,921,30,424,537,921,593,443,936,443,754,115,1015,976,57,40,96,168,997,1004,536,708,992,441,848,928,722,240,736,208,737,80,424,976,726,721,535,1012,801,535,844,426,550,460,965,937,720,554,681,920,436,496,424,480,930,959,672,333,376,213,97,609,763,754,573,506,84,683,976,55,854,352,224,480,982,214
1011,947,438,749,419,695,353,957,617,575,495,333,565,359,455,495,163,635,79,77,779,41,563,333,426,11,399,71,404,251,617,5,1019,350,111,437,427,999,241,167,505,391,1003,847,391,391,495,1003,567,255,31,197,481,459,998,479,403,367,391,395,1001,475,1023,391,129,190,469,467,550,27,687,909,455,391,867,439,391,48,68,453,149,1022,193,75,679,987,105,254,511,447,582,295,219,439,458,467,77,193,439,183,615,93,197,973,509,431,587,991,715,189,391,971,901,433,565,503,27,695,161,557,391,835,509,1003,475,489,373,60,983,275,989,255,959,811,513,297,475,511,93,1007,237,29,917,168,643,695,461,71,543,393
135,207,324,359,114,724,669,325,475,140,285,512,859,1001,307,130,792,715,891,139,229,241,197,330,308,901,431,282,134,351,71,403,186,346,137,327,647,119,525,491,450,254,85,863,286,131,161,276,735,135,135,715,324,367,414,871,91,343,236,282,315,96,585,79,901,339,12,463,451,799,218,141,387,135,280,515,260,749,37,93,350,160,351,333,893,175,333,205,149,780,93,205,359,256,40,308,664,135,733,642,423,263,351,195,269,348,862,95,333,263,142,651,69,977,458,5,327,138,853,203,131,109,358,330,269,623,140,604,125,362,277,134,451,338,198,111,336,68,395,303,292,317,111,460,347,444,805,266,157,260
443,863,643,635,471,979,603,723,989,603,971,87,603,519,587,579,87,963,507,669,330,347,23,75,149,475,27,531,959,87,320,627,979,607,415,663,963,985,333,587,211,595,591,735,867,93,607,599,731,963,587,89,979,862,67,794,382,7,600,67,75,587,603,587,519,599,467,586,19,541,285,963,597,979,587,79,608,599,587,89,403,531,519,528,986,685,475,723,321,587,987,91,913,343,573,535,523,351,603,602,539,661,1009,607,299,719,473,267,541,779,531,515,603,595,403,987,330,473,75,531,535,523,537,921,971,21,479,563,581,473,595,337,83,883,987,871,22,345,147,197,529,987,975,541,531,987,987,543,89,711
74,854,1004,1018,586,30,954,762,1002,1007,991,558,226,126,942,202,598,834,624,1018,622,610,894,536,762,234,894,611,866,858,890,882,895,994,622,987,850,994,1004,351,880,1010,22,121,249,1018,1022,343,226,498,97,750,826,102,984,228,988,426,226,739,1015,1022,1009,890,123,228,1004,625,763,956,218,995,772,602,996,978,272,930,969,1020,738,996,1010,706,961,610,958,1006,604,610,252,1003,985,52,626,203,216,882,619,890,832,994,892,706,250,1011,236,233,850,610,798,894,892,892,36,1008,1018,636,742,780,714,1005,1002,212,604,973,847,1011,750,242,844,250,194,729,242,1002,1004,861,575,966,892,783,845,825,882,938,226,609,458,891
961,969,997,961,225,897,68,321,713,599,129,901,913,201,67,391,401,899,449,961,195,65,839,641,583,903,481,144,209,737,911,201,897,199,81,65,885,986,519,961,131,913,87,839,193,67,225,487,547,193,485,385,681,129,69,335,705,387,391,647,455,681,231,255,963,899,385,449,641,641,963,449,711,241,194,77,193,71,897,257,257,401,897,209,465,801,455,513,849,711,129,101,195,465,967,961,458,151,193,849,583,947,71,837,985,855,615,69,65,457,337,771,899,899,713,549,833,640,787,273,273,193,323,962,581,903,199,913,469,65,229,144,130,513,321,837,73,193,609,327,343,192,984,833,899,87,131,583,517,839
322,336,963,73,47,941,259,68,731,65,499,1,467,331,467,321,226,3,451,266,323,11,327,110,90,142,330,366,270,578,350,175,364,11,67,361,364,474,310,67,387,474,344,347,454,204,761,450,715,202,446,73,212,347,346,75,365,458,459,305,514,67,66,486,64,371,578,203,614,323,67,770,386,207,485,459,363,3,119,575,227,258,354,203,337,714,455,359,739,339,105,130,330,331,47,216,970,335,171,771,72,346,707,130,862,35,338,119,961,332,845,215,80,85,459,201,290,203,333,88,6,355,459,333,194,468,37,211,331,331,777,723,501,72,10,227,274,379,712,482,12,328,72,74,323,195,346,258,152,2
611,86,737,596,45,25,560,338,459,406,666,85,342,1015,685,564,554,580,539,661,465,692,544,614,759,517,437,390,646,438,550,456,566,567,211,422,759,1000,437,545,454,405,402,475,839,913,661,537,562,17,641,14,897,84,577,595,983,681,628,68,433,343,152,806,308,626,594,629,635,677,629,727,898,530,403,948,400,161,403,582,561,693,593,53,471,901,561,528,561,567,85,389,514,1012,593,565,582,725,560,997,471,420,706,385,922,597,915,469,468,403,727,806,513,599,407,454,297,662,421,512,463,962,414,423,615,513,100,309,439,91,455,983,576,313,421,48,49,454,83,7,583,896,327,529,144,1003,336,601,695,372
411,123,443,331,981,25,31,397,979,353,1000,1019,376,309,410,536,1018,472,489,715,407,198,997,986,987,402,251,537,27,723,135,1001,411,286,411,591,178,210,183,458,471,411,859,1018,481,1017,411,393,475,123,337,576,506,796,49,467,469,457,466,479,467,210,122,506,360,499,370,1014,375,930,598,218,203,367,418,498,891,383,926,365,875,509,489,442,412,403,418,819,1019,122,982,498,476,371,30,920,393,922,509,538,283,379,231,411,347,27,474,923,923,248,489,233,475,226,499,30,467,250,409,141,741,626,795,122,263,1018,491,363,785,1019,1010,1010,450,990,896,331,914,155,27,183,219,498,1010,63,27,795,617,145,435,923
183,758,950,980,506,997,978,886,625,564,912,631,230,707,722,624,886,759,752,112,1018,753,741,1014,1014,756,1010,866,736,1014,963,998,1015,996,795,1014,758,964,503,231,758,1012,758,898,630,979,502,1013,846,1016,439,948,1023,951,352,954,935,502,694,836,630,918,246,724,816,751,695,887,358,1015,694,1008,243,246,759,246,894,870,993,759,662,864,998,870,1012,1014,624,868,886,918,1015,758,737,1015,446,1015,980,664,873,1015,886,758,965,1014,871,720,1014,1015,1012,763,630,956,626,915,246,191,870,662,1014,336,224,230,758,996,934,758,1014,758,759,870,438,741,498,756,758,958,871,744,869,886,864,979,506,870,676,1015,885,375,1014,1014
41,31,938,943,527,488,913,32,559,143,398,60,30,174,302,34,1006,926,494,90,28,351,634,24,31,314,428,315,334,318,282,174,396,1002,408,94,174,62,414,426,293,494,111,62,94,62,59,142,26,47,782,94,60,543,154,42,158,430,30,408,911,423,830,187,138,302,559,459,30,186,298,349,27,494,30,92,28,383,414,286,810,127,1018,93,158,879,606,750,79,290,778,926,426,350,29,318,190,216,59,494,175,426,681,827,796,100,634,30,58,234,122,34,191,636,94,322,1006,874,478,956,733,127,124,191,522,926,418,29,90,42,190,734,66,29,416,430,426,318,718,42,827,714,910,651,38,444,331,66,90,538
916,120,585,1012,441,553,556,902,616,518,661,368,114,108,936,438,830,932,951,953,804,60,968,968,561,914,296,296,300,374,694,384,311,442,566,313,435,267,123,936,759,114,932,566,296,622,712,496,443,597,374,982,523,919,951,552,152,638,474,443,890,564,574,52,812,406,184,548,951,628,899,634,632,265,36,904,498,291,118,118,564,403,986,959,508,170,954,602,309,402,570,265,535,1016,314,58,1,100,36,439,288,18,1010,312,968,185,50,564,1000,306,435,306,18,902,538,535,535,996,442,263,816,360,316,564,552,932,420,90,950,858,372,674,436,314,970,443,1018,496,817,178,434,548,958,949,179,634,824,19,373,951
597,526,986,631,709,709,804,773,952,832,841,195,807,680,826,678,177,83,879,905,197,3,933,801,896,712,845,836,1023,256,969,859,680,322,859,667,566,743,441,681,449,246,851,341,565,717,902,298,856,985,196,567,101,741,736,802,247,904,270,603,832,709,557,174,934,842,585,580,968,730,165,863,662,715,853,709,964,867,553,840,770,884,906,72,859,840,686,858,862,859,147,297,838,717,702,881,212,841,869,428,778,527,780,347,525,717,717,906,565,833,662,257,586,922,961,345,205,484,339,851,565,403,228,933,325,225,474,161,200,937,716,685,962,585,809,851,969,800,475,644,212,581,730,151,598,774,985,534,395,842
258,771,217,215,132,495,443,389,775,184,927,827,770,187,219,31,789,985,667,386,8,95,407,451,133,730,4,138,392,667,379,39,31,791,60,730,7,791,152,794,826,388,85,392,21,445,660,7,221,582,4,867,262,516,913,13,203,389,815,791,125,211,490,769,810,389,696,445,791,133,793,528,59,4,127,409,927,263,467,132,531,219,479,185,407,269,5,405,768,153,795,828,52,4,54,168,133,17,140,467,605,134,87,917,347,397,10,156,377,811,36,95,94,783,403,262,503,405,389,251,791,4,25,29,819,682,793,775,537,5,136,568,404,777,772,476,863,895,885,797,799,258,103,23,415,795,4,6,789,768
479,431,371,51,3,96,480,97,271,398,546,97,342,116,96,370,96,752,880,999,751,425,384,624,224,319,417,170,495,736,515,96,280,312,649,627,269,169,612,96,965,608,755,473,480,492,375,68,853,576,96,86,227,224,15,515,99,470,233,109,736,223,227,121,37,496,527,191,737,736,227,484,399,273,248,333,47,609,706,418,430,480,465,608,127,599,96,736,224,775,83,480,263,100,359,411,163,608,511,624,79,108,608,243,620,546,845,455,487,495,496,31,480,679,951,215,806,236,431,195,258,414,934,12,751,224,495,96,399,96,608,759,608,96,510,69,0,624,559,126,131,224,588,87,611,511,737,608,887,739
399,951,294,807,934,857,607,827,92,677,170,784,739,741,900,154,815,534,310,948,693,90,656,553,708,294,178,1007,292,310,653,822,292,163,950,430,9,420,886,160,698,17,645,880,269,785,815,350,239,421,437,303,314,289,901,306,295,915,672,870,287,341,137,874,358,831,303,292,32,324,803,36,41,69,720,420,987,786,758,936,725,311,222,680,404,301,996,296,224,976,562,818,167,912,382,166,233,640,897,724,729,230,877,1016,438,318,872,262,278,768,809,597,182,173,815,917,905,697,281,102,212,318,542,306,150,182,333,822,882,137,278,722,168,292,290,269,232,713,948,675,146,237,310,603,858,968,694,934,970,87
501,445,1022,60,500,890,122,58,502,48,4,1000,420,498,608,378,182,626,122,520,842,502,121,397,948,424,506,56,626,242,501,502,502,105,936,52,211,56,855,885,825,886,872,484,954,40,122,501,470,501,886,8,52,105,505,485,505,52,932,608,544,916,489,502,118,836,116,118,114,502,502,626,996,246,164,876,501,356,442,392,122,890,886,74,454,389,379,872,776,1014,52,99,996,128,424,346,564,54,36,886,215,570,626,502,1022,350,498,389,880,360,138,886,8,36,42,102,884,880,360,308,118,182,882,1014,868,501,118,164,886,104,502,885,1014,890,488,488,26,626,502,56,96,406,224,518,502,117,456,108,882,100
279,442,932,150,181,85,115,671,455,387,169,35,992,100,919,998,647,641,377,105,91,668,919,368,951,97,360,87,250,295,63,264,378,115,381,392,275,411,9,873,18,357,355,229,981,966,357,681,34,389,123,27,919,275,322,543,283,667,930,132,488,23,35,410,161,159,1000,407,708,151,101,435,362,485,663,900,21,101,727,39,291,487,507,35,852,27,327,448,307,104,407,962,417,127,163,115,919,107,275,485,903,341,690,916,101,159,746,356,247,311,918,997,331,923,667,966,506,106,331,641,969,104,744,353,313,970,279,693,709,645,223,66,151,476,88,362,362,361,181,357,997,385,33,371,291,371,123,923,105,265
752,131,517,827,216,667,775,647,775,77,612,807,779,881,823,1014,865,176,811,171,885,410,162,746,368,209,559,658,269,225,869,775,255,881,712,766,827,683,178,254,291,717,628,210,242,878,841,121,766,406,863,756,138,805,656,11,887,865,873,382,849,530,129,771,218,651,155,143,99,826,971,647,254,211,840,884,226,271,873,948,491,395,387,519,131,910,770,847,346,885,643,224,82,189,995,81,614,1006,849,395,881,679,237,807,147,783,497,451,204,925,753,233,885,99,866,993,751,241,171,210,656,791,131,141,245,1008,178,886,239,271,143,11,656,14,891,747,884,867,868,881,954,234,888,206,485,863,381,867,775,811
260,737,878,240,672,829,959,177,1009,930,562,167,765,785,893,305,575,57,822,799,559,687,557,316,687,797,642,889,384,959,755,1009,817,800,1019,850,232,947,783,834,893,802,931,797,674,191,865,931,942,675,878,1009,293,422,434,167,142,47,687,930,847,687,556,782,943,654,249,1009,433,771,802,953,151,647,101,881,434,701,959,497,241,13,934,845,701,865,825,153,51,782,689,701,945,642,246,55,800,595,880,191,931,229,135,881,737,206,768,881,637,387,61,498,817,947,617,435,559,753,142,944,941,633,658,865,908,655,945,621,497,547,599,745,518,803,561,307,781,167,509,245,1017,163,805,559,163,949,957,261,800,703
25,553,309,930,900,973,982,665,282,685,645,1007,566,453,585,666,329,538,901,666,90,69,986,457,277,906,954,86,375,86,565,29,186,265,570,260,58,570,139,57,265,261,414,684,25,342,485,299,525,369,474,133,1019,310,410,905,260,40,296,265,698,762,337,794,698,268,276,268,20,730,325,717,905,250,370,652,268,5,150,568,541,9,57,502,708,972,441,682,759,713,602,954,566,985,378,199,389,83,905,923,730,328,762,298,520,970,714,8,602,157,306,277,983,362,573,645,378,760,662,823,653,719,453,38,295,237,709,122,900,90,569,295,521,347,559,327,318,520,837,644,572,265,569,730,730,651,263,602,346,265
423,63,329,441,367,381,367,439,738,47,168,259,381,329,267,386,437,155,361,367,328,495,111,89,427,68,419,869,406,395,169,35,47,455,184,204,427,425,395,167,367,328,105,891,121,217,415,393,280,384,143,365,345,71,376,423,137,423,168,305,393,421,47,429,387,361,486,420,267,425,341,73,421,186,465,376,911,347,408,74,102,485,392,927,137,476,329,376,167,73,377,303,334,295,387,62,68,505,997,455,479,104,440,47,425,421,79,99,840,9,489,932,415,485,173,299,132,377,485,495,421,384,223,425,437,399,441,557,30,103,463,328,447,110,216,155,392,495,378,361,103,365,111,23,135,463,329,491,369,911
999,683,731,736,850,575,643,712,730,901,983,417,447,619,667,891,787,768,961,639,927,750,640,551,962,551,706,787,691,730,694,901,707,576,219,321,539,519,538,39,771,539,623,574,71,623,726,53,985,966,807,666,654,228,26,795,707,993,793,927,838,566,771,926,879,786,559,705,900,850,771,702,961,545,646,711,850,831,574,607,550,942,999,674,906,771,771,935,715,963,858,774,697,547,787,533,969,819,847,525,769,712,743,679,451,587,831,1015,725,779,835,409,607,643,806,679,599,961,567,815,515,846,455,551,771,862,898,579,825,550,1015,742,587,679,963,520,739,24,832,595,441,728,551,675,806,739,632,219,36,575
32,338,677,339,166,263,303,103,166,276,167,304,118,576,80,199,701,316,103,43,183,303,330,262,425,180,391,483,111,108,451,302,432,355,500,182,322,175,176,158,167,209,247,390,203,450,583,331,752,190,448,131,39,368,595,431,326,15,369,675,321,148,912,282,339,270,50,83,109,81,660,608,336,110,349,703,593,338,247,100,200,119,180,210,124,411,66,211,110,167,177,161,178,244,72,82,103,167,378,500,302,174,166,164,865,940,103,15,31,387,239,110,263,33,167,193,167,843,163,183,774,263,165,428,772,72,183,67,299,322,80,262,623,323,110,15,263,211,194,179,323,181,430,865,302,625,113,134,336,954
776,677,809,413,778,542,845,91,85,854,58,79,176,299,285,907,782,15,571,386,1016,943,597,555,845,923,329,373,581,870,394,873,330,75,858,906,560,399,719,333,899,867,247,132,875,622,847,742,943,619,67,399,879,797,902,679,343,723,889,1020,877,1007,743,778,399,861,492,815,427,943,1013,399,662,247,546,859,775,713,349,938,947,757,181,907,622,715,370,518,331,304,909,352,789,333,863,817,857,331,579,131,747,843,419,687,61,579,304,839,906,935,790,523,1021,582,131,177,651,924,909,807,139,586,906,693,725,963,256,770,615,859,902,689,71,165,911,546,838,647,113,309,235,774,654,961,611,901,939,715,29,746
674,908,164,386,67,292,534,72,94,1,54,922,922,133,957,90,71,430,130,478,754,434,320,43,46,394,704,119,164,320,322,214,646,434,223,815,66,160,164,526,114,387,835,696,755,831,318,834,118,607,302,164,1007,943,327,699,164,676,371,290,914,704,192,936,162,356,85,68,651,134,4,166,226,303,178,751,292,306,40,323,638,311,222,126,800,64,340,194,322,503,320,66,86,690,407,308,194,164,582,424,579,322,153,100,434,689,320,676,630,534,962,8,124,915,810,312,192,356,239,484,334,210,438,528,843,175,255,28,850,447,318,919,594,188,192,387,354,451,192,64,178,295,403,346,416,692,853,428,100,428
350,466,322,612,518,0,480,525,784,606,250,409,561,724,637,442,922,102,26,438,930,5,110,934,1009,106,94,610,158,478,834,598,149,425,800,85,304,605,583,537,989,166,538,474,338,468,888,80,448,836,959,506,518,1001,670,480,770,512,506,413,994,544,612,122,482,494,609,689,862,1022,194,100,669,83,562,30,608,704,889,16,292,482,761,769,954,77,100,470,1,482,536,510,478,62,697,606,958,222,477,504,94,465,314,498,1022,506,954,104,481,286,26,505,670,966,720,534,320,290,680,544,542,11,125,958,589,990,544,799,830,990,933,443,831,29,30,134,618,41,933,734,529,478,956,694,339,487,478,901,26,638
828,390,844,875,725,671,580,804,570,802,711,420,902,192,932,416,903,696,200,532,512,378,188,870,160,260,839,287,192,368,857,672,839,479,806,192,352,368,262,288,870,262,988,71,884,711,668,676,901,926,800,875,340,742,744,768,554,710,540,707,672,323,230,1000,70,972,352,355,839,902,610,57,972,830,802,902,738,823,220,363,288,604,558,417,902,353,928,345,986,327,384,324,952,255,738,28,211,330,672,942,870,615,739,324,589,942,940,357,600,802,353,569,647,540,646,930,928,261,290,208,133,867,704,782,528,924,480,838,930,358,866,838,440,664,425,136,864,814,419,890,132,804,644,868,916,161,418,309,728,40
3,913,798,439,403,452,815,269,122,307,385,91,793,1,1007,507,430,119,246,983,475,345,283,469,409,105,973,491,811,714,426,313,281,509,891,235,548,479,115,182,581,197,676,315,107,502,346,989,595,491,119,409,389,246,473,827,857,27,303,955,455,313,991,461,974,635,493,91,987,177,395,495,182,283,134,459,492,467,55,57,476,827,341,847,18,211,281,309,974,781,281,471,313,1018,313,485,275,26,987,433,59,365,351,103,947,91,221,25,949,511,699,507,921,981,11,119,563,67,345,508,435,476,495,990,623,127,327,16,479,343,243,111,497,283,476,469,996,997,494,27,20,457,345,495,112,155,337,471,235,511
505,143,531,756,559,593,1016,892,928,643,845,607,531,519,569,797,469,609,665,737,963,713,567,573,819,351,929,83,763,531,787,610,705,921,539,765,669,985,548,671,993,801,498,575,733,548,527,549,306,565,383,531,961,515,513,893,659,134,909,707,531,705,961,557,892,161,1017,781,942,697,542,219,513,539,933,581,219,787,121,567,899,965,273,637,951,801,62,987,669,1010,205,965,567,626,91,849,765,551,913,809,1015,835,1019,1019,883,829,531,574,1017,657,863,549,827,531,1005,544,947,977,951,671,709,315,575,555,559,585,813,909,531,533,753,837,451,513,601,531,127,133,851,705,531,601,667,525,525,872,513,633,822,575
216,980,223,220,252,502,116,344,598,916,246,503,246,146,794,86,692,254,194,233,246,560,280,282,64,280,255,90,322,247,464,754,102,62,90,246,245,236,292,118,119,854,60,282,828,231,182,604,660,218,194,507,848,211,342,222,251,922,434,309,214,435,54,194,119,315,400,858,759,507,318,594,223,166,486,322,208,724,758,415,62,723,118,602,310,36,246,182,242,238,214,144,246,730,246,180,484,222,338,34,730,252,979,144,146,489,295,81,54,732,238,734,166,90,686,283,230,148,182,437,282,238,280,951,254,210,182,218,200,280,901,258,75,314,502,436,726,374,262,208,65,850,790,183,130,219,512,179,223,48
786,545,314,923,551,681,289,937,968,77,801,951,905,558,32,289,543,801,673,8,36,697,746,115,874,89,736,971,763,536,645,664,401,169,999,51,12,929,315,158,566,262,297,270,670,411,424,353,462,140,670,179,780,929,908,49,524,297,462,392,351,577,824,990,1011,935,35,30,951,515,34,33,328,179,864,462,929,493,11,1007,279,229,911,268,211,30,33,904,913,902,202,924,801,271,513,968,56,884,940,179,737,443,26,680,904,750,996,325,921,219,542,35,392,905,780,975,984,935,782,987,940,908,545,783,998,51,909,776,782,924,115,796,801,417,575,648,908,644,36,1011,781,743,362,240,571,320,270,810,33,558
87,956,223,341,1021,303,597,985,795,237,983,602,226,961,683,629,1005,379,237,360,886,874,167,715,749,261,838,776,1019,886,882,998,997,1005,388,325,379,741,261,782,379,1023,365,360,353,840,712,370,1005,756,730,721,877,342,63,880,309,22,706,738,640,409,626,886,255,374,196,294,445,452,149,237,630,986,301,338,715,977,127,469,637,749,895,130,237,362,749,255,710,840,379,127,213,866,758,383,746,849,199,93,767,879,222,712,277,370,714,71,330,747,836,766,351,977,1021,1019,1005,970,266,998,872,626,756,752,359,868,630,700,667,196,250,719,991,601,557,898,345,133,133,242,842,285,523,243,774,816,324,277,337,376
561,547,959,549,421,76,248,716,330,10,42,572,920,972,330,666,51,203,906,421,52,938,521,467,940,12,972,979,952,760,231,1007,972,772,874,516,964,432,645,921,900,957,381,673,527,513,544,242,435,938,578,786,539,312,524,19,899,952,557,794,406,74,524,945,1022,0,1002,938,952,785,68,327,913,85,497,957,568,123,938,522,980,556,1019,680,933,51,906,820,974,731,950,539,972,906,659,554,563,948,906,10,293,501,995,554,933,546,12,1002,113,567,915,111,546,569,598,901,47,80,516,197,687,85,1017,128,695,558,906,558,568,489,940,1023,83,678,214,952,172,209,435,977,609,572,472,543,554,931,204,239,908,213
505,535,438,578,985,82,721,569,735,761,773,633,181,708,258,310,29,471,194,313,783,323,760,386,727,528,458,760,256,391,248,196,760,964,734,471,705,758,167,497,729,836,746,727,521,197,120,874,18,310,640,720,530,535,305,25,1007,729,744,731,293,174,426,822,793,319,450,337,760,285,303,569,713,362,554,808,501,983,953,789,256,256,841,258,837,535,813,305,525,938,628,572,455,344,541,407,663,861,727,121,622,827,961,426,618,330,575,393,658,479,302,569,255,300,929,663,657,849,704,745,500,577,680,864,694,276,753,0,760,57,636,786,504,704,815,863,738,517,513,708,622,455,471,231,313,620,835,14,761,308
746,982,802,0,704,210,654,748,213,717,86,503,448,905,505,482,496,293,708,22,838,790,13,1015,42,86,21,560,605,941,918,567,27,511,237,1,136,737,13,973,765,750,470,726,889,77,791,458,941,58,738,1016,739,69,900,960,765,86,22,493,133,525,772,22,20,20,36,1002,64,656,551,726,301,62,390,751,276,82,237,110,711,726,1,938,725,342,811,949,581,719,726,127,247,413,799,58,982,17,5,813,380,445,45,738,749,45,61,406,58,535,122,383,276,36,159,631,736,975,550,11,470,1015,746,255,637,486,953,456,400,708,503,31,18,470,109,741,171,214,122,616,646,888,399,802,663,22,217,321,893,456
601,248,137,157,729,38,775,362,383,696,674,479,399,141,917,162,897,420,373,330,95,554,469,952,693,81,269,669,598,527,976,628,88,696,1001,678,16,357,51,1008,654,266,527,409,443,542,586,1006,632,669,416,352,944,463,661,537,966,655,1008,186,541,286,436,703,622,634,440,601,953,166,386,507,112,98,414,610,824,516,586,335,614,500,836,665,780,610,629,973,669,802,362,166,46,903,601,388,354,378,543,345,703,450,937,76,678,144,586,479,170,674,996,16,372,167,703,511,672,103,879,422,866,373,191,672,636,998,678,664,669,804,560,561,738,55,517,163,656,568,617,623,74,622,422,520,625,552,951,153,678,368
946,626,342,650,99,730,882,953,347,329,427,434,139,47,443,51,370,587,416,787,971,757,91,35,743,402,379,699,351,416,392,607,759,333,753,150,293,971,433,267,242,755,726,395,662,584,114,596,692,249,459,307,205,389,712,405,91,451,112,154,791,628,120,416,827,699,739,287,618,410,475,403,200,339,933,342,264,475,418,150,118,203,123,90,123,672,63,371,392,51,55,26,607,939,9,435,35,855,443,90,11,736,50,664,205,407,648,626,544,443,381,768,443,433,125,389,59,414,763,512,702,381,767,127,259,955,347,457,26,388,484,576,32,32,726,141,591,761,37,344,498,587,11,371,136,891,287,648,20,395
510,389,205,101,624,97,685,12,347,839,901,961,556,890,169,64,1001,466,57,854,104,509,607,126,835,92,964,960,467,595,322,121,609,636,602,1008,1004,97,589,447,346,749,961,1021,705,616,449,909,329,220,477,872,454,77,961,208,449,166,238,616,950,854,1001,105,455,841,604,617,421,61,576,194,238,89,255,65,475,44,368,961,894,210,611,505,114,1001,973,508,397,122,915,240,577,849,254,68,38,397,613,325,592,218,888,414,960,638,624,851,609,594,844,630,440,180,411,844,42,639,37,509,65,639,900,509,450,169,489,989,233,963,844,845,22,449,507,211,452,105,255,854,470,577,901,110,825,44,839,639,242,1022
1013,357,77,732,655,352,90,404,580,722,807,804,331,648,20,139,25,817,928,736,437,212,326,18,690,212,212,757,594,324,914,727,373,666,690,868,942,674,309,357,282,786,232,379,223,811,102,117,120,666,366,247,92,664,922,1013,268,332,324,122,849,409,82,0,722,103,434,1015,853,335,13,968,293,722,348,716,651,1013,101,757,408,282,247,904,1011,241,48,949,805,282,208,125,823,429,239,280,916,418,610,921,578,269,757,843,274,741,383,785,207,660,439,288,19,980,780,564,748,370,82,722,883,340,102,347,823,288,791,424,336,1017,39,91,673,244,925,50,693,210,792,658,200,667,373,821,282,344,276,372,748,278
1,536,598,387,111,30,583,667,56,187,615,608,648,614,30,808,736,646,70,632,376,56,185,28,577,655,199,608,583,630,425,185,536,638,94,578,142,440,870,742,753,752,49,391,742,606,624,112,924,654,608,638,612,40,743,142,608,582,670,633,632,142,486,614,670,62,414,440,6,158,602,385,638,632,1016,6,376,562,446,670,128,729,8,187,582,912,686,728,187,132,619,478,1001,954,576,384,611,729,670,46,614,414,609,136,766,527,712,608,249,382,929,592,609,609,704,282,1,624,413,984,94,310,112,430,658,638,182,410,618,280,544,488,545,6,664,462,71,634,390,166,185,760,520,632,705,0,41,168,743,638
760,412,245,1018,391,723,290,263,37,483,483,83,288,499,440,488,739,487,997,277,501,485,437,419,485,482,741,1018,741,231,696,485,239,482,1015,317,960,504,882,509,752,136,409,737,421,410,34,267,485,489,163,443,769,387,440,397,741,295,461,413,544,489,285,429,480,485,93,669,447,920,389,419,491,995,51,277,720,323,421,408,829,403,292,445,416,723,172,421,410,281,654,501,811,416,741,487,445,465,491,267,487,421,1002,978,981,997,318,293,1013,445,483,992,1010,499,409,741,413,401,1001,997,407,481,764,761,397,410,485,761,701,488,389,978,293,745,953,759,471,399,283,483,430,413,981,283,741,482,962,653,282,277
599,623,37,605,187,737,548,302,74,589,751,123,93,301,62,33,30,585,303,139,57,94,57,742,554,377,315,49,586,622,12,586,682,285,103,421,38,834,348,520,302,37,295,295,9,32,298,47,585,623,39,617,218,526,49,603,301,302,543,41,301,716,43,41,575,14,592,303,302,875,544,41,649,263,33,39,811,555,113,888,806,173,9,101,550,189,546,12,63,290,618,59,631,1,594,335,690,303,77,158,584,89,589,370,1,173,329,811,297,750,313,42,945,606,132,302,190,610,576,58,43,87,606,293,341,297,695,45,434,45,299,58,41,589,11,45,34,599,294,522,59,865,74,867,541,562,589,75,9,750
686,596,913,603,718,953,399,29,31,271,840,409,25,287,27,687,936,541,717,444,727,313,732,922,861,255,822,791,431,477,1019,855,985,424,409,855,718,984,949,811,809,382,734,479,815,827,216,223,923,207,794,776,109,525,907,943,557,735,975,588,642,568,964,768,745,363,940,900,716,223,680,751,88,393,991,91,6,712,631,777,995,346,925,5,218,682,286,427,445,175,613,937,943,913,922,821,709,922,646,384,941,185,600,221,594,382,229,976,906,722,705,983,408,287,922,424,543,751,154,676,712,855,970,559,229,650,913,937,607,570,512,601,722,670,812,682,710,942,1017,431,303,970,991,615,706,346,943,686,665,658
369,782,9,96,798,374,622,266,75,334,280,846,368,392,524,102,618,584,590,72,782,204,766,14,238,334,125,14,590,542,14,46,456,127,188,710,782,153,636,894,814,266,362,104,526,102,78,14,364,270,830,270,342,873,814,809,518,110,14,206,782,830,754,118,790,582,383,270,238,759,766,200,78,4,784,270,264,40,622,120,102,252,583,342,259,542,774,120,72,8,783,216,369,777,520,332,294,328,782,372,574,80,792,369,382,790,830,782,110,126,270,776,11,344,270,238,575,432,302,124,264,830,718,632,78,638,718,638,782,206,94,530,81,118,264,776,529,782,99,294,248,6,108,518,246,275,104,822,894,110
988,711,182,1,968,248,199,240,513,634,111,65,183,193,177,166,199,119,139,695,692,255,254,243,126,182,167,249,670,225,680,922,674,833,645,199,702,758,194,953,145,693,725,193,761,255,487,684,97,226,183,14,646,166,207,203,641,133,190,225,855,689,199,321,7,353,151,108,1022,161,255,199,692,254,311,431,99,167,217,997,103,375,224,127,1017,166,167,217,71,934,735,665,384,249,135,764,255,71,231,249,7,248,199,207,321,222,677,679,213,696,65,239,167,70,679,165,724,14,249,238,190,33,225,207,249,216,689,183,221,665,254,191,249,99,391,255,191,255,126,752,231,71,678,101,934,190,993,241,230,183
154,122,216,148,27,130,156,808,187,855,159,381,290,12,301,699,732,29,253,29,794,156,317,5,404,4,152,236,413,108,196,732,10,802,276,780,136,733,285,236,404,107,249,108,108,107,362,157,43,404,156,108,365,362,295,604,586,992,853,157,146,386,76,604,43,156,108,220,979,20,157,77,491,251,733,1021,363,107,648,444,900,605,490,4,733,893,156,363,849,237,602,275,604,1015,237,493,252,925,379,301,281,34,733,109,5,314,836,235,934,863,83,747,795,256,85,779,268,603,26,1,710,4,35,148,144,491,557,13,211,6,157,108,670,684,139,361,347,371,380,851,109,237,3,278,34,140,43,157,154,107
624,641,22,624,321,685,255,261,121,652,121,328,103,218,111,898,375,63,117,201,501,224,229,9,501,521,120,191,136,65,251,96,255,121,649,231,111,640,295,144,256,559,517,647,526,563,783,255,520,512,696,617,1023,72,53,631,121,632,527,159,700,959,678,96,231,702,639,534,105,513,232,338,169,151,89,111,655,239,376,873,111,569,255,755,489,111,127,701,255,703,633,543,127,54,520,245,631,201,640,697,320,109,399,520,654,232,767,127,652,635,752,99,143,769,160,658,125,513,634,627,69,329,871,664,575,64,631,197,345,103,408,327,40,79,123,638,160,743,785,248,513,759,160,753,697,502,766,109,487,627
896,686,198,552,224,245,604,194,407,242,513,614,262,443,649,519,526,709,519,574,48,640,580,504,705,856,618,387,760,645,197,194,615,605,516,518,17,150,499,64,677,0,670,908,448,641,613,800,377,256,516,705,772,358,640,282,645,16,630,542,761,58,209,535,18,18,728,252,9,2,16,111,0,709,309,498,520,30,614,764,579,81,240,634,536,528,168,710,210,115,101,256,425,653,106,755,834,64,587,757,112,752,798,704,120,641,200,110,863,792,89,728,146,576,224,516,546,499,128,710,734,755,747,276,154,856,728,704,752,594,740,83,533,241,565,518,738,514,536,610,26,628,516,629,170,138,524,242,787,919
893,239,199,228,266,932,266,506,135,826,134,356,299,180,807,466,474,280,1015,424,354,116,396,444,356,336,192,890,484,408,772,477,199,826,375,371,356,31,356,356,103,495,810,796,723,317,810,111,922,884,300,352,486,220,378,843,394,479,800,357,346,402,348,275,442,141,952,394,612,486,356,290,112,388,124,562,447,292,820,34,546,506,572,98,860,484,357,198,608,804,284,898,312,824,260,274,395,804,802,150,114,956,890,775,519,362,951,884,291,99,352,388,355,356,824,804,355,100,420,801,389,252,392,8,359,544,829,154,605,114,378,504,464,224,426,956,507,378,923,482,270,824,120,911,506,220,360,356,604,284
422,474,470,478,90,122,349,102,842,451,1006,1019,377,999,467,478,807,291,774,366,286,322,926,198,962,378,920,78,846,1010,451,774,966,128,422,475,330,998,485,417,990,378,989,718,455,314,496,966,358,390,118,505,120,374,474,257,562,326,286,409,839,358,391,971,119,82,474,966,966,390,500,871,1004,798,502,326,684,358,231,468,326,282,331,486,613,486,102,38,474,518,750,103,70,774,474,509,458,334,718,458,454,474,262,302,879,970,506,262,494,468,478,90,795,454,493,986,474,374,474,471,346,454,504,773,798,114,902,216,346,487,487,458,462,438,349,379,454,391,486,282,1006,218,438,89,389,654,966,266,458,459
248,212,733,763,99,212,528,149,815,998,741,533,198,749,648,237,664,457,205,556,459,789,101,517,705,844,656,932,723,764,728,732,653,125,884,723,549,762,300,790,221,753,912,7,13,137,717,681,537,213,341,549,912,396,533,384,789,441,774,537,787,641,87,533,292,752,788,717,697,516,869,149,231,204,110,715,10,209,874,717,536,405,412,145,490,356,121,719,213,116,497,629,721,521,636,785,533,784,760,909,709,516,761,872,541,893,473,531,548,799,25,148,552,141,713,232,21,741,277,560,401,261,144,734,238,1009,709,272,21,641,815,276,709,88,165,267,661,224,164,38,529,548,665,536,21,912,784,721,481,720
446,892,780,370,372,325,332,276,431,693,13,379,348,271,430,430,365,333,381,240,140,444,294,381,439,380,193,159,335,430,750,367,1020,428,355,380,892,381,334,90,364,255,381,41,409,397,332,244,158,358,408,847,270,370,976,348,112,432,190,323,79,284,134,380,253,729,322,892,879,396,893,380,763,383,302,115,447,399,61,764,431,433,367,244,329,396,892,179,381,270,880,398,393,845,381,367,69,188,396,195,397,141,349,491,142,265,252,431,894,127,431,382,381,399,984,245,173,335,182,159,294,686,368,373,368,971,116,390,101,654,761,366,382,184,398,382,573,703,766,316,382,239,242,38,428,335,291,380,189,401
879,392,648,584,384,136,392,863,616,532,400,664,69,587,599,8,878,136,472,393,108,646,847,617,428,89,413,348,619,649,82,104,12,612,491,675,588,625,392,908,134,937,76,361,46,361,875,392,332,905,127,296,1001,136,23,412,652,616,392,939,619,923,602,916,77,461,171,924,892,936,687,588,1008,908,904,700,94,111,601,654,83,87,397,88,863,101,152,408,57,696,579,104,744,587,747,653,602,680,648,624,524,1002,661,991,984,184,150,872,92,1000,110,74,584,639,135,488,447,728,652,110,879,584,104,620,589,596,813,119,908,1000,854,594,681,567,790,69,620,907,617,175,393,11,104,107,52,392,580,77,92,973
925,916,977,608,215,183,784,881,876,707,657,848,693,852,148,624,17,553,887,641,375,777,893,139,589,789,153,847,724,884,631,693,181,129,687,785,657,790,885,893,695,701,823,693,593,144,769,603,243,681,657,181,833,148,7,887,399,1001,515,381,714,980,407,689,885,777,341,688,372,640,527,567,983,789,368,820,663,645,889,777,81,369,117,144,629,943,887,176,116,525,814,627,629,921,939,1021,725,597,917,839,881,585,873,649,624,585,268,830,623,632,661,688,1000,1012,885,723,532,659,375,660,1011,887,693,660,912,705,865,703,881,832,145,144,585,311,265,701,661,115,861,273,777,612,885,884,533,812,861,849,777,884
309,711,935,54,343,814,436,807,821,1013,883,464,359,627,379,818,447,413,829,260,381,127,884,889,901,383,117,473,481,807,195,119,533,117,771,299,323,827,567,821,23,233,53,789,51,701,531,996,53,681,393,195,603,486,883,901,373,3,3,176,547,403,323,305,451,373,451,309,259,437,791,544,893,499,745,515,81,839,813,575,387,711,917,789,343,309,561,501,828,523,67,53,315,509,885,277,321,695,965,261,5,309,707,325,261,497,893,885,157,843,934,177,285,133,3,321,439,897,779,279,723,693,837,633,999,835,797,501,133,439,950,785,593,887,183,993,147,565,293,321,949,817,939,583,587,693,693,821,1013,391
498,303,275,307,373,592,381,263,837,64,313,369,594,366,321,468,352,848,294,481,473,157,167,379,311,1017,352,489,8,371,893,225,691,572,83,166,160,280,819,321,658,836,65,184,315,190,120,309,179,68,836,281,280,369,257,161,1012,175,315,304,160,354,176,353,368,87,171,889,185,622,992,911,15,925,502,298,504,183,72,569,408,305,161,672,24,391,233,41,113,129,80,172,688,83,275,265,576,542,316,7,869,581,865,129,369,692,380,722,475,160,52,280,383,569,272,299,53,325,41,90,426,688,633,313,845,376,185,72,155,184,637,51,288,98,102,248,455,127,155,576,497,928,305,273,23,477,128,381,24,137
693,319,43,21,770,416,36,61,125,560,564,820,1008,981,768,40,610,213,929,832,272,302,220,221,784,53,29,98,177,35,11,465,201,320,515,517,521,833,573,1,573,576,745,29,576,190,738,60,753,668,573,316,805,117,724,572,64,432,576,182,448,765,787,64,276,509,644,783,957,184,725,565,565,98,765,320,170,705,255,307,732,64,549,341,237,33,573,54,4,189,213,678,721,765,305,737,660,976,257,481,191,576,566,188,129,812,565,132,573,969,96,849,137,557,61,210,753,800,608,129,304,209,229,660,297,561,212,392,752,165,180,304,304,686,732,564,49,20,309,305,38,981,768,812,715,432,128,189,544,48
773,151,283,971,275,448,88,467,29,657,483,280,84,261,427,91,279,275,17,595,285,819,107,483,376,493,90,424,347,149,478,467,469,491,104,212,91,471,483,272,471,147,487,19,473,277,633,5,475,93,483,25,475,285,480,473,421,419,961,59,475,256,295,537,381,476,347,471,296,429,259,123,89,229,481,547,29,475,76,453,573,21,359,615,37,156,475,107,279,739,308,475,509,420,500,421,306,227,757,421,458,275,17,91,421,417,693,47,37,979,27,4,405,467,405,145,592,25,33,444,421,461,45,485,477,115,420,16,453,336,447,461,429,81,429,851,233,323,667,964,460,259,465,659,151,281,153,473,101,421
28,43,159,414,45,71,414,415,799,6,109,95,255,153,111,222,96,127,30,247,37,65,17,158,414,18,109,428,902,43,49,189,833,29,388,95,34,132,93,172,30,28,29,102,253,152,33,45,68,423,687,156,33,238,301,196,12,13,95,31,190,0,147,102,158,31,414,414,937,289,236,418,158,415,92,69,47,111,429,172,252,108,158,29,49,35,1004,160,85,71,92,237,164,236,29,33,121,44,85,109,95,412,57,505,27,95,158,703,477,414,82,34,158,862,126,222,218,158,159,44,29,46,977,543,1,147,77,93,220,253,128,191,221,479,208,159,12,713,30,460,96,29,156,431,173,71,429,89,108,172
724,238,870,216,105,616,494,216,102,118,231,452,761,992,41,227,42,252,755,809,684,247,378,870,758,1004,724,362,129,221,1000,763,1004,216,193,1016,225,728,513,246,378,157,637,218,556,246,234,704,993,464,233,522,882,1010,222,318,760,246,880,210,817,878,1019,865,228,135,89,254,846,146,600,736,695,109,992,189,977,726,1006,492,237,212,242,730,238,408,216,382,497,121,865,368,757,590,221,268,628,168,173,464,6,467,231,844,114,254,1022,982,1016,240,888,952,246,958,478,225,726,752,255,324,9,791,88,1012,216,871,998,886,216,182,871,68,730,965,114,722,82,982,973,694,88,492,248,766,233,227,897,888,719,129
790,282,279,54,3,402,383,491,450,402,764,80,818,566,261,666,567,316,923,263,306,363,42,133,346,410,288,644,318,466,450,705,771,310,475,58,818,664,373,54,451,534,653,828,282,539,306,844,553,54,314,710,419,818,504,714,362,544,27,82,315,461,308,339,922,274,830,278,328,39,786,827,664,39,318,261,437,188,466,82,827,1010,794,39,815,665,202,382,722,914,303,259,468,773,286,818,34,625,642,322,641,882,54,291,437,812,562,356,50,18,720,822,46,786,774,259,370,775,310,380,265,308,963,923,372,263,414,650,336,807,922,467,170,551,450,799,646,370,274,317,262,786,317,400,773,1002,147,901,707,371
347,368,1017,143,136,82,502,133,763,432,328,17,177,150,292,224,250,49,246,906,141,135,408,440,184,216,844,176,166,60,142,205,231,432,232,64,137,136,135,398,184,137,204,138,650,265,287,189,152,177,398,200,237,111,912,186,190,848,667,235,973,188,228,977,845,206,249,903,98,463,909,142,219,684,144,845,843,231,142,600,583,64,278,405,321,444,76,204,268,967,911,268,865,25,193,336,228,407,393,144,217,278,229,200,968,436,393,69,221,745,152,904,910,839,136,523,252,236,504,484,148,152,248,570,409,404,186,185,252,196,942,184,68,100,153,280,122,163,973,150,252,136,115,373,159,969,345,206,269,253
538,333,619,826,760,79,113,380,862,758,632,849,73,752,463,760,287,607,1010,816,873,783,854,113,845,743,836,754,885,352,719,729,376,747,640,352,633,119,608,121,894,240,815,361,871,269,591,760,592,880,118,110,326,112,890,330,102,888,714,865,787,239,864,591,376,88,364,851,855,448,335,353,845,614,195,209,376,703,890,648,79,476,519,614,890,337,960,792,737,719,855,888,95,239,632,90,766,760,864,640,110,235,623,664,294,70,318,601,70,713,332,58,62,835,376,238,503,339,379,832,574,477,734,1007,361,890,127,566,464,371,848,67,348,73,206,102,196,293,847,768,239,864,542,888,760,766,207,753,615,376
803,273,733,292,287,456,200,629,513,542,991,482,60,732,337,237,763,63,720,211,336,848,509,342,775,545,339,231,221,850,604,144,848,924,629,554,78,840,338,48,374,321,712,208,720,313,338,851,905,613,327,530,315,62,327,254,844,523,46,425,752,319,264,430,591,373,546,547,717,334,575,621,551,920,185,784,778,96,530,338,736,779,344,633,563,548,545,276,720,97,375,81,714,979,187,351,123,328,305,711,307,170,534,295,832,577,786,85,369,982,845,336,545,748,384,636,677,557,737,273,269,338,359,277,295,195,282,346,679,256,273,125,553,548,195,336,224,377,526,208,984,667,778,476,799,230,342,275,594,722
327,1002,450,437,29,475,283,769,305,376,851,109,16,973,67,287,721,479,415,835,502,547,111,374,197,282,279,331,335,459,429,657,781,442,390,118,458,263,701,434,711,523,474,508,845,289,312,515,730,725,713,888,75,427,433,770,351,838,335,907,711,715,485,755,619,251,101,263,767,973,335,260,263,397,195,899,1003,323,803,671,189,997,845,345,329,659,811,715,995,493,747,283,65,725,191,199,432,391,334,63,723,493,458,767,310,1005,444,774,110,271,343,341,927,275,412,663,601,657,501,259,210,402,1007,397,719,47,125,321,752,459,443,404,697,273,944,114,911,309,915,434,720,220,361,869,862,609,725,598,203,667
608,145,140,945,690,696,872,402,190,501,992,544,1022,839,706,410,81,822,485,728,81,183,145,919,153,145,176,912,400,920,446,145,538,950,742,602,993,137,630,977,641,672,658,328,252,684,171,737,931,128,705,691,663,109,694,656,313,700,945,338,632,176,230,408,511,690,742,647,753,106,690,669,741,154,980,329,894,220,264,245,760,290,815,606,944,128,146,312,945,1000,788,165,464,788,914,784,216,839,1001,146,152,996,955,164,128,271,880,806,657,759,822,176,729,864,884,816,976,158,62,158,446,353,214,680,640,672,640,1004,192,135,60,916,785,808,922,752,595,752,321,644,136,684,226,874,694,146,1015,182,645,712
39,200,668,776,32,992,457,104,257,624,488,319,526,219,812,697,169,23,24,906,155,857,541,29,206,41,104,92,559,524,588,552,648,313,481,159,546,28,543,17,647,403,38,776,548,67,480,601,209,968,537,25,312,422,161,14,147,49,80,367,448,796,922,927,199,128,91,964,562,475,746,528,819,412,312,8,144,735,369,937,868,673,652,289,393,811,29,973,408,150,52,920,47,802,536,448,553,521,456,284,156,10,104,794,731,416,311,388,305,520,411,27,709,459,607,640,232,616,662,456,821,960,648,0,563,905,533,662,920,52,904,6,522,214,817,524,920,548,792,72,522,0,41,543,52,672,111,502,640,12
419,234,926,126,510,457,248,126,75,877,448,894,208,461,567,553,376,89,472,86,608,336,329,766,993,624,488,760,463,510,766,734,96,438,922,398,12,248,484,494,494,760,638,420,190,457,207,481,209,608,745,456,637,1017,601,655,760,1015,208,464,559,995,254,662,369,504,758,272,985,638,470,713,737,880,105,192,224,124,464,208,630,702,463,143,456,646,638,472,125,361,94,487,406,736,511,454,602,760,113,1016,463,662,64,351,999,854,457,298,760,406,106,463,66,506,616,392,508,206,750,766,636,408,574,639,766,474,760,800,350,620,146,376,569,388,502,576,886,456,978,504,462,448,760,526,391,224,374,457,478,472
957,354,351,214,712,647,506,221,775,586,487,864,334,334,873,378,1017,328,381,464,220,872,867,342,343,343,600,343,245,489,260,637,210,477,212,372,587,645,321,1011,775,156,656,52,94,341,490,283,347,583,322,25,588,695,183,845,723,956,774,413,622,515,1011,447,890,853,9,840,487,924,220,919,846,504,337,793,764,201,859,988,413,400,217,120,615,849,839,248,71,172,379,329,446,331,988,103,855,916,334,633,704,219,469,329,773,104,336,448,115,69,887,451,619,322,619,328,475,379,39,979,441,1023,339,832,39,382,854,326,519,236,370,839,152,124,809,148,76,330,825,852,377,103,339,635,965,793,987,155,582,320
148,424,333,131,277,700,227,333,266,87,859,447,87,751,740,347,375,191,331,77,387,347,428,67,503,396,195,427,447,387,395,871,80,404,411,76,707,68,767,235,428,203,436,71,138,475,247,324,403,331,503,87,188,226,367,659,884,739,483,403,114,371,170,411,172,112,205,743,666,436,331,659,235,175,235,330,395,714,211,122,135,107,843,364,403,399,725,303,731,203,27,387,943,247,147,891,114,203,943,259,467,363,135,279,651,747,620,191,738,492,99,764,205,395,451,415,243,15,399,83,131,420,487,470,387,595,503,599,759,651,139,459,451,907,226,634,503,723,407,436,395,739,439,428,871,451,100,239,731,367
493,698,462,734,811,438,990,798,809,458,694,286,307,998,522,690,827,875,66,975,26,1003,718,812,811,82,974,454,970,270,451,810,1006,790,161,470,954,553,362,458,662,990,946,132,780,570,1021,142,875,771,367,562,458,130,202,650,802,291,206,493,950,394,914,955,366,1019,706,674,963,134,178,942,511,42,933,890,775,206,458,214,468,1021,278,932,374,1002,790,851,819,1006,918,954,826,757,826,187,964,454,690,818,218,690,982,970,887,278,788,178,827,966,803,414,790,982,132,718,234,1018,716,22,874,1019,570,846,156,1003,990,949,660,690,146,950,941,287,913,878,811,688,334,890,510,802,774,734,778,902,946,470,985,974
939,952,352,84,1016,521,448,465,44,193,288,980,500,1016,828,804,210,960,664,318,185,242,795,27,300,890,525,244,400,252,318,852,870,945,504,922,549,972,525,502,210,904,300,920,25,1012,600,504,246,324,366,735,539,1004,364,824,806,992,1011,25,18,948,27,500,76,630,521,444,826,956,927,273,465,24,208,208,576,666,492,383,721,843,214,828,1,792,812,890,244,966,318,542,799,213,779,966,27,680,600,563,987,756,95,184,812,913,793,247,80,958,497,977,446,453,799,939,993,825,316,895,124,648,475,815,1020,780,940,211,1020,571,172,1,465,301,93,885,980,504,85,424,127,505,558,747,124,95,209,143,976,792
111,289,4,79,358,711,801,709,831,230,769,102,800,800,325,207,32,723,265,38,552,769,526,747,7,975,525,612,975,584,1,25,996,709,466,809,226,843,545,101,197,841,65,251,494,518,615,66,525,33,214,801,985,29,465,104,102,109,802,13,321,4,269,36,67,104,224,545,456,745,231,111,17,193,453,556,543,463,225,449,42,811,494,109,385,224,284,616,800,32,289,1006,69,73,909,106,73,781,777,110,421,940,224,265,879,709,224,265,237,801,76,449,141,14,833,317,513,737,841,9,617,713,588,494,69,5,65,586,300,801,288,975,325,6,241,32,224,236,353,353,109,106,71,711,328,463,17,328,736,833
474,573,890,209,327,771,690,1022,778,231,893,792,949,974,950,690,932,918,754,202,920,519,887,382,794,934,915,1018,830,787,422,839,254,628,242,913,832,766,541,10,905,844,775,516,722,972,922,1016,923,905,985,971,951,858,695,721,997,778,794,1002,581,750,828,420,615,190,790,395,948,27,247,694,770,949,19,773,785,617,229,648,1021,490,795,186,734,933,920,1009,249,920,991,606,602,564,955,897,517,870,631,218,921,254,758,730,252,956,752,856,986,740,897,494,971,948,650,1004,971,324,596,1013,564,480,564,958,663,888,475,524,949,986,1022,826,898,774,86,564,973,1013,564,1012,230,978,937,820,67,1015,480,567,788,1013
676,659,743,399,482,290,667,670,909,966,710,821,991,811,500,952,645,467,553,413,818,451,79,404,467,680,999,1009,653,728,782,668,315,841,787,392,520,829,717,723,590,574,40,484,76,682,686,605,690,462,654,711,9,211,725,228,531,458,915,164,437,752,222,186,692,371,399,482,915,585,870,654,300,530,494,669,655,950,168,193,663,707,254,286,531,313,599,673,972,652,979,731,671,454,562,669,983,1012,752,874,539,789,978,959,647,339,1010,1000,955,872,486,952,655,755,466,315,469,443,149,661,823,478,246,659,454,257,889,373,668,999,686,571,195,218,987,991,606,686,697,754,661,763,673,655,363,726,691,415,884,62
418,169,665,790,702,283,177,109,961,533,948,178,925,981,729,794,946,250,562,478,468,497,921,149,825,110,339,979,396,537,28,703,294,473,571,109,676,663,383,331,345,282,17,1015,147,470,17,483,237,62,17,945,985,62,62,569,211,203,955,986,882,60,261,789,21,986,713,345,906,882,788,280,985,789,923,25,657,694,920,792,982,256,406,579,552,957,975,950,973,430,979,878,969,919,206,791,546,910,757,919,50,919,471,692,531,1014,366,928,40,562,934,750,984,190,925,841,544,377,17,165,117,407,768,985,1015,759,859,592,729,989,918,667,389,918,276,565,246,697,679,465,434,761,150,946,957,219,291,733,1014,400
308,507,256,512,216,917,708,36,456,93,500,261,460,348,532,599,475,429,448,185,459,552,504,504,716,712,540,506,391,301,660,673,113,308,333,90,345,314,248,0,524,900,633,540,540,345,891,128,290,349,220,376,768,640,357,445,157,824,207,121,427,540,556,408,239,292,272,92,77,1018,308,948,156,345,348,57,868,176,32,106,268,92,24,1001,628,147,616,260,568,553,249,244,392,567,100,348,407,676,500,348,328,20,348,487,284,224,274,496,272,104,487,421,156,468,533,16,52,88,628,32,796,500,1021,192,268,841,252,407,565,112,563,592,536,308,689,532,500,75,605,357,235,833,52,716,320,28,33,456,733,450
38,525,359,7,993,38,746,645,908,128,99,65,747,854,993,117,199,550,129,99,250,745,523,198,420,534,525,20,997,494,13,910,582,14,974,320,1006,359,233,685,4,523,910,199,228,391,306,674,79,65,202,269,101,802,66,398,846,71,35,847,582,787,834,227,113,170,27,33,909,292,197,292,911,148,407,70,359,229,170,97,79,59,512,208,3,170,161,324,832,673,366,947,38,130,744,643,11,162,226,62,869,226,226,999,644,134,746,70,71,198,200,512,358,534,197,686,937,133,746,923,71,710,270,554,235,750,678,69,79,77,472,356,116,204,586,353,42,899,676,994,518,197,79,326,546,411,358,213,581,78
750,898,1006,480,740,239,880,1010,873,806,846,868,851,381,905,962,230,937,997,898,809,998,774,875,202,810,938,907,1002,815,430,224,774,1003,951,686,931,898,1007,487,768,897,998,710,774,373,807,615,966,726,873,526,970,385,719,457,943,967,839,999,974,711,109,814,998,970,932,906,934,770,849,897,327,905,992,944,694,907,993,994,898,878,330,1001,995,800,771,997,899,799,897,614,902,741,834,970,392,871,454,998,224,583,583,806,568,879,490,621,967,774,966,786,330,1006,1005,898,711,750,938,806,928,1007,359,811,875,938,899,363,898,906,815,769,802,862,203,769,480,774,930,992,927,879,969,965,430,992,454,486,486,517
1002,1019,307,438,762,498,707,819,499,91,527,963,190,768,155,1022,258,87,1010,330,250,894,195,963,1011,277,255,984,499,339,759,371,819,955,58,963,496,447,307,187,754,281,251,1023,819,1011,771,893,207,223,963,271,307,619,511,947,215,883,955,559,371,527,114,1009,243,857,963,827,491,802,895,322,863,95,915,287,1018,817,1010,455,307,465,459,295,363,1011,755,510,976,812,883,323,1011,1019,555,722,963,1019,830,243,498,970,794,761,211,59,155,318,271,754,979,439,775,946,633,246,1011,1002,194,249,203,811,1020,930,542,374,907,318,1011,1008,238,504,248,891,955,1015,1016,339,746,1011,463,346,335,370,588,950,371,531,950,281
847,259,138,124,842,10,770,130,700,774,326,975,218,238,579,335,834,769,368,778,206,578,62,2,334,332,2,188,779,266,719,765,774,161,2,138,842,847,260,134,2,850,511,839,76,160,376,288,711,962,330,398,884,911,62,443,463,458,806,6,768,386,34,74,974,262,334,15,482,130,514,334,387,398,869,904,817,775,202,128,346,263,842,775,2,10,771,271,960,780,390,270,64,227,162,830,10,842,56,1004,79,258,452,407,40,387,368,388,8,466,812,130,591,388,263,773,322,394,257,266,902,256,10,387,74,10,256,307,332,783,388,1018,162,52,642,782,972,386,262,839,418,385,380,386,885,564,258,2,174,56
391,909,833,576,577,321,967,385,937,289,369,577,333,307,325,503,641,387,369,728,899,161,417,433,385,353,365,444,203,497,897,41,1,365,837,321,475,882,385,387,995,929,417,713,780,397,13,321,369,288,467,413,333,321,388,328,764,325,320,909,347,290,397,649,232,353,909,901,385,321,357,515,579,453,401,363,399,321,653,328,945,324,362,97,977,369,765,368,897,708,435,909,179,896,333,897,909,352,323,97,333,877,897,325,953,896,910,653,881,387,328,879,391,333,993,269,381,780,333,360,909,384,432,897,957,371,157,399,897,449,433,385,393,299,343,649,445,969,79,324,673,401,412,384,417,960,705,387,897,385
780,627,642,578,579,12,514,142,706,654,562,622,142,514,718,828,76,654,627,199,77,586,839,591,562,682,182,970,190,702,14,670,706,138,654,522,723,649,642,634,578,878,655,626,706,722,643,514,587,706,531,648,722,594,626,522,562,576,130,515,128,634,766,654,642,522,575,627,71,638,675,67,512,707,654,514,392,612,583,594,323,514,58,782,626,584,570,594,530,186,626,714,519,514,143,66,531,606,579,642,656,635,602,607,638,190,587,666,578,587,516,78,514,459,650,186,654,606,643,659,126,639,78,655,589,62,619,122,650,634,586,527,266,513,762,579,894,586,579,654,577,954,650,682,323,62,750,334,650,526
0,140,0,644,144,156,124,327,602,692,586,520,30,544,159,136,814,202,539,716,834,677,900,527,524,64,513,704,707,686,478,572,595,640,544,287,524,143,658,139,652,88,402,546,133,18,648,542,863,517,698,520,531,528,76,520,33,660,130,460,526,18,204,531,568,534,1006,177,696,142,644,188,530,207,676,702,12,144,526,703,512,17,686,844,535,158,663,862,135,14,91,158,670,568,637,82,7,214,545,143,542,697,468,222,396,648,938,535,223,141,515,434,30,9,713,158,541,696,524,513,73,848,512,796,143,527,392,15,690,541,552,730,489,140,525,152,526,172,513,662,666,207,512,542,716,527,712,415,808,467
387,885,488,427,135,321,393,776,389,233,619,449,77,825,869,437,324,419,843,835,392,366,481,432,484,136,357,455,999,323,829,357,161,136,213,442,691,325,353,523,129,358,838,417,136,389,333,133,342,107,827,391,385,39,333,65,460,869,201,164,365,873,329,349,202,437,385,121,71,197,843,841,969,71,199,449,840,323,836,193,325,387,385,389,69,387,392,423,385,771,323,133,127,163,325,877,645,581,197,904,837,967,349,325,363,590,577,341,229,321,74,393,833,819,347,331,257,155,385,391,885,197,364,995,153,131,392,839,331,581,833,492,448,877,347,138,873,888,64,449,872,321,802,65,461,65,107,883,443,833
12,548,186,746,568,744,936,8,486,569,696,616,894,556,740,8,652,250,696,756,675,964,260,168,291,14,513,560,1012,550,529,740,40,228,1002,292,9,56,734,511,736,778,739,440,393,1002,611,568,746,760,696,682,520,368,565,682,164,568,760,1000,42,554,756,497,233,731,357,552,314,665,698,999,972,737,565,696,501,627,696,870,56,664,110,488,760,180,1019,680,40,356,676,552,756,740,753,676,615,954,936,824,550,821,613,730,611,808,591,666,186,698,712,367,685,673,135,548,379,228,561,561,667,782,568,15,696,720,1002,4,801,808,629,568,682,8,747,692,52,748,491,680,232,682,776,6,905,963,779,186,473,826
621,909,545,1001,912,621,801,557,685,677,557,673,362,164,864,621,165,941,877,585,420,929,805,533,591,614,681,621,685,736,673,973,557,669,740,587,673,678,109,591,835,877,623,677,557,589,749,609,868,740,801,677,620,805,805,685,675,621,333,788,409,736,872,109,673,1005,557,749,941,675,733,813,224,675,609,673,921,929,681,97,673,749,749,928,737,935,551,681,933,737,676,621,749,749,685,612,617,349,941,557,552,236,928,619,589,672,161,741,621,749,109,973,749,621,549,672,620,925,712,748,631,685,621,621,621,749,751,992,673,673,685,514,865,109,995,737,748,673,609,993,672,45,932,576,675,589,557,929,873,621
51,878,102,991,294,310,303,451,90,307,30,410,990,279,410,410,474,886,890,923,900,210,409,511,866,1018,1019,226,270,502,1014,451,474,459,274,954,986,322,752,264,394,282,881,939,709,286,459,483,474,286,362,1010,869,106,340,947,278,920,466,979,622,986,818,456,979,263,815,235,244,287,266,370,298,294,882,965,478,243,470,458,584,366,866,486,851,867,350,218,850,850,451,915,810,42,311,850,478,214,471,986,838,278,994,471,286,832,650,670,354,986,402,302,1006,442,430,222,394,414,887,402,963,426,994,876,294,478,938,379,1015,394,958,846,112,898,819,996,30,831,335,803,270,295,746,794,478,810,970,318,302,478
869,930,367,893,364,429,621,801,873,935,157,493,173,232,673,941,872,433,295,949,416,921,653,895,617,877,393,941,932,515,867,941,876,691,941,557,871,381,832,924,751,941,617,809,876,173,429,909,939,621,685,937,858,639,801,876,178,317,772,933,876,895,876,971,941,866,929,621,560,813,864,928,937,941,611,943,429,627,68,929,876,300,941,832,652,941,877,868,840,838,811,684,429,937,875,447,620,605,928,1001,880,872,653,873,877,611,861,623,944,879,864,677,941,872,940,498,920,872,873,816,424,623,925,429,941,365,940,742,857,425,877,431,877,168,823,945,941,681,523,893,941,635,621,869,826,621,943,869,640,788
647,797,813,877,300,838,638,819,868,884,823,270,869,860,853,893,570,817,821,875,830,781,637,556,854,856,860,287,781,312,637,806,885,632,629,901,628,977,319,812,813,267,868,852,789,829,628,516,853,868,637,830,637,886,771,821,797,860,813,770,853,846,769,885,852,868,781,812,772,876,860,821,886,773,885,814,822,97,549,814,893,422,659,828,909,615,1021,592,838,516,781,828,780,100,638,930,948,797,638,892,421,978,381,628,639,686,813,788,742,881,0,819,893,636,869,860,357,261,828,998,770,628,358,908,861,341,813,828,636,831,122,847,781,652,644,806,900,902,869,838,823,581,805,636,983,792,894,303,876,142
770,900,896,391,901,1013,365,332,404,973,444,821,772,500,876,628,668,881,897,946,900,756,556,365,493,912,148,191,852,844,661,780,886,909,492,989,372,391,638,876,876,886,876,913,500,780,268,804,716,788,332,957,320,364,944,973,844,364,293,644,916,943,956,820,364,708,830,988,331,364,868,660,884,1004,948,885,318,477,829,460,1004,411,805,1012,957,589,740,372,460,917,1013,557,452,1020,813,1022,269,316,847,660,1006,844,309,972,503,809,452,945,780,487,332,268,420,404,432,894,392,892,790,316,176,348,894,832,508,790,884,745,790,332,776,364,852,556,972,364,500,660,884,492,908,821,500,364,910,708,444,662,916,660
969,780,763,957,789,943,925,847,880,739,1005,737,560,157,653,908,756,942,245,687,449,853,924,669,1013,1009,703,943,133,845,661,792,981,924,877,757,864,926,929,777,652,852,1021,372,669,876,869,909,805,525,751,1006,973,943,844,996,782,884,925,885,941,924,637,1005,925,493,1017,980,533,908,1004,885,941,833,806,940,1014,548,799,961,527,975,836,797,959,749,961,943,1005,856,780,524,972,997,909,925,780,912,940,21,861,845,908,960,529,1013,910,113,832,662,881,911,805,847,845,885,535,644,149,937,921,972,924,788,910,144,833,877,668,912,836,884,926,945,654,844,573,333,849,624,805,669,864,526,913,428,942,909,789,973
916,759,486,406,156,916,543,374,231,790,660,692,279,277,1022,534,286,644,175,246,922,654,392,950,918,717,692,1023,285,726,302,596,654,84,724,539,998,357,730,734,148,710,791,270,356,662,272,677,22,661,221,647,676,278,854,1006,278,132,213,834,731,764,118,488,662,407,967,744,660,272,767,662,664,175,750,748,738,183,367,142,311,446,55,715,308,406,142,278,101,495,303,678,220,654,788,646,655,230,150,212,386,978,492,452,662,669,644,743,487,453,486,726,454,1007,662,508,500,518,740,404,716,406,508,485,456,415,681,646,1005,644,212,997,747,726,646,799,516,406,172,764,482,1005,381,233,233,128,799,732,481,756
690,710,608,679,614,650,556,892,1022,700,606,353,602,563,562,834,2,572,643,697,702,891,234,671,571,758,568,942,643,678,871,2,180,639,572,707,743,830,675,536,534,699,646,756,700,733,692,698,1006,750,418,487,642,674,690,707,678,654,795,642,652,678,380,688,651,669,690,699,603,209,544,697,758,578,618,679,92,866,570,579,297,66,138,702,718,386,692,1018,694,634,710,59,651,666,742,575,203,645,666,698,892,563,536,732,587,675,637,935,608,925,866,734,710,538,396,583,931,698,675,223,643,1018,998,612,703,562,687,542,930,322,678,570,713,1022,654,601,290,219,675,998,1023,698,540,706,606,610,70,761,731,735
478,640,717,946,886,656,919,555,681,975,887,526,239,742,758,759,951,680,148,1004,702,612,1010,829,958,847,78,92,908,582,630,701,630,1000,1012,814,959,1023,710,702,227,861,750,944,758,654,149,172,598,1022,622,176,190,621,1007,943,111,78,150,919,751,528,585,942,662,38,904,941,885,110,214,663,702,982,593,686,751,689,599,759,846,657,184,957,673,1004,631,956,814,946,620,176,900,911,956,391,620,235,1012,590,662,672,689,759,748,737,756,652,78,994,606,702,630,596,838,236,45,908,782,809,751,958,1020,712,108,375,806,688,136,511,908,948,956,916,524,238,1012,838,958,695,214,623,668,913,916,631,815,590,622,462
70,582,95,607,582,550,86,602,534,124,318,468,100,542,605,366,607,902,94,518,414,348,206,30,62,830,364,479,558,638,70,37,35,260,62,316,250,70,550,335,1020,550,612,92,1012,822,70,550,125,632,612,64,4,97,126,94,6,279,852,734,6,391,279,23,735,29,85,214,69,32,84,216,94,69,638,6,278,606,390,494,68,294,294,10,38,44,38,212,70,478,28,349,572,886,479,63,457,382,60,310,376,295,30,261,252,42,5,430,95,89,580,550,598,618,6,38,30,326,518,878,470,535,97,38,71,774,314,355,550,558,455,231,605,384,28,68,230,71,602,318,74,94,102,70,262,284,104,264,294,630
28,148,140,820,140,140,488,456,875,36,148,660,196,406,140,736,188,668,884,972,659,404,636,20,695,188,974,148,722,130,145,196,244,660,144,981,720,828,62,340,977,704,196,737,156,24,656,572,148,239,148,235,748,189,731,196,748,251,158,500,243,908,156,277,245,757,568,169,237,20,104,660,188,668,660,899,416,158,713,514,234,229,164,250,128,232,656,238,98,492,144,356,340,138,651,324,156,190,236,730,532,460,237,516,140,136,241,490,748,480,680,1012,761,232,670,660,224,188,713,148,477,749,852,508,444,52,236,276,656,1006,184,230,136,669,507,20,668,937,228,276,332,724,362,508,167,256,333,975,228,654
959,294,271,784,449,438,466,273,878,275,17,94,73,438,57,25,560,504,326,351,335,304,368,295,530,734,842,326,337,314,594,270,803,944,344,138,284,268,254,704,17,657,350,526,334,196,185,336,310,382,316,319,878,509,333,905,733,295,327,312,304,511,740,294,568,597,395,932,618,151,519,383,952,818,350,344,836,292,594,754,298,963,847,522,334,431,380,202,145,14,298,544,70,769,928,334,642,432,34,421,645,880,448,305,288,313,382,318,494,217,577,827,832,983,846,370,115,14,580,24,84,295,989,805,351,339,70,359,840,143,851,316,592,343,652,774,382,353,230,703,850,351,334,485,677,511,126,624,520,142
505,485,457,213,903,597,15,131,381,89,667,247,161,209,163,381,313,245,211,769,269,443,25,13,355,168,525,213,137,357,357,369,795,136,537,209,117,825,993,353,224,505,33,777,453,185,779,126,387,103,77,99,173,381,675,869,65,353,629,113,101,45,197,237,317,201,353,39,139,127,219,609,393,649,163,657,309,885,33,161,325,711,163,271,85,381,121,3,143,641,727,345,181,33,113,489,369,11,605,245,59,313,997,865,751,464,231,271,77,33,1,59,385,641,59,465,371,129,239,157,1009,125,127,249,267,141,237,271,383,381,1,265,129,135,495,481,976,257,81,163,41,257,129,479,32,483,277,481,9,315
434,630,152,553,642,8,412,97,0,548,122,294,290,97,560,692,696,690,632,608,504,115,736,116,160,112,112,1009,136,434,96,179,688,870,477,153,612,283,760,240,976,512,609,756,16,438,608,294,240,688,634,1022,561,881,672,925,476,289,30,48,112,548,378,32,244,448,119,696,836,663,50,356,727,932,752,227,392,648,32,50,404,958,354,658,227,246,241,809,640,477,352,105,185,240,117,631,146,392,145,791,820,114,680,1,594,696,50,801,226,976,568,100,232,100,0,100,754,868,364,100,228,104,100,120,884,920,673,656,112,408,688,16,64,408,700,853,230,240,241,290,382,821,513,120,1012,80,298,648,476,694
969,441,661,644,985,432,61,640,640,841,408,64,817,184,753,339,843,65,161,689,336,833,32,889,753,145,660,695,85,144,769,753,83,896,413,472,968,912,161,407,1,757,477,1,329,624,523,655,712,1,435,352,441,297,773,330,117,330,913,115,665,883,160,264,83,115,129,606,890,805,924,685,211,920,0,0,146,777,145,99,752,773,267,32,689,824,331,0,18,844,671,0,1016,345,598,517,843,753,225,841,37,83,526,832,920,624,768,147,288,77,91,611,901,57,771,144,330,83,53,132,762,73,32,69,112,67,915,969,793,688,402,529,64,387,331,663,144,915,1,145,265,65,409,843,845,979,64,833,21,777
297,993,763,246,491,10,376,9,251,11,441,9,265,155,2,265,490,729,72,329,121,17,497,733,361,441,507,969,826,926,965,251,571,360,329,361,131,1019,287,49,111,217,331,10,185,89,779,251,1003,470,268,219,286,361,169,73,137,424,1019,461,537,488,943,268,21,297,296,93,985,11,161,577,501,360,505,399,329,411,283,233,662,343,283,169,409,2,425,369,531,667,496,955,899,729,298,467,1017,907,371,535,633,873,81,218,431,953,753,313,201,110,363,405,9,347,444,506,136,251,171,384,464,19,425,1017,217,155,587,987,265,81,363,467,425,329,299,763,410,139,299,795,905,1,297,361,79,347,989,475,505,425
185,229,893,581,465,593,67,425,209,519,747,789,37,915,164,355,1001,481,797,583,135,167,229,480,175,85,493,849,797,33,482,791,481,212,903,179,377,81,249,5,273,469,433,945,757,175,225,289,833,453,75,161,508,875,161,227,945,87,225,355,183,593,299,608,473,171,429,480,949,449,497,661,290,995,915,849,401,883,709,225,683,369,291,3,497,413,237,469,47,497,375,849,881,689,371,435,43,497,817,421,817,224,803,115,299,25,225,171,496,547,310,193,401,273,418,193,790,131,612,989,87,377,399,273,227,161,891,195,992,469,281,481,306,731,423,375,17,632,843,236,85,853,615,115,339,433,481,953,993,133
265,385,405,403,657,321,199,73,405,267,449,133,452,79,364,487,271,167,663,631,233,709,245,193,341,369,399,267,609,543,769,43,893,381,3,245,309,213,9,385,391,79,141,9,253,782,68,60,244,965,756,725,37,209,133,453,268,61,209,209,189,485,721,373,385,519,271,211,341,61,661,651,389,341,245,243,741,631,463,449,709,165,529,497,13,423,333,197,377,75,421,71,669,463,617,279,243,389,965,4,271,701,711,469,86,183,341,267,965,482,517,269,437,643,365,68,469,325,129,373,159,689,757,351,469,262,471,109,477,389,141,149,390,87,333,278,283,270,757,365,469,33,413,213,285,13,431,965,341,269
1004,758,896,876,678,964,781,802,800,808,966,820,614,918,358,644,900,758,260,948,990,50,511,562,697,1010,162,830,732,288,768,810,876,870,695,680,645,296,822,821,695,772,687,738,548,964,249,992,676,358,799,811,782,14,998,716,310,674,966,634,644,812,716,878,808,788,280,782,782,996,845,814,1023,727,1008,968,980,534,662,359,520,1012,998,779,39,258,780,652,1010,648,791,732,820,566,844,964,732,48,982,52,836,368,1014,966,1015,716,978,754,566,918,96,804,830,644,990,820,772,940,710,966,812,997,876,633,552,44,742,748,570,748,998,260,870,566,964,1012,638,820,809,231,670,736,918,742,982,799,644,780,455,981
288,45,292,126,716,257,636,91,172,366,204,474,191,32,300,126,215,692,204,90,29,206,728,92,92,622,648,228,252,244,40,118,140,604,380,510,104,262,92,140,984,190,685,126,346,172,252,12,74,308,557,172,666,94,140,12,1004,124,581,428,30,214,120,680,964,714,172,344,728,12,166,12,236,141,784,262,748,702,127,380,685,588,246,372,84,122,300,732,134,44,92,600,636,964,665,92,448,94,164,141,380,288,766,516,862,28,764,314,8,300,133,340,92,120,848,134,28,272,588,244,58,617,236,416,140,156,140,634,14,44,168,78,286,926,259,380,125,308,463,126,429,172,93,190,124,422,8,712,300,684
826,162,118,674,242,566,514,289,612,70,86,998,308,50,612,516,752,49,656,7,562,68,387,609,222,243,66,1023,462,142,398,550,313,1000,839,339,818,246,230,85,510,566,518,214,981,796,678,214,322,674,401,934,720,19,172,314,563,545,481,563,580,16,98,86,146,963,131,345,561,990,102,115,123,234,150,246,547,308,595,535,566,135,54,50,694,82,610,50,626,679,178,224,656,214,564,608,387,228,646,590,642,414,142,535,846,135,50,218,239,206,982,619,514,281,68,167,798,473,122,290,478,42,176,271,210,238,238,447,930,386,211,678,435,594,144,566,147,118,432,812,317,615,166,567,935,490,74,398,195,216
706,841,941,707,177,949,537,860,670,703,913,946,1011,662,696,654,947,667,870,714,954,919,451,977,925,339,595,706,658,689,913,702,657,330,56,673,965,407,606,661,525,650,844,966,937,513,793,913,659,899,662,464,23,521,919,752,658,707,870,963,774,690,665,658,614,876,642,728,712,635,834,832,660,961,15,873,671,657,975,67,896,521,791,517,654,515,925,1018,877,746,373,691,819,798,528,858,602,967,913,685,455,810,661,845,539,918,870,1002,738,919,849,384,807,997,602,949,353,962,17,579,330,631,649,648,986,671,966,462,710,690,56,919,543,711,662,833,952,1002,913,971,739,775,559,1016,835,106,578,435,659,897
402,953,936,713,746,731,904,218,582,168,656,203,513,427,168,858,784,1000,1004,387,786,165,201,176,780,507,485,906,724,490,627,762,456,844,677,201,714,867,867,286,1018,698,675,874,146,954,802,202,962,70,714,635,895,408,666,195,168,672,743,140,168,718,296,410,154,329,872,394,816,147,651,194,164,871,705,937,955,890,526,682,750,820,677,442,875,615,494,502,907,390,954,816,561,801,975,440,855,907,446,902,447,219,838,346,858,839,511,490,1011,875,699,763,443,858,360,857,762,443,442,202,893,21,673,860,111,488,168,730,295,160,719,254,354,101,474,709,676,634,69,952,715,492,870,602,410,456,440,355,187,906
206,18,567,588,816,516,801,775,611,112,526,1010,320,641,225,129,707,720,0,867,64,69,206,707,808,773,227,15,145,719,223,130,581,138,3,631,291,643,813,586,835,714,641,865,365,74,321,257,576,583,899,664,131,713,496,195,512,257,616,36,2,305,850,503,650,584,247,579,257,55,289,643,994,815,583,723,519,938,200,588,194,906,240,10,228,644,519,686,219,130,192,497,108,721,202,642,448,499,193,105,71,499,815,1002,195,812,359,320,71,707,131,731,432,135,787,131,707,930,131,194,891,778,330,19,807,5,577,195,135,604,456,726,29,630,650,0,723,353,960,12,656,815,834,352,112,769,656,7,263,75
835,59,510,141,24,379,135,1014,87,379,504,251,24,151,249,417,633,121,507,483,463,378,168,363,125,379,468,266,508,815,420,100,447,123,136,359,943,391,242,105,511,171,199,108,379,882,363,102,487,519,351,477,612,202,423,502,32,511,360,38,379,383,82,507,120,307,447,508,107,199,719,139,447,447,46,299,184,241,187,376,280,329,462,642,111,99,85,169,429,120,171,315,24,100,379,86,444,975,376,842,444,83,31,491,446,470,763,379,312,857,463,414,488,508,502,379,358,64,891,249,151,1015,419,376,432,332,324,458,406,359,104,603,27,508,601,200,447,991,123,79,144,423,266,91,426,383,440,422,118,174
951,867,98,305,146,523,1018,577,792,929,931,169,186,443,512,929,416,685,771,425,242,946,576,921,617,829,912,812,995,971,650,537,938,187,658,415,8,937,931,817,433,329,902,565,608,937,865,928,562,937,929,310,560,929,900,169,946,674,931,339,939,937,594,933,949,525,426,525,41,936,22,383,48,914,928,97,929,641,955,297,35,866,530,937,657,532,942,338,866,322,554,915,813,929,688,930,928,562,929,318,834,969,946,531,915,353,931,868,653,800,877,946,915,560,649,929,154,806,713,409,985,705,670,524,913,774,546,976,26,937,512,787,929,962,806,521,931,555,848,938,931,417,145,840,641,807,626,939,528,402
719,558,544,476,627,907,944,840,476,943,16,767,900,920,719,909,398,619,627,996,840,512,463,945,948,704,993,832,939,795,881,368,835,788,849,619,992,683,531,582,604,695,848,1019,1004,651,525,876,830,955,915,848,792,1002,691,944,991,618,784,936,732,867,624,917,630,608,624,843,426,976,624,592,719,520,881,944,883,564,972,616,859,851,623,907,436,846,751,350,531,513,627,512,828,739,523,560,913,882,848,708,528,587,708,715,551,623,856,459,627,751,1007,872,758,527,115,635,627,712,776,843,735,19,68,634,759,1006,563,608,1004,560,611,355,721,547,623,955,632,955,692,587,668,768,507,756,1008,655,625,599,735,898
403,241,400,816,259,327,403,400,320,407,388,136,328,160,311,79,407,308,310,135,419,171,0,336,30,247,422,328,455,244,352,439,506,311,886,471,158,356,20,166,660,46,160,415,137,91,404,7,387,466,431,22,394,399,399,913,311,51,203,20,212,135,267,311,407,695,392,403,396,3,386,134,89,391,19,388,340,0,55,64,296,81,117,399,28,11,375,399,267,270,394,82,31,2,256,339,148,369,7,79,384,51,311,159,916,420,35,176,12,401,47,387,346,399,384,453,23,579,4,32,407,213,15,467,371,83,311,28,162,399,2,266,431,3,398,551,406,20,47,19,467,387,371,405,431,391,130,935,244,433
764,521,283,671,527,732,191,520,337,929,15,529,430,888,901,456,398,536,364,536,808,916,312,520,652,544,572,75,922,872,611,800,836,638,808,141,808,317,684,18,620,876,520,432,525,927,915,648,552,367,796,462,567,235,314,908,520,649,908,554,552,520,664,399,819,424,766,232,808,941,527,566,521,609,520,767,396,77,808,11,700,520,456,389,515,63,515,463,399,696,503,524,526,399,141,488,619,44,745,396,8,719,117,557,661,243,76,999,936,584,972,420,860,420,135,456,76,923,455,43,748,392,724,384,527,648,49,364,652,808,8,428,520,392,557,811,536,430,296,519,743,1,523,60,666,140,585,824,527,751
423,348,727,339,879,288,887,232,975,185,155,351,907,333,331,364,600,401,994,501,128,331,72,499,536,991,276,79,176,675,203,904,471,812,776,455,131,147,968,212,859,75,481,739,136,908,40,367,106,84,268,335,108,667,71,460,320,952,732,388,160,203,75,304,476,596,308,712,199,868,230,188,105,906,83,76,980,328,648,373,964,568,836,371,316,43,292,73,939,583,241,203,131,615,183,351,843,132,347,431,460,460,235,252,147,643,79,835,84,127,131,108,636,488,724,275,211,972,359,615,656,471,611,992,435,676,215,980,324,508,272,835,915,973,419,364,328,148,715,865,426,238,93,19,43,588,904,847,358,972
713,183,261,44,281,880,388,302,405,703,756,341,540,438,631,102,694,382,630,959,434,221,189,822,433,477,701,190,471,926,384,273,198,620,342,770,51,62,407,935,183,295,334,6,406,518,55,439,70,944,950,151,439,134,103,62,580,198,920,630,700,437,942,117,205,958,186,922,117,649,407,61,164,49,54,52,441,566,614,330,183,447,438,53,911,138,946,957,117,117,438,437,124,428,444,544,141,685,385,941,852,417,945,269,612,398,285,55,150,172,372,471,181,437,633,347,189,350,135,21,334,430,768,924,852,664,126,553,903,55,213,854,919,694,435,51,630,403,183,1009,698,921,437,342,536,443,179,167,118,110
654,109,696,183,983,823,275,957,631,68,119,407,108,404,165,371,12,607,110,535,563,380,748,571,631,75,151,55,318,116,360,123,916,247,394,663,111,332,103,407,111,1020,52,293,423,332,622,927,166,285,551,167,55,404,583,635,280,136,149,98,911,855,203,887,164,193,372,238,576,316,183,155,631,220,256,36,311,524,312,180,699,632,948,31,627,654,486,791,263,412,404,585,767,316,767,275,23,191,224,391,86,359,225,262,623,773,167,65,119,191,23,892,423,347,183,49,935,524,823,932,172,119,167,180,182,210,404,100,167,676,181,167,78,167,893,428,524,767,551,164,796,167,420,510,182,854,855,524,67,407
950,598,183,615,702,122,734,803,750,846,776,747,621,678,761,239,746,958,611,358,727,765,895,122,990,617,650,736,341,249,746,871,748,515,742,38,569,199,598,173,595,830,681,671,761,505,746,734,11,547,733,566,678,569,761,893,670,719,169,760,134,860,160,610,186,766,249,678,664,230,686,744,663,679,999,592,750,889,662,579,767,751,600,583,803,674,359,834,934,574,750,694,710,342,746,215,679,566,782,357,697,821,743,743,567,870,681,569,181,669,800,160,778,670,547,626,601,602,229,669,542,819,545,902,533,570,550,646,743,711,766,670,161,670,742,803,742,638,86,550,542,253,624,840,246,749,603,865,900,804
657,651,527,960,901,790,341,439,1018,410,700,1001,278,462,642,495,934,534,230,698,417,670,1003,766,1001,905,105,1002,493,652,941,1006,951,767,398,895,905,943,397,665,439,938,657,774,910,494,662,362,951,499,455,853,768,247,182,477,561,418,149,499,746,414,385,914,1006,494,926,974,426,670,518,394,922,918,374,753,765,662,431,691,766,673,702,402,942,250,985,306,654,279,503,405,485,486,854,534,369,786,482,798,537,494,379,670,569,375,495,495,761,750,492,654,649,1012,503,999,509,697,490,657,837,458,448,1022,395,341,489,906,131,1014,495,490,402,631,682,405,910,851,119,346,402,442,907,486,786,559,399,650,1006,927
323,801,339,309,787,621,417,351,471,457,323,428,321,471,460,455,328,471,471,339,561,196,339,12,387,599,451,339,279,444,455,321,52,55,439,310,455,579,545,634,296,471,323,471,343,604,343,331,374,81,579,855,309,1007,419,340,311,289,855,309,451,71,33,129,375,470,337,451,225,804,349,679,323,449,341,471,343,307,455,430,423,458,423,323,451,983,320,161,446,455,327,343,329,321,299,47,459,311,455,419,855,291,194,417,576,291,425,824,417,423,579,483,452,311,967,957,289,579,801,289,607,474,329,349,323,428,436,213,239,801,419,551,341,468,337,455,165,439,343,299,429,328,979,467,311,423,455,489,423,449
196,327,140,422,488,39,304,71,339,172,292,214,100,383,356,162,192,462,210,288,14,96,8,292,50,960,164,164,759,240,748,94,112,338,36,48,108,340,467,818,845,496,64,224,990,1008,236,420,311,91,38,12,304,301,356,166,327,210,100,208,39,301,320,248,755,420,240,424,178,420,254,18,492,302,68,834,38,426,167,366,318,110,814,806,180,365,244,242,102,340,340,766,176,320,180,114,354,952,162,295,384,178,198,140,838,231,100,100,484,432,758,326,464,1003,100,340,215,343,236,176,240,348,428,32,245,338,71,356,112,358,488,290,304,724,294,198,4,179,199,178,48,660,102,136,99,339,900,206,694,358
580,528,524,515,530,999,39,754,515,316,500,1010,514,638,563,628,336,679,978,595,363,802,1010,627,610,983,135,246,33,611,237,864,518,878,839,754,654,4,609,770,980,483,678,516,626,999,500,995,499,836,391,880,763,790,404,579,514,483,544,119,710,947,34,608,771,739,996,821,742,132,596,320,354,518,817,627,940,562,648,255,560,35,146,832,6,770,871,290,994,36,614,963,548,290,962,807,4,867,743,275,931,754,742,868,771,69,882,696,5,548,810,227,555,99,275,552,12,610,139,746,581,803,352,803,579,628,36,918,882,947,247,548,18,323,969,626,743,548,659,549,802,935,2,998,0,800,800,231,545,515
261,880,31,369,253,232,157,976,330,181,156,355,280,134,599,134,395,174,535,45,275,625,1021,647,635,883,651,486,485,175,871,379,783,869,615,182,368,27,353,883,351,487,304,276,531,644,519,97,411,996,159,99,792,967,239,499,755,661,379,610,369,283,247,916,379,225,867,902,26,996,183,263,795,615,634,7,373,559,89,407,379,23,391,4,891,899,399,142,531,627,851,183,912,387,743,259,1004,370,485,20,101,655,793,59,172,87,247,101,563,891,741,371,695,482,103,891,486,339,848,851,582,19,225,383,967,528,589,150,355,283,668,985,379,529,371,487,167,172,967,357,644,275,341,293,517,782,275,135,359,789
989,186,904,1006,702,1019,991,718,1007,938,859,798,702,1022,650,858,541,971,874,537,266,666,27,666,667,664,1002,839,690,890,842,516,1001,643,778,850,990,670,918,249,744,829,555,852,586,874,730,858,650,283,377,694,926,702,926,10,850,905,221,926,907,778,771,721,702,925,582,714,762,850,186,665,926,698,9,702,787,851,981,696,803,523,943,794,707,703,682,842,858,858,972,406,522,958,849,449,840,938,919,713,1014,213,890,771,57,926,858,870,906,665,792,149,982,136,713,893,758,182,758,1000,841,765,394,694,778,296,1022,838,670,677,666,959,106,898,918,668,907,682,821,1015,734,857,691,850,770,154,778,874,982,982
157,877,131,1012,439,5,138,783,760,276,284,404,899,148,231,384,654,502,503,367,38,671,260,1000,71,208,769,119,444,778,500,70,503,227,151,433,394,274,144,1013,108,581,108,279,138,144,242,156,356,407,284,182,468,778,658,102,191,55,663,135,868,973,232,242,924,503,215,1012,242,780,271,404,101,144,147,112,477,911,414,918,957,423,108,974,898,270,120,400,918,190,100,168,976,150,103,918,364,356,242,242,336,951,254,251,659,112,102,139,948,360,412,141,135,1022,156,130,240,263,976,412,406,246,407,782,516,876,839,948,279,871,736,247,327,371,447,502,772,287,182,191,500,405,151,614,287,438,265,235,508,3
304,342,962,36,807,941,16,274,1,130,464,80,172,838,279,45,448,352,38,420,325,871,305,964,90,306,372,960,339,548,195,336,612,643,94,58,202,324,84,162,2,448,297,130,548,18,418,169,212,162,160,934,34,192,169,269,200,851,66,162,42,19,72,914,161,178,136,526,944,64,320,192,530,836,69,0,68,34,36,33,128,580,28,610,393,155,38,109,908,36,200,324,292,304,306,136,136,76,326,80,403,580,68,68,192,162,22,80,215,834,30,208,332,371,37,54,336,77,94,518,326,0,282,578,192,272,217,272,192,88,82,195,164,368,604,80,82,392,69,90,160,484,80,130,56,39,451,9,356,292
571,753,689,181,244,237,497,173,51,212,615,83,212,254,512,249,69,179,71,177,229,758,1022,183,217,617,51,727,754,147,64,149,355,897,97,59,229,689,214,147,832,177,64,725,195,716,97,177,499,212,291,83,112,153,211,355,561,243,183,212,821,512,710,38,228,754,133,709,47,33,33,469,81,717,167,41,195,849,35,721,626,99,561,354,35,964,695,33,180,181,181,583,239,587,213,609,662,634,694,723,215,183,76,67,244,352,318,425,81,593,614,177,985,561,935,697,709,655,118,49,464,41,852,183,225,97,901,695,220,49,197,725,688,479,722,77,291,567,83,695,197,748,609,593,193,961,720,196,181,246
207,974,979,79,72,474,79,835,362,155,987,463,331,88,266,346,147,312,239,967,462,295,855,174,63,303,843,863,323,204,199,78,140,391,172,987,175,75,76,947,348,467,15,250,265,350,203,203,319,272,47,350,459,788,986,206,351,1007,207,423,175,428,348,460,459,58,174,78,267,198,199,319,455,273,174,239,474,974,92,334,212,319,459,315,423,428,234,858,207,147,731,80,972,843,708,95,80,970,351,348,93,199,206,204,59,460,94,174,279,475,431,346,219,427,219,311,331,859,316,812,475,718,328,223,207,435,331,95,171,191,315,206,46,422,337,83,155,462,78,443,316,95,207,495,463,600,346,952,331,204
230,514,868,163,490,555,882,637,773,89,37,941,1013,755,302,530,681,161,356,932,472,670,243,369,513,133,136,428,844,806,426,641,733,175,813,935,1,541,146,961,1010,133,225,202,157,284,238,225,373,228,300,880,1018,501,729,318,301,389,1013,301,349,187,762,531,853,889,940,348,860,369,37,768,349,805,428,171,148,146,838,298,369,83,245,37,548,252,0,685,268,773,36,164,842,694,621,349,660,869,484,101,867,645,684,933,869,781,553,732,278,954,108,771,369,99,645,773,227,369,852,546,549,764,561,33,45,885,594,221,1013,104,731,45,545,324,876,857,5,513,343,149,811,145,1004,861,533,641,219,676,814,478
781,891,251,863,763,720,696,670,994,690,890,845,77,858,842,843,779,803,735,926,822,435,767,590,781,763,831,310,699,738,537,779,843,779,888,568,554,818,763,648,686,3,715,774,779,858,846,438,48,847,735,891,719,435,875,783,735,954,783,825,850,891,983,891,823,383,672,954,888,958,891,765,81,601,679,895,895,827,781,891,816,761,635,690,698,651,767,641,712,651,734,830,807,822,48,803,779,793,1005,763,634,682,939,763,747,922,895,949,383,926,863,592,823,833,891,896,672,843,835,698,635,920,551,785,735,992,892,822,534,763,723,827,955,923,822,765,267,720,651,767,690,896,960,863,888,899,859,939,562,659
986,713,615,633,400,390,112,512,451,1023,539,531,82,594,342,23,355,417,274,402,201,800,105,17,720,966,919,965,65,83,480,515,362,114,7,2,526,493,879,965,400,89,97,3,466,361,477,847,716,79,592,43,105,157,392,480,402,916,576,700,572,589,518,36,80,65,86,407,270,597,532,513,470,137,408,890,464,134,400,73,702,464,735,91,121,133,464,365,362,896,585,93,270,515,622,82,532,386,528,8,152,102,77,903,72,109,464,598,48,592,82,655,260,528,576,540,635,294,1017,913,93,18,288,388,832,390,81,110,96,251,16,106,530,967,531,981,135,875,613,426,982,385,936,82,976,480,592,338,594,537
508,191,965,540,564,898,634,924,645,817,604,1020,732,254,734,828,193,958,198,949,925,927,919,206,708,540,959,781,766,501,949,564,757,886,957,972,588,886,944,1021,949,284,570,468,829,973,957,757,709,868,588,956,40,956,1004,756,588,669,590,196,736,514,572,637,268,236,572,671,236,989,884,341,636,957,951,791,871,311,716,669,1022,588,238,759,693,276,751,309,277,316,974,956,886,532,316,718,951,708,921,542,862,972,959,185,39,712,1020,722,1020,759,879,846,237,582,958,663,62,244,351,1011,533,878,825,84,796,251,963,884,924,732,287,713,708,157,791,378,317,716,751,957,799,825,669,718,960,765,949,1021,460,920
892,310,17,800,34,236,877,373,858,346,910,263,483,967,622,560,110,167,798,791,236,172,885,808,420,860,890,868,108,848,229,430,588,772,1004,100,34,807,108,847,23,950,551,288,167,263,804,85,332,182,802,740,423,142,295,1000,773,860,228,908,340,844,108,677,304,735,692,596,125,468,789,845,687,812,167,183,124,932,36,291,877,941,620,103,616,869,686,729,843,165,422,694,679,870,618,110,39,172,156,615,218,530,164,1004,165,20,853,293,115,338,720,399,204,588,100,224,151,759,720,358,687,39,804,420,620,165,290,818,87,1002,34,724,370,350,291,293,869,230,794,98,346,348,407,108,165,772,876,882,420,803
145,293,321,145,449,868,521,785,69,131,211,707,169,145,677,0,851,835,889,833,864,449,0,0,667,785,817,326,328,8,393,976,144,834,132,250,420,33,180,96,128,337,787,32,8,216,424,305,172,65,0,449,164,793,667,83,198,83,396,801,787,50,704,674,0,5,960,305,659,40,8,2,558,192,229,841,833,225,81,147,584,384,531,0,81,97,249,403,840,259,145,895,145,865,467,273,571,321,833,487,963,64,356,308,747,0,330,128,721,451,965,657,275,206,659,208,64,193,43,722,340,259,201,73,936,512,149,283,293,449,128,576,576,17,923,881,835,409,405,512,313,865,169,25,165,448,674,199,571,705
325,852,409,885,77,707,325,773,696,61,4,633,285,396,53,409,197,821,845,397,677,572,5,821,541,381,200,12,517,842,797,781,396,829,59,451,661,776,789,781,844,948,521,349,641,766,861,153,357,597,408,209,156,205,21,411,845,69,521,205,169,845,795,52,293,957,216,805,557,8,613,69,926,979,33,825,716,425,588,789,305,61,453,349,377,925,796,268,61,827,349,152,240,380,332,861,587,456,565,853,573,153,9,845,65,768,77,526,55,1022,540,649,453,709,827,845,540,761,853,885,853,908,147,221,714,524,281,489,828,261,845,261,285,165,93,580,733,396,965,221,797,341,665,700,767,804,165,125,85,72
504,637,508,490,177,672,501,728,488,725,187,392,248,770,488,501,624,272,892,155,1020,160,456,915,112,643,392,569,896,312,42,504,508,348,155,44,37,263,569,348,657,746,116,480,44,416,690,856,427,248,600,953,930,434,118,28,53,648,884,570,434,88,539,336,58,802,437,684,364,424,308,661,752,570,378,58,501,600,120,68,25,142,504,883,116,155,1016,88,75,4,561,762,400,420,434,248,953,948,645,144,506,421,744,63,149,124,124,692,890,944,252,66,484,1004,100,541,689,72,377,954,1012,316,497,179,426,426,753,72,10,441,433,60,124,153,49,699,945,52,688,635,928,496,889,993,170,994,508,88,1012,48
817,973,426,299,213,85,809,702,170,903,922,469,349,721,701,410,593,558,274,731,294,552,681,654,875,647,59,721,991,296,937,617,922,618,160,278,616,359,6,545,687,343,290,106,743,674,615,622,811,934,935,822,278,257,259,121,273,938,774,894,635,616,616,640,607,724,170,469,1000,738,335,584,418,583,465,467,622,135,549,853,294,79,981,383,101,515,679,302,303,687,465,115,728,815,484,939,389,686,1015,639,942,872,1017,808,909,103,814,928,518,1019,731,1006,298,689,738,935,430,39,343,743,729,675,871,417,338,480,618,1,630,989,85,422,8,800,662,175,409,431,522,91,135,646,863,456,106,555,290,554,170,518
1014,402,108,490,1003,53,58,421,423,939,4,618,9,702,446,386,855,508,502,638,568,120,577,37,467,492,500,1022,429,183,994,460,244,231,94,393,443,874,13,349,511,525,254,607,387,110,382,419,942,581,254,931,521,203,454,382,636,323,167,3,462,840,100,1023,531,899,801,838,732,590,143,378,517,429,520,499,236,13,943,45,589,391,503,321,430,431,94,1012,987,698,424,635,591,510,122,452,617,521,510,634,70,525,94,486,423,39,357,789,78,638,974,428,174,115,425,72,397,588,37,20,103,124,910,13,971,98,231,915,279,318,35,51,498,437,92,99,1010,238,478,638,381,71,554,422,229,1022,387,933,206,602
276,129,313,820,808,74,329,373,858,697,250,569,316,639,770,522,270,600,929,934,770,418,561,804,366,522,877,26,632,321,307,622,822,6,127,788,558,842,542,30,26,570,805,262,91,255,583,464,452,964,198,647,236,692,263,506,350,522,294,60,825,462,698,1010,389,0,120,282,268,802,465,802,820,567,311,801,602,816,326,874,930,374,535,803,878,964,866,269,933,803,30,426,120,550,930,122,820,296,38,106,620,154,837,134,329,502,277,558,859,866,866,618,878,870,691,838,285,761,286,193,310,26,126,798,828,802,330,846,9,26,826,378,843,780,550,301,974,4,506,73,522,21,82,496,292,6,649,506,303,828
791,651,129,919,824,211,305,167,108,826,869,780,771,908,54,2,245,903,822,500,87,855,537,87,403,122,12,869,187,160,822,919,121,786,821,792,106,315,5,637,537,902,803,1018,308,998,148,821,6,769,97,66,919,525,6,648,129,233,952,584,379,348,242,262,116,40,602,434,514,46,873,90,563,893,826,69,596,70,853,308,100,52,888,773,930,993,0,263,905,217,290,118,38,662,865,565,890,596,237,610,99,305,20,538,513,853,594,10,628,24,704,930,861,850,141,727,276,929,883,390,997,870,334,797,865,274,314,6,457,1017,52,580,818,228,957,843,648,1002,652,830,1015,438,910,148,106,603,640,293,84,534
25,165,955,709,419,994,247,329,233,1012,969,583,408,760,760,508,392,456,463,747,761,655,1018,200,809,743,447,431,994,721,767,198,116,1012,376,482,952,136,372,507,720,392,1013,948,915,485,920,221,860,39,679,1016,187,999,480,252,907,440,744,953,488,1016,1012,913,484,488,715,716,1000,857,923,759,535,1015,324,611,128,656,382,507,995,247,719,692,232,947,927,664,507,68,463,176,404,503,544,487,192,278,584,1012,1002,895,553,964,203,456,460,456,69,751,408,478,664,1008,720,1003,572,485,504,373,199,307,91,408,211,700,704,428,648,766,137,455,704,522,873,488,504,999,244,699,531,68,489,272,873,394,658,453,499,260
163,590,302,675,761,825,359,531,191,515,221,711,303,79,41,478,339,991,423,703,743,407,163,607,399,939,291,895,495,403,431,814,451,679,611,321,562,87,17,766,434,502,807,255,694,558,79,191,489,289,638,635,569,558,430,940,767,767,222,998,689,607,41,23,573,579,531,691,495,375,484,291,23,687,291,431,659,556,399,163,671,201,951,59,518,427,21,443,694,436,427,483,82,419,367,679,47,417,765,455,523,450,51,463,359,767,274,79,111,563,691,47,116,708,659,710,419,569,530,418,511,351,174,631,723,914,55,255,55,563,311,543,555,691,183,101,659,687,455,695,703,302,575,103,660,578,658,175,187,561
113,573,361,30,817,308,575,38,788,876,133,8,812,461,37,696,896,600,313,770,531,688,38,109,40,904,437,296,300,816,792,288,628,638,104,88,292,786,44,488,180,784,64,56,818,116,564,312,768,42,822,860,543,524,568,452,187,1,296,299,298,244,288,568,692,104,313,572,884,576,357,43,944,109,566,440,80,866,375,454,110,269,820,632,360,184,524,36,875,856,533,204,910,296,104,653,576,152,764,164,786,265,117,820,634,568,11,832,417,177,571,621,524,572,165,308,824,790,5,566,196,422,297,5,280,61,0,766,43,776,32,520,329,604,424,565,944,1020,300,788,996,564,298,296,828,366,284,860,827,581
539,303,359,263,536,440,262,359,4,292,275,554,1,104,756,563,329,555,807,292,517,91,827,823,879,263,935,538,97,883,287,550,667,311,683,3,570,266,373,515,571,321,335,799,547,823,539,799,603,567,256,799,564,875,563,267,532,535,823,260,340,583,339,587,520,80,263,519,520,139,56,255,43,299,519,615,299,330,267,628,363,535,568,555,548,791,311,807,356,40,543,799,41,519,47,616,459,519,571,91,359,318,263,276,516,559,296,532,799,265,780,566,329,323,295,279,267,875,535,263,324,259,264,269,632,316,4,568,271,263,365,567,542,299,312,263,259,91,811,43,7,890,267,261,623,259,267,59,318,391
849,654,605,522,249,104,217,232,710,654,481,865,1021,90,230,658,1004,496,988,977,469,224,101,250,180,102,221,152,934,524,990,977,444,537,85,938,658,968,408,721,236,878,73,409,850,709,64,992,358,170,92,76,332,720,650,734,841,468,164,305,220,533,22,161,685,166,1008,74,162,230,106,736,226,712,748,204,962,186,495,372,876,114,418,970,200,381,229,860,992,215,698,970,86,789,969,24,970,881,513,810,88,836,218,933,110,486,850,932,465,840,170,859,605,970,864,994,734,113,152,975,180,452,113,150,232,496,644,222,84,852,610,1005,968,494,440,862,221,661,232,140,236,990,985,982,969,916,157,861,482,658
486,789,862,27,843,829,82,893,270,107,101,620,631,199,989,997,100,467,247,798,101,86,813,108,11,763,597,919,105,39,773,14,43,779,355,99,237,853,190,101,102,585,217,363,91,243,971,861,905,209,231,841,903,204,243,491,110,98,758,870,231,111,1003,133,103,619,847,857,757,150,279,890,644,101,863,89,119,814,862,46,234,759,94,529,855,813,754,234,463,231,667,599,231,839,238,26,219,103,967,853,250,7,85,759,250,101,349,810,539,86,901,815,869,573,217,1001,533,29,775,61,971,895,990,845,101,893,772,843,869,223,57,363,285,523,251,757,791,39,103,799,785,359,825,915,982,227,833,715,172,999
774,165,162,937,166,277,174,327,436,700,938,958,426,429,941,705,127,989,929,500,150,178,5,700,933,969,970,431,1004,437,390,925,702,166,675,916,96,675,442,998,980,428,812,935,511,942,969,685,217,442,624,183,612,996,914,943,701,170,930,721,575,906,464,190,1023,173,102,998,410,148,806,205,898,701,416,714,504,806,1023,156,1010,146,934,679,742,923,670,682,190,141,841,214,732,931,4,108,742,262,938,43,807,62,935,43,701,214,969,554,572,680,938,166,596,806,930,724,998,416,909,508,1014,50,959,906,938,252,152,938,778,598,502,212,940,166,1012,218,982,120,160,606,215,390,298,40,938,962,156,172,309,191
712,745,466,601,375,735,714,510,935,666,290,482,330,751,411,235,962,901,210,477,394,734,763,734,705,995,233,992,954,1004,506,665,469,429,213,175,242,490,465,705,993,405,653,485,479,932,994,478,230,732,315,154,1009,234,615,766,703,510,1010,210,1007,481,458,251,941,479,127,202,709,466,746,897,401,745,466,1009,990,168,685,988,411,709,940,203,994,477,138,234,974,197,416,412,469,477,761,989,766,755,407,196,101,995,405,673,750,745,685,166,753,745,713,474,686,758,983,234,723,479,477,198,989,233,592,1022,745,443,394,739,242,210,476,757,477,489,651,722,735,1007,645,995,994,992,1007,746,290,675,678,148,466,211
573,274,786,319,611,846,975,703,241,355,429,74,865,289,776,180,253,797,285,228,109,97,923,168,160,69,699,657,867,93,317,320,67,817,279,403,61,159,105,259,371,132,35,324,273,916,850,689,417,958,127,54,577,926,13,163,476,415,170,351,354,78,464,880,960,162,816,646,737,13,180,143,611,660,789,851,564,639,883,106,926,838,400,640,560,123,655,799,411,339,723,60,126,764,491,515,100,148,908,255,481,654,911,631,146,66,112,927,733,624,76,628,959,728,541,367,627,177,654,897,476,869,753,689,128,118,868,387,143,945,684,847,839,457,401,615,763,127,192,762,99,883,403,701,351,347,988,85,476,640
955,72,417,569,597,587,566,504,652,567,410,671,372,298,211,523,330,279,505,282,502,35,584,37,581,311,524,7,873,116,581,527,85,390,278,346,650,742,589,684,871,459,1,802,965,324,163,119,765,791,378,456,199,955,654,303,903,859,7,410,893,523,48,310,758,424,567,613,75,617,343,403,439,260,713,715,891,614,667,597,67,667,650,810,0,70,68,41,292,773,308,373,356,754,580,628,938,523,647,202,667,438,585,190,553,795,763,299,511,951,36,361,343,523,885,653,636,183,633,373,368,79,539,697,853,288,711,278,112,628,584,75,524,358,523,935,69,279,589,932,934,758,347,813,820,356,597,69,7,651
524,713,588,590,956,252,890,626,688,560,196,478,202,792,202,481,636,752,250,120,114,960,688,132,76,634,100,64,70,268,518,110,194,482,60,892,48,732,82,8,250,118,114,550,1012,118,316,194,608,135,517,637,893,756,86,128,192,73,654,576,588,122,202,586,70,797,2,588,248,636,628,891,524,94,244,130,816,864,772,569,821,520,0,242,610,578,522,680,1018,586,128,932,199,942,688,712,762,686,588,118,912,268,586,138,642,244,586,768,626,610,898,74,0,634,638,572,452,890,1016,126,626,257,648,121,572,1010,636,248,124,624,130,248,984,71,14,44,586,74,0,12,586,1016,1016,892,845,78,742,1018,618,764
30,622,377,381,529,94,434,750,220,356,509,28,291,46,285,684,22,1022,19,498,147,35,28,146,74,466,592,483,486,428,47,34,211,492,246,583,28,302,234,92,895,483,726,623,88,211,156,106,92,210,122,165,707,355,104,583,336,228,98,483,42,432,74,304,360,638,418,597,238,29,606,366,98,100,211,876,234,794,106,382,501,508,50,738,148,430,343,669,98,46,558,429,592,213,91,462,221,377,428,660,604,542,622,735,145,162,18,96,874,149,211,528,157,612,28,92,156,114,372,361,164,86,25,210,16,593,316,554,62,583,76,34,87,88,830,430,613,156,316,740,669,212,212,740,347,246,215,686,594,662
493,97,287,173,337,143,237,66,445,683,147,91,65,683,403,290,677,81,329,96,193,469,367,163,363,145,923,211,237,339,127,83,197,239,285,205,93,275,237,364,95,173,399,211,235,291,160,435,465,77,393,285,269,49,405,401,427,503,802,497,479,142,1005,477,157,333,145,237,339,219,465,151,669,89,163,221,205,111,128,235,149,477,877,109,227,403,163,116,685,347,210,237,227,111,103,355,732,589,207,221,29,130,497,235,97,237,419,285,157,103,493,301,739,109,477,147,235,413,613,211,223,253,304,236,175,239,57,81,411,273,275,350,163,153,413,323,97,403,237,733,160,129,328,237,237,607,415,239,35,93
210,704,4,873,802,786,978,632,944,978,469,108,512,982,983,153,76,956,950,642,773,948,19,706,824,904,478,651,830,648,24,824,924,238,983,540,820,467,780,1010,672,878,852,768,788,988,24,178,995,824,466,998,588,897,140,652,280,934,990,924,750,474,908,763,956,503,888,988,194,206,98,162,504,652,514,808,722,704,820,1023,28,412,620,976,472,988,956,507,792,333,719,205,84,795,800,280,824,792,653,880,785,718,148,999,974,690,388,434,318,821,502,820,862,700,803,962,946,773,660,502,1023,755,676,195,715,979,547,442,914,600,1018,840,917,312,565,592,1006,864,234,828,884,962,925,479,463,994,478,60,210,144
673,899,405,756,701,961,688,899,653,663,435,327,147,991,489,457,371,128,18,181,949,395,137,718,899,371,705,825,371,650,766,281,644,713,1023,142,575,953,119,920,379,281,790,713,667,183,371,207,71,753,511,995,141,400,509,952,9,711,600,921,756,951,935,439,375,947,937,139,633,682,203,871,959,502,500,537,704,378,672,890,117,646,83,204,583,749,648,183,911,846,441,66,371,719,695,434,987,862,739,759,504,441,837,157,887,435,197,825,199,131,439,139,495,724,652,721,695,633,327,357,375,603,374,517,579,650,1015,409,193,655,867,587,819,968,999,101,999,374,1009,1011,391,1005,850,201,128,217,663,719,711,510
713,513,957,146,642,739,877,513,65,764,754,253,599,718,821,142,518,685,421,809,550,535,241,147,809,723,886,513,590,659,223,639,765,429,801,642,582,893,192,30,734,417,591,13,562,125,142,381,701,598,296,428,653,149,590,192,492,590,280,205,1005,126,224,590,653,5,243,508,154,77,192,706,730,624,755,735,420,790,639,528,737,942,715,376,701,553,787,561,545,429,367,809,529,655,999,697,301,254,700,512,684,533,718,169,582,691,579,870,362,295,659,424,623,543,719,529,468,198,719,719,466,556,652,135,13,149,719,697,565,589,207,652,579,753,561,697,198,754,653,366,94,527,812,560,590,195,293,301,706,689
864,402,87,202,489,86,288,272,84,328,64,282,202,103,102,756,299,803,632,300,202,26,412,276,300,214,376,4,116,789,238,308,478,832,487,998,376,410,190,8,124,272,218,290,22,246,218,490,88,4,494,168,580,16,218,422,250,412,76,294,242,490,570,954,252,54,124,122,283,300,215,996,64,343,246,8,28,282,348,252,250,360,158,204,972,14,24,296,116,52,218,253,260,272,252,293,216,933,424,490,494,121,0,290,280,88,82,296,20,26,974,968,206,490,482,422,204,24,250,998,909,328,606,232,26,838,633,360,120,427,155,253,102,1002,308,120,880,844,180,246,16,32,250,58,202,884,28,26,1002,218
243,610,580,622,670,878,846,136,126,49,816,838,392,634,982,676,688,180,796,824,634,689,892,180,896,494,202,696,684,596,128,798,272,826,966,897,910,540,920,58,672,638,900,127,420,926,990,398,904,896,692,244,910,660,846,760,692,908,940,584,696,646,920,854,572,925,562,180,340,796,766,660,169,948,846,990,766,132,814,908,696,868,248,896,846,896,780,796,692,862,184,112,190,636,954,866,792,246,266,894,321,118,918,718,526,768,787,1002,936,388,902,782,162,900,918,428,462,798,624,828,928,776,904,574,180,962,696,770,532,133,258,656,908,84,645,780,862,952,952,228,638,798,42,958,688,378,910,384,849,925
910,518,212,4,572,31,519,908,557,548,44,550,194,765,590,399,255,614,750,997,518,588,884,606,551,598,572,380,144,582,551,38,86,255,336,136,93,607,236,639,710,549,680,550,505,542,100,196,752,44,447,524,213,54,542,556,400,214,70,430,142,594,986,472,750,228,148,118,125,478,932,916,596,516,738,198,518,590,583,556,582,52,470,413,512,772,454,556,557,542,484,214,558,637,558,556,880,262,718,38,638,710,924,90,260,556,44,612,62,536,91,200,557,46,550,68,590,544,44,590,524,468,575,574,60,796,988,592,62,564,366,192,640,318,718,55,628,52,268,471,614,868,191,196,614,724,750,599,616,582
278,862,956,814,382,316,111,350,941,911,447,828,956,886,1020,279,470,824,798,400,470,1006,429,879,925,87,850,790,783,932,788,310,318,829,343,397,15,501,104,886,755,1022,678,938,956,297,22,86,942,826,892,894,710,22,367,906,851,1022,766,774,350,464,788,312,805,366,364,478,270,820,783,271,886,861,826,278,421,785,86,357,926,342,865,820,471,399,828,1006,746,342,820,440,382,94,859,413,232,1001,766,796,1002,830,1022,336,895,470,863,830,982,438,982,817,286,894,342,62,781,275,773,990,1005,278,336,956,1022,266,911,303,995,73,478,795,370,377,318,1020,790,284,418,958,341,480,1006,958,741,850,419,854,751,1021
987,888,339,939,875,13,620,118,23,626,811,1000,883,890,922,816,769,793,771,772,280,445,58,99,107,936,619,937,1019,747,921,259,369,948,412,235,362,513,793,897,757,832,435,342,86,836,715,891,958,877,660,324,836,876,841,939,363,805,920,916,530,816,912,810,788,956,952,896,875,343,295,951,888,810,288,969,776,943,832,271,529,299,100,685,892,427,365,787,879,784,66,363,887,789,656,780,795,864,367,888,1007,691,269,608,841,772,779,323,904,875,425,840,868,308,291,794,298,918,811,772,918,904,282,64,878,289,533,435,787,108,949,84,845,260,916,808,103,64,900,823,394,815,124,784,27,874,1006,968,892,873
425,896,186,968,907,915,951,339,855,13,273,164,868,813,63,889,949,937,977,94,933,455,912,103,841,576,58,640,298,344,344,45,928,633,331,768,39,121,75,434,800,88,306,167,19,399,455,754,82,272,416,939,858,880,18,326,49,851,336,17,801,837,703,13,778,881,949,467,77,35,157,952,379,538,408,703,186,688,925,75,770,881,944,843,90,544,849,421,77,345,1013,165,45,273,867,271,268,304,48,40,6,969,56,401,820,59,92,304,159,355,304,473,669,259,10,954,410,539,939,91,841,72,205,377,434,19,0,792,48,347,928,295,620,195,845,443,825,345,68,970,303,337,879,824,297,487,273,423,935,448
782,486,294,637,412,574,450,902,980,430,308,914,276,456,389,297,366,63,382,272,382,348,308,207,321,132,44,440,474,422,366,586,458,431,511,818,455,288,262,863,272,271,292,423,42,343,383,302,962,991,316,54,302,438,296,492,319,644,439,470,210,22,294,458,443,470,271,382,454,310,366,962,1014,489,446,452,886,846,292,446,287,294,362,470,840,886,390,503,70,970,292,806,445,470,16,310,286,495,871,125,462,906,316,370,428,406,450,454,55,10,334,446,362,70,910,434,348,439,383,21,958,477,888,991,815,294,54,395,463,430,471,270,174,54,366,478,276,334,438,290,980,318,375,980,470,350,309,606,453,34
132,483,565,245,580,162,461,497,1018,265,25,256,475,173,221,227,256,565,289,811,41,977,609,253,229,131,1009,25,449,225,889,944,196,281,308,220,779,128,216,137,209,298,62,274,777,864,404,11,168,475,224,873,201,145,697,237,25,376,537,521,245,561,170,196,226,241,144,166,240,139,833,225,266,160,489,131,306,684,281,337,776,243,25,9,4,226,240,137,481,48,249,459,953,39,201,649,972,256,225,227,224,288,643,290,760,270,225,904,150,225,889,220,137,817,144,145,193,201,161,137,368,241,205,137,169,289,10,250,212,249,699,770,496,241,240,227,201,131,217,225,217,427,153,427,50,201,149,197,34,236
745,650,753,778,66,696,648,914,591,592,749,617,551,744,781,206,733,661,613,650,600,536,584,609,645,81,681,590,673,755,989,748,641,633,615,632,199,685,585,74,643,615,705,811,203,578,703,198,761,757,765,447,613,648,728,243,249,778,829,67,221,677,621,639,611,648,189,1,661,231,691,957,97,696,607,585,615,613,607,767,102,67,641,267,757,709,641,620,619,200,1023,1011,952,521,654,72,264,95,605,169,756,110,232,126,653,760,228,641,673,616,359,383,505,657,683,765,610,590,584,637,869,751,392,601,341,173,685,105,861,747,800,584,955,717,760,1016,590,545,538,3,552,204,696,413,232,863,779,696,289,867
535,610,963,44,341,455,766,274,66,454,793,408,505,537,563,528,733,549,389,934,286,391,882,790,238,278,999,483,470,535,978,594,374,386,710,682,454,322,406,498,305,53,883,829,791,726,499,374,483,153,262,1014,450,35,231,431,23,146,988,966,34,995,433,927,495,630,738,256,675,569,77,226,319,437,516,861,539,454,819,290,1015,515,950,831,402,608,317,737,1014,57,186,827,367,340,773,422,481,291,699,802,799,533,483,482,898,227,592,228,880,154,261,501,315,897,475,261,499,35,515,994,114,966,486,502,483,515,543,590,498,934,993,635,811,221,991,643,272,506,473,516,391,485,486,483,681,388,401,20,490,129
294,927,882,262,362,891,966,954,301,633,954,320,284,447,495,104,314,671,472,109,601,915,871,870,699,779,892,377,562,330,559,431,275,798,378,286,342,509,823,325,307,470,783,338,263,274,318,282,860,354,771,302,856,286,258,367,1018,345,493,879,914,283,261,911,314,790,275,834,467,654,338,334,303,651,564,610,303,954,258,983,893,391,907,286,443,378,442,982,779,287,376,854,493,362,306,367,925,625,890,440,15,307,807,321,901,926,295,883,858,786,936,447,380,470,834,504,283,222,818,362,902,769,430,606,730,51,866,335,329,267,338,423,271,989,982,534,263,893,642,503,894,314,594,445,791,347,519,397,447,282
162,661,182,948,164,380,460,58,162,954,987,181,169,460,546,204,477,174,452,675,2,444,386,872,482,315,685,366,28,774,164,178,195,683,679,466,332,675,492,390,945,188,460,901,460,462,934,642,349,332,917,1002,388,308,699,830,204,370,614,108,108,144,506,972,984,1020,390,202,303,364,164,452,673,92,489,940,844,274,108,679,100,492,1005,440,160,556,682,678,10,388,1004,489,419,430,906,192,986,76,502,173,204,189,182,210,868,317,700,1006,188,612,518,764,699,897,461,484,548,78,72,484,484,442,110,968,690,364,178,36,742,683,601,944,172,976,608,380,421,175,316,330,458,1005,456,956,477,193,604,216,428,108
374,903,249,245,183,817,937,511,925,24,784,825,943,991,135,233,847,949,1009,37,1001,808,425,7,641,771,801,401,623,255,959,41,465,927,7,945,243,149,1015,49,847,217,247,773,255,935,913,815,921,681,243,280,719,119,197,153,875,1011,428,244,247,1015,919,983,959,525,153,1011,191,989,623,911,913,937,167,789,983,839,840,473,104,129,1007,22,111,903,931,1017,889,997,815,777,249,689,255,951,247,959,255,865,791,167,939,657,953,919,867,177,914,393,929,945,553,767,538,823,153,249,585,1011,421,1023,1017,401,727,225,249,841,447,917,519,741,423,1017,761,548,921,441,249,7,73,145,169,233,201,809,905,841,875,217
594,863,91,160,67,178,834,179,51,962,3,99,131,82,51,278,58,82,164,53,386,644,51,236,51,83,609,90,95,127,163,196,68,83,757,50,199,51,5,85,83,840,83,708,819,161,883,85,709,125,195,69,66,51,32,834,199,192,86,93,85,346,933,963,1,599,195,275,391,167,597,66,55,637,84,50,453,816,751,10,35,90,165,55,188,87,973,81,933,7,929,853,76,960,4,194,747,85,835,67,67,95,85,35,803,966,560,131,38,167,892,261,163,165,451,459,258,802,15,72,163,200,933,199,64,739,161,195,389,69,746,421,275,165,261,37,266,35,199,451,199,259,55,195,37,82,602,131,423,391
119,836,226,16,768,921,287,100,776,86,338,624,134,548,178,0,18,823,144,919,146,460,37,720,815,465,786,180,992,384,118,52,144,384,791,898,976,178,20,20,56,20,450,52,210,906,914,86,914,461,146,180,146,754,404,402,406,97,436,196,178,1014,946,146,535,882,884,116,25,403,246,323,30,23,4,3,68,976,278,770,115,67,932,244,679,190,626,608,16,273,148,756,670,180,338,140,194,278,41,16,21,320,246,274,284,51,486,102,148,851,402,400,916,369,243,119,272,50,768,402,22,374,62,412,392,592,308,626,162,240,150,496,500,55,754,754,789,112,84,22,402,130,284,186,452,1014,907,496,860,103
638,587,442,588,300,940,442,346,839,570,570,614,316,406,786,58,66,506,700,66,554,124,44,308,614,699,42,586,56,828,310,306,476,263,404,695,697,285,58,260,455,716,682,859,59,45,700,810,300,348,554,45,102,306,326,58,385,612,445,668,411,332,612,346,475,330,23,109,332,74,530,172,298,349,58,516,230,876,554,842,279,474,810,844,386,516,610,555,140,644,530,340,786,186,74,586,426,141,94,58,573,570,680,604,750,674,712,301,567,834,882,298,185,92,115,283,28,620,812,330,304,290,794,532,458,426,570,42,250,334,697,698,88,554,826,28,2,586,308,316,516,330,477,428,300,56,570,800,172,564
819,514,145,114,830,227,883,115,501,372,161,7,794,4,498,717,178,324,210,37,227,538,630,174,130,5,886,498,306,370,433,23,354,36,100,203,237,502,667,148,544,107,110,145,610,116,1022,259,352,758,792,871,329,336,37,100,916,935,369,599,115,354,586,803,173,114,885,230,164,858,950,869,30,369,115,370,516,119,464,883,242,356,981,869,20,246,1010,146,498,365,848,371,300,37,101,0,371,379,434,850,228,852,20,165,374,230,382,96,242,227,372,230,362,146,100,357,129,980,97,208,539,426,122,398,100,224,23,76,256,997,148,779,10,526,227,110,331,999,534,356,363,132,244,327,756,229,612,146,549,814
348,655,381,421,419,637,396,397,260,274,859,922,260,378,399,509,749,742,637,507,346,649,397,780,27,377,533,221,653,421,628,659,376,261,21,653,911,277,653,971,389,286,523,485,275,939,258,222,395,389,399,370,385,973,251,749,115,287,224,460,140,411,636,127,627,59,533,25,652,19,30,595,386,393,391,419,391,556,283,677,83,604,91,908,717,679,635,532,370,797,955,651,1011,1001,633,139,284,719,393,346,562,627,457,765,133,634,371,631,643,653,524,899,628,826,599,789,793,374,274,693,21,229,274,117,385,786,389,287,381,431,21,635,715,890,194,691,889,285,371,374,638,469,283,371,765,59,755,125,395,417
171,282,455,665,645,138,413,122,604,100,455,387,531,905,915,543,489,817,378,718,761,651,651,561,538,696,339,347,451,565,87,901,965,861,661,389,961,223,453,825,127,203,239,530,207,277,357,995,475,634,260,141,490,314,2,138,603,389,328,724,393,365,925,570,926,501,604,668,485,28,537,905,1003,764,509,1019,137,245,485,973,399,533,393,425,279,627,287,427,965,721,29,357,461,534,474,492,749,791,899,410,58,640,258,589,540,792,753,530,521,645,571,133,281,389,921,491,145,493,501,380,749,885,458,745,782,367,650,645,909,359,503,137,300,407,201,575,1005,1019,325,398,254,385,235,509,390,637,1018,237,645,845
762,874,498,940,658,754,758,916,998,744,142,210,659,839,90,629,344,597,722,588,577,729,963,676,658,536,949,658,168,978,1006,724,994,746,874,532,658,888,595,765,677,633,522,838,630,970,916,152,921,408,692,916,888,723,756,916,5,731,980,962,668,533,26,916,416,898,134,578,99,624,566,1013,628,155,1010,851,533,146,943,658,659,832,628,535,598,594,110,644,726,722,530,978,549,147,884,851,822,998,540,756,242,644,848,900,1014,822,1009,53,759,627,568,564,540,500,171,893,669,533,1013,82,533,601,736,837,948,528,916,598,818,514,756,756,932,644,852,725,532,388,745,832,868,178,1010,664,887,916,128,692,887,984
475,760,549,904,959,993,1016,349,912,664,865,409,976,878,753,767,794,782,1007,864,982,609,789,977,993,251,1009,795,986,927,648,358,921,889,593,779,920,608,696,777,517,483,978,271,1021,208,927,942,273,753,551,927,599,414,921,623,615,927,799,568,752,678,773,518,991,905,500,325,675,923,698,929,845,192,641,822,941,984,359,993,472,969,343,758,883,896,857,991,905,267,247,478,270,753,486,835,529,991,821,486,265,975,67,688,443,927,152,864,497,829,911,159,890,822,415,922,286,110,689,944,926,305,1011,993,905,502,994,273,931,448,755,529,690,414,583,799,265,385,208,511,703,656,735,433,287,667,264,847,927,904
816,115,670,324,87,276,592,740,438,120,518,764,887,278,633,276,276,708,806,17,278,592,378,286,312,488,402,88,302,595,600,388,644,276,112,370,742,902,281,633,784,388,634,274,530,592,256,598,230,192,598,786,596,480,631,314,22,392,548,404,634,199,528,628,645,560,1000,590,598,1000,600,492,629,888,656,19,893,16,514,388,632,766,744,852,586,644,604,532,884,602,278,304,744,940,640,48,790,276,374,301,368,536,780,390,708,564,714,8,280,594,276,95,847,266,598,126,642,756,122,896,488,630,286,54,744,106,136,668,648,278,184,372,532,938,244,894,80,534,282,822,276,752,19,530,891,730,630,734,391,124
20,514,84,882,486,20,52,988,236,18,86,626,16,886,267,20,628,19,780,86,234,578,100,614,820,770,52,52,150,974,946,694,990,182,580,820,692,517,856,716,186,884,996,84,187,937,827,370,56,775,2,740,844,12,620,540,18,854,730,884,826,1008,116,678,48,964,226,642,790,935,724,248,588,836,886,860,714,348,793,594,194,194,212,882,106,996,850,887,248,340,36,860,850,545,474,997,114,690,886,741,210,275,980,18,660,401,70,762,180,4,562,60,76,4,976,1002,390,850,562,736,754,850,18,882,966,528,708,590,684,18,850,528,592,637,136,978,176,738,838,533,886,826,946,196,80,546,230,742,601,852
946,721,191,477,39,181,922,689,701,584,451,148,813,210,445,158,187,47,699,694,944,579,473,397,15,78,693,969,151,614,11,921,442,35,555,151,177,229,11,807,729,201,738,950,602,693,669,170,930,340,178,696,215,48,692,223,720,35,183,551,207,983,103,820,549,540,97,725,27,171,255,689,465,751,735,552,688,178,265,239,669,197,223,436,548,757,445,937,759,221,689,32,698,153,404,159,689,299,838,119,219,179,245,445,297,692,21,24,471,407,456,563,699,959,465,411,746,187,947,551,445,694,735,244,215,953,727,691,148,407,71,107,183,721,591,121,818,525,695,719,670,839,203,207,40,193,703,255,177,145
676,879,543,879,493,200,641,696,935,143,921,166,941,1001,611,134,375,678,711,143,713,646,806,969,679,307,73,693,931,526,199,737,749,910,483,206,639,535,1006,167,336,816,617,677,926,700,654,229,422,751,674,717,861,575,141,713,936,911,984,136,540,793,791,632,1006,168,137,142,206,7,15,903,899,611,239,775,745,201,713,937,896,791,953,675,681,713,649,663,998,1006,937,766,823,1001,1004,819,547,136,195,429,544,819,537,944,904,636,679,931,711,384,142,791,546,100,713,173,601,636,220,910,902,909,743,520,712,448,431,540,975,851,607,680,583,143,910,677,585,248,646,753,822,152,130,555,25,646,614,200,649,229
941,436,307,211,306,306,378,580,596,746,50,244,109,387,306,420,482,215,372,564,307,322,76,489,477,211,525,309,91,437,259,308,323,722,331,730,916,275,307,545,467,611,386,963,332,469,245,466,476,306,627,35,327,309,212,596,386,211,308,733,493,573,557,765,275,978,802,668,580,578,562,402,419,74,189,580,64,198,133,306,638,117,34,53,962,261,931,4,245,427,316,520,565,602,468,309,565,193,556,348,925,580,436,434,412,434,367,148,308,53,579,277,397,338,293,332,588,532,588,292,354,341,211,210,482,362,594,701,33,384,580,596,738,403,309,709,260,219,298,50,596,186,307,314,725,316,174,603,316,277
636,918,552,278,542,559,302,954,300,584,259,772,702,766,734,765,768,982,700,472,728,760,632,652,556,684,718,702,254,892,760,664,252,591,824,428,670,217,666,184,322,516,380,760,182,952,766,908,655,698,206,440,729,924,472,298,506,512,443,410,732,328,1016,798,760,620,220,260,902,728,570,703,62,697,26,586,670,728,638,936,732,728,698,524,414,390,735,903,766,735,804,767,686,79,709,984,574,400,728,702,766,680,431,766,552,990,671,475,622,684,680,216,696,250,446,318,684,760,184,467,703,250,766,822,841,696,1010,937,484,307,223,686,510,430,678,190,680,250,671,440,600,220,514,746,728,702,554,440,991,556
169,88,367,724,563,590,939,451,77,361,113,165,732,450,88,149,263,534,175,206,673,201,901,40,754,78,1006,191,675,322,174,137,138,706,228,71,715,841,457,89,188,262,766,68,45,404,658,681,52,9,766,298,162,942,591,32,38,953,243,907,831,207,44,46,657,830,334,329,553,694,371,40,172,37,696,714,430,334,427,8,397,92,206,489,947,165,168,355,558,703,254,722,95,92,782,440,40,482,165,72,190,150,194,575,47,425,165,40,199,43,74,76,851,398,53,958,477,200,702,54,79,707,425,14,78,62,1007,180,174,519,553,224,361,70,126,673,46,707,41,37,59,675,694,327,184,814,462,262,201,94
785,451,213,211,819,173,23,843,770,1013,225,916,1022,946,192,927,948,979,90,451,927,946,124,388,437,465,389,739,227,562,160,509,211,819,947,198,945,483,101,224,896,364,186,781,144,486,211,233,83,192,467,147,468,194,895,205,339,113,258,435,495,402,175,784,1011,339,159,481,251,794,492,86,225,923,993,4,49,948,130,310,211,695,883,925,396,400,5,374,900,822,451,489,884,405,225,445,916,212,464,995,389,1001,348,454,583,977,918,154,840,965,819,141,1014,137,162,768,343,387,859,133,177,914,101,501,209,273,138,903,997,129,935,809,924,224,845,337,235,385,197,834,71,163,797,469,227,237,154,897,484,336
242,909,365,845,893,809,875,522,987,61,867,1013,778,235,1022,697,301,381,840,65,779,372,363,357,845,778,836,773,921,872,874,573,578,777,876,779,874,813,436,382,526,835,23,909,813,43,952,779,835,877,776,187,14,524,773,872,1,315,893,922,779,779,797,504,837,954,920,523,673,612,877,799,771,781,986,783,810,981,835,779,811,780,778,185,254,246,879,808,927,783,519,957,501,845,365,586,875,1001,580,557,1022,557,184,814,986,984,927,909,525,728,841,46,774,877,776,893,872,841,523,774,355,783,42,559,667,1013,815,507,1018,323,779,875,875,812,445,292,933,778,886,841,873,1005,901,824,981,45,923,613,555,1018
695,20,183,950,158,69,255,76,249,433,505,58,836,545,933,806,305,54,949,35,447,325,71,546,928,432,439,800,662,977,772,439,177,473,481,360,193,183,327,966,801,318,326,727,735,689,781,69,597,86,421,70,467,389,800,689,341,950,63,580,473,423,566,902,587,177,305,209,326,803,333,934,804,676,295,581,695,649,54,705,470,304,409,800,679,41,471,575,581,971,725,572,441,439,339,966,87,417,727,801,221,551,551,669,433,409,119,647,423,528,453,673,726,191,697,435,66,308,981,103,948,101,189,293,951,64,180,945,289,592,33,50,417,729,623,721,292,804,967,737,664,795,439,918,471,439,689,388,727,677
393,975,489,369,645,48,245,247,649,517,477,236,504,373,759,7,298,657,663,245,501,718,909,692,972,687,793,908,433,695,933,1001,741,149,683,245,257,597,245,517,745,71,375,811,155,373,1013,176,645,916,753,729,741,73,439,555,413,375,197,229,405,759,121,861,55,765,981,833,313,901,121,765,664,280,369,257,388,501,501,1,1016,373,410,244,513,405,23,885,469,917,892,783,690,151,517,745,241,881,209,265,273,645,761,597,133,117,919,425,525,953,493,117,409,257,885,377,117,117,369,145,276,925,237,375,197,661,417,1012,877,897,673,405,513,21,585,113,117,493,1013,149,509,865,241,245,569,993,117,500,85,641
171,263,217,613,811,537,91,91,171,867,539,347,299,27,273,1015,3,157,546,607,91,619,371,279,339,88,291,281,515,289,736,987,89,345,621,35,299,93,1007,865,337,559,889,651,83,665,543,249,154,219,807,819,337,91,687,3,801,573,881,842,115,312,287,321,63,223,101,617,801,795,543,767,159,125,651,63,763,250,823,595,91,871,815,213,75,359,121,744,323,977,783,88,1019,91,805,91,95,866,670,670,37,863,347,811,221,225,794,193,147,781,290,530,675,347,91,347,91,767,59,671,91,715,531,89,299,701,553,867,809,803,513,515,252,65,123,815,767,890,809,286,808,319,625,899,807,619,319,573,802,573
56,572,68,85,198,460,382,374,526,518,312,146,216,106,188,62,122,523,634,506,336,40,636,918,642,65,216,150,110,478,4,624,106,134,135,522,150,584,124,34,878,288,106,879,372,27,91,374,211,512,18,526,213,37,6,26,224,91,608,96,396,88,291,152,616,90,104,384,58,210,90,730,227,680,75,164,24,318,282,514,1016,650,60,100,70,212,552,525,186,6,96,206,132,306,24,118,516,34,524,70,124,98,478,170,802,868,74,806,198,56,154,220,700,0,90,36,210,312,250,162,375,474,686,122,588,126,722,372,62,132,24,126,122,162,92,124,18,490,846,516,123,88,126,252,86,644,46,638,356,516
765,37,729,353,981,189,153,619,1015,436,185,985,93,999,171,729,155,915,683,715,253,45,297,121,251,55,61,601,427,403,401,785,601,411,249,233,155,1005,225,669,851,153,519,188,409,257,881,729,105,763,729,475,993,27,83,785,763,147,81,337,145,365,465,157,377,25,81,481,255,635,29,156,509,777,1013,747,275,649,161,749,409,997,371,171,747,405,859,25,745,689,635,1003,25,153,281,789,403,761,985,153,437,127,797,57,368,785,875,89,757,129,121,227,91,219,978,239,985,312,53,401,411,311,529,521,281,427,427,273,153,529,403,745,911,153,1,895,603,27,719,923,285,223,129,749,648,715,683,155,665,27
513,551,439,119,343,367,59,851,3,495,115,375,553,567,39,187,23,791,109,555,341,39,171,551,861,855,309,791,169,55,599,823,55,303,79,779,309,343,481,343,305,423,295,567,279,279,343,797,599,23,103,372,815,171,519,323,95,275,341,120,23,775,383,351,109,349,344,779,334,558,93,55,599,87,215,47,535,881,297,349,815,855,855,855,273,277,813,55,79,343,263,281,469,171,303,87,343,819,849,343,47,801,351,551,597,17,107,303,95,883,343,275,309,23,63,783,343,325,63,63,895,285,807,833,79,333,127,297,559,367,279,379,511,79,687,279,43,45,321,55,327,167,75,815,171,343,55,87,25,775
85,557,199,311,615,817,375,0,928,360,151,243,24,647,528,165,327,996,931,151,225,129,65,19,175,87,256,19,81,81,477,1,353,613,214,17,203,229,97,30,199,5,129,691,357,359,56,3,69,537,65,259,769,147,81,515,50,516,334,75,537,273,118,806,129,177,387,337,127,527,17,71,351,929,103,125,327,400,27,279,577,235,275,442,1,159,360,355,822,768,105,817,119,57,355,805,227,353,742,431,205,358,363,65,321,776,487,197,959,80,197,17,65,579,35,320,776,134,309,411,758,569,229,21,539,23,537,320,299,257,91,590,213,69,463,101,631,279,262,456,227,607,359,507,651,35,0,385,487,775
225,647,629,921,595,193,371,490,393,99,37,427,499,393,491,394,323,395,363,481,5,187,451,715,489,397,385,495,451,494,107,11,395,581,395,371,891,560,384,633,257,493,189,397,231,116,265,123,489,961,473,495,377,495,819,265,963,921,51,361,265,501,489,781,267,865,9,497,4,827,173,11,593,911,267,229,481,7,827,681,491,897,629,715,509,167,13,105,65,265,843,525,129,353,779,109,515,117,396,1013,141,499,779,3,485,167,393,267,480,107,496,3,291,227,569,397,125,394,483,825,1001,1011,10,97,69,507,491,230,395,500,489,481,107,535,493,475,643,15,489,1,491,1,81,508,229,522,395,355,525,393
618,920,174,10,623,484,194,638,556,619,614,226,90,122,110,110,526,834,115,518,110,125,480,1000,467,14,565,14,331,924,472,406,614,494,617,558,552,1018,460,766,192,168,323,259,526,104,954,194,10,520,558,488,202,518,14,111,608,230,253,622,579,518,150,614,639,910,38,450,614,14,552,143,558,207,622,608,594,230,23,647,758,943,422,503,556,578,571,326,741,0,7,236,192,744,202,878,918,198,742,104,118,910,42,558,140,742,648,577,398,334,558,655,950,112,685,105,122,480,998,900,519,110,106,720,500,546,516,644,522,394,96,543,618,133,232,238,10,105,14,91,6,494,614,750,623,615,494,81,590,945
384,824,396,224,727,380,981,188,778,857,1021,5,160,1022,360,225,268,476,79,763,141,130,158,332,344,888,262,385,265,485,212,256,140,500,142,457,262,888,640,207,745,993,822,188,796,129,420,249,342,785,766,289,224,405,233,852,920,364,125,280,232,356,494,764,760,374,757,130,246,433,782,296,895,268,1021,640,720,421,212,872,502,216,132,388,1000,414,236,414,758,232,225,293,385,350,721,132,940,117,234,862,280,185,320,925,388,300,192,456,665,920,364,716,640,904,911,380,268,156,969,856,396,738,328,282,728,129,460,792,260,856,144,362,510,317,128,269,672,199,472,320,485,1021,473,232,726,260,268,362,764,352
462,296,120,464,680,1019,912,968,876,160,401,896,320,462,193,960,428,484,836,193,352,172,161,656,288,268,940,96,889,77,376,686,912,732,416,680,257,264,960,414,264,817,312,262,489,776,428,160,328,420,826,463,796,800,396,142,256,977,989,302,390,965,997,424,264,73,896,417,464,415,876,227,357,321,352,232,645,320,169,448,417,264,440,468,1015,488,272,289,425,993,425,297,471,357,489,480,392,417,289,748,462,294,259,394,456,501,785,343,906,416,657,393,321,488,416,320,298,408,392,440,447,397,440,684,1015,989,372,396,488,504,128,132,197,265,145,905,480,299,212,376,552,424,792,576,494,136,393,818,428,917
529,47,993,545,993,87,301,962,277,476,31,429,551,193,927,303,431,256,47,481,257,497,47,773,449,940,535,429,53,465,424,829,41,365,32,559,55,532,209,23,869,535,400,444,307,733,493,391,449,930,573,583,705,559,469,447,347,49,317,23,813,445,705,481,252,226,465,853,44,389,413,333,693,460,977,933,961,551,39,979,557,5,592,832,849,403,789,23,13,111,439,801,925,209,267,502,823,290,551,13,511,461,15,609,590,995,32,483,63,817,239,132,322,597,407,896,21,917,469,995,112,113,581,21,292,867,617,428,17,35,558,147,477,555,98,99,273,37,461,303,634,17,1020,39,349,795,1021,526,174,34
33,146,79,467,35,51,43,170,365,75,779,95,6,31,55,11,599,442,3,447,3,307,395,239,126,203,634,691,439,483,54,502,491,694,71,35,19,15,199,983,499,84,631,203,175,171,87,443,235,327,118,255,605,242,131,67,111,410,183,71,117,651,103,539,19,263,55,255,747,55,99,59,94,407,483,663,11,43,15,471,49,146,395,75,200,390,326,23,91,242,27,411,47,251,115,89,223,123,118,79,223,219,199,119,86,203,439,412,119,127,79,199,102,187,447,95,610,256,250,119,99,179,85,219,115,447,954,447,79,19,59,497,411,63,251,163,423,306,91,35,86,931,118,765,234,214,207,195,110,3
443,145,29,85,45,424,33,429,43,485,884,37,23,152,210,472,297,281,806,411,429,233,489,25,21,1003,793,409,912,224,42,473,477,929,409,293,473,969,405,313,169,225,145,939,235,41,43,25,465,476,77,425,281,393,25,501,281,51,924,548,939,50,17,43,57,9,537,428,1003,177,389,281,397,293,621,808,295,279,300,918,411,427,280,409,191,545,505,233,239,481,213,105,905,896,245,857,468,37,33,29,85,403,11,549,149,25,473,922,936,424,491,485,40,109,296,409,420,481,41,285,425,183,315,409,200,933,103,44,425,121,280,41,297,235,421,809,404,811,137,485,37,799,73,37,272,488,10,435,469,425
197,196,314,714,165,757,450,129,715,245,713,761,247,735,328,197,569,641,645,247,199,197,761,757,726,758,756,132,712,631,123,733,836,200,759,778,693,975,508,421,200,244,52,709,964,72,836,649,644,756,647,756,756,245,756,186,955,907,118,759,150,763,231,712,356,724,757,245,244,581,998,647,708,255,708,246,134,628,709,760,646,897,1014,257,980,55,647,762,725,1006,767,251,758,694,900,229,734,1001,196,101,197,139,164,648,436,196,719,758,714,58,202,729,209,838,244,148,132,248,661,184,212,712,340,196,709,711,745,202,196,796,712,182,141,378,693,57,710,853,459,645,903,965,1001,710,217,234,245,688,754,708
559,577,303,211,543,175,803,968,797,221,31,743,231,706,666,93,299,171,151,226,943,283,222,202,29,735,235,727,477,67,261,491,147,207,213,255,351,542,175,155,218,287,319,157,209,639,175,211,35,215,735,174,110,751,417,325,167,278,155,473,159,799,735,175,143,153,230,211,355,735,209,311,175,51,239,239,479,223,767,211,110,927,335,173,231,237,35,223,927,747,1007,45,703,143,659,239,527,51,226,19,362,751,287,175,751,225,223,659,159,551,155,211,294,746,495,671,213,234,687,35,747,411,866,541,543,814,739,295,223,223,475,175,687,247,239,223,531,209,47,529,771,175,301,163,45,19,303,131,686,95
228,760,100,464,332,128,116,152,301,473,68,201,361,192,246,248,14,192,84,988,240,304,184,108,124,144,45,384,492,146,428,141,131,752,193,48,22,180,97,402,304,250,240,159,12,240,119,192,220,196,676,330,245,496,384,133,368,230,452,289,836,210,218,240,492,238,320,248,208,504,354,176,404,340,154,241,274,468,84,500,328,192,324,1,378,224,200,612,112,252,372,434,154,168,504,144,827,114,749,172,64,128,236,128,206,764,98,198,305,154,101,500,160,309,80,276,764,161,236,257,384,758,492,370,736,68,192,460,168,172,214,208,244,372,304,368,320,200,140,212,87,192,130,109,356,192,324,193,129,116
852,13,488,67,321,942,568,880,263,783,320,861,896,905,590,334,840,949,339,380,78,328,577,297,844,1003,330,320,372,846,820,321,936,909,472,324,1018,66,329,847,943,418,899,969,265,88,477,973,256,978,114,944,116,832,388,126,481,465,125,833,82,572,368,106,1009,965,911,451,836,880,833,452,455,588,861,510,572,968,320,269,449,130,508,834,271,960,323,328,204,711,802,1008,880,581,984,966,944,581,76,580,958,844,779,430,631,364,844,13,892,376,894,464,884,460,577,268,960,606,906,964,317,77,79,364,284,372,304,1011,792,500,271,508,986,16,509,768,79,496,568,880,98,144,92,912,840,449,300,609,128,834
975,1023,227,879,752,731,735,707,731,735,931,735,735,751,763,671,753,723,723,707,707,662,723,667,835,239,719,763,715,1019,979,739,755,705,675,775,705,751,271,209,719,739,975,435,251,739,835,595,756,731,895,739,675,742,971,755,192,106,739,987,803,863,719,255,707,728,719,763,707,963,611,755,559,227,895,755,879,727,718,751,827,751,739,1007,883,767,735,732,722,559,975,755,699,879,527,735,882,663,861,755,1021,451,252,243,667,767,45,867,867,668,963,278,755,923,665,739,1007,663,623,643,819,746,667,739,735,881,879,735,887,719,707,795,1003,735,735,559,739,715,755,767,739,783,716,739,739,879,595,893,751,707
417,491,293,767,6,598,827,869,427,619,734,527,854,850,951,182,619,982,998,505,859,167,595,975,203,887,167,781,491,869,423,743,391,727,461,759,291,619,951,599,444,795,279,57,731,823,659,363,803,547,839,475,791,279,743,839,1006,343,103,375,918,939,439,683,273,431,662,539,607,602,19,229,735,211,355,599,929,75,117,534,147,491,682,591,443,919,927,103,19,39,759,871,767,671,733,479,117,167,903,923,710,355,71,191,593,247,917,663,406,619,934,619,679,907,887,310,54,119,247,594,1022,679,83,799,1001,23,39,175,363,343,303,83,423,469,567,39,798,167,639,407,666,743,829,923,987,148,507,310,85,439
316,490,506,1010,468,810,472,982,280,404,436,456,456,896,952,262,299,934,456,336,244,312,340,44,294,486,508,984,424,553,356,286,216,472,484,404,326,58,395,293,36,1004,400,112,538,988,954,278,488,948,179,36,506,470,0,450,578,602,42,236,348,996,1000,346,508,433,212,579,452,972,312,292,188,773,410,122,916,916,474,468,496,300,824,1012,904,312,20,264,792,500,58,282,980,424,970,480,313,980,986,460,26,278,982,404,39,298,106,472,506,900,282,276,1014,442,986,20,24,440,500,404,420,485,42,296,300,484,920,474,432,472,412,778,420,122,222,53,921,289,421,464,406,294,212,280,276,63,996,468,936,442
893,538,1020,606,961,573,668,655,666,654,646,766,651,649,570,645,669,926,651,688,696,658,650,711,592,651,753,604,590,654,654,911,767,686,655,652,822,756,956,829,280,662,700,942,686,701,590,661,651,569,848,903,937,662,606,650,654,644,1014,662,767,669,650,534,783,757,923,662,709,817,654,880,322,703,645,653,741,606,650,656,920,525,729,652,142,640,754,637,835,653,654,535,751,671,1013,827,695,734,839,744,538,648,607,586,803,598,668,661,669,669,702,606,642,648,526,652,837,879,524,996,1010,939,593,1023,665,654,701,918,583,652,655,866,590,647,654,909,693,661,655,650,653,661,703,668,663,565,341,518,759,693
903,496,699,384,344,1019,532,27,642,640,732,624,983,691,440,216,600,960,1023,372,408,228,912,87,736,624,948,923,507,1016,923,955,155,679,667,952,901,890,413,476,647,508,380,728,219,504,987,411,880,955,959,319,283,952,728,1019,656,185,127,859,960,989,1008,187,919,952,31,184,980,676,699,948,1016,251,251,756,95,912,919,185,411,604,923,155,857,1012,231,664,848,710,156,955,1008,480,420,243,671,760,1011,955,780,27,400,667,72,928,987,881,227,907,987,959,216,645,672,475,588,736,432,556,376,208,155,156,891,889,884,167,933,408,728,984,252,292,153,1019,155,953,151,283,620,496,507,504,859,660,472,331,923,411
734,657,734,701,662,61,527,982,597,637,989,861,845,830,681,733,735,646,761,926,814,973,598,941,971,554,31,641,734,989,734,854,718,750,850,726,906,962,990,846,1012,734,110,735,574,825,975,734,718,973,734,781,797,965,1022,982,1013,983,701,989,829,950,990,972,558,546,776,734,726,950,957,990,733,222,726,29,413,713,573,717,689,823,991,1013,742,4,959,969,982,757,478,605,702,749,294,1006,781,701,989,701,704,727,781,789,956,724,734,746,685,991,980,734,851,702,989,966,987,653,237,862,621,706,214,991,606,847,989,989,702,1020,726,634,855,567,717,147,758,815,702,534,82,574,541,730,733,221,1007,975,917,222
737,153,214,312,188,483,186,1020,964,383,1020,474,114,459,378,444,459,123,468,440,424,572,61,986,418,382,828,159,72,894,472,1016,1016,826,280,371,1011,60,506,185,696,467,863,404,825,889,892,505,575,1000,1016,988,664,888,316,571,697,508,501,519,494,151,890,306,315,830,57,1012,510,945,510,849,1003,880,123,1020,237,664,318,953,354,700,508,176,380,828,482,216,900,94,1022,985,501,824,987,729,454,647,507,455,18,954,1019,443,57,733,65,511,510,562,824,313,252,440,346,288,829,985,1017,800,504,856,500,382,380,502,192,270,558,827,634,604,872,952,506,304,440,572,1018,153,666,504,702,632,1019,1003,260,315,302,880
991,722,828,691,764,947,947,723,570,971,569,314,11,739,456,56,891,59,184,456,219,690,200,712,731,708,168,928,539,427,715,976,666,416,186,661,392,645,762,32,823,59,381,11,43,116,200,146,755,496,691,152,278,714,48,243,171,555,184,629,800,184,544,550,443,690,731,178,134,114,307,631,290,201,209,39,540,680,779,220,728,39,830,904,561,625,440,714,189,762,559,743,136,128,710,597,699,304,217,988,544,691,432,299,415,787,184,730,824,728,729,690,496,211,216,681,905,1016,219,712,737,200,746,593,409,824,130,528,760,523,752,184,569,555,722,570,840,107,178,715,760,698,461,217,628,248,598,683,59,443
251,264,873,99,108,15,34,452,46,0,53,665,14,235,232,184,515,243,35,649,104,64,35,96,519,335,462,3,99,754,11,384,960,352,291,352,711,417,353,244,247,43,491,352,14,167,703,251,100,744,323,512,352,35,56,768,201,67,96,11,611,259,224,288,35,323,0,608,99,619,761,752,164,84,235,40,38,315,266,334,99,195,227,35,292,320,321,59,233,136,64,335,292,7,33,0,544,121,263,79,64,40,239,2,552,89,836,32,47,615,360,85,40,484,35,9,552,355,590,9,35,35,39,12,551,43,613,548,243,200,35,534,4,256,971,91,740,302,103,312,43,391,147,489,7,608,8,356,117,356
649,728,645,711,667,515,716,655,708,684,445,717,655,672,908,939,739,644,736,749,589,636,604,596,589,638,589,655,727,649,751,844,749,237,663,761,959,933,723,796,647,695,727,636,599,727,751,719,835,519,687,541,652,650,749,703,711,691,736,528,831,540,595,687,875,643,843,711,254,716,719,958,547,332,711,758,652,808,675,663,659,716,704,692,709,203,599,644,983,666,708,811,717,655,717,828,651,648,936,644,527,700,544,676,541,640,844,647,655,700,583,873,79,655,1020,975,743,653,205,655,487,753,687,974,651,733,694,724,1002,416,663,172,711,653,827,710,654,643,780,725,543,739,811,758,647,643,588,644,716,739
735,686,927,642,10,92,100,201,684,215,34,85,265,175,87,19,108,84,212,934,987,884,341,180,175,69,24,85,177,223,199,580,736,95,300,636,214,59,216,455,199,541,15,508,22,725,423,344,174,599,213,44,612,166,182,487,964,42,230,75,735,190,241,22,167,172,613,103,101,668,860,196,118,452,226,676,221,710,693,582,605,69,85,606,674,23,663,100,705,160,216,724,858,354,108,612,452,452,150,673,149,927,193,162,6,20,134,612,709,70,190,175,476,101,708,20,852,839,111,191,287,175,94,786,197,84,999,759,172,94,515,869,197,934,174,100,669,199,93,796,138,705,201,174,174,120,196,70,94,766
531,259,546,193,545,314,330,924,677,30,561,693,48,715,517,289,639,928,992,742,1,673,799,210,827,547,417,37,517,807,39,101,538,962,586,514,969,551,550,802,547,972,288,545,4,200,732,800,288,549,212,577,745,835,879,677,900,5,4,548,514,316,948,165,236,578,99,34,551,802,4,994,642,577,829,582,563,1009,541,562,544,74,618,967,585,118,101,65,564,520,616,548,29,771,70,542,567,574,800,545,545,33,836,291,558,233,583,770,786,549,958,34,612,807,530,513,540,287,290,289,541,465,518,895,579,258,738,818,258,37,690,258,124,220,576,519,548,700,835,801,71,823,120,529,770,38,290,898,287,108
189,4,606,94,71,638,479,30,479,286,272,379,388,476,581,383,352,286,246,273,100,344,540,377,511,92,894,493,383,382,348,476,236,323,479,306,786,285,383,799,476,348,221,479,92,254,477,31,24,588,24,850,723,350,124,988,287,287,294,350,28,150,84,475,348,355,11,383,380,382,271,28,327,382,285,54,216,254,336,31,508,285,281,29,723,222,372,537,158,159,283,44,305,287,797,796,285,988,476,291,238,28,775,287,495,479,349,31,286,260,26,511,490,464,479,153,380,85,347,28,382,380,366,316,27,286,126,255,365,127,286,863,445,884,51,335,287,388,252,31,436,222,327,350,316,284,500,30,28,260
209,176,161,265,128,201,936,104,368,152,345,82,296,554,336,35,902,1003,769,224,272,332,188,249,349,78,853,904,161,773,741,214,230,345,705,776,152,92,72,330,212,25,129,27,710,297,168,776,57,196,867,666,408,173,427,624,430,960,272,121,98,866,344,352,460,344,355,234,78,153,385,133,486,804,305,329,717,25,496,293,685,928,243,352,296,230,508,128,921,165,904,128,884,955,600,244,72,201,164,296,424,847,394,165,184,928,796,889,968,344,435,457,857,395,328,488,24,9,852,131,704,738,841,880,56,411,274,332,416,172,329,784,152,172,224,169,796,128,392,344,451,408,73,865,278,744,240,505,65,418
428,483,30,444,450,331,940,938,354,796,878,623,580,799,628,539,476,295,189,413,151,42,155,20,917,450,302,479,646,847,311,65,533,548,948,437,947,364,110,549,221,783,310,444,549,452,163,227,474,933,71,478,391,302,408,189,549,30,472,773,195,37,159,349,512,931,606,310,191,554,309,202,476,743,550,339,974,283,165,94,159,311,962,119,311,478,567,910,476,988,426,942,967,235,422,307,101,388,94,557,261,951,309,31,628,343,325,116,226,46,318,6,227,716,170,231,810,867,398,214,411,271,42,26,293,382,623,863,159,430,821,838,143,227,358,549,1006,65,471,399,615,140,383,454,462,320,107,36,980,227
149,455,151,755,66,118,30,315,487,2,715,179,131,1,162,578,947,27,166,234,114,698,315,3,624,250,812,219,568,424,154,134,283,151,234,311,362,423,426,203,314,115,170,165,79,142,943,110,655,674,787,759,287,1020,34,260,162,331,182,363,247,270,242,10,238,115,78,128,343,651,307,423,191,155,987,674,324,1002,887,238,872,427,106,880,930,227,231,835,610,615,147,935,481,162,31,290,138,389,31,162,65,826,403,7,234,100,154,187,239,421,331,19,579,494,123,890,227,395,55,778,362,202,674,426,701,603,439,883,242,142,167,727,707,133,938,442,439,782,419,243,931,78,868,307,76,391,875,878,143,78
798,755,803,329,530,763,943,843,695,221,769,899,521,751,787,364,448,687,273,399,747,1003,168,764,611,731,946,769,864,713,770,659,781,521,679,281,354,225,679,843,183,768,806,110,674,755,739,643,819,683,753,211,672,834,619,650,612,0,699,666,65,859,585,618,738,698,807,288,322,1002,250,746,491,911,167,331,530,831,686,530,330,770,853,162,718,520,771,258,154,719,98,883,640,834,803,55,267,658,683,640,903,266,861,620,717,245,813,182,813,335,538,134,640,891,639,4,583,755,658,969,426,291,768,649,701,747,751,443,322,715,770,207,703,512,953,104,698,779,883,930,869,627,834,683,514,302,514,464,177,902
127,372,193,693,489,174,745,209,257,393,173,593,336,560,98,313,111,353,485,469,745,62,255,588,190,373,348,124,317,233,687,85,214,180,782,489,111,75,214,176,888,327,120,54,573,177,156,573,292,564,237,164,180,140,181,687,328,169,886,849,61,109,52,372,66,820,292,282,314,380,33,71,285,917,137,209,173,141,595,962,157,470,623,179,208,175,31,61,373,2,318,415,304,941,313,777,422,136,312,73,181,116,136,381,148,130,90,111,107,342,725,241,328,676,356,999,481,113,286,177,181,884,228,269,281,825,271,179,669,387,554,281,170,152,212,238,892,689,685,317,61,95,855,888,130,334,33,772,124,138
254,279,495,980,118,1023,52,453,23,415,961,197,172,239,279,165,126,383,676,925,351,669,309,189,309,320,623,30,940,382,735,198,348,343,478,404,430,449,62,709,446,446,495,166,327,340,679,615,150,277,14,159,679,33,619,333,383,540,966,263,679,318,278,725,430,279,238,23,284,853,509,62,181,133,165,140,36,193,247,318,75,671,55,446,895,327,404,444,96,260,318,462,446,348,142,149,254,725,326,20,191,52,743,446,174,311,172,398,484,223,21,311,190,446,292,854,814,295,254,189,599,62,161,359,126,638,276,416,429,295,277,340,751,325,535,247,502,190,69,263,492,223,190,287,465,780,85,764,143,807
91,369,222,608,661,929,745,88,786,729,564,732,542,755,664,689,972,526,989,154,144,643,215,723,799,237,49,805,149,881,656,427,661,612,868,845,668,769,666,870,625,629,518,658,572,261,877,705,896,845,789,1005,456,585,888,690,709,746,261,986,616,621,583,24,246,740,293,712,273,535,88,826,793,755,474,650,874,873,682,1008,632,951,765,304,129,520,420,873,748,549,677,805,710,741,405,165,234,836,204,949,189,812,80,545,784,293,763,816,845,480,130,1003,887,660,986,53,657,629,242,656,480,937,541,792,556,767,405,825,169,656,234,920,677,118,967,938,773,916,591,750,980,898,709,539,312,190,431,492,819,622
34,851,59,187,619,507,11,299,154,75,362,231,802,658,682,515,594,894,335,66,554,601,618,187,1003,274,355,330,362,106,744,592,297,555,970,905,515,457,633,714,738,722,603,82,635,738,362,402,107,187,106,194,626,43,170,923,218,690,819,670,506,586,306,267,1015,843,579,83,80,986,106,689,157,19,378,363,202,587,27,138,210,170,590,362,771,362,559,591,123,111,963,490,322,443,292,387,466,646,578,633,618,66,762,801,66,419,443,906,835,504,74,480,491,770,355,187,83,546,42,619,243,275,187,167,507,585,491,879,379,43,218,915,386,106,738,515,699,547,955,667,54,218,15,899,635,15,258,619,898,722
591,351,726,822,302,610,918,614,86,998,117,522,574,551,810,1014,566,746,311,853,558,730,710,603,590,526,554,471,668,475,138,554,808,762,732,563,338,949,814,982,590,1019,471,554,955,338,578,791,534,296,954,803,906,886,851,262,458,602,58,689,258,289,410,570,183,532,727,935,563,823,586,314,628,518,822,690,732,74,818,794,926,690,842,976,958,563,795,1010,328,806,595,554,558,567,830,538,306,534,682,818,854,1002,567,766,826,503,686,46,822,820,574,199,575,970,605,522,683,339,351,962,567,570,572,531,746,102,570,594,443,298,870,532,710,971,870,1010,978,79,567,523,603,379,611,922,906,978,986,935,826,574
626,58,299,42,504,466,18,457,82,473,446,44,188,186,140,51,51,464,505,763,132,460,8,307,106,290,45,172,845,586,152,114,394,165,55,330,11,526,468,474,698,188,699,328,483,118,570,696,395,249,75,269,1,216,172,239,58,56,265,282,391,554,35,479,965,344,103,466,291,34,168,1010,332,112,468,515,141,355,481,631,236,336,42,260,940,505,43,293,3,56,1020,486,456,393,36,137,395,490,172,483,214,346,259,42,35,20,180,392,82,56,186,290,88,968,49,1003,378,49,387,321,963,176,114,441,831,332,455,115,460,449,8,382,72,32,594,768,315,211,2,244,491,802,426,496,186,866,481,320,42,731
693,584,203,1018,104,813,842,890,714,738,836,695,772,764,682,146,764,1007,232,666,679,660,221,567,254,932,690,769,100,756,659,186,697,601,687,436,109,895,986,489,694,923,382,662,565,684,841,692,876,728,893,522,556,506,739,662,812,324,475,150,1002,659,230,620,454,518,506,752,938,103,990,872,220,858,948,508,472,722,209,362,854,877,815,534,577,1023,740,859,730,514,895,530,536,722,458,147,721,614,595,59,943,762,914,28,344,131,564,692,723,532,804,1004,195,986,638,434,465,607,630,927,314,813,945,229,589,29,835,698,663,597,719,169,690,864,565,572,232,659,871,841,374,662,502,766,890,748,65,533,621,794
340,247,44,183,185,21,777,547,147,189,988,873,157,263,243,146,829,406,965,241,823,667,193,926,332,169,388,755,333,440,190,906,849,299,230,797,130,371,999,14,387,685,84,461,179,25,213,243,491,827,241,181,663,843,1009,381,981,999,233,743,205,278,294,940,359,80,782,993,1008,905,250,292,953,905,709,209,871,833,969,236,393,843,355,183,475,187,278,937,332,187,883,805,15,907,51,921,743,20,527,31,341,97,355,403,244,957,6,145,225,101,39,219,499,123,781,227,219,691,201,825,572,975,609,188,846,163,759,793,847,339,24,61,155,929,969,848,904,204,142,233,145,23,429,739,228,228,157,283,211,556
848,484,62,334,632,328,288,376,602,82,410,106,942,404,766,534,398,310,328,152,160,430,388,116,306,574,738,674,443,526,410,438,208,366,230,214,774,8,742,1011,228,614,374,484,238,402,626,558,346,234,579,322,508,14,724,330,77,438,434,282,514,548,290,862,654,366,340,273,542,156,288,406,240,634,494,310,545,410,274,310,418,300,102,562,378,650,282,390,734,478,602,270,675,427,758,528,601,422,367,480,302,256,530,310,736,256,846,350,330,548,766,206,548,420,306,550,288,307,220,766,362,566,734,686,90,120,226,358,344,102,86,283,308,290,310,244,746,524,346,328,504,192,554,307,198,520,254,246,100,512
81,648,335,948,323,251,421,335,532,321,429,405,673,509,716,117,944,509,465,765,718,89,405,510,446,752,169,416,915,121,207,720,89,441,404,19,373,657,170,1015,749,103,505,420,499,125,207,504,947,443,997,444,459,95,399,23,215,943,245,488,207,151,73,357,417,999,501,3,323,373,704,39,403,421,463,32,771,38,409,23,396,1013,508,445,705,1021,21,519,409,121,709,431,62,489,415,81,673,303,267,323,473,433,456,25,959,1013,117,285,947,184,497,440,446,537,165,501,756,306,735,17,73,6,769,479,147,148,189,421,1013,31,173,63,115,485,473,509,423,375,996,432,835,1008,475,177,61,57,421,27,245,931
732,87,221,724,591,386,462,507,693,133,315,285,500,252,335,178,507,847,763,489,813,453,731,176,460,948,407,635,1014,752,463,479,421,627,707,458,436,709,493,90,315,432,607,498,308,260,619,544,391,469,389,547,499,975,435,649,708,490,405,690,1002,107,597,716,388,458,260,437,491,312,919,475,407,791,527,446,213,448,449,707,434,863,51,85,48,261,471,288,564,22,407,115,611,435,298,479,400,57,690,695,436,1008,747,475,83,750,603,462,458,459,571,903,509,289,650,213,179,469,407,966,773,386,306,597,391,563,463,321,405,256,402,413,610,504,455,263,260,508,591,447,477,689,581,435,68,461,432,707,898,416
105,973,977,593,467,339,973,129,987,4,785,939,339,207,80,1005,933,105,1013,492,968,1013,101,999,931,81,933,260,805,29,973,899,768,987,549,690,509,483,977,29,830,91,785,1,624,977,1003,236,931,75,293,955,973,1009,758,35,24,1005,54,605,109,1011,363,52,475,81,165,33,275,235,547,603,37,976,931,173,845,1003,561,1005,1018,979,795,2,117,786,635,101,133,192,223,491,986,976,183,351,56,659,603,59,585,619,209,897,515,986,807,933,19,513,987,989,221,239,457,1013,541,977,253,428,493,661,973,565,17,897,1007,621,1,512,219,1,53,986,155,18,879,858,217,676,549,922,209,923,529,821,253,201,34,117
504,508,440,120,758,313,487,67,707,386,637,318,956,73,441,743,440,231,1015,796,371,427,447,631,697,34,553,254,829,513,569,579,374,105,67,426,447,759,399,295,569,642,34,6,408,562,856,568,575,230,331,665,319,14,1015,600,989,86,392,601,34,299,72,519,397,674,424,435,311,465,547,124,928,377,259,328,599,418,887,274,831,15,375,732,296,54,458,298,328,35,477,38,142,391,35,595,525,600,765,56,326,599,631,683,575,546,426,52,503,120,330,598,524,543,520,986,42,375,536,331,743,372,57,22,88,68,595,539,643,248,523,679,333,523,704,172,967,487,26,297,523,904,610,640,510,70,547,62,170,555
626,277,268,845,327,586,578,434,410,434,575,5,512,612,836,314,398,544,888,354,348,483,588,688,581,45,642,240,288,660,796,268,654,20,506,690,58,591,514,567,450,244,732,645,954,421,248,68,634,369,872,245,306,285,504,540,432,2,248,618,462,892,616,224,92,218,66,634,514,268,514,276,270,50,476,84,394,570,724,525,516,894,412,125,954,282,82,1008,266,888,346,922,460,352,589,844,14,177,418,258,68,94,484,514,293,102,14,396,289,264,390,631,340,939,108,556,580,672,844,120,226,1000,40,241,268,496,902,760,426,304,126,220,10,118,332,68,455,626,690,688,322,894,333,330,268,632,884,4,760,396
606,918,976,924,673,762,232,563,988,1018,204,206,140,73,672,88,180,110,596,161,41,20,436,22,268,390,477,881,177,353,757,168,50,1020,169,350,800,732,296,817,745,140,251,403,486,277,951,979,660,225,359,808,269,222,219,114,182,790,335,544,52,761,974,734,310,760,248,121,268,553,271,930,919,835,563,140,733,131,972,54,720,12,334,249,6,488,14,270,488,774,574,918,820,132,881,455,224,168,673,406,897,435,169,525,505,41,285,652,224,737,137,961,160,489,340,471,12,220,820,258,233,499,846,269,297,262,873,823,263,609,861,606,530,27,278,161,652,353,41,169,726,204,140,172,761,348,140,845,111,348
152,158,780,335,457,207,462,340,74,759,549,139,67,911,372,453,13,915,402,917,467,523,523,89,159,375,202,81,401,75,453,335,341,560,9,335,366,150,210,464,463,451,494,663,375,469,79,541,195,18,99,911,529,534,913,29,86,787,77,107,373,370,598,328,335,88,495,84,467,323,128,463,465,138,463,813,98,374,567,401,76,966,885,331,215,547,655,314,463,214,15,459,19,82,305,400,465,825,450,79,464,462,264,279,78,303,592,493,657,535,399,781,341,203,151,670,463,787,540,529,24,139,81,362,459,343,331,400,87,311,457,223,908,465,531,81,527,335,908,214,860,330,463,335,651,457,488,80,320,299
969,512,512,896,568,552,461,479,121,576,1003,512,536,913,916,536,553,912,540,72,896,808,540,72,565,534,392,10,373,452,568,118,512,904,512,368,912,73,515,912,566,1,523,520,88,544,904,912,913,594,905,896,528,980,913,520,126,469,569,95,536,683,913,813,605,528,808,905,520,900,966,564,80,900,512,552,904,512,896,488,912,602,558,96,913,104,913,907,903,621,556,528,537,352,917,77,212,12,96,542,76,896,502,296,899,586,536,928,528,788,520,84,66,598,466,662,896,923,448,512,948,528,538,912,519,219,875,397,940,571,75,920,512,518,553,904,913,908,628,923,378,898,900,711,452,209,528,896,912,659
514,30,129,172,553,921,893,413,152,612,888,925,606,892,900,588,1006,558,42,887,869,568,637,813,970,32,1006,728,1004,24,798,988,636,732,990,408,919,731,632,516,762,40,600,921,612,984,148,928,293,581,866,188,580,750,36,413,8,45,764,12,290,157,405,412,416,963,413,812,920,604,888,602,596,954,760,909,932,2,631,869,568,828,877,940,610,156,412,868,888,412,421,476,797,1,0,515,804,37,1004,993,804,632,1001,921,1001,580,386,444,636,892,984,1006,546,300,568,56,577,8,15,876,824,790,568,920,857,637,284,975,733,132,622,612,604,921,440,732,676,765,426,541,896,842,554,413,924,996,856,600,514,765
119,935,919,911,951,453,395,502,471,363,559,775,570,967,470,951,453,917,335,466,502,383,83,743,356,911,491,86,124,775,919,647,167,59,803,947,191,571,414,507,101,62,903,127,573,111,165,125,959,79,491,79,374,403,263,503,231,423,303,391,125,538,927,502,5,67,97,403,485,471,517,247,477,293,927,467,373,55,555,395,487,919,61,77,3,827,502,491,187,255,676,247,119,571,395,23,961,9,53,469,445,509,955,455,399,475,951,295,117,622,950,527,917,65,406,951,461,487,423,101,101,406,911,415,55,101,551,925,62,959,191,479,393,907,623,551,914,959,247,341,117,901,63,943,398,245,111,923,365,427
421,319,38,639,997,982,395,993,803,927,853,103,507,883,639,39,623,250,919,543,45,63,15,993,775,983,27,543,127,639,275,443,491,571,402,599,995,895,431,969,47,123,31,407,630,243,1007,563,1022,615,861,1023,125,471,915,407,37,447,410,998,23,7,637,493,614,943,443,98,31,615,38,1017,440,159,95,539,407,899,423,573,511,103,511,959,7,634,446,582,71,823,83,995,249,1023,471,927,955,26,1023,95,63,613,999,423,31,641,413,111,15,511,1014,415,51,715,1005,1011,431,31,607,738,122,639,383,415,119,1005,151,343,622,35,875,415,483,631,421,438,1023,446,613,59,127,621,413,1023,105,39,507,54,23,447
500,334,538,893,484,88,812,4,543,534,518,962,673,374,702,804,826,538,804,568,800,82,676,753,230,679,480,479,678,682,454,516,518,700,702,484,484,679,934,702,641,956,528,812,160,340,676,684,678,560,510,676,928,845,496,798,703,934,538,816,672,228,514,518,363,540,676,702,550,518,700,678,799,827,364,222,956,100,922,934,900,544,843,818,828,845,702,830,826,545,868,710,420,492,383,702,255,94,829,670,671,486,622,851,958,92,512,370,122,804,703,703,1007,88,700,356,944,540,736,543,986,583,798,672,512,351,830,828,956,127,359,378,977,514,900,828,940,548,94,804,997,934,696,702,934,234,484,377,940,287
747,683,689,690,927,196,799,780,687,779,299,363,971,75,914,694,395,817,395,696,968,882,115,682,323,234,682,174,687,202,257,459,369,564,822,808,361,744,681,225,457,894,690,264,887,776,823,370,560,689,369,323,922,911,602,951,552,498,987,298,330,656,369,543,700,823,690,523,240,458,689,819,233,127,395,827,374,699,784,822,682,383,881,915,75,362,110,234,681,115,466,576,471,779,555,694,817,695,753,817,40,904,227,235,86,177,587,169,354,563,920,395,368,234,370,225,795,840,498,363,186,252,946,241,511,681,563,331,242,794,224,812,251,350,573,786,358,589,504,329,268,399,55,891,750,683,598,251,814,690
313,164,273,262,289,722,319,160,152,334,262,852,152,130,286,730,38,721,302,596,260,292,980,132,153,963,268,870,132,309,36,709,144,281,132,960,833,74,988,133,292,864,976,288,876,856,134,292,152,288,16,292,132,24,288,292,724,886,308,276,312,156,158,725,844,133,286,272,805,653,130,864,605,129,133,294,405,334,400,149,306,862,152,981,319,356,268,148,132,129,288,724,240,134,164,720,304,196,709,146,129,709,913,129,158,57,728,140,134,130,159,266,132,258,448,268,437,886,188,741,256,142,980,833,705,258,5,473,132,303,868,604,832,305,153,460,720,144,836,276,149,760,304,135,289,145,740,840,276,154
131,857,709,531,31,7,261,415,128,130,632,593,513,95,159,421,31,421,446,542,513,705,761,865,421,421,1023,69,259,21,445,739,877,6,423,63,414,927,420,575,409,315,605,24,606,5,291,985,595,417,707,895,159,963,537,773,441,771,639,423,422,733,997,441,577,769,775,583,57,419,725,441,57,581,517,263,10,997,767,883,131,970,583,865,892,0,729,5,661,821,385,999,399,427,415,24,639,415,787,261,447,801,493,551,575,271,921,437,844,977,741,157,436,484,639,859,30,901,757,167,832,371,515,409,807,27,58,577,1,163,863,435,839,310,997,569,491,3,280,423,95,167,385,1006,766,735,63,415,421,949
98,675,83,936,667,818,458,850,366,253,678,919,792,745,674,678,874,824,821,544,683,1004,939,970,300,850,520,1011,698,819,928,538,179,871,209,146,828,736,750,406,553,106,814,402,346,746,993,1010,274,755,723,604,1002,491,280,890,792,754,690,531,168,232,495,755,552,880,682,682,813,738,754,230,1004,482,702,338,846,813,754,750,594,76,344,755,674,614,648,678,226,618,945,801,880,514,739,235,200,467,815,87,252,818,747,792,352,289,786,489,691,746,946,335,705,970,731,691,755,1010,682,883,882,810,1019,214,818,592,686,690,74,431,426,264,878,746,826,434,874,586,282,794,744,242,819,722,818,490,720,362,610,998
610,692,516,750,644,419,624,676,900,867,515,717,996,556,437,846,293,44,582,499,609,572,551,100,554,363,1000,295,515,301,612,516,576,571,882,775,939,532,292,576,514,930,32,379,294,591,610,535,577,852,595,355,512,748,356,623,609,612,996,807,550,559,748,608,800,558,71,517,397,575,416,740,611,758,611,818,514,45,652,743,517,551,292,291,748,676,994,770,947,513,631,838,3,743,524,311,332,967,775,291,940,743,993,291,514,619,3,6,87,353,576,364,484,259,557,544,867,527,577,434,614,483,527,829,327,359,580,964,850,295,781,998,518,292,866,870,318,514,848,271,427,855,779,626,615,838,900,691,71,584
883,575,481,763,316,539,533,492,312,375,292,244,118,617,446,664,765,403,379,1009,338,826,920,789,891,555,374,278,631,869,784,629,327,361,635,377,887,742,852,796,627,824,566,1010,543,535,822,887,315,605,865,818,773,792,882,327,794,501,754,433,793,858,753,760,661,615,625,985,830,638,586,562,118,773,791,820,314,795,799,566,823,785,893,537,774,49,629,738,575,854,65,890,694,344,793,552,278,378,93,789,570,283,884,759,625,793,775,534,662,629,789,562,789,310,27,694,315,314,198,116,297,894,260,848,1016,633,633,498,638,720,667,357,369,872,822,979,983,363,84,629,890,791,256,612,838,792,192,887,314,543
775,274,232,250,676,158,581,328,11,493,96,397,136,18,366,32,17,366,649,710,534,148,194,249,242,196,229,10,626,160,362,810,616,97,134,131,313,148,1018,234,172,221,97,98,9,106,329,266,206,122,40,421,353,137,649,12,795,886,312,326,810,142,613,132,197,299,742,235,542,374,690,249,171,745,98,101,233,11,482,613,71,97,225,517,226,9,751,134,321,25,128,518,868,506,106,721,355,513,36,213,111,106,662,303,761,230,153,613,705,242,230,663,806,1017,5,99,646,136,609,128,742,231,336,646,10,353,381,13,238,102,116,106,712,773,654,114,14,611,678,802,482,114,32,142,102,225,230,1,933,33
107,867,145,99,1016,867,771,354,3,745,132,183,727,391,355,930,359,832,376,356,363,448,372,547,327,740,99,740,644,773,479,99,337,224,916,368,132,228,644,455,224,67,35,136,149,359,0,596,99,669,230,97,184,484,551,277,659,683,103,307,288,388,900,252,360,907,113,8,775,737,256,132,96,643,998,258,471,948,935,741,235,405,388,899,647,3,103,875,228,916,379,3,246,244,871,132,980,259,323,315,679,363,3,785,11,327,611,295,314,135,260,727,363,291,99,827,267,55,484,136,355,437,123,372,123,900,224,839,131,215,272,291,763,99,676,112,468,0,148,507,0,359,868,800,744,305,900,277,140,264
194,894,994,379,237,202,483,279,825,193,131,706,101,134,34,137,194,113,785,233,397,993,737,714,129,490,285,361,129,993,236,1017,129,673,226,864,226,1017,225,194,367,161,269,975,1000,393,226,643,282,322,896,385,234,130,736,225,40,368,651,141,173,97,129,672,865,943,514,698,134,161,138,401,1,898,513,897,242,137,237,227,929,910,233,994,993,931,269,193,162,315,128,16,922,238,226,129,769,131,225,236,641,142,354,611,480,130,205,98,994,5,147,129,937,874,387,610,257,66,898,1,897,898,1001,237,738,2,961,34,623,225,673,170,131,225,865,226,746,129,897,897,234,129,271,143,641,3,689,232,161,670
890,251,728,983,415,371,67,598,604,371,692,743,858,1014,763,311,443,115,381,703,895,821,413,535,755,311,155,378,603,754,762,242,144,741,951,399,560,502,180,702,207,257,533,880,498,703,131,424,374,307,730,755,413,48,703,885,314,887,275,568,884,904,732,112,712,184,895,602,95,246,95,147,823,72,767,563,763,629,315,889,691,381,379,919,724,567,893,672,600,339,503,560,536,727,508,347,24,308,55,1019,75,501,319,151,635,115,596,628,116,532,315,264,853,724,381,763,690,283,95,607,602,769,916,784,508,793,599,18,511,247,345,690,312,63,949,314,696,658,1023,571,580,1014,797,1015,537,407,53,884,107,919
629,842,715,519,889,786,107,249,166,549,629,605,24,119,821,522,824,954,671,744,711,791,712,233,817,561,867,898,440,608,926,54,9,544,921,451,951,628,895,1002,824,891,487,596,888,904,1011,319,217,249,123,793,422,537,127,823,411,767,376,16,888,791,768,1018,1018,657,179,792,523,1015,122,142,1017,121,1018,623,1022,793,802,745,1013,658,467,504,953,704,890,442,159,659,696,1015,851,1002,709,923,922,857,439,921,835,638,610,864,762,186,915,790,534,627,485,477,923,31,475,761,881,45,794,971,541,765,745,741,624,634,184,248,48,970,1021,280,874,761,548,234,947,897,116,1018,631,55,955,795,722,177,678,183,803,875
347,915,25,41,58,70,842,53,90,169,73,54,117,445,53,549,46,385,418,385,65,801,826,90,73,72,870,810,50,366,70,122,58,869,114,41,101,81,230,709,121,422,97,325,458,14,9,70,542,69,494,458,334,325,305,969,310,46,297,785,50,114,345,334,53,833,118,445,26,169,886,86,601,331,417,58,91,599,50,62,53,289,965,50,37,90,538,453,281,41,37,954,118,56,318,598,325,89,722,171,41,426,337,597,805,985,85,470,53,613,69,89,66,345,90,40,9,526,438,123,114,434,69,985,305,449,86,86,257,44,313,50,957,853,85,150,298,586,57,477,90,293,25,85,434,278,249,420,953,294
970,953,945,954,726,970,818,427,713,986,458,730,962,682,929,456,713,1019,410,986,714,586,730,730,458,833,441,406,809,1014,806,986,1018,729,730,69,730,981,1017,950,961,694,393,321,826,826,905,958,818,393,730,474,961,713,881,668,713,921,970,682,966,661,417,954,678,978,504,986,442,817,958,945,839,390,469,826,557,953,601,448,594,938,1018,969,922,709,650,946,969,86,716,962,986,713,245,939,954,679,153,530,825,978,249,474,945,913,458,837,666,986,902,937,721,57,410,690,953,638,394,905,953,949,858,938,938,964,668,970,786,970,937,1018,850,970,810,874,985,962,821,981,977,989,970,969,690,298,858,954,938,457
978,438,939,730,441,945,664,603,701,681,937,970,586,137,1008,986,443,969,458,435,945,713,416,602,482,530,825,852,985,905,559,522,985,978,947,81,971,955,72,986,128,952,82,72,426,985,408,427,937,714,731,440,560,1014,634,569,931,591,966,950,731,968,752,592,914,963,466,967,218,970,946,594,987,937,377,393,971,698,694,425,467,937,921,216,585,985,554,986,392,587,455,713,952,731,968,86,987,521,936,969,569,919,326,681,987,691,954,901,601,586,448,906,827,83,462,538,365,1018,298,562,681,628,341,971,843,619,874,985,418,91,585,730,592,729,714,656,315,549,297,804,634,731,970,713,563,587,971,342,929,636
144,106,179,16,201,28,502,266,296,138,394,40,103,499,104,122,232,108,912,937,897,772,492,241,948,44,232,52,48,362,111,168,8,240,110,112,507,400,164,838,106,40,75,375,75,243,176,675,24,42,112,1002,104,104,34,64,196,456,290,452,180,39,148,768,172,180,288,70,701,234,40,36,116,490,8,58,226,118,458,172,16,116,234,39,228,107,80,8,442,848,673,1022,40,551,104,307,883,110,68,242,66,168,196,74,146,17,15,242,816,130,42,304,335,178,426,80,430,234,82,106,181,416,176,359,107,40,8,26,891,202,136,450,74,66,72,800,53,228,684,520,104,138,234,392,232,41,36,399,8,894
390,398,495,486,880,796,268,478,281,4,504,239,828,208,4,182,124,287,488,600,6,265,367,81,261,312,1016,784,389,197,114,164,798,345,281,441,331,368,271,287,910,284,398,264,551,510,281,280,444,480,262,158,171,116,1010,273,987,123,588,777,269,884,150,838,856,805,575,841,509,1020,287,350,798,254,985,782,772,593,414,5,382,368,1017,850,124,831,335,284,349,101,856,31,31,473,5,270,286,486,415,345,843,924,856,248,1016,888,360,485,262,287,478,273,121,889,286,4,28,317,888,1008,508,208,336,400,773,993,287,118,777,792,338,15,430,378,271,286,1016,272,960,216,557,788,862,116,956,157,153,280,373,345
205,200,648,530,82,48,146,178,160,50,946,462,162,176,747,138,179,785,682,942,666,176,208,812,585,43,282,616,10,247,56,745,591,168,73,114,816,548,143,73,72,560,759,546,688,812,161,802,736,832,594,72,968,936,595,175,244,819,26,667,638,557,36,74,898,160,690,800,98,1010,860,42,162,607,684,245,406,238,866,814,192,751,164,139,588,115,449,178,236,588,11,233,689,606,938,74,41,227,586,42,639,780,75,960,846,690,642,138,936,105,84,1007,647,598,210,681,677,940,122,51,930,73,737,169,812,327,832,720,808,34,772,556,234,116,72,718,34,104,419,72,704,765,73,19,164,546,682,170,684,593
1017,467,988,289,302,343,815,941,311,733,343,745,983,607,555,463,438,727,972,811,671,265,51,492,492,595,590,725,269,909,919,318,663,327,279,973,863,845,367,681,448,257,823,697,295,239,555,257,307,298,335,378,343,745,545,307,445,297,291,401,342,333,595,547,339,583,241,844,409,525,257,812,779,479,567,715,332,338,479,345,983,495,343,527,567,846,851,295,749,547,991,781,734,323,751,841,451,267,467,495,523,817,511,759,991,595,239,819,76,299,527,303,263,507,342,811,311,531,513,591,975,511,601,847,591,457,828,860,691,319,303,551,258,723,310,296,915,335,559,467,599,301,827,753,479,335,463,111,514,595
101,853,845,785,851,879,652,800,726,784,812,813,641,548,831,0,847,981,815,813,863,845,813,993,784,943,213,877,785,613,221,269,916,18,791,333,785,769,71,553,493,846,809,795,879,837,868,271,894,855,800,948,785,844,801,484,498,820,256,989,770,2,785,816,865,736,801,780,789,810,877,1006,593,792,785,630,111,780,629,863,558,545,769,896,771,667,769,817,770,878,817,757,984,809,916,837,461,909,781,813,48,67,801,769,795,84,757,589,786,772,684,847,493,1008,548,863,933,852,784,737,836,853,911,778,784,974,785,15,791,871,784,789,716,807,142,590,360,772,68,804,879,769,1009,877,781,813,790,970,804,832
106,456,778,592,529,805,901,117,897,555,427,923,253,532,826,616,424,129,767,628,13,767,506,386,324,105,357,360,388,516,613,756,109,746,873,485,308,516,771,637,904,368,651,1000,27,353,283,609,640,145,557,884,485,712,132,776,455,513,128,640,1,521,155,1008,645,704,700,580,644,756,557,518,392,712,736,653,358,924,505,617,132,585,736,322,962,8,387,657,485,97,736,356,920,592,152,401,868,648,624,897,532,613,247,665,932,745,661,516,737,656,784,529,923,657,175,725,101,625,746,717,416,376,469,662,199,553,404,228,356,649,372,35,901,900,389,512,995,484,485,580,152,387,580,1021,353,413,712,437,921,884
774,402,842,665,5,219,803,839,858,805,129,339,363,977,853,837,771,955,257,15,339,903,133,197,15,865,901,123,258,21,801,389,106,819,851,19,973,979,645,333,817,801,103,844,791,397,925,851,918,387,283,769,111,355,691,955,341,903,533,343,243,793,781,801,283,781,833,59,115,837,1,256,33,877,849,787,2,946,857,150,129,275,787,3,921,773,899,279,325,857,789,321,435,273,874,865,19,899,257,919,451,794,129,905,149,977,147,473,411,209,778,837,385,97,26,83,881,981,351,261,954,599,785,400,843,859,799,41,89,805,153,805,781,819,697,955,897,923,251,1,569,850,787,325,973,897,915,793,793,875
738,471,759,289,386,507,31,169,579,693,113,159,757,986,963,331,633,92,99,603,905,511,515,113,587,511,202,150,458,415,477,701,733,643,738,631,246,73,666,685,731,539,541,51,187,629,171,859,7,575,219,767,635,385,346,26,383,23,667,427,549,891,630,534,602,115,575,699,439,451,655,555,118,266,575,61,731,395,399,917,387,527,609,671,507,347,738,699,637,733,634,761,598,143,911,925,329,510,123,637,730,441,459,482,117,953,413,247,211,411,195,905,635,587,547,22,346,415,859,697,155,699,491,587,475,251,499,219,577,729,668,116,709,531,418,534,337,578,525,586,667,605,411,873,362,633,759,378,671,724
560,84,268,239,40,346,142,84,578,770,265,548,232,808,21,437,694,578,92,596,26,539,818,214,448,532,760,83,596,434,574,1012,596,584,623,68,721,0,544,554,443,16,48,83,620,534,607,11,8,334,581,597,269,11,730,84,280,1,75,84,576,108,48,36,40,437,938,440,790,578,513,370,48,964,68,560,596,582,550,528,554,85,280,68,530,560,550,288,584,692,304,96,586,550,540,544,156,530,592,186,634,272,432,32,515,571,311,684,548,514,74,548,286,576,272,528,538,531,626,20,928,700,626,656,19,48,44,20,404,556,33,75,548,332,957,118,559,776,24,284,543,578,16,786,662,18,540,356,96,424
