443,400,267,660,151,923,945,388,264,865,96,839,240,303,731,643,542,772,26,669,537,379,303,354,543,663,787,795,272,943,952,17,123,188,144,148,703,343,29,708,720,683,368,30,538,266,35,284,36,916,72,748,46,299,472,175,1023,112,30,216,136,252,373,32,289,96,27,625,232,192,280,256,40,69,1023,279,151,99,191,290,80,536,247,384,724,191,656,304,351,31,131,96,400,400,134,101,234,120,127,624,43,43,8,628,128,135,372,308,89,667,272,761,91,768,174,411,431,856,913,18,144,144,175,256,923,843,285,9,742,231,762,88,664,596,148,136,218,152,1008,144,750,128,751,537,283,144,599,685,936,23
68,691,983,349,259,288,187,147,434,162,315,259,406,218,867,171,107,955,165,660,335,443,189,165,372,404,23,253,405,162,187,535,235,53,187,267,188,187,379,356,277,219,183,315,291,309,1021,308,163,507,259,580,315,19,75,459,893,163,955,275,527,445,235,271,636,306,715,151,224,184,507,259,180,315,189,327,357,125,189,539,163,163,359,221,703,1015,187,579,157,733,995,157,387,331,261,368,973,293,163,181,880,949,288,187,643,611,156,163,335,187,1019,832,235,253,867,139,327,222,436,259,547,187,244,245,325,187,363,260,640,244,483,427,272,189,400,352,319,672,207,331,190,187,165,141,189,163,383,322,847,331
420,522,921,569,615,337,999,521,794,227,923,18,230,715,569,907,531,9,244,103,587,950,715,785,229,439,235,107,7,571,115,1010,903,22,907,776,785,284,638,571,564,793,47,919,430,627,619,111,547,534,203,714,937,1013,7,734,103,18,424,886,39,393,100,780,199,439,10,119,313,774,103,793,101,792,970,265,829,775,932,62,650,75,11,921,115,269,795,4,757,308,321,907,898,625,537,667,614,955,798,514,6,665,912,779,793,617,964,522,70,74,715,987,894,614,11,34,771,793,561,119,793,651,54,985,779,15,792,631,283,900,985,583,791,773,903,57,867,778,68,225,652,777,651,437,795,912,220,730,805,713
859,774,1003,941,965,978,612,551,646,1015,427,701,1021,235,587,825,747,683,605,36,854,806,773,460,1002,635,37,594,727,937,901,763,468,551,169,517,1017,297,121,281,573,455,633,459,765,554,555,663,390,713,683,5,906,857,978,633,649,917,891,974,971,42,813,437,454,549,106,943,978,538,518,873,561,60,937,955,233,965,970,973,987,979,909,233,365,973,173,121,569,63,825,47,901,23,756,917,250,199,547,362,39,939,942,1019,47,981,735,809,645,1012,555,561,923,51,407,970,555,781,710,370,346,453,489,427,893,39,551,813,39,50,467,569,916,545,561,420,1003,826,683,553,475,875,724,709,902,955,571,939,505,935
551,139,200,680,674,786,586,608,960,67,797,925,704,1016,582,818,895,194,925,867,926,867,794,922,0,718,890,573,881,756,890,206,527,912,670,864,726,797,30,479,797,792,798,676,288,678,98,174,796,734,864,656,151,78,54,255,864,83,730,698,893,959,148,116,608,50,968,816,671,640,824,79,821,834,190,212,991,162,158,216,658,989,74,892,238,896,820,159,943,221,702,130,218,184,126,931,48,699,154,946,33,546,706,958,911,958,893,184,64,930,922,34,194,207,738,219,178,800,802,828,954,802,223,675,223,990,546,947,316,78,579,608,928,762,192,850,159,824,826,774,624,925,786,190,923,62,223,32,192,158
537,813,1021,805,805,203,521,787,813,944,893,280,803,805,541,699,261,867,800,474,570,791,826,796,789,50,91,615,723,717,845,568,275,723,769,706,627,1003,717,319,651,533,643,569,49,937,533,791,705,565,863,497,543,594,792,762,565,515,845,824,307,414,572,493,797,803,551,370,704,549,18,568,771,270,642,899,573,805,74,798,705,562,573,293,601,643,997,1011,791,513,706,345,445,653,369,1021,821,641,671,781,791,739,794,714,766,581,704,861,567,530,677,573,258,732,531,896,541,525,317,701,661,535,947,146,942,509,576,1,482,771,963,806,567,539,562,331,485,795,770,607,530,521,605,624,830,707,733,981,901,1020
463,303,291,861,448,343,479,788,300,111,364,365,169,725,336,735,221,327,535,7,735,603,220,129,47,241,293,299,287,224,365,295,151,351,411,327,319,994,197,237,973,749,787,1005,351,669,350,255,303,34,302,799,345,365,492,736,291,356,479,479,735,333,371,201,751,677,624,245,405,364,225,355,220,675,823,736,564,731,365,1005,201,301,941,348,372,347,365,367,269,287,51,932,351,288,279,289,141,285,700,128,540,239,95,217,1015,31,813,541,275,300,197,716,315,348,807,351,495,291,311,748,76,295,864,351,723,720,576,353,311,297,348,352,775,332,303,737,463,749,671,92,1001,412,749,845,83,303,271,301,477,844
88,88,804,337,153,221,158,6,225,33,33,446,63,313,814,288,38,89,81,320,550,530,65,825,454,198,697,571,388,881,827,838,600,196,163,198,19,238,638,38,678,69,773,400,534,832,403,182,385,276,430,453,28,222,445,420,34,384,42,193,57,952,774,827,0,45,529,26,57,548,804,705,254,28,329,10,57,36,799,994,586,62,193,913,424,627,4,3,90,646,321,468,578,545,545,22,545,226,390,832,394,833,422,1,972,870,528,123,613,230,762,57,784,234,105,111,38,720,226,544,290,763,802,501,546,577,676,866,18,557,384,517,597,418,431,186,94,1,810,575,5,841,134,225,16,161,162,736,166,173
824,45,883,168,184,906,890,968,576,972,182,854,100,904,320,885,56,174,200,143,72,236,892,204,856,87,206,9,902,88,125,744,655,596,896,476,460,52,428,715,472,44,52,172,87,796,840,92,854,116,904,84,887,116,138,844,159,88,372,592,799,428,146,234,136,117,228,64,48,164,920,856,904,76,98,842,126,319,351,74,844,943,31,792,92,160,895,74,838,88,210,15,468,342,148,671,77,76,175,804,362,300,252,344,191,346,358,536,244,760,136,686,88,204,232,64,604,791,904,118,916,214,108,194,16,182,164,816,88,739,842,250,53,546,140,86,125,485,856,138,290,162,783,56,62,830,844,51,94,35
631,775,544,651,711,452,694,628,587,448,636,632,559,695,567,582,938,625,600,954,416,343,814,560,308,932,496,567,689,695,703,564,567,619,342,951,682,575,889,984,553,511,935,300,976,632,521,848,624,896,48,638,311,105,571,455,937,592,368,936,600,304,695,560,636,703,572,672,502,496,544,980,531,268,943,586,528,310,318,318,558,100,572,614,636,687,951,630,559,616,689,502,899,708,566,560,199,583,944,440,900,948,966,560,288,519,571,943,1015,695,948,304,694,521,567,518,950,944,456,256,944,494,678,636,950,592,319,577,375,943,567,534,900,416,676,560,564,439,630,622,951,972,912,903,623,317,544,960,567,562
577,25,231,225,735,546,545,262,796,22,225,224,774,28,110,738,302,226,254,407,518,534,538,406,286,301,377,244,25,6,413,546,6,278,224,462,207,31,749,743,71,750,876,961,1004,409,410,615,281,289,762,541,62,409,737,697,994,221,33,97,359,237,797,544,737,786,70,230,519,518,314,288,225,262,30,408,418,640,281,290,985,608,281,350,998,409,300,537,528,102,166,150,65,546,739,34,738,514,793,97,545,769,353,108,274,153,281,89,262,422,281,281,365,622,230,577,610,536,286,238,401,294,545,281,537,17,57,98,280,898,278,345,6,1017,34,313,457,38,37,281,34,736,57,540,601,524,225,220,611,33
841,742,262,358,788,806,746,445,23,106,263,694,89,302,75,799,998,70,775,858,831,439,73,847,66,631,933,870,838,38,62,402,715,958,667,711,830,713,842,916,6,949,950,385,926,466,372,869,234,684,793,937,345,118,729,950,311,1019,1012,685,741,874,89,838,743,694,229,281,689,10,305,719,85,718,843,879,966,687,1,678,745,672,794,814,325,926,702,246,722,246,713,6,714,838,790,198,774,957,351,785,757,430,64,713,920,318,423,176,19,778,969,345,581,805,849,473,934,713,502,950,702,74,713,819,999,958,765,948,190,757,998,118,73,681,165,9,719,713,320,969,901,879,738,830,288,934,888,71,346,169
712,831,959,313,313,678,709,713,194,665,679,477,281,518,831,895,326,354,226,761,582,502,6,422,482,760,706,258,710,0,273,351,711,9,758,690,70,735,758,355,678,511,583,759,870,319,298,703,282,289,757,355,301,295,887,455,582,865,313,830,573,323,753,314,834,308,327,281,322,686,757,257,829,361,733,957,441,841,66,128,293,702,678,679,692,581,593,519,574,670,162,678,697,710,737,838,617,759,838,326,214,354,967,562,802,743,1021,425,326,328,710,222,355,938,105,383,201,345,369,258,637,505,545,758,326,199,761,755,203,703,798,697,219,754,627,185,693,735,357,463,445,653,719,458,349,709,358,633,666,337
291,295,227,430,999,737,527,227,350,743,289,220,911,529,603,737,547,615,431,679,39,349,159,582,291,335,371,703,679,583,759,52,719,106,231,767,127,295,59,135,71,47,223,319,305,198,49,737,31,224,231,739,295,367,321,228,367,712,287,225,715,559,289,238,291,339,259,190,272,231,343,225,435,657,319,283,584,33,83,291,715,335,337,19,615,291,161,607,417,70,400,273,95,228,167,225,313,732,716,705,303,100,295,280,646,307,40,551,305,336,259,92,961,295,447,299,276,231,61,529,735,657,7,1005,211,420,265,291,702,255,222,679,195,199,689,271,279,359,207,612,693,607,258,347,627,681,423,357,313,33
497,16,296,25,1,776,22,871,399,41,7,1015,103,116,31,8,910,199,968,40,63,25,10,481,7,1015,385,389,7,393,35,1011,377,769,20,41,36,872,104,490,103,811,238,8,80,4,125,5,101,654,46,21,793,32,809,399,467,104,24,493,25,497,120,8,507,192,903,233,997,776,43,107,439,891,793,97,3,273,31,436,1000,432,399,205,488,225,776,183,107,809,897,15,481,490,32,33,280,905,421,996,997,40,988,968,62,245,1015,55,17,110,12,20,109,33,257,808,32,55,9,1002,872,0,992,56,233,503,919,777,112,784,12,30,217,458,217,15,56,104,40,985,488,7,453,1007,100,103,41,269,231,40
628,481,620,391,592,399,414,384,348,385,892,951,900,433,915,627,507,423,389,925,728,627,911,651,598,609,329,419,773,311,419,672,1011,415,929,919,321,180,399,271,995,3,913,744,609,1013,684,899,626,396,114,475,380,934,515,643,613,624,623,391,128,101,655,548,677,611,365,664,1010,396,483,288,185,920,656,323,607,931,757,404,692,547,783,818,320,416,567,623,909,603,896,321,624,611,141,484,645,387,684,623,667,884,655,646,861,112,164,818,671,883,399,927,675,672,432,916,795,835,333,371,339,608,764,693,769,384,911,608,321,712,935,932,772,868,347,835,256,176,387,160,528,1007,396,179,387,664,947,687,346,619
710,389,709,680,1010,437,767,833,795,753,581,831,827,680,729,845,580,569,657,563,575,809,265,320,312,822,529,708,719,662,463,689,753,409,886,880,648,807,757,816,719,825,817,576,826,733,321,757,752,710,313,644,816,306,738,315,499,713,729,705,688,569,817,706,688,441,452,187,830,705,699,568,453,710,735,761,134,304,32,849,856,752,691,711,519,305,571,41,801,313,415,731,464,721,757,560,655,850,571,297,825,719,473,777,648,764,885,681,753,735,701,715,891,367,809,143,827,593,838,201,857,169,871,732,680,764,561,63,441,591,718,529,720,752,720,831,176,397,777,709,703,848,719,721,945,680,721,168,552,641
472,477,224,349,170,451,605,707,705,861,938,48,676,162,57,981,34,453,921,999,4,470,234,482,48,458,261,930,981,477,713,848,709,989,50,149,708,738,405,442,466,802,477,48,209,309,46,394,45,170,34,497,329,74,389,930,981,853,453,417,289,29,5,421,226,442,703,297,145,37,849,170,41,273,477,5,494,442,478,417,450,2,976,469,941,29,417,741,404,995,981,673,929,162,389,938,257,413,445,413,997,34,57,389,463,401,421,321,416,225,41,970,933,34,18,57,445,932,963,419,403,59,185,965,477,169,169,45,209,21,925,293,52,79,359,325,314,796,469,229,773,981,453,932,209,705,413,318,34,449
963,81,875,5,645,149,845,85,188,515,140,661,891,71,850,661,530,854,217,594,869,888,612,91,146,80,695,431,660,879,129,306,1005,845,877,579,665,534,833,531,781,580,747,596,769,529,379,876,661,186,893,821,530,889,645,533,697,677,891,25,141,647,437,1005,976,647,590,242,689,178,869,588,141,146,57,865,981,844,893,645,795,857,891,773,878,689,885,876,141,993,864,107,657,890,25,51,631,657,871,117,661,656,833,891,665,149,132,665,882,235,971,918,588,880,83,825,893,835,641,769,781,83,869,17,533,893,147,753,91,17,528,149,857,789,669,1002,603,517,657,68,4,837,885,76,167,91,179,96,998,856
359,117,345,473,86,85,697,969,164,44,175,868,591,600,620,87,796,885,409,87,761,975,597,181,53,631,743,695,600,55,93,89,54,87,103,601,615,314,103,228,364,103,88,164,597,169,631,119,637,692,677,903,87,589,183,39,697,1023,679,103,537,367,595,799,969,995,312,372,365,727,743,437,597,179,167,309,77,171,345,56,58,679,488,405,344,597,687,679,110,405,991,339,631,91,150,487,346,467,87,117,93,199,870,213,947,329,89,633,117,613,951,85,345,953,651,959,165,83,457,127,172,345,307,477,643,679,57,19,92,345,341,677,39,313,330,992,556,905,599,841,311,345,596,281,673,627,179,165,39,933
0,783,693,786,716,76,243,1010,92,974,44,627,968,55,578,306,842,371,112,942,898,688,882,938,100,777,582,945,947,74,652,755,910,828,387,942,778,64,314,634,588,817,723,994,369,113,611,854,329,970,48,562,370,115,827,835,936,46,310,958,41,718,819,1023,639,672,718,403,927,716,291,942,446,337,334,762,931,897,41,401,73,974,446,386,779,842,585,68,716,273,593,50,908,814,321,811,63,945,16,82,607,841,577,971,898,74,842,322,784,120,682,882,560,82,634,988,784,812,204,305,970,718,721,340,307,642,305,78,62,863,86,892,14,49,842,379,706,691,96,338,846,916,634,126,556,882,718,579,206,785
390,651,278,287,56,262,998,988,124,132,6,6,823,830,822,293,276,118,954,772,315,60,715,646,322,310,964,743,201,822,457,810,42,678,220,856,996,372,423,710,408,331,344,710,74,410,409,548,262,340,356,74,778,330,900,824,453,324,742,198,708,263,896,647,874,310,198,871,328,212,892,996,314,6,198,830,682,948,484,308,774,279,313,362,262,298,836,596,198,954,328,828,262,454,1003,196,838,826,710,70,170,413,934,778,434,902,290,134,263,936,776,132,902,740,391,414,163,774,330,249,788,262,344,312,248,811,356,20,334,68,774,778,57,790,326,279,708,418,394,324,746,708,897,388,54,783,870,344,10,295
312,864,62,416,380,728,184,216,198,630,208,349,424,512,952,160,56,208,472,396,64,88,704,952,171,616,623,38,720,239,36,443,112,214,249,543,584,112,185,832,672,184,728,840,164,1016,928,699,360,676,376,160,985,396,968,216,920,166,568,52,960,952,438,860,140,670,833,287,147,320,468,576,57,987,416,31,68,608,416,64,67,68,509,161,190,0,452,550,51,697,1023,478,473,508,162,168,673,184,479,184,8,576,6,97,222,32,672,57,219,955,987,416,998,696,473,198,89,912,440,417,187,628,304,128,674,166,166,436,824,928,118,313,723,166,734,57,38,0,932,32,217,251,191,86,774,37,463,524,419,2
102,785,474,725,341,235,357,470,271,478,277,217,787,490,346,913,554,207,187,202,179,938,676,309,658,929,597,433,234,279,271,275,347,840,136,507,234,305,548,22,714,162,202,38,361,338,789,457,273,422,422,274,261,682,458,233,170,481,279,405,428,103,361,468,237,345,914,346,205,938,469,169,214,713,433,452,308,433,469,466,41,443,235,683,337,341,314,427,548,165,145,345,186,345,214,213,202,458,436,209,237,277,346,362,478,77,832,331,549,78,278,454,273,171,346,171,171,506,210,390,430,171,277,146,788,686,789,233,597,418,174,213,166,469,278,233,791,822,315,106,467,682,213,36,658,211,814,171,214,714
144,856,872,839,748,519,356,751,912,356,875,808,840,868,870,907,191,88,842,856,848,942,856,920,299,206,618,68,304,622,904,874,720,907,524,932,968,919,915,632,879,296,872,998,876,976,102,104,464,664,600,650,280,912,983,664,839,622,718,920,714,849,872,1000,920,872,886,144,592,842,852,808,912,848,888,295,872,848,232,107,962,779,598,75,174,747,91,979,551,822,616,851,951,856,999,976,848,728,778,1003,219,104,920,775,931,936,871,1000,644,880,649,1000,299,603,855,854,872,766,920,872,528,152,920,775,151,912,976,1000,871,267,136,848,8,616,836,879,656,71,615,872,100,104,914,51,360,983,880,278,854,728
488,97,344,296,835,936,1016,443,183,296,504,150,199,445,968,500,1005,278,359,1007,128,8,824,408,711,481,376,12,509,77,22,704,480,464,488,522,246,466,27,374,917,11,162,253,138,243,23,246,249,23,73,616,712,250,454,22,982,2,303,371,503,215,6,27,196,231,1018,251,407,247,488,488,459,611,730,795,1018,159,935,514,695,407,263,411,507,124,473,59,26,1020,21,281,760,485,138,118,921,22,55,248,264,986,491,314,1001,198,460,727,759,150,187,972,23,16,22,1015,219,196,134,21,151,214,1015,482,199,327,23,37,1000,379,996,207,200,500,39,31,762,802,1014,503,564,1000,446,22,250,519,16,10,254,150
852,641,657,740,733,946,878,893,668,850,178,724,210,554,653,870,499,690,159,470,180,715,812,299,849,111,209,146,878,786,179,978,232,842,208,106,42,162,742,162,652,221,938,150,246,110,280,332,724,762,146,980,722,713,850,260,222,852,588,140,301,658,675,594,810,530,210,180,754,148,704,722,770,702,854,850,882,819,242,47,209,734,172,422,371,50,722,940,562,258,251,211,278,349,338,242,858,242,850,141,670,171,196,556,20,779,674,148,684,819,863,668,220,794,179,595,156,1004,725,716,720,722,214,734,210,185,138,554,594,722,690,810,347,140,665,854,746,150,909,885,309,193,34,170,726,235,994,570,716,595
389,43,945,315,213,441,553,527,561,569,29,488,623,761,392,310,438,584,437,590,246,6,296,457,519,267,439,329,263,223,182,4,271,841,389,399,970,69,311,395,975,585,1023,310,901,330,433,554,566,55,937,329,6,951,297,937,201,104,17,7,294,311,409,438,708,721,585,591,568,431,73,496,142,416,567,67,589,328,310,381,585,73,629,921,585,89,213,324,72,141,341,439,438,648,79,50,311,582,518,597,553,649,581,311,719,407,767,559,407,583,10,1017,199,580,577,601,440,567,42,72,399,423,331,591,589,969,278,495,630,481,582,503,570,591,462,970,393,934,149,121,696,599,202,585,480,36,733,26,714,421
730,556,632,589,589,485,620,634,88,589,557,439,435,636,648,932,431,406,422,137,613,636,422,556,517,559,343,595,45,406,935,345,721,717,45,165,684,687,503,683,929,432,559,400,619,937,602,473,589,937,19,69,178,487,749,419,181,13,603,451,20,485,156,620,940,311,667,695,409,941,990,625,426,941,489,557,439,949,815,685,549,86,173,421,175,355,425,483,433,425,238,421,464,461,722,512,63,493,655,431,429,681,677,559,455,479,467,883,819,653,937,616,620,668,421,689,17,524,634,653,378,455,553,685,622,593,153,621,45,603,561,528,687,429,463,431,630,94,633,676,745,797,427,657,28,940,505,685,381,590
705,348,592,595,595,179,803,135,184,450,579,160,709,690,691,704,835,356,847,767,632,757,690,448,656,832,384,893,699,723,687,65,855,819,184,295,426,602,658,848,383,231,707,675,300,323,823,322,600,332,852,679,219,95,836,642,312,600,647,847,71,802,309,333,99,693,659,659,291,855,667,704,448,850,707,832,691,635,845,157,583,576,845,839,699,367,848,844,675,64,322,447,187,595,709,165,229,751,927,826,680,351,187,95,355,187,696,179,819,955,591,703,647,690,849,205,627,723,87,195,699,627,696,835,645,643,95,323,919,160,163,159,144,655,844,640,700,443,207,629,344,699,851,442,191,108,204,691,642,784
218,906,686,309,914,834,970,974,836,86,86,715,952,26,945,894,689,446,112,15,500,325,42,934,949,59,910,942,189,1002,957,450,846,974,957,387,554,909,118,837,686,976,570,20,431,23,998,942,545,346,158,438,982,679,956,378,210,939,958,389,956,902,399,558,670,71,810,5,901,968,58,61,679,901,514,907,654,253,966,903,944,573,470,104,942,40,394,974,974,42,200,954,630,5,970,555,62,100,100,906,935,245,914,574,38,458,717,848,56,842,55,943,380,974,973,426,885,806,878,478,830,322,334,68,558,910,461,709,631,86,885,950,538,517,446,975,982,558,965,950,466,940,425,941,450,962,85,880,111,510
219,500,292,261,298,859,537,294,260,72,259,804,299,202,680,130,548,455,45,38,256,748,900,474,218,164,2,214,941,535,771,296,890,209,332,1016,477,64,216,787,565,404,843,296,1018,460,348,396,564,520,218,266,548,308,768,859,450,477,506,558,808,986,294,472,457,89,532,469,971,297,252,67,26,294,802,154,961,563,476,421,81,765,517,555,518,922,95,212,941,232,436,971,732,448,296,26,970,477,124,1019,475,430,404,268,906,475,500,948,296,28,932,554,632,272,692,792,549,552,219,475,382,566,221,547,281,299,808,476,260,512,549,904,413,551,795,411,518,804,775,918,264,932,810,251,294,252,459,970,291,492
497,753,963,465,1001,999,412,1015,61,1011,252,563,989,983,83,979,483,981,8,51,62,1023,693,816,976,113,835,109,61,995,783,573,45,813,303,12,925,493,1020,511,797,979,938,823,995,35,961,829,64,976,895,573,315,32,962,809,809,689,99,93,805,253,460,579,1010,50,797,57,307,45,960,771,493,963,919,197,853,639,44,669,119,235,995,41,493,972,1003,51,968,1005,50,692,829,963,243,707,456,978,534,962,1021,704,1018,75,995,193,1001,921,851,51,13,967,809,411,301,62,819,960,510,610,51,577,691,213,67,978,1008,480,829,467,207,61,835,63,491,439,957,81,115,433,707,219,108,907,49,937,976,77,57,307
94,632,255,350,322,376,255,123,415,127,414,35,265,126,879,1007,66,327,391,590,255,398,321,79,66,448,286,127,496,184,373,137,366,72,376,284,312,378,413,839,367,207,674,3,312,930,124,367,1018,757,355,35,382,382,351,351,105,383,399,120,350,247,687,322,122,349,415,326,328,381,250,385,399,280,366,333,122,688,515,846,399,550,66,766,642,349,78,114,398,450,78,633,441,482,910,399,54,494,806,74,378,487,386,322,607,285,642,70,82,121,321,411,632,399,368,454,241,574,387,269,641,322,504,546,286,415,65,102,849,123,139,910,259,271,123,901,498,482,126,122,368,642,358,287,112,578,111,434,417,334
881,762,593,747,879,882,721,680,201,857,849,849,895,529,656,119,585,623,657,865,879,889,872,878,548,659,749,920,872,825,889,744,470,656,681,169,848,696,645,681,751,428,752,881,873,319,694,894,207,173,582,661,623,644,911,623,691,885,687,887,881,151,237,351,0,609,214,867,371,670,665,692,689,801,860,241,761,848,681,753,895,881,896,808,939,367,2,593,521,849,889,463,73,617,159,880,687,145,683,143,386,881,143,806,610,395,654,734,587,428,209,425,753,942,1007,394,720,685,373,817,911,697,641,367,887,702,942,753,169,654,433,880,857,783,881,596,881,89,825,948,815,873,881,337,369,609,839,214,855,867
155,871,841,1004,115,860,138,948,19,381,1020,483,755,295,788,484,791,1020,0,623,299,763,19,1015,277,887,975,279,300,92,1003,1003,999,1008,843,849,658,539,999,796,757,749,275,967,172,798,107,339,524,868,695,286,796,642,874,931,792,147,880,691,659,277,956,340,188,460,15,740,868,92,788,868,887,843,4,557,503,538,917,367,38,804,39,1020,324,834,655,793,837,319,956,659,462,146,786,1016,279,156,484,428,740,932,410,851,994,847,75,101,234,431,163,740,994,449,867,51,275,995,579,941,931,284,339,10,868,331,984,914,331,999,1004,879,361,867,148,963,43,1020,887,364,83,823,166,746,929,404,162,1012,1004,996
90,500,398,442,101,102,282,230,372,18,442,315,914,28,908,249,182,190,306,778,817,773,475,86,68,274,98,74,180,137,69,377,314,64,308,100,60,405,182,138,197,50,4,198,457,22,268,798,76,324,314,260,1020,146,36,102,390,973,306,906,68,23,186,500,954,154,78,154,134,907,714,292,60,306,92,261,190,146,406,92,867,973,182,78,908,205,1019,429,906,870,69,102,110,162,398,176,918,410,274,372,278,462,1010,94,397,826,26,93,58,8,263,178,147,28,397,218,86,530,34,354,417,419,573,309,185,770,932,250,1020,202,525,410,457,10,197,122,540,630,186,346,909,92,30,218,404,930,893,90,30,820
531,774,528,366,16,68,556,572,540,535,23,332,516,204,780,742,548,776,1008,816,533,1004,490,920,452,968,276,739,925,660,799,865,604,586,665,212,541,854,830,531,288,6,819,796,659,688,236,396,733,736,570,156,34,462,819,353,58,622,732,908,272,536,330,528,228,228,644,816,666,298,528,526,526,528,562,670,108,470,716,236,539,592,28,452,533,954,643,224,774,476,220,710,236,730,924,206,772,212,1002,739,332,816,645,398,673,620,740,562,540,485,789,782,519,667,848,667,236,456,732,640,720,658,275,588,368,238,363,524,574,913,228,28,783,828,538,644,461,544,740,732,206,689,1004,672,1008,461,940,284,736,669
101,523,959,571,452,989,869,69,297,242,127,469,1000,21,837,954,815,808,267,75,337,51,67,195,5,405,755,211,16,43,469,909,390,597,512,69,469,2,527,629,1009,75,49,625,135,587,881,756,629,563,629,947,85,113,581,11,947,5,395,571,517,69,441,589,389,319,395,581,515,75,111,393,574,8,1,435,53,1013,1013,913,58,399,92,81,587,948,75,453,372,515,319,127,393,139,125,245,451,433,18,59,754,19,898,73,517,1,5,77,35,125,11,73,85,1011,946,53,185,773,115,11,755,309,299,649,75,194,905,209,69,19,557,789,955,521,26,548,401,299,505,843,491,669,979,35,89,211,885,143,512,763
382,969,156,232,828,158,124,70,764,818,255,579,580,208,230,698,159,796,20,960,783,495,742,770,976,698,30,770,671,768,454,240,654,1004,820,843,252,368,656,780,788,624,220,324,772,512,909,502,860,796,775,770,271,414,9,0,767,326,798,805,2,838,736,529,796,4,504,752,757,48,708,543,582,864,782,824,828,790,575,702,196,524,286,252,845,193,442,836,775,31,334,134,654,787,757,744,6,607,644,988,356,446,831,654,740,112,959,900,842,784,762,620,767,863,286,692,657,143,508,756,782,132,783,224,830,798,180,690,132,892,782,798,758,858,88,220,534,668,785,255,819,668,864,60,798,48,127,230,14,280
907,993,322,853,173,46,950,77,93,51,915,293,595,932,421,149,611,901,913,876,611,173,549,547,915,917,947,605,661,803,738,930,975,691,979,289,938,915,976,43,571,971,600,65,931,156,353,941,429,915,546,533,45,941,656,621,547,547,146,845,613,915,938,954,877,674,717,651,603,671,673,952,867,964,509,164,133,41,162,965,945,549,163,861,175,931,577,605,545,943,683,61,161,161,303,634,682,931,929,323,418,605,179,1007,461,549,451,549,920,554,597,931,930,419,933,975,69,971,547,991,365,971,579,914,349,942,147,581,363,563,365,205,457,931,685,731,382,135,645,941,403,929,149,421,913,71,869,173,902,989
349,859,221,723,852,659,166,659,855,181,60,863,803,79,663,863,933,479,165,596,749,147,607,142,630,931,707,161,831,931,603,726,671,829,733,351,685,671,351,587,895,23,77,600,220,817,806,351,689,732,851,16,614,700,915,827,860,39,931,725,869,224,605,59,607,351,677,172,293,334,963,68,224,768,796,505,702,163,165,931,801,934,49,761,49,934,357,346,716,92,796,771,237,314,668,853,675,651,157,420,845,94,611,819,92,204,330,229,941,661,678,93,716,357,1011,947,671,397,679,735,803,94,83,845,691,28,691,181,819,677,647,572,805,79,856,691,547,316,188,887,37,91,925,5,733,797,109,348,944,932
661,1017,795,875,730,789,489,821,1002,671,747,1000,795,953,239,811,233,980,917,971,281,415,491,659,671,789,715,751,395,987,1001,615,767,918,469,596,921,743,632,760,755,1002,811,584,981,804,579,500,607,1019,726,258,1011,753,745,915,720,1008,976,780,948,920,286,743,793,728,872,789,213,297,757,374,793,616,980,748,400,267,670,667,725,149,899,721,969,613,831,923,987,791,744,675,789,505,2,469,750,767,731,728,712,579,745,761,787,22,743,647,934,219,793,747,747,1000,299,745,217,757,763,660,7,623,788,1013,780,931,606,923,585,745,294,667,1009,762,1017,984,917,273,990,725,987,916,653,913,6,405,373,692,601,752
792,716,769,796,678,717,583,268,807,488,752,930,742,546,134,478,557,256,494,966,555,310,806,319,345,959,420,220,898,500,826,172,932,933,956,164,961,428,329,78,806,294,566,495,460,673,710,672,712,454,940,462,431,66,954,930,612,742,114,246,486,998,682,446,216,68,492,678,920,24,802,188,192,719,613,824,295,448,614,285,216,290,996,424,188,742,800,831,454,281,936,176,930,349,942,220,929,205,898,366,723,424,272,712,928,462,350,815,464,472,421,112,492,484,304,102,286,535,555,269,501,639,845,672,203,319,726,70,102,420,710,672,967,171,738,454,66,222,318,200,478,1004,704,486,993,998,708,364,836,798
175,390,633,595,585,758,564,184,1018,176,191,520,439,251,662,113,753,534,889,251,496,511,279,232,660,198,631,119,408,616,925,276,787,118,127,790,714,251,630,118,145,150,912,120,756,912,584,396,176,823,784,199,236,918,238,272,408,985,280,628,505,122,1023,244,206,277,750,884,375,431,8,687,808,183,623,8,155,886,406,887,249,257,902,135,880,600,304,760,937,791,150,409,111,249,112,744,104,369,543,633,631,199,376,244,375,792,784,248,390,247,758,406,199,164,400,632,74,255,265,767,893,406,400,638,872,120,193,240,712,232,374,758,406,240,102,1022,500,464,949,697,944,1016,455,695,126,922,637,791,239,619
620,224,744,748,849,748,742,866,529,700,208,733,735,733,732,497,328,689,721,749,396,272,713,306,341,720,737,518,550,748,865,893,16,208,704,960,656,721,29,782,272,262,812,183,81,751,756,529,178,520,737,392,689,748,198,465,460,736,208,721,429,381,469,236,658,722,849,784,726,765,704,144,528,739,560,214,37,233,216,305,707,723,736,655,695,719,675,237,993,520,152,311,214,893,547,401,1000,968,733,526,556,594,881,527,722,754,732,241,879,1006,317,750,720,274,747,60,277,752,846,624,744,628,464,656,253,767,749,272,561,895,200,528,716,735,764,183,530,169,758,720,401,144,714,657,545,864,546,528,739,307
215,892,647,4,651,516,484,759,650,235,570,779,743,871,1020,733,647,542,741,710,611,869,736,1016,894,651,266,875,244,887,764,516,811,744,512,738,518,134,646,15,742,628,874,967,608,772,760,743,688,535,484,132,23,642,261,660,765,522,1020,770,1002,870,219,231,546,766,872,7,1020,773,266,124,998,128,830,708,998,1018,180,491,890,890,484,759,645,1020,517,228,799,1020,281,512,718,524,760,668,843,486,1017,285,843,344,760,647,651,758,760,660,663,645,1018,998,1018,646,762,516,958,890,572,759,518,572,895,518,761,1016,519,966,537,519,890,907,1000,716,731,999,530,543,515,1023,549,608,994,870,535,855,523,999,700,964
896,909,80,424,481,152,434,525,631,914,416,918,437,462,618,638,629,930,394,394,408,8,497,433,486,656,887,626,392,594,385,580,912,345,324,901,437,926,397,949,625,1002,396,658,530,948,690,498,768,401,695,657,524,908,366,145,164,998,513,129,388,900,510,1004,1010,410,625,542,1005,386,17,582,992,110,902,625,517,531,258,926,384,590,584,689,657,273,401,926,914,350,901,586,909,417,615,137,901,634,638,370,897,780,346,66,529,405,322,631,910,384,601,385,386,818,62,624,1020,395,126,754,628,870,350,1013,948,585,542,384,308,338,753,897,642,625,96,525,396,526,922,917,206,900,688,622,16,162,817,394,402,482
404,774,160,958,161,114,161,701,878,189,872,678,641,938,893,32,871,880,358,110,888,866,846,202,216,785,865,206,254,766,174,190,78,90,750,224,177,129,869,877,238,669,97,1009,1014,846,944,892,689,630,76,14,934,30,895,914,173,184,690,892,685,894,150,832,189,878,184,846,782,134,432,785,846,893,444,1014,310,770,895,894,2,765,877,864,846,160,182,762,175,894,589,768,993,899,942,930,504,113,825,260,126,110,646,894,893,150,163,588,128,98,161,610,167,114,892,126,766,128,146,893,113,844,790,714,881,110,894,256,829,518,930,126,750,941,141,126,878,878,894,222,608,170,832,658,224,166,156,184,870,946
1016,192,31,213,552,756,60,124,301,789,853,493,983,758,469,232,124,1015,5,376,1002,791,391,855,56,116,935,710,362,239,564,216,380,248,316,901,452,122,660,1011,35,346,980,152,711,692,1000,156,390,562,828,836,791,852,744,139,647,497,775,372,249,500,876,376,212,306,119,41,312,653,725,661,732,66,748,244,503,874,891,500,798,824,460,644,379,1003,3,727,808,644,377,630,643,476,468,152,380,656,383,950,1015,20,849,1003,245,404,252,54,498,663,900,916,324,711,982,556,276,552,964,912,340,56,452,788,500,838,55,120,70,511,710,1014,387,503,464,147,770,855,676,728,104,620,788,71,491,516,988,667,759,236
226,501,923,493,229,101,458,468,838,229,15,458,277,488,432,489,881,407,389,237,463,200,928,311,302,405,457,500,457,297,229,13,267,113,164,278,201,719,241,207,297,450,498,10,453,501,309,11,225,305,293,461,288,13,1001,305,277,460,916,202,491,906,225,308,535,218,481,666,265,234,749,309,112,661,93,436,471,200,421,469,433,426,490,462,96,21,308,311,91,74,89,74,973,21,225,161,476,377,490,85,490,273,477,296,474,730,294,413,817,426,487,5,510,746,171,457,521,746,501,90,490,202,424,393,457,561,441,633,425,322,529,469,42,565,481,238,224,241,425,495,943,311,421,14,73,497,267,8,458,979
33,556,944,544,688,456,934,620,722,833,982,76,960,64,544,553,191,556,1011,616,428,620,578,947,444,915,455,867,446,956,952,463,328,939,563,908,434,552,940,107,691,555,898,976,530,843,461,557,947,592,692,544,568,23,303,970,698,859,947,111,572,556,573,83,560,552,426,544,674,203,579,861,680,928,66,950,848,331,322,838,840,921,707,940,808,416,416,684,979,962,34,710,678,936,956,1005,124,434,210,947,940,582,555,684,555,691,967,950,75,572,840,808,116,701,380,643,555,519,978,674,575,544,595,684,841,972,202,684,331,973,584,400,552,872,1014,587,693,685,443,904,555,428,559,939,588,845,547,711,444,674
381,834,933,960,110,151,48,461,809,986,867,771,282,195,995,531,597,550,685,809,736,60,153,141,310,639,968,205,387,771,423,491,131,361,975,169,967,255,413,911,487,227,569,365,439,943,869,856,935,416,111,623,915,947,909,814,795,375,423,984,454,802,137,425,115,969,911,803,455,50,147,189,621,111,544,253,135,567,470,471,63,170,391,201,821,923,303,489,457,427,1007,899,172,195,32,877,986,943,475,179,509,975,831,973,473,818,773,416,805,226,549,846,963,111,193,563,826,320,787,147,935,559,621,107,559,786,240,803,806,951,611,291,567,19,720,597,89,902,75,813,848,104,182,407,931,807,973,96,19,979
449,925,332,126,68,355,261,631,356,198,613,83,358,378,379,440,901,18,133,853,90,426,4,360,380,325,381,375,955,188,173,484,521,327,447,106,978,668,69,229,341,357,356,411,325,952,285,261,348,485,325,509,869,68,70,650,332,274,361,700,703,452,585,210,370,227,316,124,457,868,322,485,836,341,133,504,330,293,941,458,622,211,346,421,261,373,86,354,357,469,216,581,322,933,362,357,444,66,738,291,338,29,680,354,785,356,665,357,700,428,325,154,494,938,333,229,146,324,453,906,378,325,455,375,373,645,148,132,357,361,327,354,1016,106,362,786,421,954,285,330,452,631,325,233,134,421,426,122,341,638
150,864,870,294,208,796,877,439,888,658,236,822,793,150,154,633,160,134,148,985,1001,920,38,870,216,422,870,472,102,275,248,953,474,990,894,638,100,620,374,503,982,150,104,921,454,598,408,165,88,976,155,986,800,936,918,598,807,167,789,960,92,796,754,869,633,734,654,133,64,7,872,406,408,645,453,934,922,870,868,280,550,918,617,438,871,150,870,152,150,868,922,198,869,134,710,800,166,153,294,938,897,149,806,217,472,598,870,797,536,824,949,760,153,930,808,89,598,806,150,538,404,890,781,288,190,362,550,142,96,293,217,870,422,154,293,288,958,88,793,664,870,218,868,167,872,966,165,806,387,662
993,788,429,688,932,857,743,428,661,98,607,863,359,586,570,793,932,591,20,673,801,623,570,637,660,572,767,844,429,350,697,671,472,647,601,687,689,140,696,857,33,563,596,568,663,612,543,416,682,936,98,852,344,739,922,416,668,828,691,367,579,732,593,856,71,604,984,223,788,877,364,221,930,940,616,354,684,330,351,597,895,797,674,863,794,601,359,860,279,869,541,688,599,960,895,735,961,384,930,677,543,320,672,893,47,349,351,664,351,645,348,332,601,569,454,681,344,661,879,664,701,668,621,354,995,364,276,580,354,623,483,99,664,604,542,999,856,89,796,322,669,876,90,826,931,660,524,605,348,607
849,686,141,160,843,173,674,63,782,796,238,742,158,856,132,174,774,163,196,88,39,727,663,198,150,996,653,686,982,166,668,798,866,999,928,867,227,702,288,170,199,898,838,86,642,646,770,163,970,823,708,674,745,593,201,762,848,533,131,599,684,576,922,849,881,719,701,674,443,834,76,644,588,695,462,156,171,870,687,167,594,867,674,676,532,855,170,154,228,652,699,161,260,782,235,886,162,848,164,1002,611,94,147,162,227,842,860,977,867,684,227,858,801,855,644,175,804,68,162,532,856,887,495,851,162,1016,87,860,734,1015,850,734,804,888,751,675,520,803,640,846,171,773,915,38,196,842,815,131,911,226
445,219,742,525,489,4,101,171,845,251,789,717,237,678,465,747,215,747,853,717,1001,949,949,678,77,107,949,495,731,966,331,981,637,589,853,781,851,190,605,165,781,959,531,26,823,949,983,678,845,713,84,363,714,717,1021,682,707,886,203,843,11,769,81,773,590,237,747,879,18,12,205,747,603,469,526,101,1005,82,81,605,965,937,493,789,85,821,710,621,107,83,765,428,945,405,747,972,1020,865,578,864,713,193,27,250,701,713,79,730,561,618,749,779,901,231,845,797,605,1003,684,787,811,790,936,81,429,58,850,51,594,619,22,426,594,833,469,748,565,618,677,561,811,589,109,205,523,119,717,645,685,706
106,134,101,917,260,667,903,234,143,654,156,292,353,873,371,186,105,321,386,644,12,149,945,70,108,154,794,946,22,98,738,955,700,6,902,662,133,124,230,253,923,76,868,586,100,106,121,27,996,122,122,508,924,234,123,382,897,746,113,1018,993,958,385,97,534,6,908,158,358,900,11,324,362,926,353,698,186,74,78,354,115,310,900,10,138,138,332,102,185,894,634,105,924,140,73,668,122,100,155,108,358,65,266,421,907,2,314,166,666,282,126,326,235,534,326,666,75,121,660,922,169,939,919,70,673,553,794,865,330,683,188,388,993,235,90,202,900,68,182,226,98,538,118,100,922,636,114,646,876,378
625,954,890,541,826,398,896,434,112,1001,606,561,1020,612,994,865,581,890,769,894,882,114,883,916,869,788,892,732,1017,618,532,1012,924,768,941,627,31,890,918,656,105,787,126,788,115,894,962,276,942,738,117,978,444,625,576,752,1022,437,3,832,670,260,242,882,498,368,618,878,866,836,972,634,890,708,98,893,33,144,917,880,662,993,667,924,141,638,978,97,148,626,804,873,398,611,865,788,910,1012,98,149,892,850,1002,640,341,538,114,121,948,414,884,28,516,908,396,868,12,113,148,64,673,834,622,80,908,898,626,394,634,847,1020,912,625,50,770,130,1000,833,98,908,619,752,724,910,916,976,105,922,40,1016
157,171,980,191,153,933,941,952,169,909,924,22,200,377,616,249,360,603,633,97,153,789,148,493,711,355,916,169,237,802,409,174,105,979,159,129,141,602,793,661,227,665,873,233,605,251,163,237,237,41,152,173,662,621,379,281,156,937,173,383,941,671,937,747,248,683,226,513,707,769,609,407,151,143,365,734,279,857,239,702,413,157,372,911,993,685,923,661,181,877,163,365,149,750,667,153,153,811,105,661,673,921,808,717,563,255,669,155,107,157,246,793,408,809,123,363,881,697,917,412,173,157,221,151,369,109,430,413,249,785,141,235,353,235,237,1001,40,251,225,687,171,793,651,185,669,640,158,937,261,233
641,586,625,519,136,614,742,634,418,25,24,610,585,186,451,102,43,393,632,907,677,875,537,613,614,125,613,70,0,921,6,582,126,102,673,102,646,121,506,774,608,137,902,831,857,138,167,615,613,861,411,890,629,187,23,650,97,501,773,692,1018,1001,618,614,586,182,673,888,853,888,634,162,741,121,617,518,166,837,42,155,102,166,1,144,133,582,645,57,698,102,454,632,954,610,1019,614,698,697,162,518,519,1016,680,889,869,122,997,5,556,517,95,606,615,139,6,902,102,151,133,48,614,645,769,134,633,185,386,888,390,550,581,630,117,641,599,608,614,588,635,613,618,633,794,634,617,97,630,573,888,634
234,23,144,20,831,975,182,975,444,404,983,172,809,804,470,811,700,524,940,684,717,172,872,804,968,980,459,919,172,204,490,976,186,404,108,203,20,364,404,912,219,212,204,666,1004,210,204,28,940,495,406,919,972,787,172,43,476,652,970,940,236,460,684,988,468,693,875,142,951,456,47,1004,879,942,812,191,528,828,431,812,148,575,943,976,587,996,999,1003,212,50,172,236,940,428,248,164,407,174,186,1005,171,1006,1003,992,220,188,184,557,335,975,967,175,365,244,43,843,32,218,879,172,947,815,189,751,842,204,1007,660,811,941,820,836,560,575,812,331,845,239,404,976,687,750,230,973,214,204,967,364,172,414
508,253,248,903,510,1022,765,810,0,133,766,590,217,453,128,387,1017,314,43,570,508,290,496,26,26,307,1020,498,506,704,763,384,370,282,400,760,736,1,218,505,505,245,572,156,507,210,486,1022,240,130,496,473,209,122,385,319,13,542,307,509,280,157,414,126,266,30,481,385,1,62,694,192,574,2,637,998,510,314,6,61,266,253,409,258,130,418,48,3,317,1,1018,386,120,499,268,113,4,755,498,508,1,176,410,241,313,258,501,413,0,154,129,113,221,0,112,412,129,497,414,510,507,305,318,472,510,41,181,506,505,386,508,8,649,26,24,13,8,1018,309,181,257,510,261,250,385,504,766,441,125,448
1017,609,998,947,900,788,931,497,827,1001,673,995,995,929,618,454,743,294,445,1017,761,583,993,999,999,673,1017,713,975,685,729,934,1017,929,166,969,609,761,921,919,689,611,753,935,929,758,951,791,763,826,546,993,771,911,483,945,167,916,839,624,1001,471,679,997,913,401,1019,967,817,993,753,19,501,690,609,1006,491,579,995,1006,457,679,602,748,433,1003,745,935,582,831,743,679,672,417,933,1009,823,921,747,897,905,759,999,617,998,919,673,945,43,943,609,407,519,922,995,611,750,919,657,231,535,487,673,678,942,161,87,1001,934,993,919,935,508,745,931,854,417,615,1009,193,658,953,675,994,1019,391,746,819,935,933
645,159,1013,668,924,789,96,685,1003,191,365,412,281,989,131,412,153,925,769,899,542,273,737,171,605,468,361,173,236,1007,717,27,285,153,1001,285,609,729,675,109,379,669,157,680,875,227,253,171,141,978,163,937,789,221,975,673,33,146,705,609,286,227,285,279,613,780,686,377,801,880,150,686,171,169,680,174,289,909,353,669,163,164,671,673,137,283,795,661,361,555,1022,916,91,153,681,43,162,669,232,157,685,801,297,297,109,687,150,813,684,156,129,769,45,801,109,149,985,940,269,660,181,145,409,611,373,331,109,686,878,32,173,937,597,987,916,723,990,134,927,688,1001,609,169,283,929,939,616,302,372,219
747,395,511,121,385,614,618,633,634,101,679,101,614,398,390,696,538,745,610,614,130,102,123,438,789,565,676,553,386,402,598,633,283,70,609,457,4,609,337,186,505,473,510,763,134,883,517,27,672,870,581,742,106,133,1019,868,614,120,105,627,564,390,389,388,146,794,859,891,601,97,615,381,773,645,585,610,103,285,519,666,102,954,570,485,887,398,677,521,618,638,130,582,669,9,118,133,987,106,633,127,634,633,890,871,635,390,597,179,102,387,105,627,875,615,1002,621,102,517,480,551,395,891,647,103,186,889,139,634,631,134,638,832,633,602,53,645,6,2,598,576,891,86,389,635,634,138,133,646,390,512
916,49,943,931,570,812,570,980,972,972,138,182,463,324,873,235,364,44,1004,204,956,63,940,20,876,260,236,970,468,492,659,842,44,939,559,1000,1004,876,559,974,628,364,484,540,236,980,563,194,961,143,10,843,703,196,463,564,407,916,452,563,332,828,20,988,938,210,146,784,931,564,844,156,998,500,175,148,458,559,570,938,204,235,972,940,106,940,916,864,7,926,1018,148,879,196,202,172,20,942,170,964,948,1004,996,976,971,912,234,999,564,37,1006,868,236,770,967,230,983,239,784,980,912,983,999,172,24,252,140,972,966,1004,916,940,428,816,186,996,942,220,398,692,628,916,986,212,471,233,904,186,20,916
5,126,385,758,49,437,384,201,508,502,485,483,509,506,645,154,253,190,381,193,385,20,283,253,17,496,192,200,312,401,451,465,1021,389,33,266,505,825,509,1,0,507,453,397,117,509,497,506,705,254,310,987,410,510,2,401,483,5,414,318,19,508,726,261,385,3,445,636,5,497,1020,417,65,49,71,467,505,677,509,387,448,317,501,445,993,27,510,500,528,49,1,293,126,1017,1022,325,513,10,974,996,1,18,496,17,509,316,497,508,435,509,385,57,510,484,179,13,498,134,515,737,414,498,145,484,734,1022,511,506,391,258,3,579,573,48,670,507,389,638,1,400,130,998,1,281,90,320,269,26,510,254
599,678,993,803,617,966,993,1000,1017,619,237,971,1009,677,473,482,615,993,827,583,897,439,739,601,305,615,935,1003,937,761,713,227,825,823,899,407,591,917,823,421,811,618,935,953,679,999,921,677,895,626,633,915,582,1009,759,465,819,637,737,822,782,631,1001,273,790,751,745,675,915,943,713,983,929,673,1001,609,745,413,483,129,634,923,591,290,535,1010,633,758,485,925,999,1002,811,665,999,615,153,614,745,998,738,617,614,615,801,617,737,711,582,729,1001,235,585,678,998,801,957,7,971,586,481,999,993,747,993,17,713,487,987,743,786,619,737,713,1007,406,811,633,1003,617,993,705,935,907,999,913,623,631,754,814
497,144,408,264,788,300,468,662,272,278,731,312,660,535,727,552,340,278,966,360,641,751,277,311,740,364,366,525,791,23,528,727,740,791,999,884,275,692,692,706,728,148,532,532,148,543,808,532,984,536,553,296,279,759,876,663,567,575,695,484,654,276,616,740,724,551,775,912,741,527,729,564,724,447,831,660,727,459,727,424,308,742,208,1004,752,724,791,727,724,733,276,719,710,151,648,759,436,360,543,532,646,746,564,860,491,875,145,646,484,535,228,951,567,313,716,589,309,887,695,489,724,144,728,279,532,727,727,439,822,7,276,693,228,529,491,485,795,488,436,744,285,715,663,436,295,663,676,640,663,727
314,702,952,612,152,842,314,170,186,966,130,662,218,122,504,1017,186,930,569,314,138,124,58,646,441,386,201,537,60,535,442,26,178,26,522,198,57,922,958,898,954,188,122,150,58,250,222,902,53,185,950,46,906,901,730,33,60,22,661,120,697,698,918,988,954,448,514,710,570,98,519,988,58,538,218,697,34,154,390,572,98,118,713,306,60,354,570,474,60,186,290,58,197,346,442,474,25,122,1014,1,650,26,200,6,570,968,122,896,450,456,474,134,714,900,137,538,34,314,534,218,698,220,986,334,118,98,710,538,534,9,633,54,314,930,122,314,282,10,522,570,186,518,58,98,354,538,716,984,200,378
321,908,137,910,944,914,596,972,911,186,833,661,770,910,93,585,845,945,576,944,845,593,768,653,945,973,655,909,975,775,929,945,910,908,232,142,177,896,125,961,906,909,77,904,655,652,662,973,749,905,844,893,940,689,653,952,769,914,954,657,957,944,861,890,930,853,987,689,198,846,575,1005,690,834,649,809,655,880,689,941,813,905,654,905,938,655,972,714,69,936,846,399,831,833,593,817,909,232,937,946,64,745,952,145,889,845,905,849,844,725,945,161,941,722,942,972,370,942,626,721,708,959,934,588,189,588,954,909,141,945,169,945,106,191,904,623,880,648,938,661,957,774,956,141,521,558,301,818,648,623
950,392,598,332,337,716,976,522,707,521,956,518,113,330,626,262,392,906,268,850,338,401,688,951,426,352,375,322,834,835,834,273,338,395,246,786,290,257,432,330,842,208,735,426,146,386,552,688,626,320,170,438,350,524,382,581,210,396,944,990,625,386,982,333,627,835,328,336,262,322,381,266,580,502,362,594,396,720,458,513,692,802,330,338,324,576,201,594,626,882,862,881,690,578,371,590,337,322,894,371,332,738,320,258,369,91,606,512,913,596,338,498,838,586,898,939,430,322,274,582,759,370,326,114,84,459,722,328,711,833,318,375,326,396,851,512,840,258,880,476,835,586,648,370,330,64,334,755,588,912
207,801,104,205,695,418,560,463,335,449,927,973,885,128,727,751,941,655,897,488,697,991,719,1001,735,761,809,973,768,522,797,981,961,761,845,671,911,640,911,129,817,1005,829,713,961,897,785,833,973,738,1023,968,105,217,796,685,784,972,463,989,704,1005,873,783,784,145,893,849,821,684,911,972,879,896,697,770,809,785,823,877,753,973,140,874,717,817,843,289,647,1015,653,719,813,773,703,1001,961,754,813,717,41,49,719,781,717,781,823,820,816,801,719,1005,909,866,181,653,719,878,801,787,1009,141,910,969,973,925,713,641,459,193,825,1001,821,687,821,775,1000,817,202,544,673,911,833,871,653,813,768,716,818,877
339,103,305,851,893,275,354,573,898,114,778,809,917,338,321,722,701,764,130,352,686,291,605,501,637,429,805,846,788,285,834,999,625,978,322,321,322,373,874,385,66,657,971,787,261,897,789,338,658,275,778,802,850,779,73,1010,783,855,873,779,437,725,786,10,915,325,322,369,257,693,674,835,99,893,867,771,980,277,417,771,835,741,770,882,402,722,721,19,914,258,862,322,605,374,414,842,271,397,849,866,273,625,65,433,29,65,651,370,743,178,886,729,261,859,990,2,74,705,949,857,911,345,266,989,380,925,115,949,273,593,446,882,258,530,369,914,609,445,658,1013,834,101,898,349,786,813,657,807,786,66
861,813,287,829,203,639,359,774,800,419,351,496,139,551,805,839,363,881,487,195,847,291,351,818,414,423,315,171,431,301,295,359,171,413,168,881,871,859,203,365,359,327,372,571,947,357,804,683,442,367,615,363,811,301,171,324,949,293,286,597,431,807,687,343,364,679,299,231,315,939,859,679,459,442,214,551,675,307,879,315,308,679,327,331,327,383,555,551,383,879,746,327,805,327,315,683,379,443,295,363,167,479,170,839,675,356,359,647,487,853,272,327,575,591,885,223,479,355,171,317,807,347,519,855,871,444,421,869,223,491,703,347,200,443,389,159,411,331,295,415,295,299,429,935,683,171,335,347,731,708
383,524,380,638,850,202,183,731,182,844,723,940,708,944,870,401,987,172,716,851,782,846,331,846,718,206,182,972,944,840,963,116,972,903,60,676,185,462,220,239,879,862,958,782,778,990,127,679,742,770,843,15,844,783,194,783,815,682,686,76,586,944,474,516,782,223,495,422,458,772,880,463,302,748,474,758,1002,684,894,863,71,202,847,940,859,78,969,942,966,958,778,1023,719,959,940,199,263,346,846,108,972,986,756,966,842,881,883,716,495,990,481,766,732,747,56,76,938,1003,332,783,924,842,946,940,108,658,990,860,986,751,939,950,971,380,735,380,350,894,990,175,134,672,729,812,850,234,558,79,650,554
23,83,555,379,917,909,905,587,521,781,711,775,889,121,649,123,763,823,776,777,783,789,763,655,11,617,904,977,887,77,720,71,70,231,772,184,778,759,775,851,75,120,715,789,631,841,119,697,777,899,11,523,521,909,695,327,523,75,893,760,115,907,45,907,952,649,1018,841,776,942,768,809,645,735,775,889,1000,905,41,107,211,947,595,91,371,75,715,907,771,901,203,844,517,311,779,211,897,909,888,588,907,781,523,848,593,357,726,760,635,875,128,7,915,651,784,957,951,909,139,875,907,82,251,773,841,907,119,720,949,555,581,651,903,207,855,634,915,711,780,907,909,585,791,119,64,904,907,899,639,189
714,973,370,692,862,384,898,884,846,690,325,1014,160,324,893,764,624,72,646,386,641,904,396,758,616,688,528,616,834,799,886,266,536,30,871,701,402,365,626,132,842,609,914,301,646,850,912,767,640,887,708,848,618,373,865,388,738,576,903,774,656,562,614,896,692,754,869,616,398,625,832,658,695,689,844,657,625,665,434,752,1012,886,884,872,642,14,754,946,706,640,400,974,670,870,950,840,786,898,631,691,690,758,880,664,392,297,754,456,841,754,692,713,832,713,874,774,692,838,834,688,329,628,760,969,576,640,694,889,902,834,877,946,904,752,727,672,245,464,774,629,942,458,623,950,772,326,778,845,912,722
506,326,842,682,398,192,70,358,373,382,924,420,423,494,446,110,438,284,270,414,446,358,441,68,261,726,236,358,433,837,466,156,509,158,412,454,596,181,414,413,354,693,410,348,158,158,394,402,214,776,414,408,338,266,864,138,318,29,926,398,408,262,28,438,630,62,429,298,26,156,430,454,446,320,289,413,470,442,446,430,346,730,165,422,74,236,984,358,76,454,212,109,325,88,294,416,364,134,146,2,958,685,158,732,986,408,956,166,172,723,658,778,346,286,430,666,932,352,165,408,409,410,90,382,602,678,412,888,422,410,412,60,356,646,134,666,413,29,268,342,424,280,420,410,109,502,358,338,334,350
991,802,833,290,473,718,674,538,290,735,446,858,610,545,536,723,472,750,813,354,545,675,549,801,321,346,718,554,697,546,554,722,354,707,613,738,756,602,878,298,867,548,850,994,369,706,668,323,801,346,740,696,865,546,226,213,803,386,699,802,353,995,355,738,865,348,546,509,764,730,834,730,354,730,730,986,210,482,508,482,738,811,690,354,302,298,866,706,764,346,210,850,529,705,978,352,223,532,738,546,978,194,324,734,474,590,642,706,346,546,804,706,398,676,339,613,674,546,705,739,321,815,706,609,705,345,300,580,338,722,310,933,706,68,354,452,868,858,545,604,878,730,466,706,314,289,450,874,834,553
201,466,951,853,41,565,965,747,551,610,303,557,343,3,559,447,931,971,419,491,309,596,883,215,899,567,589,417,613,290,73,303,301,390,485,46,543,578,175,55,589,23,559,560,549,542,567,421,47,614,973,913,39,786,417,301,35,318,597,303,567,608,417,341,559,293,45,234,430,833,549,935,555,288,611,38,549,199,313,624,599,343,37,548,303,37,597,555,559,565,601,333,427,563,455,290,99,807,302,558,757,823,758,941,301,625,597,567,429,549,559,343,567,119,77,429,595,554,303,558,599,290,551,512,301,535,551,589,941,311,498,341,591,47,545,599,359,341,594,301,291,563,293,333,55,561,623,297,581,683
815,980,1016,936,848,958,891,803,50,792,812,670,796,980,228,1006,728,336,280,942,156,848,208,226,759,382,848,669,976,380,159,241,684,752,862,684,787,152,792,799,976,190,758,806,912,912,44,684,792,1014,944,220,316,979,484,988,880,991,792,760,984,248,812,804,734,720,728,752,936,703,228,812,268,774,680,63,991,131,758,740,784,726,605,913,374,720,342,734,216,679,240,720,812,783,166,982,606,23,815,350,214,800,298,684,376,981,280,674,931,796,800,727,802,796,660,991,292,700,796,998,263,208,808,956,976,812,926,724,180,848,72,942,815,240,228,240,784,784,819,982,984,802,226,208,188,860,856,813,1009,798
658,405,935,659,357,421,914,438,470,914,855,490,421,106,971,409,490,491,327,339,487,490,242,750,487,155,1015,325,451,1002,359,359,78,489,430,839,1002,299,619,485,545,438,503,73,999,198,965,149,20,497,501,579,225,355,366,490,405,1003,323,483,193,373,994,18,1007,490,505,529,21,327,401,107,492,299,421,497,746,194,483,275,490,757,341,171,753,403,901,435,275,491,211,1015,263,53,210,33,905,1002,53,181,394,297,495,1009,401,340,361,341,487,18,993,491,34,373,459,491,495,867,981,503,501,50,50,481,163,954,839,492,230,371,483,689,341,1005,1019,1001,407,419,498,901,17,467,426,1019,1011,869,859,237,627,487
713,687,783,704,767,943,823,951,559,891,809,783,377,715,911,703,715,815,755,579,723,832,527,215,399,48,759,571,607,565,301,463,567,636,783,435,767,179,951,695,719,641,707,439,929,577,812,595,757,723,759,563,719,649,397,567,723,457,704,655,561,803,848,239,559,781,192,67,767,780,887,825,67,68,51,719,567,719,707,767,448,560,818,828,527,567,705,227,815,791,716,783,934,703,801,571,225,715,569,767,521,523,849,689,816,815,589,771,417,783,211,847,705,473,567,681,703,823,566,823,947,847,243,487,527,547,979,751,855,527,825,671,815,13,527,780,707,57,713,687,465,559,705,575,471,691,771,720,715,527
83,942,70,701,700,709,106,89,390,517,730,738,1,516,827,166,710,971,581,738,421,499,264,963,707,886,518,245,479,284,963,709,69,1011,325,197,978,673,514,710,711,514,969,715,735,711,203,655,285,585,454,7,196,566,453,1017,213,710,397,581,98,803,293,711,713,627,951,494,883,761,836,197,966,709,51,1013,1010,676,890,713,421,3,713,710,735,581,71,470,211,517,737,634,581,965,454,6,7,395,989,521,756,568,514,581,709,836,581,518,475,69,277,587,762,708,470,455,198,53,707,581,120,157,709,581,165,517,761,995,421,747,515,191,515,711,215,262,522,963,88,884,541,930,455,709,709,579,713,583,421,455
626,54,550,751,503,1015,537,275,565,487,501,957,757,516,267,1015,540,821,515,313,53,566,1015,514,998,454,327,454,574,518,602,518,198,502,130,117,313,517,410,18,882,501,23,597,611,827,770,1012,667,1017,533,54,818,377,630,561,498,534,631,514,28,53,550,514,387,630,519,1023,993,562,518,54,998,884,573,518,375,549,407,487,313,374,637,642,310,957,259,454,793,994,1020,906,511,960,499,7,537,307,530,551,1,569,1009,779,502,275,307,827,562,519,999,825,530,505,262,523,706,537,630,766,962,817,381,530,9,830,541,52,1014,627,439,278,949,981,502,2,561,450,118,318,574,575,261,1015,521,790,510,30,898,571
308,420,754,216,616,395,271,413,207,835,843,276,715,346,60,324,72,605,527,714,335,227,396,588,586,200,404,433,351,570,572,411,692,428,620,411,211,90,28,352,844,844,309,516,209,852,408,514,602,335,315,970,863,524,620,660,335,362,39,408,25,333,803,476,660,436,304,666,756,411,363,922,410,396,943,292,444,108,23,444,355,67,320,330,408,348,27,779,29,265,331,267,78,586,1019,300,75,12,342,61,715,548,267,955,420,347,387,582,84,587,844,76,203,844,335,260,332,348,413,588,436,20,364,577,596,428,932,79,12,335,447,335,840,407,323,239,80,75,77,595,203,255,355,412,475,207,363,896,591,50
818,520,862,561,210,826,567,121,693,532,660,851,717,201,53,57,58,568,570,460,797,49,249,803,560,5,49,53,695,56,561,818,21,714,257,181,821,801,58,16,25,198,570,202,535,25,218,1013,560,575,797,769,821,569,178,817,825,820,50,469,523,229,816,647,252,458,713,789,273,855,253,197,58,532,773,773,57,250,564,58,574,844,890,4,249,460,590,565,801,206,713,773,445,568,691,213,45,204,782,569,777,223,690,548,52,789,205,820,721,813,165,49,632,721,564,570,49,682,917,29,914,26,717,49,761,731,401,245,869,181,20,565,570,724,567,624,249,825,453,565,792,826,529,717,185,564,21,693,242,533
928,400,402,724,709,437,460,460,365,688,484,576,403,400,981,419,408,73,342,484,99,458,428,303,450,410,275,403,466,914,83,961,276,311,980,437,435,992,211,284,24,600,90,82,32,952,485,469,588,112,219,458,738,465,384,16,288,435,354,946,210,211,469,181,204,582,296,467,84,432,591,332,708,280,80,943,275,452,397,400,736,180,107,274,284,256,451,723,218,468,579,994,411,3,16,467,603,82,624,666,720,402,978,195,96,226,300,661,216,274,442,992,495,476,320,76,474,715,222,435,84,499,450,987,76,484,948,216,64,495,467,109,212,476,978,498,680,2,800,912,760,492,275,722,612,408,466,30,436,978
5,782,389,13,3,452,123,285,464,611,292,309,975,25,45,899,11,91,189,308,456,1017,829,5,797,901,506,389,117,525,59,453,574,396,1,997,477,882,61,197,61,884,444,99,961,867,417,26,13,973,961,195,989,223,384,636,973,37,771,541,13,509,300,419,477,910,368,445,53,3,29,126,62,12,309,309,13,780,13,99,515,317,398,5,257,775,389,257,509,7,316,887,500,33,269,102,9,317,477,458,29,261,3,52,161,552,20,883,820,316,909,549,1,461,12,453,748,459,173,15,821,165,384,61,129,309,960,473,101,541,292,3,3,852,269,773,461,210,36,384,515,387,13,61,77,452,973,1021,59,973
635,540,957,565,432,85,68,68,870,916,469,971,29,309,959,597,603,549,159,517,600,89,615,101,611,821,597,645,925,309,306,599,407,443,540,984,914,453,83,600,604,5,607,66,547,533,563,631,447,927,645,669,133,581,37,932,413,699,124,517,297,853,919,741,901,579,837,411,539,575,635,605,613,333,412,914,599,793,645,859,803,899,989,983,37,535,795,309,99,916,772,99,861,771,989,38,933,600,487,67,603,284,69,965,567,385,579,603,351,389,771,101,393,60,669,923,799,552,607,612,1016,863,137,157,838,109,1019,133,661,547,312,837,965,604,925,388,413,413,221,1015,260,901,476,621,575,390,829,501,105,934
284,128,749,230,164,132,115,164,128,441,260,314,196,352,68,960,212,291,96,96,352,94,324,376,169,176,932,977,720,192,256,580,139,164,166,237,360,132,381,380,489,324,116,902,128,303,166,352,102,324,320,184,833,352,96,130,420,1000,512,126,160,162,384,184,132,83,110,96,352,236,195,900,104,192,102,168,224,230,248,392,328,132,220,240,96,388,532,170,440,185,128,280,96,22,182,196,324,288,432,292,902,406,168,262,180,617,254,356,248,888,152,166,60,928,187,150,133,352,184,267,70,192,262,130,260,902,258,440,260,288,262,196,332,449,48,164,65,131,135,130,120,102,72,274,134,264,12,70,258,294
429,425,27,997,143,967,307,301,854,38,915,997,921,235,707,997,233,25,789,467,43,53,76,243,517,821,557,997,45,597,277,619,55,21,501,980,453,443,443,821,477,777,795,53,932,983,820,293,967,85,53,811,853,599,975,727,341,820,455,1009,437,35,551,533,949,20,39,973,825,57,811,51,277,773,805,795,72,553,953,780,568,39,40,981,436,340,980,50,468,45,40,51,87,279,823,36,248,557,829,472,53,469,1015,917,101,51,260,53,397,439,219,523,554,985,811,821,503,971,411,56,556,939,801,39,936,983,1011,1014,983,599,43,308,439,211,952,293,756,727,757,939,55,943,499,423,963,557,483,41,41,936
897,844,619,906,14,879,764,899,885,515,104,712,516,570,877,109,621,637,912,848,103,981,940,608,79,957,844,847,803,977,924,261,625,3,908,639,15,525,332,111,848,836,879,64,866,15,785,916,488,633,811,837,604,520,627,771,775,968,782,1021,1019,764,29,891,842,927,99,115,525,944,836,893,598,1019,136,636,564,79,716,890,955,891,897,104,15,628,907,900,262,883,636,860,719,636,79,743,778,902,527,777,732,775,1007,123,879,1023,910,1009,635,108,554,124,781,330,421,120,907,1004,619,624,95,15,639,363,782,115,626,852,76,941,844,248,63,103,918,892,621,748,845,7,719,773,964,847,124,226,628,927,108,1003
765,397,733,159,906,251,507,240,738,483,483,995,747,523,715,235,467,732,755,397,387,243,482,915,499,503,455,994,738,994,394,507,483,508,764,915,271,1009,568,194,395,556,491,748,280,160,482,413,500,31,767,288,266,864,349,497,755,498,386,739,308,499,195,395,747,507,1011,493,198,450,61,498,480,227,282,1010,387,502,689,468,509,496,266,540,739,627,738,451,492,515,488,763,653,448,543,490,482,740,269,701,499,307,488,267,539,739,864,759,463,739,230,387,739,267,486,717,128,744,659,685,491,567,477,146,482,501,490,511,15,493,61,1013,763,499,482,395,992,114,130,495,739,755,126,760,759,346,484,759,567,242
634,637,608,614,634,651,970,608,620,521,628,512,633,838,887,628,872,614,448,624,646,702,628,958,578,500,582,893,42,630,522,636,830,712,637,648,4,1020,1000,548,694,924,534,618,609,357,608,634,996,124,688,894,676,630,894,672,668,1000,538,624,374,522,701,514,636,630,645,580,890,596,357,884,512,630,612,1020,992,973,356,599,512,887,626,636,612,624,164,95,556,1021,544,1010,893,125,637,612,608,615,612,628,576,514,772,605,335,1012,359,625,447,631,1008,894,624,677,576,1018,578,886,566,461,636,1018,636,380,776,624,624,10,1021,704,895,341,694,683,543,512,950,796,636,576,438,892,628,642,960,644,580,638,420,572
567,372,507,614,260,237,495,280,380,264,372,280,280,488,383,276,244,788,76,362,632,472,243,380,744,776,251,488,279,280,298,330,124,280,483,347,180,248,4,377,284,359,284,506,248,436,284,596,284,379,371,518,505,532,296,550,263,377,261,380,377,353,283,153,799,797,284,372,248,340,190,376,260,788,96,283,276,320,124,632,304,507,260,120,113,638,371,260,380,256,280,275,263,744,376,376,452,279,507,504,261,252,489,281,191,478,378,504,827,279,344,180,280,280,378,451,280,232,564,283,536,455,152,495,763,357,376,539,284,276,332,265,366,506,260,373,276,260,96,315,270,283,281,472,371,248,504,264,364,629
226,804,805,131,181,124,182,117,43,47,355,214,189,901,487,415,193,147,349,925,150,467,440,31,899,275,931,995,221,189,113,41,253,53,563,80,267,167,160,933,199,186,96,155,103,63,496,400,19,400,63,186,576,99,612,153,128,229,930,979,650,212,168,245,988,355,52,179,223,927,131,992,34,893,138,939,223,323,170,165,129,213,33,163,330,34,484,392,17,741,46,418,129,170,32,997,243,4,192,43,979,42,993,34,115,162,52,35,479,167,132,32,497,292,223,473,228,221,129,189,331,3,212,253,415,501,222,127,547,245,499,250,34,36,33,144,889,0,240,242,325,48,927,152,165,1008,237,209,100,282
303,997,524,609,854,169,305,253,677,654,901,798,494,301,937,233,399,115,687,417,138,289,107,683,860,406,604,942,225,677,683,987,943,667,783,556,32,751,96,429,747,688,940,524,994,109,0,227,747,76,653,764,243,660,749,733,942,209,772,164,141,1006,684,587,748,638,909,171,173,588,781,813,875,686,142,493,740,845,753,95,395,808,124,115,865,748,221,229,237,812,387,811,97,524,939,641,622,404,165,853,862,804,172,41,695,635,234,873,558,142,677,652,796,94,164,421,809,108,940,911,621,13,686,908,686,397,957,693,621,602,684,941,1001,860,910,154,242,893,681,172,729,492,699,744,726,606,387,941,718,876
270,238,223,482,379,195,149,348,167,213,510,34,274,166,989,74,706,310,227,994,426,222,162,221,158,348,224,414,227,165,798,429,210,383,210,994,311,215,250,42,171,214,188,130,287,213,194,210,220,29,979,99,221,147,189,360,978,222,292,212,226,196,287,165,453,910,53,1014,370,162,148,194,394,228,1021,988,215,147,210,796,212,196,421,162,436,226,278,340,238,214,185,189,507,220,444,965,469,220,18,20,411,106,226,218,28,34,286,226,702,31,274,192,162,219,42,322,854,255,980,286,220,188,962,181,934,96,994,227,162,859,217,988,34,455,202,509,271,162,350,220,350,340,980,212,434,32,978,226,478,476
460,484,740,360,664,776,770,747,744,492,224,264,820,524,871,319,484,742,802,282,820,144,252,756,592,564,840,492,282,172,491,468,651,742,672,564,712,228,308,548,552,860,650,519,258,420,772,544,488,744,316,740,264,468,996,535,268,556,340,715,776,652,302,648,760,618,630,260,264,512,740,256,778,135,274,740,12,520,682,308,500,356,263,600,228,452,1020,708,684,652,676,764,40,816,276,264,818,388,538,388,276,1000,312,512,708,704,744,750,656,682,360,644,740,682,264,712,992,708,259,875,972,116,748,792,728,616,490,648,772,311,146,648,648,740,453,304,740,512,52,644,267,558,760,280,744,456,488,453,528,261
545,562,689,755,233,761,714,838,505,902,713,202,199,569,198,23,745,583,652,564,533,842,61,309,561,1013,53,281,554,61,278,551,629,327,974,903,310,983,753,771,874,623,714,969,761,241,249,373,942,885,573,567,277,707,682,565,757,753,41,792,561,57,5,921,981,614,757,57,185,713,970,55,222,715,761,763,719,967,757,841,753,762,250,575,585,265,712,847,861,601,745,1023,615,9,969,569,137,971,917,457,713,569,1017,713,705,457,221,689,53,53,639,517,1013,305,521,163,757,965,1022,573,241,761,210,121,679,715,710,617,561,183,273,1013,249,709,329,758,969,969,635,569,997,945,965,634,529,633,637,57,714,177
970,716,902,1014,710,718,990,869,842,844,797,1002,1007,235,997,970,436,1006,556,833,238,908,996,395,874,746,971,540,488,966,548,954,538,1002,564,564,580,996,108,650,1015,452,677,618,970,123,651,740,1003,516,231,500,564,1012,754,700,951,934,778,964,780,794,293,653,868,532,970,748,267,740,746,1012,844,458,1002,1014,746,698,741,756,1020,491,843,1010,1000,12,692,394,779,564,906,523,924,967,644,244,718,968,779,453,458,866,453,783,434,664,440,596,956,628,988,806,516,562,662,459,932,1014,1013,948,915,1020,759,954,740,966,779,534,154,540,904,1020,670,756,747,500,756,1002,138,842,846,963,847,843,782,964,820,234,1012,331
524,563,100,148,140,47,412,517,388,608,620,36,420,684,333,4,12,76,596,44,228,868,602,603,467,384,4,541,616,140,76,120,684,164,165,44,7,548,468,602,428,412,163,620,28,996,96,191,432,419,67,260,668,476,97,35,412,172,525,431,612,541,176,620,418,476,426,423,748,47,90,604,485,839,580,412,232,228,30,607,428,44,231,524,639,46,515,106,554,93,480,28,284,28,346,108,291,508,172,675,484,79,95,282,175,435,387,13,220,95,604,512,388,492,132,636,693,602,799,231,10,574,895,316,163,147,428,428,532,100,428,500,604,684,430,428,732,271,28,708,92,684,428,28,32,100,615,229,408,15
870,240,239,224,352,375,128,140,1019,998,0,808,991,1016,144,143,231,1,974,668,876,384,224,332,664,128,195,128,132,88,131,320,135,147,870,879,359,30,927,888,152,998,464,908,134,880,135,1004,992,208,22,144,351,384,312,862,552,140,140,80,724,864,847,128,12,384,854,908,144,806,195,244,502,256,883,152,1016,820,591,920,152,204,368,135,975,272,84,944,996,848,855,785,967,222,926,230,1014,352,14,524,240,880,912,1008,251,160,240,880,198,14,903,396,166,240,834,910,332,158,128,992,864,839,880,973,351,192,16,608,998,519,148,886,912,795,208,856,880,992,908,920,1008,896,344,488,454,198,88,838,912,224
977,304,560,473,16,936,19,732,113,88,25,275,976,310,454,990,35,104,81,605,603,241,328,100,216,197,720,395,748,53,742,289,614,734,11,277,33,45,341,591,27,987,747,753,173,617,929,305,800,982,272,992,92,844,284,723,472,91,402,305,985,206,93,217,92,784,715,81,349,396,299,830,169,27,337,715,273,97,939,143,597,724,819,220,805,633,724,81,25,446,347,9,275,734,86,689,320,601,725,925,73,740,715,272,288,911,561,94,25,858,721,528,384,990,384,40,65,224,336,557,860,277,785,198,97,117,29,756,561,600,740,710,81,283,844,614,926,741,20,604,241,712,725,940,328,117,721,251,313,297
968,982,622,564,1011,368,492,358,526,580,982,672,956,944,447,590,417,717,571,942,596,491,685,1012,950,437,1012,999,580,1008,983,433,964,580,1013,461,594,526,431,303,438,704,974,450,623,612,950,948,751,994,571,935,727,869,1019,597,519,758,78,621,432,323,588,692,443,952,430,402,596,619,750,311,426,501,180,756,691,974,1,888,1014,583,717,628,171,375,498,622,962,500,182,452,980,13,580,698,1010,1005,245,852,964,523,963,582,944,1008,627,966,357,325,682,588,775,691,980,962,578,582,38,36,544,572,937,751,948,443,994,570,634,747,629,402,832,38,1013,1012,507,966,439,963,635,934,502,750,432,435,844,436,432,973
165,945,190,170,937,42,812,88,96,40,417,424,88,400,392,110,90,608,425,25,894,88,581,416,863,487,417,89,130,85,673,430,137,177,785,421,405,184,65,389,393,901,417,154,90,958,157,345,408,89,473,405,938,176,78,421,74,675,386,928,153,137,928,938,47,41,390,161,385,420,952,46,200,94,161,85,417,169,42,9,449,416,947,418,95,417,153,348,5,14,77,104,393,673,94,37,35,863,141,896,685,97,175,417,929,474,169,413,185,996,114,162,417,473,416,153,421,161,417,861,27,41,425,239,105,89,209,929,2,609,179,42,337,588,184,170,417,33,585,129,416,424,384,149,41,430,411,160,33,235
172,889,164,356,48,820,372,463,884,1023,155,92,892,859,316,128,884,781,678,700,868,796,333,788,763,803,12,874,454,59,255,737,862,380,889,868,123,57,292,857,817,174,814,807,787,185,794,483,893,646,379,388,892,891,892,856,22,132,701,261,120,836,133,76,281,888,772,856,14,859,1020,772,862,309,817,812,821,684,797,879,133,793,780,879,888,308,420,861,859,233,315,894,792,640,920,740,219,102,713,28,123,56,411,36,356,105,805,679,764,284,730,753,261,133,934,870,615,811,191,253,314,743,883,569,292,849,382,788,106,345,310,892,740,772,1018,286,887,831,772,787,166,875,798,120,729,878,859,889,337,281
879,674,351,418,1018,294,645,710,414,870,453,803,89,806,730,702,932,861,678,42,345,422,802,986,514,366,678,922,802,925,326,859,198,622,221,614,387,734,294,258,678,990,838,683,514,93,967,90,985,478,95,297,697,935,423,857,811,509,677,965,810,803,838,742,349,987,473,841,770,441,989,358,862,166,951,997,681,69,942,374,94,925,871,677,802,750,476,914,747,837,987,858,301,806,678,746,294,876,959,5,899,642,421,479,930,601,422,605,858,734,989,333,89,158,923,682,806,418,922,646,901,675,802,809,935,270,389,295,806,989,803,670,931,902,642,422,702,345,994,299,875,426,989,930,870,959,926,862,863,966
260,864,160,784,642,16,282,282,291,994,660,223,960,159,157,674,546,804,156,740,512,204,252,16,47,128,30,206,22,276,256,738,172,1004,674,800,716,544,866,959,160,726,192,956,244,211,798,924,226,994,1008,886,992,929,731,624,1004,656,144,239,668,35,796,144,238,668,156,160,16,216,80,28,226,160,237,928,652,924,370,16,919,284,131,956,144,28,771,132,800,732,274,728,156,994,156,314,764,222,512,4,932,0,722,768,128,32,684,148,235,151,940,252,220,976,220,2,240,300,144,156,253,1014,276,656,739,144,980,28,162,150,163,156,16,594,148,32,28,166,275,644,159,748,540,32,672,92,220,131,596,740
445,634,637,956,850,994,501,28,752,445,94,434,273,585,611,21,541,437,417,497,202,423,437,306,489,433,449,433,1008,801,433,540,444,400,566,621,629,432,456,597,501,305,482,639,510,1018,437,417,395,176,613,556,483,561,1008,29,999,1005,438,238,79,674,285,436,482,521,437,122,509,818,318,50,540,504,525,565,357,565,437,445,284,370,533,482,413,15,381,413,12,373,606,432,309,609,639,756,423,405,437,464,414,232,617,449,533,693,488,593,432,434,21,570,432,497,53,560,736,437,437,458,412,496,764,451,404,289,317,413,353,637,500,10,341,309,629,106,716,510,668,560,444,447,572,433,226,405,298,500,444,61
697,469,479,745,473,607,186,597,476,278,543,727,413,289,633,436,451,159,346,487,497,573,616,31,464,291,676,191,697,277,367,367,794,296,556,464,94,292,288,701,692,476,160,431,427,273,645,468,40,217,553,87,317,93,687,963,489,419,727,656,279,281,295,217,925,512,559,352,153,676,735,352,735,454,544,187,646,63,217,607,472,288,408,692,185,128,427,39,352,473,413,223,751,161,735,358,87,448,296,191,215,127,41,148,921,303,543,424,63,220,289,425,424,408,352,170,443,600,736,456,288,800,407,28,479,439,664,465,93,319,733,289,696,408,657,80,469,391,209,391,344,416,735,424,429,476,589,407,496,980
222,736,734,932,703,490,942,26,451,163,942,926,96,210,64,610,544,46,106,558,558,206,714,330,698,194,473,603,658,785,122,194,788,564,810,650,174,356,720,33,46,642,986,162,185,82,47,814,218,702,718,234,224,238,298,674,746,218,730,352,322,698,224,655,664,146,674,340,963,242,158,788,275,546,36,800,238,574,866,218,764,324,610,354,226,722,302,998,51,953,610,562,570,219,833,484,828,974,705,168,672,206,138,242,595,163,546,32,160,275,819,50,162,580,675,227,610,658,227,748,172,609,36,608,612,802,484,174,328,682,110,174,810,168,206,923,707,556,803,954,225,376,346,734,930,686,482,834,706,79
248,966,930,161,216,178,223,934,80,634,656,960,728,225,304,800,504,620,545,774,248,707,214,711,944,882,167,1011,994,816,966,76,708,961,705,760,742,930,199,704,1016,722,963,997,674,965,347,230,341,989,695,162,694,336,818,207,250,209,736,579,728,967,999,759,341,711,209,519,743,996,167,1015,942,992,967,583,957,192,731,818,687,928,224,588,481,64,143,680,89,541,609,754,199,928,495,240,17,711,576,633,800,1007,581,1008,588,1011,243,198,26,993,118,84,609,192,826,80,97,224,928,720,194,376,720,760,657,192,710,224,284,224,96,608,728,208,800,1004,603,183,197,592,689,101,99,213,691,676,248,254,992,248
398,110,99,758,358,110,430,251,270,481,350,270,368,808,369,356,364,430,422,256,519,366,414,224,487,161,617,990,414,238,624,936,360,484,481,412,154,119,270,604,352,358,209,326,446,446,520,72,206,120,424,374,358,366,353,352,621,261,286,233,499,943,399,488,382,64,359,358,878,353,269,598,208,934,429,831,486,112,233,820,489,358,366,145,364,337,408,424,406,414,1006,234,743,246,430,108,425,858,615,357,358,221,869,373,361,104,358,396,784,304,361,355,492,256,279,6,360,96,334,237,358,798,238,422,526,270,382,356,263,425,170,360,288,69,257,144,424,893,493,240,348,120,360,353,136,354,225,232,414,356
856,868,349,54,660,630,212,214,696,692,599,692,951,860,116,730,950,276,667,821,676,699,178,868,234,887,854,740,804,868,759,870,148,866,154,676,1010,626,866,148,824,852,684,150,854,740,852,843,820,856,790,208,758,140,892,932,854,245,879,256,180,103,884,205,852,686,758,730,180,148,852,250,922,280,682,888,934,888,882,679,854,52,764,52,175,103,162,246,164,694,724,695,694,866,854,946,101,886,598,646,892,884,810,818,810,758,697,84,342,170,212,554,729,38,58,612,248,214,364,868,886,935,698,214,876,118,149,138,676,854,64,726,822,836,174,885,692,907,845,886,375,934,341,34,994,918,823,892,858,890
988,840,137,773,72,74,298,186,275,974,434,452,295,688,134,716,1016,890,410,822,432,332,508,330,378,14,814,777,78,200,794,324,24,836,336,179,459,262,326,968,508,846,332,348,486,844,588,12,440,796,1018,113,752,72,346,780,984,204,890,156,632,596,1009,504,341,789,39,460,378,264,380,850,136,1008,377,1009,286,240,464,459,968,848,503,482,508,984,218,442,587,508,240,419,346,1019,174,332,12,516,328,161,16,778,843,847,477,1020,531,718,398,958,810,516,968,46,978,497,31,333,348,362,840,8,316,418,327,521,783,936,369,712,254,380,152,856,780,467,861,162,934,140,1004,377,764,998,1016,432,900,608,776,411
56,103,192,576,96,81,327,100,81,816,27,0,666,68,399,378,103,177,324,884,32,411,447,234,443,62,318,707,261,116,121,387,655,260,388,472,624,260,821,504,838,116,96,120,90,176,434,112,80,87,442,408,5,0,447,46,132,80,728,152,376,49,306,144,836,200,582,868,128,523,834,3,128,324,213,391,376,161,389,600,257,134,440,283,4,271,18,211,472,804,210,432,27,388,704,83,340,528,560,686,218,200,20,888,48,94,947,88,912,88,192,329,356,144,137,368,708,443,404,225,176,378,458,165,520,261,118,436,24,56,433,409,8,312,216,352,409,645,69,195,313,432,120,264,880,144,7,128,45,144
276,324,790,321,193,813,1008,905,73,613,939,34,552,169,809,242,311,737,281,552,289,996,936,784,15,714,175,817,841,45,848,939,794,185,242,289,929,929,785,13,792,675,815,22,801,795,79,809,32,778,482,848,821,423,172,682,163,801,201,778,938,804,48,788,684,664,784,346,94,85,297,809,420,821,673,971,105,273,160,539,54,45,808,841,417,38,857,929,937,810,837,810,38,1008,787,779,805,785,237,741,280,287,351,937,993,844,937,812,81,425,940,934,41,843,298,417,804,1005,805,912,80,184,226,923,1012,938,993,304,680,323,713,536,930,952,817,90,400,820,800,813,804,930,783,937,520,783,674,45,672,790
591,841,973,978,194,138,966,569,175,721,825,521,997,824,521,538,607,529,562,426,993,777,217,467,601,337,786,681,745,602,777,873,537,809,616,197,861,605,571,817,794,713,937,464,851,729,655,689,630,729,857,819,968,994,717,557,521,305,575,857,841,713,473,976,858,684,681,530,786,847,841,569,209,601,233,961,813,104,607,850,649,725,569,345,785,529,586,982,197,791,561,857,837,954,681,557,794,786,593,213,969,687,137,908,809,973,709,651,786,785,985,991,73,813,27,721,785,306,777,732,785,829,857,954,645,223,557,165,553,825,841,849,786,585,205,593,700,879,961,905,401,266,109,985,93,856,858,605,315,861
920,918,630,488,89,886,127,523,385,151,882,1014,790,512,968,872,866,784,464,920,888,120,38,464,1000,874,888,534,544,94,1010,538,809,992,1000,144,150,278,280,610,508,776,870,918,396,797,885,1001,534,924,1014,480,122,792,1000,604,790,883,212,14,604,504,887,807,694,608,592,878,797,798,496,916,116,787,102,1000,540,1008,754,904,188,904,970,340,272,875,887,912,544,800,855,22,827,884,1012,1012,505,158,702,793,536,662,999,759,929,140,784,1013,1018,850,354,117,156,968,806,530,1022,790,914,608,536,96,990,538,920,1006,694,16,368,533,408,1008,248,866,374,480,613,1008,59,14,159,981,886,633,630,384,863,216,362,610
204,927,540,223,958,664,942,0,999,14,767,136,1010,71,7,687,735,159,984,137,239,100,130,159,654,142,924,132,354,24,159,655,1011,12,270,725,461,543,670,588,200,152,227,867,227,695,743,98,0,522,990,206,766,46,499,158,2,668,143,76,755,514,79,959,457,526,668,226,98,990,158,139,908,1022,67,351,255,270,271,222,696,99,947,359,367,100,254,959,871,514,743,743,222,291,71,735,514,280,126,734,119,226,1010,9,102,120,990,766,2,926,660,664,642,927,515,254,92,1021,871,836,910,1023,302,136,664,207,670,670,595,222,359,664,540,924,188,246,230,383,142,190,540,846,190,223,642,238,536,894,274,204
387,729,955,520,1013,836,263,109,397,921,270,277,1002,1015,395,659,267,970,141,11,1011,408,267,791,920,779,778,311,794,15,62,20,831,592,906,787,776,494,832,1017,994,987,951,911,11,927,272,776,400,782,651,875,431,39,407,234,587,58,402,920,762,664,775,958,762,779,397,267,555,491,134,782,328,437,149,907,147,952,341,987,104,904,54,75,1019,845,720,15,395,388,657,1005,239,971,907,40,781,1017,715,904,783,976,264,983,523,267,360,1008,984,15,970,776,955,270,356,918,794,389,773,11,554,915,883,976,648,984,909,455,909,867,83,399,503,267,1015,903,784,759,783,1015,775,602,839,181,456,793,459,851,1011,277
225,242,291,469,227,589,392,461,723,457,448,689,717,210,425,277,247,429,443,447,217,49,49,509,327,497,3,528,433,577,461,423,442,476,477,432,215,265,467,209,466,33,125,29,471,716,722,940,449,243,274,465,481,169,557,721,457,466,564,395,721,293,213,465,427,477,288,211,589,755,279,209,713,251,265,474,323,301,269,209,227,553,209,273,478,277,290,721,17,497,296,263,520,321,299,465,279,331,77,981,357,721,721,477,477,471,954,273,457,209,430,509,459,485,465,473,469,275,209,241,109,205,465,451,465,589,300,467,474,208,286,465,213,213,481,177,497,465,19,333,341,465,483,269,477,201,213,465,481,977
738,637,676,621,572,1022,632,704,637,630,572,638,638,126,518,638,767,766,634,518,558,638,574,606,260,720,764,530,610,638,574,750,637,766,517,712,622,530,573,121,381,670,530,984,638,1022,898,601,600,1022,573,636,638,688,82,370,636,926,1020,514,334,625,605,610,637,190,541,639,548,221,637,528,636,514,572,573,617,536,638,638,114,574,633,622,574,514,766,531,381,754,1022,630,632,542,518,696,290,770,120,622,546,523,258,632,1022,530,517,633,621,504,637,549,358,760,603,621,754,638,358,600,588,498,282,608,723,485,630,125,572,502,508,602,572,541,637,530,638,266,381,638,638,374,1022,639,636,638,520,1021,614,382
188,301,603,937,37,421,417,89,423,931,603,221,603,837,325,326,287,527,37,437,65,422,313,470,965,991,345,537,387,409,422,965,582,433,602,934,933,347,486,347,832,453,473,605,573,705,731,661,833,507,581,230,889,478,9,22,965,537,37,978,853,938,439,549,935,66,87,341,181,918,194,423,603,389,475,599,585,402,457,601,458,423,470,342,730,837,486,75,537,315,521,425,516,487,342,423,471,741,701,934,605,982,905,934,441,778,38,453,35,989,426,169,486,422,421,985,550,61,73,469,554,542,349,485,677,713,733,601,453,603,446,453,467,549,401,585,406,37,549,117,585,421,341,934,987,358,722,41,711,425
3,115,995,928,1003,432,819,975,1011,1003,227,105,291,483,483,404,4,988,244,997,995,49,484,371,19,535,436,939,885,670,853,20,448,851,488,28,19,1003,115,125,480,3,488,994,989,994,483,49,179,36,28,853,107,501,1010,949,883,1013,808,987,483,32,1011,931,467,403,693,148,1007,227,868,419,957,275,414,931,103,992,60,30,907,50,81,931,610,80,368,800,87,483,111,150,1012,784,417,491,162,383,21,489,127,28,32,60,915,80,83,32,932,898,976,99,933,482,304,491,83,84,187,342,28,32,419,259,163,124,20,125,32,124,796,368,817,932,444,35,1017,433,975,226,28,892,19,96,484,482,1021,19,184,1002
195,911,512,771,903,355,259,799,847,25,985,867,866,879,779,349,268,775,67,903,12,323,887,771,783,739,835,619,934,287,879,611,262,739,191,317,711,921,847,15,589,867,515,902,515,409,15,367,263,463,396,866,905,797,855,143,623,131,7,271,911,379,267,719,841,99,23,607,264,927,819,352,29,319,847,959,845,751,57,611,723,767,111,383,492,381,783,772,51,701,396,502,31,268,355,263,333,903,797,799,864,515,365,399,419,517,783,135,831,839,515,738,649,799,911,259,263,911,925,716,536,573,803,839,399,157,515,523,899,396,675,768,285,925,772,143,623,884,460,897,15,621,383,832,783,782,883,838,831,799
213,77,82,909,615,477,2,1017,4,908,141,1004,1010,524,404,1010,82,108,93,751,909,908,244,480,460,395,141,10,927,848,98,242,819,399,772,401,77,148,983,470,627,498,130,100,1012,398,522,539,624,850,594,68,3,77,620,50,402,395,141,654,629,981,908,946,877,786,15,919,67,100,399,237,1011,76,252,141,595,896,642,783,410,244,402,594,108,927,795,626,87,13,146,908,468,118,398,70,205,48,426,109,236,115,13,987,91,97,690,626,116,37,658,95,907,132,79,976,76,76,970,690,410,608,909,419,156,98,400,98,120,141,3,1004,924,916,466,238,908,911,130,156,100,397,143,399,879,243,982,461,164,413
843,918,72,25,846,177,440,696,909,792,826,736,940,868,456,737,321,352,857,905,913,664,669,497,345,320,664,921,824,958,120,960,705,905,65,898,321,671,30,178,390,399,368,857,902,520,153,792,57,457,89,973,846,467,462,67,697,992,456,10,264,385,442,332,409,794,664,285,457,369,911,385,739,176,576,444,904,201,926,731,113,857,920,745,777,729,985,1010,357,375,832,368,899,640,882,822,449,845,93,744,718,877,97,846,920,876,705,640,413,824,914,264,803,705,78,336,832,325,882,672,1000,846,363,910,321,441,858,885,904,336,926,371,905,128,404,930,878,871,329,409,388,368,288,77,833,503,62,388,594,721
215,377,218,711,540,740,723,730,711,454,740,646,515,538,484,729,281,381,531,734,730,219,476,698,262,157,489,461,765,701,347,737,679,282,610,734,26,477,630,732,275,294,817,219,742,818,550,474,644,454,219,11,742,692,350,663,28,670,641,283,42,731,26,217,315,323,194,484,722,729,141,153,364,218,874,2,210,357,342,24,42,659,550,546,706,452,766,862,516,219,462,296,342,818,738,322,873,534,659,678,529,348,758,531,730,751,270,716,286,278,676,951,647,155,686,523,633,742,794,281,758,660,26,18,217,166,220,284,722,711,721,259,22,743,740,706,276,535,350,438,515,644,894,647,662,226,742,222,644,494
240,209,451,640,369,488,427,496,431,396,35,432,496,511,435,821,405,299,488,107,910,148,143,349,496,60,499,427,491,656,331,136,653,397,395,461,139,107,384,243,496,499,499,389,511,500,140,499,649,240,368,508,499,493,507,463,451,624,396,752,760,507,851,507,124,399,395,182,500,461,499,491,511,507,660,443,304,688,491,123,443,140,781,267,127,497,303,251,488,648,499,395,447,895,765,452,435,493,493,219,451,499,144,1011,247,747,459,75,131,53,181,435,250,499,317,767,432,403,375,113,315,1020,275,691,235,325,355,497,432,435,443,397,271,112,511,79,483,231,400,239,524,507,304,435,715,491,208,307,399,132
302,1002,211,743,661,721,394,677,724,870,426,356,303,187,806,683,296,742,426,346,725,666,14,266,677,866,677,794,394,410,684,43,810,371,656,368,474,679,296,677,552,605,229,838,298,426,875,162,301,467,106,299,167,939,678,687,422,170,453,173,39,822,813,742,486,619,614,246,167,309,556,371,618,208,287,981,157,806,298,870,424,370,861,426,493,180,651,82,691,681,746,684,724,875,802,1006,1003,495,365,279,298,682,282,682,500,673,138,677,794,357,678,114,210,179,163,807,683,682,693,682,18,529,941,694,597,421,386,426,686,297,778,713,901,178,347,426,917,721,632,423,299,178,938,1002,970,685,725,941,134,437
301,209,113,596,560,329,239,297,397,113,181,425,737,16,1,855,215,317,257,562,721,424,272,919,687,557,848,725,407,303,401,288,273,79,31,721,976,343,299,241,625,519,22,112,269,265,124,231,274,261,273,98,81,425,405,209,112,234,303,113,594,83,41,18,338,840,301,593,1009,561,168,185,302,285,29,271,365,45,393,265,85,593,240,42,553,754,726,281,37,266,137,999,353,725,282,308,516,160,225,342,305,17,297,269,375,40,298,33,74,309,301,373,288,224,533,399,337,241,1010,261,341,941,593,212,57,530,361,328,818,288,114,265,369,593,81,609,177,618,753,224,1011,621,293,622,105,681,81,560,303,370
142,736,1006,1002,744,622,1006,734,568,784,462,654,748,272,364,844,401,718,17,968,57,625,268,976,5,434,24,1012,692,625,465,969,704,29,962,754,654,657,287,797,457,561,1004,266,262,976,366,496,766,648,1004,17,142,712,461,268,788,412,750,1000,489,702,494,764,314,272,899,286,770,993,281,16,784,638,488,450,493,462,649,750,494,542,472,8,85,130,910,520,1006,797,796,306,702,716,414,414,1,534,654,733,752,782,462,14,752,14,625,273,488,976,752,925,812,528,1004,1022,225,1009,664,654,441,680,486,526,966,464,285,140,784,494,270,286,17,397,542,286,547,96,736,398,14,910,896,142,488,769,525,23,896,532
908,28,647,701,817,938,162,929,60,650,156,926,1002,958,984,100,394,962,188,908,188,666,902,134,908,18,702,952,124,496,926,895,794,784,610,835,796,959,991,924,395,860,688,780,113,447,444,648,624,756,954,138,319,98,470,958,698,860,112,978,784,575,671,183,885,412,1023,676,860,126,906,770,142,248,146,894,806,298,1022,139,727,910,631,698,892,637,842,874,956,636,954,910,632,390,934,828,873,764,702,830,158,650,179,242,136,956,572,84,956,866,907,871,540,794,890,638,570,588,906,756,874,572,127,248,653,894,240,559,726,922,178,738,612,798,800,842,922,652,922,798,956,922,166,142,860,660,892,124,703,844
1003,1016,262,787,152,677,971,196,938,165,216,632,272,978,456,453,976,134,120,216,218,431,988,252,120,78,162,8,595,979,86,50,460,600,940,186,728,462,91,7,850,196,168,172,452,198,200,984,155,200,646,943,650,236,216,604,326,82,896,856,205,194,630,216,507,903,636,200,966,933,538,593,84,749,746,946,902,456,627,83,967,232,984,80,83,680,964,88,896,934,390,53,822,984,475,932,748,83,462,604,946,106,87,918,564,419,143,72,338,250,912,599,1016,452,974,248,90,727,56,164,154,123,632,36,132,966,730,16,88,934,195,58,944,966,706,972,135,970,174,506,244,235,70,56,68,595,916,216,390,70
691,171,191,413,827,341,133,43,108,723,747,117,191,875,207,135,111,143,719,627,693,940,443,831,643,331,189,175,917,620,171,107,168,589,147,643,1013,939,893,333,683,275,847,851,876,81,93,271,192,787,45,747,415,703,43,883,780,639,1005,109,639,957,179,173,102,76,112,275,79,277,876,349,179,341,709,179,712,388,163,83,75,211,115,293,357,147,51,91,173,155,140,180,783,239,657,187,176,783,1019,187,175,699,685,155,875,259,335,679,797,175,131,783,435,279,205,207,176,157,365,299,412,149,687,619,885,811,68,127,875,353,679,387,348,403,111,207,263,91,187,171,643,111,321,443,683,147,844,557,1,908
53,746,461,276,443,466,395,776,522,274,619,784,744,786,790,538,721,402,429,571,624,742,771,458,272,10,521,512,790,946,266,522,632,812,907,795,624,813,41,276,496,146,740,522,830,776,210,155,266,770,528,554,146,908,298,394,489,911,1005,467,742,268,272,723,491,558,714,776,914,17,744,259,912,276,109,392,274,978,618,118,307,451,470,18,741,522,202,264,285,566,547,486,797,907,266,816,18,906,793,18,657,783,147,799,811,560,552,275,774,848,267,559,775,793,264,776,125,776,544,744,260,902,208,502,262,302,515,425,925,880,266,648,265,883,969,783,416,556,556,808,363,999,915,8,618,912,459,115,374,786
252,248,416,442,483,112,956,795,90,492,40,88,414,391,427,452,858,282,822,918,411,100,1002,303,506,686,687,923,810,624,90,236,292,506,540,19,994,88,22,752,606,124,402,120,454,507,484,36,235,28,240,498,246,124,460,620,531,25,634,794,612,737,26,248,620,228,484,408,410,200,418,808,394,666,458,660,499,536,570,124,3,100,924,560,556,548,628,695,928,408,451,152,568,554,540,400,485,622,108,26,604,498,540,296,546,490,186,915,408,571,928,508,608,828,427,535,992,548,434,1008,356,923,88,84,795,680,355,418,412,484,504,504,236,491,442,507,426,420,248,764,419,452,312,234,426,484,574,76,504,543
609,511,383,502,511,113,500,253,247,407,507,0,23,959,64,508,51,244,1023,131,7,245,239,671,3,5,158,924,207,507,442,383,154,187,508,499,211,63,211,781,115,385,103,564,199,4,243,255,27,115,253,3,451,19,51,503,913,251,955,131,244,183,423,771,3,123,945,116,319,131,1019,703,1011,239,119,508,759,533,499,380,260,403,254,252,131,31,11,579,123,437,499,71,389,127,405,811,19,924,325,1012,180,125,231,131,411,254,19,19,124,68,241,417,119,375,243,241,487,435,763,382,1022,227,243,591,884,831,255,76,247,691,29,231,27,451,187,778,252,131,1019,508,584,233,1021,140,50,255,507,451,195,255
217,763,572,948,571,241,594,6,164,958,123,953,102,952,900,910,849,957,149,222,215,990,603,600,935,556,798,886,902,889,1019,951,849,934,420,910,185,518,188,478,956,447,221,625,955,593,990,945,957,897,893,956,107,957,945,957,721,965,1018,958,415,925,848,574,956,940,221,834,957,637,934,476,622,926,184,933,955,956,955,988,957,933,557,925,923,561,956,153,110,549,860,923,958,523,573,985,933,945,185,907,952,957,574,977,933,473,941,549,956,165,219,958,957,905,946,902,947,987,988,955,956,1014,957,959,934,255,957,898,956,957,941,124,775,923,188,126,961,621,637,541,930,958,121,505,933,124,989,907,932,953
878,661,898,1007,107,229,100,805,669,517,681,1000,1004,614,687,916,140,764,13,211,234,68,526,12,106,1002,1012,905,120,890,532,10,516,870,1012,276,4,139,105,612,1000,598,614,104,1003,6,252,238,136,27,996,1004,41,484,1002,148,556,232,1004,216,516,131,1000,917,532,618,1000,793,1000,745,665,552,412,548,552,916,104,236,732,236,532,733,219,998,988,12,140,390,827,527,995,532,901,912,152,520,354,13,761,516,741,20,516,900,46,32,1000,728,697,1006,552,985,984,489,200,660,8,516,252,908,649,1000,590,686,1000,829,219,101,525,1000,235,617,1003,910,748,177,989,644,62,404,110,917,746,980,902,998,708,236,749,994
447,511,101,405,346,5,5,345,94,401,357,425,61,395,486,923,107,942,358,3,711,373,455,387,473,427,37,423,353,481,39,445,411,509,425,283,339,431,391,487,737,426,485,959,939,267,420,428,613,185,63,646,430,801,494,481,337,677,485,394,446,417,367,421,407,229,317,337,237,427,494,423,313,702,421,469,394,425,174,363,921,39,25,409,443,7,417,425,347,167,341,423,353,1007,490,394,41,103,485,422,37,42,441,358,315,389,471,491,417,501,955,357,491,484,423,958,33,395,495,43,141,433,417,447,37,431,390,393,653,446,423,431,71,933,593,13,122,494,423,494,61,399,487,135,342,419,485,395,423,678
423,408,411,133,628,431,587,415,85,712,937,385,647,391,933,367,365,779,411,920,709,153,231,424,632,455,360,623,359,871,348,476,475,844,71,584,111,411,932,709,792,921,520,896,551,391,121,152,408,265,216,408,39,551,667,505,135,89,249,409,159,589,89,823,548,261,220,393,769,591,495,584,424,933,475,872,551,415,389,731,357,391,623,952,519,305,635,812,415,836,415,123,220,421,205,401,475,104,775,219,959,295,223,615,423,297,644,232,176,223,407,344,583,347,365,391,121,772,199,617,77,636,767,407,592,375,264,153,80,647,567,935,791,601,103,455,204,729,777,407,153,657,916,95,383,600,254,95,588,628
818,60,95,72,940,971,130,62,89,51,944,237,42,170,190,974,138,958,831,76,184,910,843,440,824,66,142,911,88,74,154,43,48,90,48,928,162,188,460,26,440,27,810,304,51,136,272,185,452,174,454,20,68,676,51,910,18,196,146,48,452,908,796,895,454,184,430,956,42,48,82,438,4,947,95,72,606,32,654,76,152,943,268,12,226,188,4,906,170,344,188,942,95,453,184,1002,378,172,462,110,24,474,149,170,76,908,974,844,411,464,396,94,844,90,144,66,240,346,454,422,92,94,796,660,142,325,416,28,862,432,142,88,35,191,872,7,840,1021,490,398,254,432,8,68,60,106,804,974,476,868
119,759,1008,13,9,27,165,119,235,597,617,503,87,211,981,853,199,252,725,1015,855,972,213,277,762,761,16,81,1009,887,755,85,81,852,380,463,437,81,84,967,247,722,496,992,593,121,289,624,535,1001,853,108,115,595,983,980,85,348,683,151,78,109,220,69,9,855,199,247,81,752,119,967,88,115,700,121,759,673,78,375,247,87,986,977,787,981,981,852,599,15,169,947,357,23,756,631,887,116,599,71,71,375,123,467,471,87,477,102,761,246,987,907,117,981,101,981,215,242,599,27,273,503,880,23,1011,115,343,759,91,401,67,423,340,82,1008,209,421,181,1017,16,538,235,21,695,203,135,999,214,379,523
858,568,264,138,951,576,968,970,888,634,138,231,954,698,442,826,823,708,648,219,914,587,884,875,696,137,646,66,956,957,406,522,880,896,782,892,629,130,950,674,957,174,646,258,277,138,188,769,718,650,864,186,514,699,438,934,456,952,940,182,311,714,832,190,317,907,234,701,192,134,668,180,138,698,638,802,207,683,845,864,568,976,10,170,372,186,72,579,936,616,618,954,438,384,650,638,874,458,74,826,150,892,444,350,936,958,952,170,9,216,139,682,227,142,184,906,958,188,130,888,578,892,950,572,948,126,170,150,823,124,160,875,13,5,872,110,168,892,588,890,184,677,888,693,870,185,874,696,687,184
488,527,298,275,113,980,301,499,463,207,778,441,271,459,521,688,324,896,271,272,395,66,258,270,715,499,792,458,462,271,271,459,270,265,206,426,272,207,203,424,147,98,440,983,269,507,270,398,973,196,207,842,450,315,733,203,456,104,950,514,312,267,207,187,287,455,283,463,502,975,713,361,275,527,203,263,347,264,450,176,775,335,713,271,131,459,72,395,455,435,271,471,140,471,279,591,301,251,331,332,307,457,463,328,367,463,313,469,299,319,415,197,251,205,399,378,790,266,899,431,459,303,203,504,270,200,463,318,479,423,302,323,338,463,207,559,277,139,399,475,985,448,463,407,459,299,279,271,271,463
549,14,21,535,368,503,339,15,883,879,595,493,1005,493,336,557,693,394,864,947,851,1005,909,112,493,301,111,492,47,996,492,35,480,114,883,599,274,157,911,18,481,624,610,943,76,893,471,482,449,1021,1012,467,491,791,525,437,13,82,365,597,883,489,716,527,109,971,362,336,352,303,631,493,976,992,99,996,366,397,594,616,466,1009,493,461,371,887,483,523,911,275,626,885,115,480,279,1011,531,621,19,383,461,259,249,225,277,397,19,237,109,482,895,376,1005,492,781,757,495,503,621,239,478,527,45,273,751,95,509,274,384,492,859,368,13,496,243,418,373,819,368,147,495,885,995,20,851,383,360,501,1005,501
553,312,304,193,116,178,349,472,402,496,976,314,841,340,56,187,577,306,203,245,448,308,637,463,956,574,376,316,193,446,263,433,720,688,256,884,56,434,104,464,560,304,304,302,176,487,325,52,448,299,58,56,256,195,305,452,78,565,465,312,477,320,436,459,440,318,707,827,164,184,456,784,820,338,60,317,207,305,304,704,271,787,256,313,338,472,260,432,73,513,462,498,51,296,714,448,308,305,274,256,710,562,285,307,306,43,305,448,188,267,983,974,309,313,989,453,562,456,49,424,448,304,273,451,951,297,247,54,177,268,497,944,35,324,74,442,48,336,432,431,962,311,41,298,753,416,192,692,309,257
131,355,645,367,992,126,899,643,769,523,99,647,197,257,108,121,483,99,19,691,63,128,513,539,143,305,259,529,129,31,704,927,611,995,512,323,19,99,611,679,537,307,743,449,769,995,499,67,19,21,7,569,643,85,993,515,359,609,627,688,103,995,129,27,695,11,355,380,194,995,123,579,48,675,359,352,641,643,67,631,539,7,961,131,275,935,536,127,639,103,540,527,611,635,367,7,551,647,540,771,383,668,547,540,287,665,627,3,3,639,97,483,896,21,633,904,695,755,31,700,899,684,135,17,67,113,97,257,959,611,643,588,25,575,353,513,543,897,359,23,27,700,528,739,127,865,3,92,1017,359
884,616,798,894,785,488,803,901,97,870,248,744,143,789,1022,628,864,956,761,887,767,100,120,928,865,784,823,951,175,664,120,232,247,864,667,16,107,119,816,888,916,71,1012,872,718,952,864,833,751,117,878,768,921,760,736,636,798,536,864,71,929,889,225,808,792,791,667,535,617,877,800,184,772,837,360,832,695,756,796,888,808,932,1016,999,696,151,104,96,336,225,660,736,96,664,836,948,727,64,824,888,587,536,1013,692,825,809,1000,766,158,888,28,888,920,888,152,840,792,793,233,697,770,839,799,377,824,1020,824,32,792,880,826,872,836,807,184,829,936,152,744,864,760,247,921,885,864,235,881,788,376,700
967,744,615,714,518,1020,524,996,483,751,45,500,519,436,500,915,12,452,530,498,398,487,487,759,485,519,847,618,740,408,741,475,508,68,34,519,756,8,456,480,599,383,760,451,503,951,992,999,524,736,742,95,263,919,743,598,13,527,244,712,2,487,980,515,629,711,389,352,949,564,119,420,200,941,503,392,516,448,230,471,251,292,501,132,1015,388,231,103,12,476,869,13,234,484,203,711,138,468,486,501,740,612,644,1000,706,568,479,710,188,717,1016,200,452,519,526,263,12,440,229,516,929,1012,484,535,668,204,515,717,200,485,492,709,908,504,52,228,647,584,504,533,6,578,657,541,144,517,650,516,68,760
598,985,574,6,26,422,735,595,858,529,398,489,702,422,742,495,455,951,480,478,526,277,750,830,20,530,537,518,506,527,212,1018,287,734,529,90,726,235,19,17,351,38,1,522,907,538,0,559,767,518,636,411,572,230,11,558,761,286,219,659,778,26,580,716,798,274,209,137,449,858,533,566,91,518,682,363,537,927,82,439,454,516,535,239,798,782,532,890,20,388,22,524,367,743,339,540,71,532,710,211,966,526,652,747,393,339,527,472,519,454,785,150,523,601,850,495,538,522,473,730,979,778,425,430,846,526,523,461,722,523,10,569,1021,518,537,729,567,18,330,778,220,566,767,531,527,1004,734,890,518,537
498,922,402,959,594,412,840,599,720,800,411,290,278,691,403,763,290,410,407,946,595,498,531,651,807,920,431,896,619,672,403,935,929,752,759,295,803,302,576,790,332,766,1007,771,592,666,767,691,400,735,717,659,408,903,675,163,662,256,385,687,672,818,403,722,400,666,659,386,503,915,743,256,646,832,928,730,259,695,795,652,179,922,400,262,794,421,602,423,914,656,114,238,430,544,659,819,661,257,680,1019,693,419,283,403,679,899,856,533,896,979,642,410,47,412,768,672,384,611,815,364,666,640,540,791,435,627,627,747,551,592,291,736,688,413,407,800,995,32,763,987,586,672,360,908,896,428,766,930,812,668
116,652,365,1009,216,243,255,682,212,746,493,138,380,380,222,252,148,755,245,245,720,196,1013,678,249,464,229,815,740,217,885,227,761,682,372,788,628,372,853,873,217,642,174,783,749,84,150,485,1014,18,276,656,214,293,44,490,536,522,84,376,312,511,788,978,649,724,290,21,244,340,236,494,493,245,341,209,500,142,853,327,504,426,373,216,213,151,532,276,500,489,856,87,247,509,300,736,375,1015,648,682,405,44,211,264,749,743,743,245,727,148,597,248,908,885,713,242,200,488,599,489,57,362,215,521,210,249,232,137,372,789,376,255,493,211,367,495,271,241,237,48,215,855,480,488,521,204,350,612,476,485
792,923,749,937,902,121,808,134,768,608,579,920,968,522,1001,788,728,634,612,542,864,1012,521,926,522,123,741,984,617,768,737,608,921,805,520,737,804,891,784,927,920,901,912,638,521,637,836,520,609,897,918,591,551,264,804,984,548,518,312,522,768,980,667,615,895,614,920,216,888,904,516,520,763,920,912,601,760,726,980,598,904,884,792,622,792,874,917,904,216,736,792,545,635,911,296,835,532,904,8,169,992,872,248,774,601,767,1016,1014,1016,632,916,760,536,518,554,984,196,312,768,6,757,249,633,520,452,968,800,788,617,910,280,648,790,1016,632,772,912,216,664,720,575,763,352,512,116,289,631,526,778,990
774,192,772,900,278,816,836,832,1015,251,604,789,967,608,796,824,769,24,374,739,828,536,192,104,518,20,774,0,707,457,899,571,519,121,7,775,27,868,774,776,888,512,88,259,108,904,32,968,352,974,888,900,776,456,696,867,964,104,592,200,775,536,7,773,950,515,791,71,523,929,887,48,699,609,664,648,4,776,891,583,544,904,779,739,792,103,896,823,96,827,774,807,99,103,40,225,771,776,793,777,853,896,832,99,776,769,777,567,56,928,830,696,900,795,964,285,776,22,136,670,107,792,874,634,744,64,900,577,1020,99,820,759,56,896,180,520,148,649,839,808,864,640,20,521,355,615,984,524,225,736
398,764,203,496,564,368,854,368,369,268,326,156,508,209,304,376,462,234,272,307,908,210,488,712,192,372,298,744,376,316,246,200,240,752,202,328,368,563,207,499,304,443,752,226,40,202,638,326,240,396,522,310,496,499,302,910,256,504,210,251,200,305,640,304,272,315,750,590,375,177,752,725,135,304,232,242,316,488,496,760,496,750,272,307,370,296,248,654,712,500,753,206,242,584,456,908,510,1000,369,304,395,120,252,203,510,448,500,206,560,320,49,369,880,240,328,267,499,304,63,334,380,808,334,846,252,512,371,256,368,334,650,248,368,508,241,254,488,816,368,139,208,374,150,304,368,752,328,304,246,502
244,613,450,193,542,286,383,406,326,342,390,270,742,694,631,311,17,336,88,400,278,469,653,666,21,410,362,487,400,497,454,583,633,407,441,658,405,417,262,469,278,337,689,563,134,26,430,0,401,23,90,400,390,596,422,414,378,406,149,414,582,406,337,570,417,645,454,966,336,246,69,350,346,553,407,55,382,93,501,454,93,287,485,413,58,358,646,487,686,405,405,656,21,469,606,629,590,389,634,28,470,150,263,423,914,474,635,444,471,264,22,616,263,471,534,404,390,546,6,698,210,486,44,388,385,442,277,64,448,389,414,334,22,407,325,262,279,577,391,133,481,126,582,494,665,566,443,665,582,405
93,929,1017,144,959,923,230,487,415,992,529,189,423,833,920,689,912,231,408,160,935,920,431,908,449,177,672,940,768,388,375,860,137,220,955,1023,931,928,600,964,160,928,889,545,185,699,957,28,861,404,511,920,313,920,879,865,851,871,1012,24,928,935,675,986,1000,535,993,409,920,193,221,360,440,851,423,992,993,70,866,699,416,504,952,166,924,558,528,487,164,408,357,873,919,870,992,419,1016,931,167,415,864,992,917,1017,980,960,157,446,249,953,559,16,48,216,920,161,631,408,414,912,411,160,540,104,952,935,482,925,504,988,855,890,184,513,401,944,466,970,941,88,952,935,672,935,161,104,955,417,608,928
450,566,33,471,446,778,555,553,61,883,297,210,290,711,563,4,436,498,519,233,759,181,189,243,779,555,340,195,445,145,199,691,233,178,715,765,59,453,835,190,204,161,246,663,755,674,209,437,418,67,340,182,726,970,835,243,454,682,207,5,177,455,179,241,178,458,245,69,193,690,705,195,586,195,469,1010,211,7,368,315,242,977,45,41,13,178,199,331,479,321,690,690,981,213,757,291,182,982,322,179,243,820,467,322,609,121,678,573,979,34,839,734,586,214,150,467,449,242,221,553,454,6,174,457,466,499,450,243,558,177,458,49,434,609,801,178,1015,851,1009,178,180,189,847,51,445,256,827,207,982,49
289,346,466,463,363,90,467,473,493,465,43,107,466,406,359,403,212,342,390,347,303,169,315,466,84,343,466,802,436,340,362,298,879,487,470,81,438,55,443,474,724,474,338,92,477,554,338,86,467,807,52,979,471,184,850,449,435,722,331,458,318,209,282,726,314,228,178,343,356,506,34,490,342,474,470,59,82,315,826,466,466,858,85,343,401,532,338,490,353,475,372,406,484,89,212,465,86,345,550,164,467,183,298,483,492,102,404,297,387,472,218,466,726,315,282,43,471,338,494,425,553,215,98,473,187,356,438,215,361,530,330,468,475,168,826,491,822,295,345,475,402,875,292,491,326,290,338,68,314,475
619,445,686,702,193,886,554,449,850,640,878,368,153,1013,133,280,117,469,633,161,619,697,637,329,126,881,638,430,532,193,888,694,815,219,661,888,513,616,323,825,392,845,828,705,753,525,152,139,856,657,176,423,189,584,656,385,180,233,826,54,810,185,785,521,209,718,694,782,129,724,457,681,825,841,777,181,206,697,717,884,648,136,569,872,658,372,803,719,203,229,142,649,876,158,104,779,9,777,931,176,80,886,137,587,672,665,392,46,395,558,784,140,169,633,657,765,659,180,753,136,81,654,41,648,569,9,274,885,884,681,725,888,193,861,367,524,680,942,113,192,980,216,513,958,94,718,750,393,136,441
993,886,879,220,600,808,578,841,937,347,927,877,611,343,856,811,892,296,815,897,929,913,774,599,238,857,862,334,403,625,566,346,95,929,844,929,1019,601,553,866,775,287,899,912,537,358,898,889,777,520,1009,937,334,1001,776,355,538,100,154,578,844,617,360,736,33,759,845,840,842,592,590,677,891,780,710,322,857,616,937,777,940,802,125,803,347,937,938,841,634,745,761,4,787,877,232,867,890,1002,809,230,914,519,679,888,790,888,860,779,386,775,265,873,934,609,728,865,749,769,812,587,278,935,1000,873,761,423,910,745,770,169,577,518,946,745,273,587,552,105,856,703,94,803,897,995,844,872,867,857,785,352
991,1016,222,295,802,830,632,126,122,538,990,808,610,63,20,232,963,714,1000,988,987,728,474,888,216,992,250,992,536,91,988,1017,221,1018,960,812,160,312,44,28,351,967,830,963,27,28,830,537,986,97,600,540,896,24,962,45,710,916,56,604,804,538,706,953,510,809,42,992,549,696,602,953,18,542,1001,1017,3,776,226,89,29,223,318,934,280,535,631,842,30,232,194,990,991,728,219,424,200,232,632,232,992,117,216,216,994,225,728,31,537,344,710,990,121,728,879,36,40,801,360,153,24,218,1006,234,84,483,577,221,45,668,860,1016,941,809,378,218,720,503,34,120,372,174,796,960,216,40,96,425,916,89
912,838,401,327,352,857,400,580,592,116,900,576,174,832,884,450,352,336,420,324,344,248,353,577,467,312,1015,449,184,408,580,388,404,938,208,785,446,518,607,187,939,464,815,414,464,612,407,623,481,876,400,487,498,184,358,864,323,952,439,516,673,323,531,212,494,807,335,390,784,979,408,401,344,175,336,303,935,271,16,580,326,324,326,923,343,414,875,941,24,321,471,411,855,287,217,308,410,454,339,410,854,336,384,326,936,356,336,415,335,320,320,871,427,199,464,416,592,590,374,406,356,832,291,0,307,443,582,432,414,835,910,408,409,595,169,976,16,336,916,943,384,323,409,367,657,442,775,464,1011,998
481,89,894,566,86,807,377,1014,777,574,479,979,990,1014,1010,986,631,990,829,541,326,249,872,735,1012,298,51,488,995,251,132,574,850,872,781,1018,470,975,1014,575,593,515,222,945,1018,253,991,991,823,499,986,861,1018,1013,234,875,465,561,486,155,569,924,830,872,1010,127,441,482,519,546,599,877,780,626,698,762,153,634,802,505,1012,826,822,825,546,578,843,982,511,634,539,73,1003,995,49,9,863,894,1021,505,873,506,33,502,998,639,825,150,626,116,45,18,11,254,562,568,966,503,893,1020,1022,986,35,105,1010,831,877,630,505,1010,185,894,40,628,1009,630,1011,978,565,1022,886,502,767,250,125,515,702,826,814,227
618,931,10,896,444,624,704,588,807,963,724,75,596,684,680,74,587,252,4,522,906,516,819,940,708,523,389,652,330,514,591,762,302,678,291,587,600,586,524,76,328,472,586,72,72,728,202,306,426,588,972,1020,540,714,988,642,522,396,586,636,606,332,386,310,962,524,972,512,546,460,938,968,600,562,520,538,935,132,572,302,476,941,566,522,691,554,540,591,604,586,562,332,664,6,579,966,838,968,692,652,898,586,306,549,422,520,588,594,584,554,928,311,822,423,328,434,715,546,586,306,3,636,776,154,667,931,552,972,402,390,325,942,728,632,10,588,394,558,650,396,682,914,974,634,524,668,551,267,595,707
965,965,456,885,709,663,965,994,964,1002,195,1012,647,824,707,882,820,856,1012,570,90,709,743,573,738,816,228,242,964,773,822,709,245,228,797,780,292,120,700,449,804,433,885,116,999,1018,980,725,970,1020,1000,628,630,772,362,762,706,484,22,602,772,899,438,210,818,292,938,66,580,829,599,740,756,813,892,954,822,734,982,642,806,548,924,898,1012,712,612,105,415,564,388,133,961,630,997,826,573,1020,326,924,996,581,722,577,788,1012,821,996,552,917,725,604,656,970,404,58,709,44,964,820,306,56,716,1018,317,727,856,787,757,916,709,413,856,828,388,535,372,740,106,309,306,826,810,965,293,516,21,644,790,773
32,81,298,221,685,113,166,147,38,36,403,96,42,23,266,147,38,238,846,86,218,38,41,306,950,257,791,102,19,406,41,49,389,278,808,296,296,38,789,328,891,40,944,147,680,8,102,273,108,32,294,311,162,22,492,17,41,362,940,55,22,107,17,1000,22,22,680,291,145,886,362,486,294,301,424,42,27,360,518,33,6,491,793,234,72,41,942,294,17,216,904,729,172,265,310,46,23,18,6,915,246,279,504,216,289,504,23,936,873,361,273,23,29,503,424,507,235,24,593,402,406,23,55,487,795,890,361,416,232,872,278,70,22,416,238,22,49,545,295,296,170,72,33,280,26,105,568,214,810,876
358,993,290,295,388,420,508,82,486,1016,648,352,984,352,216,488,409,228,97,96,356,773,395,105,73,360,104,216,133,372,168,484,172,393,998,308,81,410,421,166,98,96,26,102,883,231,419,224,137,217,352,550,233,119,800,867,192,152,1016,472,392,967,996,396,504,192,804,88,100,316,223,996,260,86,222,372,420,352,900,184,166,461,304,89,135,359,195,802,998,228,363,344,227,69,356,289,676,424,408,354,392,296,251,198,232,356,1014,409,152,361,1015,489,219,230,134,387,299,342,648,804,139,252,154,392,667,384,950,40,379,356,233,411,64,998,490,297,480,10,852,396,64,360,155,4,80,64,265,335,987,397
408,861,315,793,408,992,860,88,801,273,989,416,520,848,826,861,410,237,794,155,1010,409,602,132,858,146,403,154,287,353,138,845,362,817,798,992,158,285,772,284,132,268,157,146,826,331,160,287,94,351,858,114,364,850,269,860,348,158,826,794,786,1021,173,850,330,792,426,444,845,794,130,859,173,158,673,898,873,658,946,416,590,930,850,594,381,879,419,930,846,930,921,986,274,304,858,792,447,413,370,394,787,331,411,158,846,856,89,858,968,350,850,286,337,154,925,157,818,145,849,938,818,109,158,252,78,930,174,818,128,347,310,246,920,542,155,860,925,872,162,98,146,269,157,412,797,160,162,867,402,160
239,1015,1009,105,217,727,512,8,905,1004,769,124,1012,873,44,5,877,244,243,731,996,999,801,1019,545,871,89,733,999,801,521,355,1006,751,871,782,488,135,832,1001,109,1001,992,955,255,15,1009,988,212,576,621,319,817,33,45,1023,97,988,1000,750,622,237,1002,488,808,30,1007,622,62,147,620,1020,735,1022,41,963,1016,814,974,993,990,1004,1001,1000,33,943,129,248,33,608,371,617,544,1023,1022,695,83,913,951,1015,47,1015,1001,1004,8,159,776,993,567,991,42,1017,989,1015,665,917,481,809,87,311,1020,992,734,808,105,24,48,191,809,107,1004,639,617,1003,600,831,894,536,316,608,521,1023,913,751,729,1007,245,9,867,281
194,835,883,965,541,354,915,421,191,166,739,183,189,437,271,69,871,235,165,681,533,363,771,439,162,235,338,157,855,757,439,245,182,429,835,425,942,269,587,701,267,501,879,901,835,299,346,852,617,30,1020,125,613,587,813,867,263,233,911,172,885,183,941,943,423,437,423,631,839,859,213,707,841,219,877,183,851,965,327,606,266,371,173,373,259,712,757,595,423,934,183,283,436,853,210,869,687,327,701,301,441,215,837,845,855,803,557,871,297,581,755,245,322,663,869,948,419,267,709,609,482,841,277,931,185,128,614,447,425,621,963,629,195,373,245,174,200,775,183,199,166,747,869,489,629,253,447,357,589,486
68,72,193,215,853,346,213,945,46,196,710,791,231,951,305,208,70,459,974,218,85,176,70,459,80,971,214,64,167,86,182,168,250,982,117,205,244,791,22,48,970,460,942,454,343,710,379,64,118,113,183,180,249,710,984,231,887,214,167,200,183,862,124,188,214,166,240,198,110,122,454,142,893,166,836,214,164,327,166,358,684,182,199,490,182,71,460,597,234,860,374,842,206,174,176,120,342,86,166,87,216,906,229,350,171,198,324,230,106,214,198,53,16,854,207,230,13,423,192,21,200,214,185,373,150,71,255,72,310,230,23,950,185,343,70,185,943,230,167,368,310,759,342,64,680,204,286,367,77,230
884,806,885,583,920,166,952,775,198,886,295,230,167,960,58,910,1018,1006,838,966,550,792,894,566,152,806,928,708,824,824,952,830,518,126,807,985,935,950,576,40,358,950,886,951,870,983,918,935,870,952,934,816,886,160,298,830,518,806,822,832,958,232,230,822,897,166,56,160,870,992,701,614,61,794,598,937,864,806,864,38,934,102,662,806,712,698,714,1002,934,840,446,163,315,302,566,254,836,960,890,664,857,544,728,951,811,966,205,100,955,791,870,986,935,950,935,917,678,922,805,990,920,877,869,998,793,886,56,662,950,64,548,742,1014,839,790,838,686,822,821,932,544,310,797,886,950,958,830,167,934,986
433,172,150,368,108,416,354,524,875,788,412,272,495,275,876,436,258,268,144,140,668,28,268,23,208,284,368,380,748,276,524,876,276,512,20,656,282,142,356,175,404,450,272,655,660,274,188,23,488,640,273,604,276,397,224,581,148,23,751,684,181,515,288,266,276,432,348,772,148,268,372,279,274,304,590,270,364,387,407,368,262,604,394,563,492,580,142,1015,844,724,846,704,316,236,650,652,168,139,108,780,786,284,178,885,276,272,180,754,748,1003,914,860,368,314,704,268,372,588,676,274,284,276,26,279,596,176,810,268,402,140,652,402,604,500,548,436,404,556,564,528,284,396,592,816,143,719,272,380,364,396
469,155,235,169,372,996,241,107,203,152,907,107,907,271,103,491,923,69,235,221,103,483,113,4,155,359,375,995,67,139,183,107,488,137,69,244,927,101,180,428,104,932,775,805,96,235,103,463,821,180,395,73,136,923,503,100,235,485,157,235,955,171,236,235,427,173,165,139,235,943,227,772,979,99,108,365,163,356,232,253,128,237,181,395,932,157,219,199,208,235,171,108,357,203,927,531,69,275,67,363,181,232,491,325,63,173,937,460,843,111,247,219,231,180,5,485,489,101,165,235,91,387,155,484,507,229,420,163,907,1003,151,196,212,491,304,429,111,491,1009,363,181,29,133,741,740,603,111,160,308,171
308,211,322,203,193,195,317,347,226,219,968,72,655,179,251,331,332,200,784,578,4,309,948,651,660,392,296,467,331,308,161,325,850,295,741,584,290,499,299,587,682,328,327,683,672,816,187,660,151,720,458,179,720,705,971,195,499,683,660,676,683,388,307,331,712,338,683,642,489,468,389,260,34,186,527,327,123,191,597,740,79,804,184,67,960,339,196,819,296,200,177,267,351,971,192,75,723,82,735,203,67,348,647,143,334,240,287,699,800,692,227,434,488,466,715,75,341,235,75,727,276,267,544,309,715,467,901,496,450,79,405,644,331,392,309,334,331,84,500,693,451,48,200,580,79,323,324,72,458,69
335,63,846,316,772,76,791,958,471,335,681,676,108,6,319,320,680,936,47,951,702,870,428,287,692,324,855,416,78,655,28,807,847,76,447,803,941,567,323,684,397,814,332,438,94,958,940,444,959,444,710,320,44,436,136,360,182,422,75,56,425,610,103,348,54,332,424,943,380,56,66,375,66,440,44,394,66,552,43,446,306,40,644,822,343,675,440,79,942,424,703,67,692,295,300,191,323,808,399,431,299,933,74,472,172,471,878,307,420,300,367,952,1006,380,40,380,447,854,847,510,675,79,928,44,16,415,60,479,430,696,418,430,319,334,382,364,332,446,959,438,672,87,324,319,956,834,918,412,420,936
859,340,900,1010,210,798,1010,593,698,542,800,830,850,826,574,569,888,571,607,852,816,832,728,222,94,251,698,344,735,496,192,536,618,1016,813,858,687,361,452,810,992,812,800,818,834,570,36,88,802,254,674,24,546,574,810,578,880,809,941,602,802,570,286,865,869,826,1006,608,980,817,848,956,344,82,724,570,602,544,62,714,962,848,825,805,976,634,701,46,212,768,338,812,882,802,992,602,808,804,882,816,850,852,834,850,546,863,808,878,936,861,82,799,995,830,44,848,480,964,986,818,894,827,814,570,804,976,112,962,784,705,594,992,731,802,980,1023,828,564,833,850,1016,990,930,450,804,929,829,851,868,537
582,808,528,998,962,968,788,543,480,721,542,486,958,222,552,1006,540,994,966,469,546,742,750,556,297,736,992,924,296,992,555,568,1021,534,750,568,992,680,824,540,478,800,870,678,534,545,552,548,524,552,674,536,1022,544,830,709,556,736,800,598,930,798,546,545,990,712,734,294,524,997,518,542,30,550,558,422,934,942,744,614,598,528,982,736,680,237,534,1006,750,993,754,550,802,542,518,320,928,722,636,536,974,544,998,748,544,274,66,935,742,98,274,974,962,574,598,912,726,680,494,480,542,801,540,577,990,209,966,942,980,990,806,572,670,544,582,806,552,536,504,542,735,921,422,544,998,734,290,558,734,489
914,538,46,466,166,1006,162,95,828,990,923,803,574,788,706,935,418,564,209,538,36,814,748,162,988,786,124,546,988,160,92,1004,307,966,220,702,962,93,210,897,867,925,350,676,450,70,802,420,990,547,186,1004,610,332,34,373,956,734,220,460,610,162,929,534,190,358,697,935,919,237,605,989,218,572,674,238,802,474,952,162,764,986,467,495,986,98,963,924,954,220,546,978,226,946,930,92,417,888,168,209,428,162,990,810,930,946,546,810,476,922,318,181,830,678,220,934,1004,354,932,558,981,930,548,962,948,828,158,426,962,99,222,160,173,990,810,476,970,926,186,828,232,990,154,196,286,926,956,930,700,931
152,589,865,874,792,14,577,627,173,890,139,490,538,365,146,982,658,654,870,142,373,494,774,795,431,134,655,458,434,398,142,395,143,94,429,155,138,570,158,106,770,193,523,14,591,422,4,842,234,175,394,426,427,386,598,634,10,536,184,358,128,416,867,586,136,390,107,175,644,594,785,107,398,415,26,656,134,37,219,138,152,619,286,446,480,162,494,152,522,402,234,648,172,138,255,423,606,653,213,650,394,10,869,246,558,79,400,654,171,714,26,42,654,512,138,74,30,374,891,149,778,141,135,904,505,153,604,46,391,770,154,26,576,14,661,794,136,152,746,606,901,138,522,15,181,704,648,27,327,6
820,897,895,678,510,609,446,249,131,892,894,986,381,871,369,381,287,252,238,541,924,1021,714,248,385,893,120,240,65,444,14,496,321,387,840,205,413,880,327,223,253,566,833,385,249,956,909,958,382,641,1006,253,686,783,358,12,288,944,992,745,353,124,566,69,510,1009,510,945,120,133,377,881,401,385,508,125,641,415,433,1012,737,481,485,510,741,836,67,332,812,102,220,843,322,156,316,75,820,152,813,383,358,283,846,359,893,995,2,573,448,925,815,1009,371,355,510,1,1,893,7,797,871,888,383,828,830,385,504,358,502,206,382,113,996,893,131,229,972,897,249,508,123,385,222,385,113,356,800,391,496,798
380,316,134,608,654,262,776,322,252,578,531,828,651,45,134,613,378,546,194,258,656,147,204,128,908,723,771,512,170,235,653,623,571,611,525,877,546,173,732,893,316,396,770,0,528,574,450,866,233,915,962,686,760,642,258,770,653,748,650,172,616,906,652,416,403,358,572,697,445,900,14,202,196,757,788,854,552,898,964,662,134,514,619,576,91,828,731,638,940,748,419,130,907,778,716,272,514,411,268,273,530,36,256,396,529,652,556,316,476,168,656,271,523,316,618,582,387,387,736,150,259,431,398,84,640,650,269,354,770,762,813,390,635,137,185,556,770,393,524,448,674,616,121,641,779,594,653,560,780,167
498,696,946,712,333,453,948,58,306,970,854,816,922,294,726,941,791,678,655,296,914,938,40,946,872,601,430,370,458,470,301,456,434,40,206,682,711,146,298,698,973,815,466,342,690,663,982,813,973,44,14,941,714,950,831,646,726,975,328,323,47,341,438,586,141,296,810,914,640,304,462,2,711,669,14,373,966,440,461,86,642,944,974,433,950,314,684,973,846,845,410,695,386,766,938,334,811,168,982,56,143,782,720,492,947,270,718,435,320,982,718,714,461,334,674,654,939,971,695,930,662,662,582,498,942,754,589,472,663,662,824,86,390,434,424,685,936,22,724,911,936,855,694,696,463,947,936,661,410,242
51,154,278,722,274,506,725,287,743,61,967,554,201,42,723,278,650,32,186,278,805,170,135,658,86,40,198,663,34,277,821,38,42,680,736,681,150,739,18,746,937,72,530,326,680,242,775,178,162,534,267,722,647,663,929,714,398,102,459,168,406,779,551,86,56,38,42,167,827,38,86,544,23,278,746,562,298,890,339,746,555,465,594,691,648,160,240,583,150,790,34,70,946,234,773,163,330,933,735,518,666,904,40,39,679,331,664,746,54,234,680,115,714,84,523,787,263,56,1010,171,535,27,645,342,744,672,760,40,808,331,233,552,42,235,594,743,275,718,199,775,620,60,679,87,42,25,467,42,126,554
469,982,358,409,118,502,149,690,310,236,341,229,245,944,246,887,374,839,222,238,401,398,241,110,297,298,464,885,406,405,58,377,598,242,213,342,342,5,376,246,702,230,125,214,186,917,872,455,373,341,630,297,680,694,174,149,182,746,314,565,890,854,357,358,345,117,885,567,254,849,277,330,853,374,335,614,358,246,105,84,175,358,134,313,342,117,174,190,225,246,106,964,565,940,278,22,873,374,343,358,345,885,185,246,761,151,298,353,886,245,367,273,625,502,342,136,438,885,336,342,888,646,613,375,509,241,117,877,341,618,483,919,694,214,167,168,854,406,247,106,360,405,366,825,126,357,362,111,374,871
1004,129,897,188,271,196,240,192,194,242,231,815,239,59,141,879,200,144,23,140,397,141,91,236,236,848,177,780,205,300,365,783,117,15,892,365,651,126,516,805,143,130,941,183,781,213,268,231,143,144,367,205,69,903,333,143,80,196,879,911,77,129,383,877,885,892,177,143,208,65,939,241,129,301,241,892,141,215,949,125,833,641,208,205,15,128,208,896,147,241,148,881,171,112,871,196,781,279,363,941,781,183,172,274,181,47,141,257,133,31,167,652,137,15,917,687,101,780,365,269,172,143,909,655,243,140,141,701,909,141,655,894,770,372,367,885,173,241,254,191,151,341,129,381,148,79,143,877,132,384
54,94,61,183,258,49,967,905,569,849,105,409,413,9,9,486,346,97,10,89,494,22,89,441,927,873,101,211,873,861,517,62,858,921,414,89,94,89,29,73,65,933,65,21,665,697,106,1018,609,614,258,401,585,606,993,85,847,391,414,231,73,256,856,838,869,578,866,65,601,70,902,969,879,39,354,73,623,161,609,96,9,365,389,897,481,386,414,984,903,865,357,70,24,70,959,65,89,287,88,453,158,69,581,118,834,110,393,382,22,153,985,31,921,513,105,441,586,105,90,896,625,997,77,309,5,585,920,102,9,384,385,430,415,313,409,25,390,57,105,858,14,489,73,165,958,357,25,29,393,89
681,106,345,309,390,623,222,673,197,313,952,218,345,58,329,232,303,654,330,469,142,398,730,810,276,90,856,313,474,345,361,479,344,351,21,993,715,321,806,843,218,89,57,353,597,218,473,42,672,347,617,398,469,296,863,337,319,375,233,801,209,41,858,42,602,329,574,361,151,809,213,297,986,289,223,793,309,456,858,353,305,665,218,346,217,289,334,214,473,306,469,320,298,674,346,234,505,345,454,105,229,826,739,88,730,154,362,40,193,345,217,473,346,542,830,297,889,798,398,220,330,801,159,313,221,167,927,346,369,348,358,238,320,326,474,466,731,648,198,814,217,855,362,569,730,217,196,469,451,312
883,564,564,1000,843,819,531,837,479,114,531,610,393,75,516,969,811,960,531,20,564,629,565,468,1011,564,629,462,565,392,1002,885,992,529,112,618,594,392,845,629,612,391,626,976,964,119,1003,132,824,631,821,1011,901,400,1010,268,916,69,974,972,964,588,337,885,560,1002,1004,596,916,324,1013,904,789,20,983,963,745,516,569,979,628,963,960,54,969,1003,1005,629,971,1003,543,560,627,965,571,139,628,920,905,73,567,151,108,396,396,405,995,308,128,196,627,635,964,468,906,307,883,301,476,245,116,328,626,916,964,372,524,899,499,388,115,853,152,393,188,629,453,115,584,841,96,819,567,371,961,973,901,426,827,979
208,956,978,424,254,583,710,498,416,504,446,816,216,264,318,447,312,796,319,263,504,444,398,250,286,262,424,246,536,828,628,512,1020,264,128,142,824,918,856,478,116,7,944,510,568,806,1017,770,440,160,227,212,835,472,263,552,384,836,507,362,771,798,504,575,824,440,462,263,382,538,318,256,160,222,530,504,214,936,56,507,472,838,159,504,212,968,6,8,148,807,308,152,782,30,808,544,926,534,440,206,308,918,952,950,288,214,207,830,214,152,480,520,314,504,546,990,104,478,56,568,312,896,523,950,518,184,478,350,454,803,160,214,952,70,522,808,472,342,56,736,494,504,246,550,806,438,327,810,247,223
12,460,719,875,140,883,863,914,301,320,931,883,852,351,626,415,860,974,339,880,205,509,595,912,851,840,200,803,338,304,460,300,901,908,960,332,994,174,839,350,336,684,722,416,960,340,411,143,336,324,460,336,237,307,335,412,370,562,840,860,339,208,850,909,172,207,852,382,60,316,304,404,192,850,214,200,226,44,368,632,348,851,972,717,819,832,878,180,84,816,855,175,971,658,210,339,212,348,207,174,771,143,374,206,487,456,340,338,496,140,594,370,787,243,856,547,210,239,204,182,564,892,339,848,239,848,171,914,342,306,304,819,396,467,76,550,463,820,690,404,861,787,840,82,80,215,348,908,332,463
265,362,154,547,243,363,823,876,363,36,747,287,296,214,827,979,824,88,275,192,887,211,215,848,155,852,275,349,1011,343,239,315,864,844,844,211,259,871,730,160,475,351,920,815,231,331,342,411,223,323,827,843,955,145,147,219,291,876,873,303,219,173,343,351,259,247,367,172,979,183,303,298,855,266,408,87,215,299,319,203,312,371,855,175,583,296,855,845,151,407,936,855,916,367,467,163,219,238,271,85,218,345,307,347,931,298,673,43,259,363,75,983,406,347,147,411,366,251,292,163,152,181,299,791,806,979,337,920,307,151,731,743,979,168,875,171,359,491,336,219,307,604,304,599,731,280,168,664,11,363
454,552,240,70,960,480,568,7,1015,511,262,1008,36,639,448,257,983,38,544,80,308,441,25,480,996,522,57,86,260,839,297,689,512,265,500,88,253,88,159,520,880,500,896,294,500,280,452,80,392,124,440,635,950,960,455,384,307,473,580,476,152,832,525,600,1020,267,950,304,574,896,507,569,544,776,763,304,472,544,470,760,736,480,992,427,376,908,316,566,750,1019,472,304,323,480,484,1008,280,896,486,695,968,425,504,985,956,512,960,1016,547,511,642,551,612,859,488,928,987,55,1019,6,192,712,191,820,568,433,32,774,313,968,484,596,486,504,436,988,256,521,512,1014,511,408,830,502,75,498,552,294,511,496
533,77,349,257,109,297,174,430,291,429,398,500,347,197,343,685,427,97,125,241,308,700,758,456,431,429,301,181,358,435,77,620,684,259,173,349,333,309,746,430,360,873,438,173,358,685,14,269,99,428,181,333,347,354,758,585,301,621,855,428,228,686,334,685,393,486,99,525,386,585,217,94,374,397,675,373,438,201,367,397,693,418,237,461,335,613,429,181,601,418,181,614,291,237,326,438,182,703,763,629,685,748,334,604,343,163,381,179,713,358,268,371,425,335,397,169,509,329,685,366,409,173,301,422,341,237,428,463,54,181,181,309,301,173,366,182,181,685,430,621,365,333,427,333,318,502,685,417,197,429
280,26,479,731,547,226,732,498,547,411,547,787,602,223,868,487,543,920,849,546,531,798,482,536,514,516,582,434,339,540,530,515,531,726,814,572,953,724,451,577,111,467,539,794,709,339,702,898,238,850,535,389,514,820,518,83,412,513,531,195,543,225,443,575,771,579,443,174,418,531,547,253,539,238,514,223,819,208,532,27,37,573,835,443,147,494,546,456,195,665,706,226,531,464,770,923,897,818,451,611,531,212,444,709,178,579,208,576,556,531,195,675,451,450,707,273,915,611,689,19,579,731,540,468,527,518,561,452,285,780,883,827,512,513,924,262,515,764,220,464,580,676,771,450,783,767,979,3,706,795
743,641,575,867,655,671,766,185,638,1006,285,255,573,189,143,591,671,767,921,279,303,767,313,81,1023,767,607,701,222,263,63,653,579,520,657,541,369,652,307,253,525,1023,335,280,543,337,767,689,575,654,205,563,525,333,573,390,652,509,690,517,893,767,767,527,304,253,51,638,520,615,767,755,15,575,271,657,7,625,767,1023,257,1022,679,751,253,985,527,79,697,286,903,271,323,947,745,63,785,334,95,591,365,257,143,729,523,957,649,691,253,689,766,767,526,528,591,573,765,702,691,191,573,497,674,527,633,899,262,255,305,285,757,613,539,717,243,140,622,679,3,566,993,761,1021,15,309,95,572,543,543,545
295,135,15,846,863,353,139,177,473,577,71,190,241,863,903,879,833,451,838,113,231,841,839,65,887,527,33,895,137,73,881,97,79,89,153,857,383,417,846,143,847,833,418,839,119,95,65,89,895,619,71,206,577,89,137,655,71,127,473,671,103,521,65,881,887,179,122,210,651,515,134,102,889,905,935,1,111,5,65,3,860,654,64,95,381,865,476,65,199,111,57,129,258,641,846,903,243,353,111,31,17,830,838,323,159,159,835,71,493,113,145,159,321,329,909,73,247,94,903,327,145,65,70,65,102,175,136,865,167,121,129,31,128,287,159,15,71,481,175,486,651,177,127,131,103,15,133,39,707,11
191,890,891,372,154,22,259,844,747,842,452,891,379,135,132,847,4,667,790,123,870,763,372,282,838,383,452,446,895,989,332,894,176,155,374,212,890,262,443,374,298,892,1019,453,135,326,313,796,863,382,371,772,964,610,447,218,331,763,300,383,22,379,835,118,126,331,842,855,154,2,4,903,730,92,323,120,187,762,92,868,858,324,893,127,772,347,819,838,819,894,282,508,254,988,80,380,133,132,260,260,23,347,939,324,135,895,842,283,202,511,132,179,378,116,251,892,92,155,967,157,892,836,148,26,772,452,202,356,796,153,148,91,860,92,155,868,868,353,92,26,986,92,790,847,894,91,263,67,788,359
146,666,92,733,621,152,606,88,332,620,354,369,92,416,378,48,474,83,592,338,444,120,380,972,80,400,82,417,673,224,122,437,544,114,242,332,418,36,441,368,676,96,82,432,34,208,624,11,607,44,586,592,92,350,396,684,76,421,898,382,380,991,397,584,641,476,904,720,634,598,352,316,399,380,92,383,60,304,442,653,50,92,319,638,52,112,368,688,427,1016,445,416,120,80,418,477,418,428,240,546,432,444,392,848,113,562,240,138,348,92,306,426,432,298,426,636,242,380,546,860,416,436,541,54,50,416,608,434,426,610,346,342,436,434,265,394,50,388,298,332,124,860,92,82,83,765,564,349,637,560
559,677,370,657,657,977,541,731,273,663,279,205,396,465,86,337,705,13,983,887,943,929,714,189,1005,377,294,263,209,83,529,465,270,527,23,371,247,977,697,407,998,753,6,50,647,137,301,279,209,718,342,197,862,174,209,226,273,968,157,210,657,849,734,1015,642,298,337,255,61,143,659,1006,465,465,151,983,100,33,337,339,727,585,844,942,713,721,302,207,209,765,495,25,513,18,974,657,809,307,129,472,214,279,942,335,207,657,673,689,263,450,140,215,206,284,752,273,814,294,202,526,34,151,521,481,801,526,223,973,978,241,961,993,17,477,979,257,270,302,657,526,274,46,530,983,205,215,337,979,23,209
768,342,692,765,645,898,1009,757,258,519,605,158,540,469,832,692,580,580,837,765,760,658,265,766,966,605,637,900,1021,764,589,520,516,750,620,540,728,532,748,728,766,140,602,929,564,765,180,733,766,572,766,450,948,603,541,754,764,900,573,693,574,636,725,540,950,572,766,760,636,589,760,461,766,598,518,876,625,745,724,541,837,540,859,580,681,30,184,390,740,891,362,861,618,315,341,510,953,724,957,461,969,269,542,861,892,540,632,766,527,733,478,852,718,712,748,348,701,828,530,516,661,636,573,349,764,540,532,747,988,606,460,545,715,989,452,619,537,710,552,180,50,761,532,752,604,940,732,730,636,844
104,914,634,428,228,656,415,537,912,490,684,298,604,612,530,431,408,541,638,636,616,684,397,636,729,914,666,786,402,396,794,413,787,826,592,634,803,280,638,576,415,677,402,376,912,396,736,253,972,420,378,670,600,632,400,127,658,762,642,421,740,621,528,632,765,825,642,576,426,26,775,384,415,658,989,541,684,685,425,912,745,676,530,414,628,473,891,623,786,401,984,794,412,936,784,600,634,671,152,936,920,902,360,376,682,410,576,740,422,655,477,631,927,429,31,762,397,504,912,172,616,413,542,282,594,392,749,400,477,389,796,722,493,320,490,237,402,273,633,915,732,636,402,485,656,717,475,403,400,856
994,346,918,923,379,361,937,349,863,36,914,735,125,373,234,883,375,847,415,301,349,867,344,307,5,78,746,495,159,749,349,659,994,957,159,851,805,1007,402,155,854,151,346,172,219,876,874,944,479,815,863,623,461,336,367,95,870,346,807,983,879,478,91,862,366,131,1011,863,357,35,859,1005,861,218,876,861,910,664,150,152,135,807,31,101,5,1007,979,1023,968,109,751,159,812,358,95,482,357,1000,5,879,214,863,848,125,912,365,95,456,21,1006,95,285,918,102,995,866,979,31,261,866,978,111,811,847,371,959,147,851,855,873,483,1023,151,383,862,111,828,100,90,346,807,871,919,1007,261,351,862,494,344,351
548,705,878,726,311,1,25,0,606,26,310,373,468,778,153,22,86,258,985,154,594,38,601,722,530,985,896,161,982,66,961,987,537,809,726,793,972,553,794,722,854,718,34,990,744,602,844,796,842,193,930,858,985,730,865,603,858,62,961,962,982,566,1006,518,1001,986,542,297,33,598,854,854,990,190,470,282,587,545,981,571,86,674,526,982,854,891,985,278,9,598,921,62,718,862,710,806,795,757,566,772,570,30,762,17,790,17,57,473,894,544,37,985,553,597,956,729,790,986,314,790,666,34,26,732,746,937,726,310,16,178,982,214,28,984,934,46,534,849,978,538,810,97,983,971,768,558,65,892,785,27
708,100,228,316,232,704,700,580,516,895,1020,836,927,316,964,576,492,263,259,388,736,504,604,444,458,765,279,332,388,204,476,267,236,908,332,195,764,768,444,186,447,476,540,748,828,768,923,161,282,348,268,572,170,368,316,736,316,972,485,480,266,316,252,655,207,184,481,744,612,709,442,249,613,508,156,156,320,581,719,415,508,260,740,359,740,934,205,272,772,408,496,489,171,912,671,736,321,412,508,516,192,833,868,575,580,220,399,448,296,704,416,391,831,225,484,541,416,732,184,448,732,319,444,198,447,316,316,708,440,263,236,249,738,191,154,396,543,260,708,504,103,190,204,207,716,452,507,224,252,384
504,998,913,824,1018,998,994,970,618,239,302,1010,805,234,798,1021,1006,77,1016,493,238,110,366,543,1018,773,552,756,1019,254,710,40,982,632,623,937,170,1018,786,536,7,942,1000,713,970,764,906,1006,145,585,550,638,942,1002,999,489,725,910,929,1018,622,818,914,962,1016,1023,1010,942,1006,958,622,1022,568,933,629,957,782,273,63,938,968,536,944,1007,206,1023,489,656,998,914,810,595,1017,819,938,637,942,926,782,920,490,741,998,974,906,710,461,557,912,952,1002,950,718,878,999,463,911,973,938,510,528,814,982,614,558,170,486,1006,942,560,936,638,938,240,1002,494,981,78,944,998,709,197,486,1000,105,1010,230,1006,504,310
493,723,210,887,753,211,765,677,423,513,509,816,547,879,893,561,465,501,567,505,737,657,638,739,539,815,1009,608,921,377,515,284,565,628,849,675,563,523,753,549,935,467,663,610,520,567,651,802,536,815,713,573,818,581,706,823,629,277,514,567,527,823,591,423,737,754,400,583,695,559,560,565,521,939,528,729,591,677,915,759,979,433,643,672,997,950,530,436,674,563,305,298,713,545,561,279,401,947,355,497,1009,369,547,523,401,695,643,469,763,473,547,581,659,930,994,565,562,757,545,867,531,611,727,371,931,1013,939,753,521,291,699,118,545,401,657,514,775,567,299,925,369,755,743,531,627,815,941,274,669,697
777,140,118,613,14,312,142,845,912,729,969,124,441,321,205,249,839,265,118,93,401,841,460,617,589,77,167,79,266,426,82,99,841,216,431,584,591,885,983,629,15,697,439,119,842,614,846,177,73,745,175,405,847,583,333,591,407,845,397,169,119,189,713,393,597,725,815,71,920,71,629,335,889,630,597,717,253,623,581,590,209,629,717,685,77,327,72,265,204,407,753,764,245,798,595,67,175,77,137,133,904,9,581,386,620,269,421,342,111,511,597,265,197,386,121,399,593,79,613,112,185,585,8,521,843,709,15,117,549,74,844,415,591,13,745,327,871,911,157,846,456,177,12,413,431,585,454,71,326,135
1007,1021,533,483,233,618,981,529,480,529,981,233,243,1009,214,1016,247,529,501,453,1000,1013,1009,233,1000,234,489,625,101,914,789,1015,1009,630,814,933,494,825,750,821,922,1017,464,503,1004,1009,1009,904,1013,149,483,427,5,215,1009,629,1002,810,610,466,579,146,1011,1013,593,533,1022,693,496,913,273,1003,489,626,533,215,527,489,627,917,521,497,449,714,1007,529,1008,1009,1002,313,521,298,962,623,537,483,1015,617,491,954,503,395,535,555,393,806,1017,759,919,506,745,529,1017,498,962,629,491,617,553,826,1008,623,938,629,569,819,299,1009,624,1011,595,534,273,1017,599,625,978,414,961,1017,241,609,97,1015,494,1011,627,513,511,626
991,285,563,735,407,885,73,611,342,583,841,76,461,961,512,343,31,257,512,351,44,467,67,269,511,991,594,812,588,616,556,69,585,717,1013,850,525,975,286,45,371,756,759,476,604,720,77,707,449,848,286,589,261,584,991,844,93,407,329,594,720,577,285,705,544,544,643,596,735,979,960,895,591,725,624,1014,577,975,371,323,631,9,783,991,589,543,988,735,79,1020,961,287,244,565,684,39,991,765,988,1020,756,265,25,375,880,350,719,445,963,949,283,553,791,588,329,548,1011,781,906,599,719,735,887,1013,323,663,712,883,807,445,847,40,461,79,930,832,973,77,631,520,607,977,591,325,320,566,589,479,983,509
584,394,10,501,985,338,475,460,325,558,330,458,10,593,365,201,43,388,138,402,52,556,502,454,458,629,308,507,53,74,465,373,442,56,136,570,584,400,264,304,49,712,444,472,261,370,334,458,614,498,330,330,843,589,502,718,83,436,346,523,378,433,110,880,331,465,512,316,492,553,78,80,441,468,1019,396,383,56,334,378,74,293,264,274,460,470,906,814,311,370,268,474,338,1017,330,393,186,520,851,970,456,427,82,458,458,12,265,328,586,442,538,266,554,506,389,275,500,501,459,522,73,890,402,266,337,458,12,501,522,1009,582,14,507,456,377,122,428,556,458,618,880,1010,393,266,266,443,501,650,346,1020
252,13,927,924,375,631,907,229,571,975,1015,460,156,15,716,1016,11,971,139,251,1016,230,1004,384,248,252,1018,1020,932,1016,48,248,244,1011,12,59,248,506,506,534,246,636,892,1012,1012,900,588,572,15,252,251,370,820,49,250,826,43,63,155,240,1014,254,780,8,79,495,36,50,651,240,56,385,916,1009,956,315,252,12,152,116,609,108,909,0,13,60,996,907,0,508,251,159,500,503,525,780,100,992,61,1014,509,248,508,780,235,484,200,12,139,60,16,408,396,995,1021,373,1016,252,404,995,508,1022,898,1002,144,129,251,188,13,10,13,20,12,1010,124,352,60,636,12,141,320,507,1013,508,8,520,1016,500,362,252
503,730,791,216,732,658,661,423,232,648,789,408,659,340,732,751,402,752,472,876,208,772,798,152,222,662,659,21,798,897,1004,876,537,744,835,506,744,515,744,535,243,220,796,255,217,194,590,720,219,787,872,732,210,716,287,766,554,1015,236,788,663,671,291,214,251,674,668,224,786,487,223,515,693,671,554,714,728,751,759,749,730,224,158,214,675,663,540,400,239,556,724,655,757,531,211,670,223,750,658,659,262,767,242,999,724,668,670,149,744,668,735,656,644,222,568,725,867,680,831,790,659,722,752,770,730,663,739,536,642,771,745,656,662,866,768,858,744,727,746,216,18,790,144,724,764,791,156,775,636,680
128,186,747,299,136,680,128,812,840,864,806,950,138,678,283,619,152,666,248,155,157,176,138,234,283,916,802,578,666,284,664,210,655,760,812,797,227,472,216,356,326,242,154,890,914,941,608,154,667,156,580,924,655,792,338,795,600,493,668,893,671,604,11,400,669,67,786,835,168,111,642,755,794,77,168,187,872,243,606,664,360,679,103,667,155,560,31,581,776,660,155,875,637,590,311,680,538,248,85,152,879,794,659,148,896,104,736,845,170,42,146,664,799,47,794,28,214,799,819,275,656,218,155,29,554,251,554,784,147,199,157,275,645,896,835,280,557,737,301,427,158,669,186,682,659,835,607,667,674,778
707,131,715,135,119,519,257,182,683,821,850,384,703,450,162,639,445,119,199,511,30,837,160,163,419,1,255,303,806,507,597,870,707,704,455,418,684,766,416,963,752,652,163,674,130,413,419,179,130,674,384,198,164,174,242,594,162,843,494,206,704,295,710,595,640,159,712,370,291,496,706,651,680,448,767,643,730,603,607,643,474,192,578,883,160,63,776,143,661,133,731,152,416,387,639,626,706,856,735,330,131,245,316,128,336,706,131,399,162,638,599,163,702,707,504,162,631,50,115,347,248,192,735,290,720,78,130,275,965,58,16,723,211,163,557,734,118,431,259,886,648,72,194,264,95,192,720,807,707,812
553,882,139,304,314,565,809,522,880,706,207,271,310,265,225,216,458,559,22,400,906,438,272,657,646,526,398,273,489,304,142,713,363,442,142,436,342,631,202,137,640,645,138,165,522,694,777,718,234,401,369,409,710,660,48,625,112,62,382,329,257,136,561,270,457,720,368,641,523,689,138,9,145,121,26,524,399,193,881,82,53,393,473,651,454,309,460,113,390,395,318,207,657,394,310,620,430,137,265,106,49,335,274,207,600,52,395,951,425,16,642,405,184,362,393,353,304,457,374,330,276,561,127,98,654,266,133,360,392,395,315,17,825,782,493,139,561,121,16,401,118,443,141,265,104,153,361,201,136,72
650,172,493,626,682,336,748,675,693,621,687,682,822,756,492,877,674,172,717,913,522,532,738,877,812,791,717,461,796,813,690,170,564,688,500,813,747,745,940,626,826,877,412,750,844,684,652,586,692,672,674,428,629,525,476,685,154,685,876,462,653,620,812,26,821,621,1004,638,821,706,947,735,307,682,716,353,780,748,845,800,118,557,732,418,938,666,684,692,348,690,673,684,685,646,682,865,926,739,354,546,141,304,618,933,682,682,675,846,685,140,372,681,561,667,561,686,786,682,554,668,603,705,687,685,733,652,874,794,682,474,716,658,717,609,688,685,738,172,157,693,685,687,882,738,794,668,429,866,685,476
145,202,497,321,276,343,316,529,692,215,687,74,405,892,661,79,727,559,321,661,198,581,176,660,80,778,334,324,637,204,844,584,590,373,288,432,74,380,590,70,576,778,458,895,846,142,752,644,651,340,650,871,694,462,12,142,533,84,46,510,524,303,36,207,672,320,646,362,278,328,756,584,332,821,720,474,205,328,320,724,644,343,680,141,653,332,460,382,380,376,450,362,454,843,321,380,192,325,522,84,688,354,351,462,589,206,746,332,629,144,380,336,340,652,663,526,734,320,332,180,491,657,518,717,177,104,199,362,325,380,584,576,256,592,298,161,804,352,714,732,322,437,551,341,384,893,155,720,371,597
161,291,354,722,683,299,559,683,10,782,415,170,481,169,525,194,482,736,465,41,311,463,209,37,553,473,539,66,549,343,175,283,558,687,289,400,333,609,377,37,177,164,561,607,690,54,673,353,27,65,556,339,552,107,329,325,547,190,538,497,619,993,353,302,670,338,313,43,329,291,163,750,35,571,494,175,468,741,286,547,313,687,553,465,547,287,47,657,858,291,359,206,293,750,169,545,585,303,337,300,329,473,233,613,985,302,754,349,361,289,293,287,547,695,577,1007,545,687,465,733,333,159,463,175,746,610,299,177,469,477,353,35,433,334,343,95,557,97,681,305,175,34,185,337,33,338,575,557,504,290
31,29,967,793,879,47,815,744,447,863,796,489,943,223,29,31,845,381,424,853,824,908,724,351,937,299,799,809,95,213,88,431,889,831,295,804,863,231,863,87,863,341,799,93,558,23,280,953,103,339,252,135,796,679,87,121,935,124,793,431,396,227,92,824,351,312,84,797,879,367,39,799,428,92,83,833,809,809,745,303,285,55,95,888,299,28,818,868,291,280,800,812,99,905,60,31,83,428,213,892,815,439,55,87,783,95,41,807,724,55,264,831,857,79,556,357,416,359,823,207,24,999,415,30,487,108,412,300,783,47,231,223,919,816,849,359,359,527,367,919,409,789,803,825,794,239,38,47,295,95
813,37,693,90,601,205,827,693,864,631,601,67,185,133,821,181,215,890,677,325,457,549,698,329,39,181,501,887,693,437,182,65,571,185,818,314,57,186,677,39,693,57,883,117,703,702,121,807,775,871,316,436,857,807,472,309,57,571,621,845,405,821,189,845,121,309,845,606,839,358,851,189,99,897,885,163,979,491,844,891,871,122,771,109,131,629,695,605,885,589,149,1017,841,631,981,859,649,835,504,627,805,483,841,589,90,825,253,186,411,313,333,565,837,553,219,313,211,250,601,805,55,217,59,58,85,165,978,117,59,227,630,243,855,805,698,538,827,218,499,171,836,58,891,561,187,868,820,475,309,519
1002,571,54,63,619,534,966,570,618,229,70,58,951,422,593,740,747,1001,774,291,1004,710,584,86,555,741,558,814,598,774,746,37,5,596,550,958,201,709,236,996,746,737,225,550,326,453,324,329,745,343,586,710,718,209,741,617,683,297,711,297,749,585,294,601,544,490,548,705,516,122,598,329,617,673,74,224,749,618,1001,1004,790,802,737,27,711,726,687,982,763,622,676,687,49,342,606,614,554,794,705,453,1019,682,1002,726,525,554,950,58,276,726,308,438,318,708,438,949,1012,714,372,705,305,714,1002,1019,411,717,512,713,342,310,1001,583,84,751,342,235,438,617,54,362,818,705,574,738,564,708,577,760,827,761
827,822,644,545,966,116,930,840,822,958,712,980,772,712,948,606,896,320,776,772,772,452,859,936,820,771,329,390,629,836,184,968,566,328,961,756,301,912,1019,292,469,760,788,610,200,980,820,458,836,829,822,566,516,823,772,820,201,196,706,827,804,805,200,565,553,793,905,771,600,628,768,1012,936,846,454,852,425,779,821,772,192,884,332,764,328,969,858,134,790,340,707,774,196,476,320,821,972,988,520,331,72,289,256,809,489,422,812,904,708,822,260,336,836,806,340,580,1011,965,830,455,200,768,585,900,776,293,566,768,461,712,589,861,676,982,804,784,452,988,267,886,840,840,780,826,772,982,776,644,788,596
691,465,733,855,534,845,695,683,774,617,975,725,806,787,690,733,716,685,732,236,1011,537,715,541,221,715,8,52,724,534,727,732,861,941,597,843,851,716,733,533,750,205,690,679,680,745,685,473,237,1001,589,562,716,596,621,21,739,726,215,720,529,533,849,869,521,561,459,231,725,723,726,683,691,717,732,190,806,725,544,179,862,203,726,723,236,561,725,572,807,211,537,984,533,530,721,999,17,182,278,981,205,693,748,429,693,95,729,684,981,846,220,533,568,729,867,540,701,694,476,739,686,729,205,732,213,819,819,733,206,728,540,690,485,19,222,733,501,780,725,753,801,623,717,866,213,717,224,103,603,728
891,936,893,659,285,979,762,93,666,185,371,307,875,377,69,1019,833,642,157,770,849,798,785,349,655,813,925,977,881,579,762,339,125,667,657,813,253,195,915,726,369,729,861,925,789,313,118,403,707,659,765,369,325,765,195,849,821,875,667,343,109,723,1021,243,837,889,259,124,997,849,733,861,107,379,857,862,659,829,725,819,914,658,892,354,82,661,349,788,781,730,725,1021,617,773,213,429,862,873,379,787,554,786,594,605,661,732,965,851,346,209,602,150,42,859,916,337,162,347,861,787,93,914,121,658,661,777,851,850,655,814,820,603,662,611,317,881,753,349,215,93,1010,533,915,240,883,643,363,171,642,122
853,920,799,704,251,836,676,643,800,820,794,597,697,808,160,826,609,672,700,853,857,921,369,792,684,601,853,699,858,862,680,683,340,164,24,372,921,281,792,801,933,921,856,866,796,665,671,1003,159,93,888,826,701,996,829,168,187,864,683,674,161,920,957,54,293,356,868,921,864,664,792,152,825,601,793,824,682,866,187,681,345,593,885,858,857,942,824,696,539,859,537,708,856,666,88,730,811,166,704,792,888,324,744,856,166,849,808,165,731,832,696,804,921,860,95,712,700,664,796,165,576,952,792,674,569,804,354,825,725,676,682,936,836,836,965,665,346,900,681,916,825,505,160,335,367,93,857,153,646,856
21,242,834,318,149,925,34,732,772,510,162,20,742,62,154,321,62,294,319,254,836,1013,62,944,306,450,696,156,58,710,281,990,301,466,166,850,94,1021,162,63,254,241,258,50,170,498,284,1010,853,1022,62,210,191,734,194,318,476,197,69,44,286,450,694,453,830,63,254,305,316,830,174,825,164,272,281,825,269,266,300,293,317,925,61,306,452,192,978,466,978,301,813,26,341,860,450,142,308,42,908,210,962,296,994,850,170,769,446,477,818,29,930,861,193,62,446,786,450,236,62,444,819,246,193,766,258,946,190,298,962,578,2,482,450,991,38,814,178,54,301,242,316,254,166,989,258,172,418,66,210,722
726,568,718,568,571,467,887,826,819,889,631,711,563,705,743,655,315,463,1003,543,777,739,552,663,881,667,731,773,263,315,679,827,839,911,735,315,926,727,679,755,726,744,513,883,791,723,359,519,731,343,874,280,527,741,553,717,763,755,763,869,713,667,379,667,759,760,579,1019,825,705,615,583,531,711,760,719,728,823,709,331,312,591,370,537,591,569,537,797,721,263,849,979,895,743,453,729,731,883,759,283,752,591,795,759,519,785,327,737,763,735,651,727,808,599,727,527,752,567,521,827,763,967,27,864,656,732,566,711,951,711,577,871,658,849,462,736,977,577,799,799,732,351,665,579,817,736,711,740,727,823
403,663,833,367,873,602,987,993,928,79,931,494,502,537,671,1004,116,360,999,1007,815,97,904,94,96,985,654,906,399,508,929,662,391,579,159,997,907,160,896,511,926,399,395,543,952,384,638,598,1007,531,489,618,995,107,3,1015,919,636,1000,123,634,926,747,515,897,987,481,659,703,993,363,511,905,734,56,744,503,904,402,992,210,123,914,636,865,820,686,542,897,636,963,889,507,808,488,879,99,104,876,1003,424,632,534,139,759,913,385,759,488,928,251,632,119,631,814,648,871,531,127,488,945,871,94,391,90,106,659,918,106,579,915,635,1009,483,451,659,422,535,372,430,921,79,507,926,107,489,107,534,603,1023
637,177,184,198,152,187,452,486,224,241,158,702,888,29,216,198,384,129,155,230,998,128,263,69,138,64,198,143,198,128,236,82,121,686,640,128,192,127,264,248,136,178,134,105,139,158,238,696,432,128,136,134,440,78,128,706,135,130,300,134,320,633,127,113,152,358,646,414,320,191,944,182,129,998,792,204,191,52,185,142,207,645,231,134,696,66,231,478,70,184,216,70,128,136,198,206,165,197,142,94,892,646,185,199,197,129,230,192,327,6,64,262,159,134,219,953,128,646,295,198,129,320,768,134,65,131,198,193,651,71,146,184,65,134,197,985,38,184,352,960,185,198,702,142,89,318,374,154,351,134
422,728,822,750,160,528,100,64,19,6,748,236,740,502,152,711,550,400,798,600,518,640,152,88,816,283,446,0,742,795,551,558,894,679,772,736,556,798,128,734,534,702,672,676,783,576,935,0,772,82,747,740,518,764,508,640,518,518,558,416,794,726,788,760,768,230,632,714,256,512,687,712,600,678,647,92,726,572,519,160,4,512,775,703,152,520,771,544,676,175,260,688,254,0,720,491,531,656,70,864,768,344,711,871,640,352,39,864,654,520,166,992,678,747,816,652,764,252,167,556,192,726,231,728,688,752,512,508,736,388,705,768,544,262,804,843,588,512,866,512,532,223,544,420,664,800,167,227,807,679
990,593,953,607,707,567,424,887,277,498,984,285,467,476,463,601,435,610,663,350,269,547,303,806,344,287,935,436,556,527,274,687,933,477,679,261,613,551,553,460,531,365,959,440,280,1019,519,419,477,733,291,935,604,985,409,813,351,453,953,291,457,439,557,367,666,553,524,348,161,605,423,63,359,568,531,469,472,963,927,808,479,463,937,473,324,269,479,641,995,924,419,543,496,731,283,451,285,675,351,419,935,335,492,541,423,581,859,447,477,547,805,668,543,562,933,532,279,605,637,979,930,595,615,588,855,976,543,583,991,474,324,952,603,479,549,268,997,347,423,561,461,473,551,967,409,421,923,984,685,695
428,526,436,417,76,80,364,553,96,276,445,32,423,400,313,520,336,975,560,559,424,912,434,463,744,400,72,521,465,588,545,693,400,77,25,433,427,559,384,168,300,81,432,200,420,688,48,564,520,463,272,565,591,392,584,40,672,1,99,434,428,584,544,10,103,549,383,160,328,425,397,109,620,579,173,589,79,562,349,356,656,327,308,301,629,426,620,237,295,414,565,474,543,623,620,432,42,720,421,396,548,273,49,48,548,73,169,437,1,79,554,584,584,402,303,695,537,549,620,554,593,113,44,935,503,560,432,559,311,47,429,434,495,68,41,606,415,589,882,463,554,587,717,593,433,32,561,431,437,562
724,363,781,873,1009,869,178,889,803,879,363,548,688,933,691,810,724,213,146,835,864,786,689,770,786,137,677,858,529,754,1010,752,151,865,689,773,785,865,1007,652,797,673,785,866,626,882,752,572,248,432,724,874,113,768,43,1006,874,113,878,789,401,792,114,626,590,994,145,804,757,660,681,145,657,561,149,169,778,585,881,874,887,61,994,853,714,361,590,771,714,690,855,18,721,179,664,657,47,882,693,554,233,274,433,612,821,863,138,883,673,757,214,213,114,610,157,361,867,882,585,597,791,801,722,522,881,148,117,810,145,821,874,803,780,881,753,874,878,585,757,17,744,872,550,881,85,796,882,874,787,880
802,306,398,800,609,321,17,50,945,936,718,291,674,131,824,817,813,949,321,10,946,944,770,876,867,40,297,482,824,1009,362,953,993,828,1017,681,958,296,818,805,957,417,952,878,802,814,1017,49,4,91,807,34,926,0,82,385,768,769,834,650,825,417,894,63,319,832,33,778,881,377,50,893,398,77,928,195,822,480,933,954,270,929,257,833,952,984,346,682,33,249,545,801,649,702,34,416,853,322,804,162,323,816,861,783,801,903,946,825,954,832,988,114,827,770,50,815,129,1017,667,793,65,927,881,152,97,67,56,776,946,839,48,504,835,207,848,60,425,1009,441,377,447,405,873,581,937,672,895,857,892,833
513,324,13,763,953,573,514,1018,445,519,185,545,968,809,193,938,1017,939,810,565,902,294,54,586,90,825,582,582,550,905,507,289,522,67,138,571,763,521,35,443,525,515,823,1,608,554,518,765,571,521,612,905,697,779,907,569,571,583,83,551,582,587,523,825,43,253,514,59,98,949,906,569,508,898,57,628,611,9,445,441,603,564,577,945,567,67,897,519,716,941,74,442,811,827,569,779,4,523,266,522,961,625,899,565,954,1021,717,315,714,907,514,1017,314,330,522,433,509,2,930,310,587,58,545,57,327,778,857,577,713,459,571,858,57,567,555,697,299,819,825,602,497,939,517,547,333,1017,54,259,573,953
504,575,451,172,264,505,406,188,261,508,122,4,476,236,20,205,508,44,505,57,488,975,2,508,68,135,135,776,312,5,90,536,378,463,45,491,6,501,199,31,552,396,505,260,373,495,633,96,459,236,359,21,260,495,509,8,511,525,456,15,450,452,491,508,581,468,110,2,564,511,13,604,541,378,425,516,7,2,278,392,773,518,505,456,516,38,743,15,600,1016,7,6,510,520,12,386,2,287,118,11,474,516,7,38,25,511,135,135,253,741,7,511,508,168,116,709,20,508,495,124,774,420,261,54,985,4,514,30,495,388,105,505,271,92,1019,8,489,132,103,391,133,504,72,453,516,493,61,421,533,455
679,785,64,96,598,214,864,614,624,36,608,379,64,640,616,636,960,54,97,453,563,51,560,80,505,455,307,230,624,279,622,615,278,992,117,529,243,114,674,641,462,152,48,643,124,230,18,278,192,744,631,624,195,359,403,48,51,192,723,897,992,726,289,321,757,49,271,559,511,105,623,84,624,580,184,215,503,616,767,104,254,348,322,449,252,32,253,280,136,760,628,739,536,40,831,873,312,737,880,639,16,864,639,496,630,998,758,335,48,801,205,824,287,376,486,128,64,311,608,59,752,96,736,48,287,48,23,742,631,57,113,631,616,94,103,128,247,64,96,198,608,318,118,63,402,508,304,366,681,111
821,691,951,173,691,339,659,875,843,147,784,500,788,170,995,795,947,100,915,796,333,788,227,906,820,680,675,1011,275,150,915,786,692,807,787,915,930,598,246,818,533,1004,852,179,275,690,659,164,1011,803,309,739,907,1011,344,363,852,973,188,822,803,851,245,916,360,811,915,1010,818,115,819,915,271,927,820,883,940,787,676,811,949,488,784,851,307,787,931,579,851,819,144,428,803,800,853,220,999,852,944,51,803,818,163,883,691,659,851,773,908,818,102,946,75,611,722,931,784,1011,365,790,560,912,787,148,845,851,813,851,291,812,787,688,940,308,948,803,680,168,787,300,883,531,860,716,1011,227,173,915,275,966
97,810,660,581,941,474,732,941,762,866,858,995,80,492,100,469,421,785,952,638,762,778,621,381,1010,773,724,636,933,618,589,248,100,857,804,892,98,735,92,636,152,97,550,637,933,866,932,613,609,722,870,805,532,610,634,893,610,634,588,614,739,24,929,330,581,590,930,620,517,801,933,938,706,1004,913,610,611,102,548,93,994,610,418,866,805,934,872,605,868,605,891,941,802,66,604,928,504,774,473,761,732,802,226,866,800,809,621,802,125,609,418,892,93,761,860,604,549,877,105,601,874,578,644,610,424,876,868,786,222,610,765,729,88,934,746,860,666,872,913,608,802,334,955,545,732,791,122,578,593,954
639,99,375,526,176,152,392,472,992,651,414,952,842,101,437,887,968,377,977,968,379,859,1010,283,167,635,90,379,417,944,856,52,776,374,414,858,920,468,904,318,420,459,241,126,1023,411,411,952,247,505,888,375,931,648,0,240,375,432,823,183,393,776,251,523,275,413,282,347,888,400,247,24,408,511,198,504,439,922,432,104,359,852,392,168,311,3,512,394,958,424,952,795,392,416,168,392,472,388,506,652,1001,408,383,632,58,344,424,920,387,920,375,414,520,341,435,843,611,639,133,279,1015,248,584,264,376,375,232,328,394,26,881,933,984,505,483,515,464,856,456,895,247,984,346,27,378,347,426,742,0,525
219,193,217,382,451,81,416,283,341,113,767,259,317,594,321,306,321,498,217,674,669,705,707,507,449,451,53,530,674,509,705,645,706,705,709,451,450,395,194,103,730,93,264,448,53,318,473,285,701,498,309,463,285,705,463,323,242,351,753,574,449,149,321,210,458,450,330,577,205,673,448,65,161,449,313,193,321,405,705,338,497,597,333,449,207,321,65,729,253,194,961,381,65,499,153,195,351,306,309,464,73,449,350,347,704,674,449,181,242,273,961,449,449,291,961,450,194,163,709,65,194,473,402,449,461,525,129,501,928,65,673,506,550,317,453,718,957,411,302,445,352,449,288,384,210,290,65,288,65,453
849,62,460,62,14,531,37,37,36,760,5,594,262,38,16,975,583,456,237,457,249,996,13,458,552,460,708,295,263,303,269,829,463,516,553,453,465,41,293,825,3,856,782,184,289,279,65,280,39,980,460,212,261,263,135,315,34,388,269,784,5,303,15,20,296,277,303,38,62,345,47,842,517,457,427,837,485,38,522,826,320,5,796,5,452,256,299,782,325,39,184,313,375,575,42,65,318,17,23,289,8,457,199,579,261,73,600,555,263,88,559,62,8,137,1009,281,559,79,588,15,65,559,513,384,386,42,41,553,553,41,39,45,465,912,36,7,299,974,566,45,746,470,983,455,37,7,351,69,63,449
862,488,377,491,39,635,635,1016,473,123,39,404,474,420,121,471,483,618,438,34,547,434,141,121,425,347,450,612,173,600,39,499,173,681,480,625,626,747,735,38,738,505,289,497,520,304,425,496,865,443,889,231,465,983,100,167,991,507,607,27,482,299,534,418,265,423,742,480,313,347,549,54,634,336,343,283,930,635,379,634,543,233,96,9,664,425,45,223,481,903,385,907,9,484,389,343,281,300,43,237,999,737,1015,209,11,635,493,977,1016,598,919,627,483,483,918,228,575,129,297,480,379,506,539,162,226,7,569,379,523,1005,995,883,41,1001,3,495,552,867,557,305,465,932,505,515,611,631,803,521,785,505
865,161,79,832,176,128,141,240,145,182,48,64,621,781,369,349,835,176,451,98,77,512,257,897,12,446,834,98,66,373,881,15,460,460,102,861,832,55,196,133,369,65,1,128,137,65,452,961,49,33,290,98,897,138,140,241,79,79,24,64,847,457,67,17,61,489,956,322,209,976,865,304,182,880,99,479,380,800,15,81,251,25,867,145,127,318,285,109,368,864,769,688,992,129,977,56,865,976,963,204,493,96,96,243,148,57,22,513,145,141,66,769,866,179,69,368,183,450,117,107,943,484,267,96,113,77,879,8,82,69,112,323,1,464,184,896,76,600,483,97,993,79,73,33,33,946,96,131,99,931
729,486,505,390,473,1001,553,440,440,750,504,506,616,478,665,618,745,745,998,500,234,505,733,266,473,745,766,294,738,569,293,266,314,17,554,525,417,505,294,481,680,393,446,489,921,489,489,761,129,793,544,469,510,609,733,298,738,312,473,102,390,488,271,401,385,281,458,738,415,351,1017,1015,225,737,478,505,392,642,406,506,286,1018,297,457,678,554,504,504,1022,480,742,505,407,417,425,729,488,506,490,396,548,495,661,233,998,553,489,729,490,473,745,477,733,505,490,470,425,345,494,489,482,994,486,422,745,505,745,277,505,32,418,481,366,481,150,448,110,733,276,105,341,278,263,224,473,455,505,275,169,482
225,995,777,757,640,256,139,500,755,186,792,793,129,520,949,829,823,194,669,666,497,375,781,231,755,91,904,673,785,781,306,761,768,897,301,865,739,736,993,265,263,371,193,666,291,282,779,247,830,794,280,897,740,195,256,769,770,49,993,743,493,266,650,741,641,265,237,650,256,965,773,306,242,736,776,781,385,269,257,920,477,280,677,352,813,330,297,557,493,752,139,767,139,225,741,792,418,13,267,282,98,323,525,243,776,889,375,793,739,259,210,641,499,281,714,524,773,997,324,995,776,202,681,257,327,218,483,225,267,269,818,700,684,81,259,753,395,293,242,899,1019,1011,653,1,357,499,768,24,306,311
143,120,383,143,945,915,327,927,75,807,913,851,936,660,872,928,873,912,879,849,345,1023,927,1023,235,425,368,272,881,347,819,364,527,83,593,912,945,774,915,856,123,847,102,111,848,856,135,747,127,881,924,819,620,367,111,783,285,903,276,895,40,639,644,22,7,367,665,663,547,144,351,815,848,919,275,159,223,783,115,153,902,892,955,915,848,624,87,755,784,927,849,806,105,152,847,895,623,925,785,793,585,863,95,263,848,656,873,787,19,927,328,918,912,239,896,675,883,1023,623,863,978,876,771,81,663,889,944,24,781,647,931,916,919,400,912,512,881,927,72,80,825,860,787,873,81,143,784,56,841,927
231,308,116,478,1002,1012,40,984,412,828,1004,493,66,966,997,126,984,124,318,84,1000,792,958,940,492,1001,111,508,84,356,172,43,460,684,983,315,60,872,100,103,348,828,999,203,950,472,948,850,75,206,746,236,938,160,472,1011,1006,126,84,100,1000,396,173,188,420,940,822,222,180,884,214,220,468,952,939,1000,509,396,460,220,985,300,252,574,904,909,1006,108,361,142,824,1005,950,120,493,238,318,172,124,420,884,812,93,92,108,76,846,868,818,124,620,180,990,121,216,464,939,428,296,460,92,917,810,974,936,382,472,804,889,808,84,940,869,956,12,160,114,596,973,820,756,968,362,244,468,124,328,830,370,980
976,536,318,266,65,558,554,281,291,963,811,288,466,32,793,40,174,142,408,272,40,46,33,272,976,980,48,0,814,284,193,846,286,167,864,220,337,46,302,19,288,210,544,992,302,40,476,33,338,147,286,286,286,80,264,449,272,84,297,346,288,304,806,52,306,168,430,784,168,523,946,768,170,46,880,318,46,809,450,489,872,216,22,154,705,46,296,424,385,841,464,488,40,274,303,41,880,273,474,544,54,465,168,192,800,475,32,145,961,808,208,47,464,466,16,815,477,480,242,305,272,264,788,993,849,342,338,969,32,222,218,47,1000,131,810,17,977,406,482,1006,46,478,46,899,478,554,174,210,801,808
614,975,635,52,216,37,123,1020,779,844,792,620,988,856,764,223,34,852,837,794,548,778,912,282,799,804,763,12,989,952,205,120,980,922,252,917,783,763,2,794,804,778,541,956,1020,844,985,1019,264,636,536,2,952,252,780,537,952,925,790,12,960,983,121,773,781,988,954,255,1020,538,985,1009,799,1012,180,1012,996,12,971,1023,420,927,1023,405,1012,1020,898,908,980,636,956,972,188,372,996,944,330,988,856,88,872,778,748,1005,779,690,763,12,780,856,860,634,228,517,988,189,884,628,1008,923,956,12,620,1020,952,792,987,920,956,772,596,1015,796,988,352,756,588,636,1020,540,858,212,1020,780,1008,892,612,252,74,1005
613,711,825,561,887,893,271,667,449,655,768,210,804,546,775,797,924,641,880,796,765,988,832,731,325,289,631,779,773,668,775,783,733,729,560,257,773,925,781,759,671,671,36,803,793,704,759,684,781,775,797,415,823,733,812,847,542,799,795,887,793,991,993,769,882,774,763,799,765,752,671,953,357,673,5,869,860,752,775,208,683,988,476,669,157,709,813,772,517,765,991,268,668,769,829,532,665,887,96,820,799,445,716,880,263,657,764,517,539,864,1023,933,645,927,733,991,881,773,560,671,787,263,573,285,644,671,983,669,647,793,477,792,717,775,961,987,799,861,773,989,753,797,413,663,39,261,781,785,375,828
298,34,258,50,445,694,426,405,351,50,669,184,39,341,386,418,354,181,853,466,435,729,469,262,413,402,458,149,610,338,418,693,418,298,279,293,421,661,297,178,475,172,410,722,299,370,170,459,212,420,212,437,358,683,154,426,428,601,421,125,421,387,694,173,177,308,340,97,211,426,213,676,468,357,307,261,62,726,153,42,331,421,52,173,298,762,437,466,277,468,212,314,938,212,404,420,707,725,698,674,358,299,470,421,598,175,333,294,458,437,372,337,404,405,618,381,213,428,42,18,436,437,341,426,214,340,178,181,685,698,141,725,477,726,274,43,471,213,164,435,53,309,437,420,722,428,304,923,418,212
71,203,770,557,203,715,363,843,716,841,803,253,840,856,768,811,972,249,720,852,779,793,461,666,27,195,195,878,862,459,205,967,963,866,771,962,3,86,857,764,195,970,961,961,245,771,899,989,827,974,795,846,79,987,785,291,799,222,860,990,93,319,850,782,252,707,62,697,651,50,805,969,771,120,181,796,857,252,259,717,771,328,711,700,829,206,842,970,771,833,625,208,769,602,3,975,771,829,0,283,252,763,218,773,861,867,843,675,787,126,717,254,971,65,771,775,24,27,715,832,56,87,560,769,893,841,209,242,779,270,180,642,962,1022,249,799,185,771,655,696,219,771,317,568,462,131,220,835,251,707
63,160,3,753,48,63,83,127,210,447,47,195,55,73,361,3,499,112,431,969,823,47,995,55,211,400,111,321,50,232,63,40,879,79,147,1007,819,424,311,385,63,128,59,17,51,195,3,987,875,239,33,823,43,40,500,1007,47,239,19,416,57,439,47,403,87,559,107,63,339,175,971,323,175,23,19,52,183,17,975,624,19,45,116,19,384,19,503,1007,403,499,16,62,819,51,107,19,15,3,235,469,233,224,433,247,35,32,400,24,563,491,15,43,87,63,585,63,171,111,495,464,89,459,19,87,247,599,79,411,535,215,29,529,448,217,21,439,489,275,976,118,683,19,40,50,123,240,40,623,489,7
346,575,492,284,557,493,753,487,301,284,873,749,336,669,495,236,797,943,349,721,732,748,261,796,317,528,706,381,868,724,284,812,77,364,747,237,346,284,362,400,528,530,364,300,236,716,754,977,668,531,234,330,464,323,764,708,578,349,337,540,796,728,720,771,528,541,736,515,796,366,367,724,365,812,281,587,526,383,272,655,749,754,218,736,722,380,688,876,124,581,593,881,746,893,348,540,402,28,280,272,749,749,872,317,284,748,882,713,985,720,284,658,782,381,239,175,654,1004,211,564,565,877,559,564,521,784,732,874,28,746,282,850,748,252,748,876,204,367,298,872,263,236,144,864,263,872,732,876,732,252
883,74,716,352,210,459,363,210,717,485,330,461,503,493,450,4,768,1002,266,803,723,779,475,792,155,811,251,288,298,711,467,755,268,53,221,196,266,510,263,811,475,458,178,967,682,219,323,843,466,774,714,8,827,778,253,457,282,491,451,265,983,771,678,362,344,971,815,761,418,972,772,332,284,970,971,343,264,426,456,307,474,299,808,264,280,242,246,211,363,482,292,488,291,779,752,299,794,448,778,330,221,426,562,714,43,186,818,428,301,450,495,302,461,463,475,11,811,339,435,459,810,346,983,162,770,882,781,203,797,971,331,240,448,285,779,263,347,735,808,136,706,301,267,304,300,296,298,333,356,298
359,38,697,665,938,610,282,745,409,570,98,532,634,483,553,107,33,572,659,614,586,674,296,985,618,979,55,931,953,969,528,531,610,985,423,544,310,945,130,908,585,472,749,109,418,555,551,991,105,761,919,977,529,819,537,621,922,554,610,547,538,976,378,106,406,594,695,409,281,649,978,929,743,406,916,737,550,589,685,590,406,402,561,913,105,586,97,699,602,105,678,970,586,471,621,985,182,621,948,678,552,631,98,298,678,290,423,1001,219,969,700,370,918,387,990,937,729,249,551,616,35,745,641,547,589,409,916,678,752,985,475,553,179,313,961,541,984,486,513,921,743,535,402,941,493,611,619,438,674,535
378,902,248,326,189,1021,246,250,1001,220,760,770,249,970,251,714,201,475,518,164,194,741,891,265,386,344,386,714,250,505,194,635,827,324,646,201,984,280,837,793,1020,246,194,745,198,986,182,761,793,890,454,201,182,231,710,394,456,248,217,6,244,953,890,886,974,427,964,714,244,196,650,742,226,458,260,865,474,180,457,10,186,870,966,774,890,774,862,198,798,898,682,565,474,906,326,138,968,182,231,249,134,594,793,250,794,226,868,731,202,1017,200,196,250,247,257,582,822,246,54,202,777,966,648,194,842,842,134,774,244,230,824,262,130,856,228,889,252,794,322,1018,201,213,807,765,1017,712,902,888,970,248
805,342,177,72,472,401,589,902,466,390,447,707,390,386,434,394,646,53,706,432,479,946,1013,445,830,432,468,438,460,444,81,418,470,438,486,390,386,53,946,446,701,957,387,381,438,467,365,386,710,437,406,430,358,582,66,366,452,50,365,458,438,466,643,188,301,434,722,198,998,448,190,97,492,722,358,350,453,390,727,2,704,389,450,437,446,141,202,413,701,84,702,438,182,398,386,438,443,369,327,434,335,437,429,434,389,883,648,437,985,438,70,464,66,966,334,438,489,710,469,645,48,435,390,402,62,370,451,450,478,326,466,470,434,594,330,434,477,438,434,258,398,725,434,438,322,384,414,441,458,386
849,254,860,333,912,892,378,592,874,213,658,670,334,846,373,638,380,378,374,381,861,704,698,740,1017,134,846,572,766,199,382,198,638,748,705,628,74,884,196,222,252,335,381,244,208,254,213,734,322,338,948,230,714,85,345,742,726,606,144,346,352,894,432,382,882,314,278,236,374,830,62,193,757,628,382,852,158,688,674,830,622,721,415,726,124,765,412,881,593,25,572,270,316,213,221,66,225,128,372,66,524,638,864,166,766,346,382,246,206,254,890,86,445,346,606,378,593,714,541,622,126,640,630,250,374,341,130,830,118,44,10,253,846,760,372,596,542,884,220,574,155,764,337,241,870,851,380,230,130,630
859,907,666,598,83,906,938,884,299,854,936,578,570,651,302,957,388,551,620,840,936,855,443,208,402,548,922,907,866,231,306,844,951,635,566,311,429,660,584,610,586,459,874,84,635,680,907,603,902,81,611,555,132,904,634,943,596,300,770,392,843,788,582,602,812,856,996,920,915,282,792,683,907,594,555,988,149,906,955,363,475,916,828,90,208,939,682,603,618,630,902,860,564,212,523,92,862,982,851,859,844,135,970,915,979,398,810,839,922,987,423,602,620,827,432,146,970,909,916,843,936,852,906,971,941,534,828,842,858,82,603,194,904,571,554,891,123,690,730,875,811,896,326,858,939,944,788,908,87,843
472,385,494,453,188,1019,432,739,947,505,45,957,517,249,460,475,51,644,251,540,719,88,447,904,217,717,544,1016,449,479,947,256,549,456,437,781,713,735,460,763,767,587,248,440,475,967,507,907,719,560,423,427,577,589,976,454,579,961,991,72,965,528,496,456,831,460,909,696,3,6,105,216,763,456,651,91,475,335,944,457,443,484,91,991,971,501,505,709,524,679,571,507,510,952,457,611,563,747,93,292,523,688,505,563,388,984,581,561,507,39,549,456,473,9,38,440,459,463,388,703,968,1020,69,953,456,201,525,440,889,555,695,776,88,553,568,488,515,253,717,568,801,467,513,424,456,519,1019,525,1017,507
330,572,415,551,450,42,598,159,155,906,411,973,572,99,552,173,677,44,621,67,180,927,91,29,423,639,403,929,381,595,611,943,83,85,415,531,252,359,807,995,679,442,675,547,931,174,84,701,923,419,323,44,939,180,70,1004,1004,985,67,415,53,724,939,387,150,188,515,955,599,30,621,79,904,189,75,69,47,756,940,557,677,130,67,155,71,389,693,7,264,960,596,75,140,938,463,611,619,299,347,692,693,75,936,108,415,56,877,300,68,563,143,987,234,163,548,27,131,171,163,900,584,91,44,4,173,743,557,181,939,171,251,906,18,35,731,82,519,183,34,42,555,969,168,39,175,167,933,549,903,239
212,376,212,248,231,256,190,888,996,96,178,636,216,184,316,254,131,500,124,884,887,133,120,120,228,196,952,288,392,167,776,452,103,248,829,392,119,220,228,96,103,135,808,212,224,264,245,199,231,228,299,542,99,412,231,420,479,63,360,230,91,232,888,188,380,255,818,1017,167,826,164,232,825,1013,116,295,252,231,236,318,224,446,262,391,292,452,199,228,36,249,188,252,103,825,116,244,84,39,196,824,253,216,135,294,255,132,263,980,267,679,1020,135,118,504,260,420,168,232,228,295,220,824,249,224,376,504,510,135,95,193,164,264,292,424,231,292,128,392,299,824,124,443,376,252,724,868,132,572,1004,252
960,521,355,625,972,1007,143,119,786,118,907,102,46,947,907,527,151,52,206,65,911,146,271,366,114,5,166,105,129,12,27,53,206,194,239,149,307,267,627,202,446,206,318,129,111,399,847,187,65,913,183,530,303,14,190,238,972,971,53,211,143,330,529,108,126,181,3,903,850,995,108,145,142,103,948,527,913,13,209,140,140,15,19,119,108,564,391,1003,267,959,381,7,259,969,146,108,51,147,309,13,366,15,142,106,979,380,923,305,204,958,143,975,898,841,15,655,267,142,177,977,661,2,654,3,139,131,613,206,958,172,124,143,918,370,910,369,962,149,393,265,1,627,142,20,207,3,527,12,155,98
540,227,254,50,761,913,766,317,638,829,909,889,241,972,653,678,12,1021,993,748,317,845,589,844,620,737,318,704,768,702,886,957,331,891,716,732,708,1022,1017,1022,891,827,364,732,635,717,864,653,632,413,635,717,752,845,1022,694,867,892,489,892,925,508,833,109,840,1021,926,609,708,1009,642,841,589,381,638,765,646,876,330,726,779,1022,829,632,1020,1022,589,518,670,765,150,182,514,1020,969,897,1014,877,720,190,901,894,540,588,718,413,668,462,510,993,656,514,841,765,891,972,205,446,320,862,702,889,766,716,401,717,262,504,844,717,1021,383,448,613,189,651,371,717,765,222,321,513,352,995,843,957,477,582,725,624
605,761,933,605,353,681,947,620,765,753,541,496,1006,609,618,402,321,746,732,352,994,611,623,543,973,488,519,481,477,745,703,457,973,993,592,354,725,634,441,744,617,249,729,737,994,537,569,745,689,183,540,7,637,459,161,607,737,1001,445,843,553,477,480,96,1005,456,489,243,951,613,872,792,439,657,439,623,512,534,615,385,605,513,488,716,267,761,633,545,477,961,608,605,651,633,745,325,616,276,524,517,97,744,170,356,697,745,489,638,609,631,624,525,417,675,759,617,681,361,533,321,1004,609,453,476,737,487,872,977,698,552,579,743,674,472,931,583,632,675,697,983,749,417,593,865,989,621,524,672,416,493
520,1008,665,28,285,928,665,736,912,975,952,636,609,745,656,730,434,784,626,645,751,800,629,592,896,914,196,689,516,992,732,993,1008,709,675,473,199,519,449,928,512,659,812,671,784,758,519,992,737,992,802,577,661,530,1004,955,527,881,525,527,205,624,688,576,1016,285,448,352,900,1009,216,896,543,961,607,996,708,1004,928,621,536,972,953,591,672,615,519,801,583,581,577,641,992,973,608,925,628,524,975,535,847,919,927,688,116,669,446,1007,952,950,924,705,975,521,615,512,992,993,673,516,119,610,825,624,709,105,720,709,600,656,368,262,993,673,532,927,641,647,992,71,271,521,961,528,924,880,615,632,176,995
386,78,634,386,396,598,516,129,401,82,602,106,397,3,416,636,10,64,624,1021,589,61,116,572,384,444,10,514,112,93,591,834,348,405,628,125,397,65,394,196,386,380,637,626,341,15,89,462,66,45,637,845,13,349,29,13,74,124,765,525,20,147,41,610,446,89,399,417,12,74,20,113,498,259,538,570,21,253,764,652,26,304,578,349,26,844,397,480,253,149,130,764,765,1,12,266,386,973,576,12,66,317,10,903,525,579,412,794,386,255,392,90,317,404,44,202,636,626,250,583,524,524,252,268,600,637,524,70,149,256,853,67,512,124,637,575,301,516,220,15,380,586,60,107,18,588,629,10,382,636
677,553,837,599,90,678,221,687,679,167,583,743,715,747,644,859,839,679,181,64,859,853,936,615,929,634,331,673,651,615,807,679,103,169,734,95,709,631,605,579,681,573,615,299,939,885,827,325,615,840,695,842,695,850,169,843,74,609,679,119,603,701,743,295,935,839,601,885,667,409,331,999,823,585,631,221,647,591,935,732,165,459,346,95,102,247,587,121,91,347,167,343,695,587,330,121,647,615,682,183,515,651,887,603,836,91,579,964,603,351,674,838,551,437,709,619,582,435,359,571,679,586,677,337,677,735,679,71,583,679,647,199,583,711,64,582,472,155,295,879,1017,584,806,667,211,69,886,966,583,680
30,252,124,782,476,21,213,747,17,124,60,233,20,254,500,352,260,1004,389,548,282,414,737,261,69,93,50,257,1022,341,420,920,924,604,283,235,22,1020,469,974,209,113,763,476,462,221,988,444,242,212,51,18,102,406,765,509,220,21,5,27,197,504,93,252,636,93,472,238,29,476,764,285,645,350,984,339,324,27,1021,240,93,1021,987,253,751,961,253,721,444,709,956,60,988,61,232,676,221,197,462,997,1001,732,990,59,60,470,989,493,160,654,252,600,236,509,732,461,955,221,60,1021,332,473,220,201,965,476,49,61,493,458,721,493,508,35,413,78,237,251,989,932,453,237,237,148,33,974,253,493,253,28
576,425,433,576,625,300,896,608,56,123,347,576,376,616,128,512,584,643,273,352,512,659,384,379,198,512,120,595,103,385,321,577,289,824,336,304,352,632,600,256,320,48,441,832,499,580,335,608,581,324,716,356,944,527,269,336,67,636,636,337,537,380,97,608,577,192,97,369,710,132,352,412,865,320,344,577,72,771,646,576,600,350,615,320,161,409,953,581,64,515,479,60,580,832,432,836,377,121,353,615,952,573,833,387,584,320,513,316,387,350,333,344,390,832,440,279,609,320,576,608,304,320,836,513,328,544,384,955,325,615,667,839,520,406,512,576,72,355,365,579,259,51,611,318,259,584,591,390,284,595
116,50,946,44,973,447,50,205,429,44,386,158,705,21,276,978,828,788,478,70,413,383,470,498,22,433,306,322,52,429,1010,914,56,381,445,62,100,114,966,830,438,465,113,118,318,114,390,120,406,456,62,448,478,440,63,98,84,108,813,62,54,119,473,316,49,498,54,465,434,258,302,433,440,398,828,582,96,530,318,340,478,14,374,434,1015,838,386,404,434,515,51,52,402,390,494,434,254,20,887,449,382,82,340,50,478,449,342,446,494,425,566,412,500,446,218,657,114,210,626,722,302,350,64,370,370,966,119,254,274,754,414,278,62,558,445,397,342,50,80,454,444,138,382,686,118,476,404,814,468,30
862,945,521,688,718,309,757,455,850,937,593,785,474,578,593,978,913,17,714,593,905,74,914,782,941,578,282,928,685,975,977,936,306,718,170,594,533,673,721,954,983,270,240,721,969,598,151,693,129,209,750,697,183,786,657,712,985,943,694,812,336,713,210,15,520,136,598,945,985,81,946,40,913,596,439,25,210,678,273,338,849,840,479,192,998,976,214,181,64,697,979,230,210,818,72,561,183,718,689,209,93,689,945,857,757,593,970,814,229,694,167,738,937,591,637,169,212,209,785,301,9,90,53,73,951,852,982,851,145,209,185,950,688,240,686,216,710,81,178,82,988,841,74,23,33,109,343,543,672,657
474,399,791,329,315,7,87,81,785,395,521,392,55,247,689,15,27,407,502,390,132,401,744,1,52,662,336,448,305,151,788,388,311,80,1023,241,492,407,396,855,511,495,592,4,273,496,200,393,393,7,279,660,119,158,919,55,1016,9,2,12,15,887,16,291,4,16,1009,72,48,1015,327,15,23,72,271,5,407,100,495,388,367,200,17,411,305,360,119,7,15,9,104,264,116,393,55,21,265,0,16,438,471,441,583,391,20,918,105,0,320,7,591,7,8,1023,8,404,500,400,265,120,15,297,263,4,496,403,20,393,23,949,9,1,400,379,401,759,392,405,500,768,244,12,399,9,0,70,407,0,353,657
992,664,923,414,742,796,284,832,286,264,775,264,286,808,660,603,183,792,788,264,413,760,488,748,796,796,408,808,412,220,796,728,987,664,399,504,664,920,1008,724,792,795,286,760,992,431,681,408,343,910,668,648,667,264,424,664,892,744,408,773,680,505,121,704,809,616,912,808,896,646,987,670,328,664,664,728,671,504,992,956,923,935,920,664,31,608,729,871,856,403,283,904,376,740,670,712,659,664,500,759,444,670,357,728,171,415,921,830,384,611,669,1016,632,657,638,403,787,500,736,670,795,670,666,216,267,420,731,776,743,764,409,280,657,735,276,723,784,15,920,921,1012,736,430,650,736,736,641,854,825,404
353,266,699,36,871,487,450,511,217,199,212,318,492,484,579,740,611,202,283,739,548,440,868,148,244,441,155,706,564,184,360,743,683,287,425,372,647,315,484,423,743,260,854,287,43,676,212,325,999,740,156,956,244,705,599,761,507,767,254,511,158,1019,997,167,369,281,507,805,231,334,324,710,417,37,523,738,740,423,167,144,670,318,742,363,742,420,743,700,299,383,450,939,327,506,37,611,421,833,442,763,750,298,356,772,419,327,761,260,447,170,202,355,743,682,331,315,443,267,483,760,187,640,27,452,451,228,507,251,551,293,997,447,187,158,450,724,359,260,522,665,130,354,251,502,596,323,270,427,706,511
175,764,320,747,719,559,691,334,975,346,775,847,172,1000,692,816,599,579,847,654,879,847,784,687,329,679,687,623,847,814,1007,296,855,861,691,680,329,548,86,308,323,748,719,179,841,79,563,820,820,806,670,303,848,468,597,75,331,840,335,607,552,819,846,683,995,625,590,269,702,863,776,489,588,707,844,558,879,587,591,14,497,294,684,300,334,819,744,831,718,991,332,179,169,847,276,681,328,590,533,840,304,888,555,724,814,804,351,785,592,675,240,176,816,762,847,687,303,815,684,750,258,351,463,579,843,553,875,1001,845,622,532,582,1008,780,591,527,683,687,619,303,748,351,680,686,747,687,750,1007,527,683
608,1018,632,843,702,116,328,904,660,922,134,377,632,154,769,533,650,692,410,8,632,184,763,632,760,646,608,284,634,386,344,120,766,917,624,654,632,910,94,884,798,406,612,761,996,581,126,126,132,696,120,512,698,116,100,577,634,149,673,414,62,590,645,661,569,620,583,190,698,638,5,632,30,903,740,696,925,639,532,548,672,918,929,923,64,633,769,645,720,634,639,519,929,608,932,485,648,672,1019,866,133,110,638,1022,634,654,638,992,638,398,379,633,639,638,612,126,389,633,649,124,408,388,128,388,632,602,1017,632,168,632,532,890,698,126,635,635,673,133,574,116,640,632,538,6,232,949,28,639,158,1010
372,686,888,372,179,248,490,1022,632,184,192,688,190,456,168,392,571,468,566,427,664,185,192,232,185,507,219,488,35,408,136,705,208,136,379,715,744,184,4,350,96,263,244,184,241,326,752,126,432,12,234,488,574,237,966,224,456,120,393,884,696,440,696,456,744,352,628,696,120,177,198,180,500,488,262,59,440,232,509,340,238,136,168,358,325,744,408,184,696,510,633,452,715,249,744,139,280,710,196,56,136,324,340,376,408,200,169,618,324,652,648,248,140,245,375,355,138,368,760,40,249,136,376,190,452,240,208,176,414,571,197,616,372,184,264,715,571,872,906,398,369,696,694,432,264,112,888,204,184,194
937,739,932,468,668,933,484,103,628,292,878,248,736,956,112,510,39,795,615,678,529,663,908,804,956,576,529,957,455,999,576,112,935,160,749,529,248,420,929,152,592,583,231,702,380,956,192,968,814,609,549,100,697,65,631,560,33,24,154,700,132,985,88,596,100,996,116,748,927,762,929,113,833,83,816,696,975,548,27,697,377,764,428,757,108,637,225,698,766,580,992,696,72,748,916,548,624,603,369,740,357,805,65,496,152,493,696,921,1018,238,1004,632,924,361,676,165,693,742,600,668,484,564,871,921,664,921,238,740,708,84,540,737,102,632,250,698,573,673,913,997,762,677,347,929,228,579,476,739,1022,928
360,413,285,888,562,556,418,312,739,280,184,480,67,440,448,26,426,390,155,902,721,362,472,920,32,272,360,56,433,255,389,339,455,490,280,454,361,244,280,280,424,72,534,68,439,792,105,391,248,444,439,489,437,296,406,501,310,440,218,283,754,360,566,504,196,372,416,117,248,123,63,250,688,372,405,443,106,924,485,618,362,409,482,218,708,104,496,376,504,276,376,298,511,799,710,56,87,232,24,472,455,56,104,284,559,295,474,56,317,296,234,40,492,809,437,722,96,479,50,315,152,447,45,56,439,104,632,104,27,102,502,312,280,450,405,125,411,26,26,405,471,407,403,472,210,366,618,824,951,412
359,336,335,97,996,449,320,865,563,237,897,442,320,855,641,411,831,931,450,387,403,419,639,440,335,387,327,444,225,997,920,659,677,16,564,992,484,320,1017,561,458,824,720,409,420,967,928,473,849,1007,359,1021,1005,400,577,352,401,800,946,480,995,657,387,493,993,531,478,455,996,390,961,391,131,963,1005,869,517,402,108,408,1018,743,537,321,432,438,335,483,349,464,899,376,437,451,18,993,716,979,295,1005,332,101,465,477,659,913,770,402,419,947,435,514,467,655,547,448,627,400,495,946,481,879,548,1005,897,899,933,81,403,609,561,343,481,321,641,413,889,480,236,385,833,409,869,35,622,953,801,409,337,336
756,507,213,219,733,475,973,953,649,894,829,1022,769,757,667,277,916,203,730,837,974,537,985,393,574,741,633,761,656,762,891,997,561,753,507,1006,471,982,1014,1009,313,857,541,513,833,539,837,476,724,724,1013,763,985,733,550,671,729,890,939,222,910,969,725,865,732,996,149,725,1013,385,197,729,510,987,917,209,973,641,1013,472,912,950,681,21,175,1019,891,998,985,821,614,741,526,805,715,805,537,885,538,472,748,934,969,570,229,409,537,661,522,735,660,734,465,865,725,715,805,997,865,847,950,760,869,971,859,755,726,752,570,984,725,729,725,730,313,508,863,249,658,822,574,993,985,700,1015,502,548,753,474,713
112,897,601,897,226,493,589,128,665,610,897,789,93,953,897,96,369,896,503,1005,29,96,121,103,753,880,876,960,897,109,994,889,161,385,881,92,97,409,114,833,743,539,14,518,960,25,402,999,833,890,648,161,865,444,736,736,161,448,634,64,990,193,833,205,26,801,901,966,945,31,902,945,834,1010,737,761,790,862,993,945,849,681,96,120,608,110,494,97,398,496,910,289,80,1,0,1018,368,614,1017,866,305,626,886,525,481,929,950,97,37,615,355,922,113,887,64,97,975,865,918,962,288,961,1009,313,637,903,129,903,607,977,993,97,897,104,610,96,113,630,1017,96,641,897,610,65,653,625,354,911,897,897
464,608,575,584,859,447,126,580,407,485,56,948,900,880,83,942,430,555,950,1010,500,24,919,948,55,187,984,116,462,436,375,936,127,926,904,119,543,931,511,375,136,836,955,119,906,955,7,911,576,80,324,464,39,968,424,948,372,936,564,616,840,507,639,904,832,459,911,184,440,360,927,992,507,584,612,1009,494,443,584,118,120,904,55,971,424,48,608,176,920,959,951,80,399,624,152,35,196,311,136,919,951,246,951,97,1008,952,439,40,945,944,911,500,441,56,441,446,63,1015,1008,638,631,987,840,904,576,580,604,847,968,424,942,59,916,424,1014,488,951,100,1015,447,960,328,528,936,616,687,959,894,124,880
23,1022,576,595,844,88,979,720,974,691,124,616,97,267,177,557,659,639,670,656,482,138,927,908,826,975,3,94,831,479,610,863,40,635,104,654,694,587,168,610,75,599,546,611,23,598,595,898,923,599,904,599,206,956,96,352,606,99,1015,592,83,963,143,863,355,524,80,144,595,812,144,970,622,648,675,223,659,642,104,586,158,543,600,211,832,840,604,600,600,563,978,606,922,663,654,926,593,983,938,595,556,544,592,631,619,981,959,80,171,363,10,668,631,911,584,595,914,984,143,914,80,659,594,108,659,83,163,587,969,958,625,602,602,932,537,99,95,94,95,588,856,607,972,79,615,608,85,118,162,352
708,788,17,794,722,329,602,820,877,1011,827,789,707,275,703,381,154,1013,318,55,811,821,669,874,803,875,843,731,821,688,135,251,699,675,895,666,531,867,825,661,890,523,729,53,809,971,954,29,399,117,651,615,770,886,843,811,794,875,826,61,643,866,643,373,683,725,898,826,775,701,515,859,891,857,51,53,688,285,554,725,891,887,671,629,773,891,762,59,1019,3,827,575,871,635,383,299,799,633,697,889,659,890,810,647,514,938,813,281,635,635,699,779,91,698,845,771,667,609,811,821,667,1017,307,17,677,787,669,890,826,887,108,827,827,779,381,701,691,933,683,843,768,827,949,995,893,667,691,575,75,661
393,84,973,649,72,384,66,84,480,448,294,193,973,311,42,87,464,129,638,32,312,41,33,461,239,441,73,381,117,50,929,77,581,384,746,50,97,488,79,307,589,70,964,412,335,204,441,433,113,421,624,453,328,452,800,117,428,503,644,677,471,297,215,169,474,461,66,73,424,329,34,301,33,233,417,41,327,554,87,841,441,909,737,41,97,844,208,929,130,71,984,487,141,201,216,457,424,448,433,49,112,115,39,223,424,301,409,755,72,321,599,71,543,425,39,320,456,121,366,42,457,710,201,442,391,199,289,73,71,460,89,457,461,457,577,418,417,77,80,33,380,136,49,73,73,425,320,584,637,375
1,960,222,101,66,93,98,227,236,857,866,226,928,43,450,887,103,227,485,159,31,872,87,92,415,157,255,29,42,27,387,39,579,799,15,34,877,153,227,895,71,343,167,160,95,231,124,38,239,1003,46,227,96,85,253,478,383,935,229,144,830,103,635,387,131,159,31,835,229,867,63,615,230,357,227,59,254,867,101,742,194,287,899,383,113,213,227,127,739,827,652,851,19,101,69,103,903,97,221,507,67,130,882,238,1019,187,227,849,63,789,96,99,93,195,128,894,43,815,285,543,227,658,66,125,1,341,239,135,285,287,80,99,451,67,198,102,919,253,227,251,18,101,414,254,397,114,415,127,239,87
649,986,96,546,840,954,841,817,200,871,951,890,121,125,806,715,871,118,874,906,435,842,829,840,949,71,132,970,78,584,890,921,945,53,35,713,905,903,135,954,947,713,12,307,249,955,70,793,847,887,123,971,842,153,48,855,72,592,247,247,113,74,846,1009,827,103,871,145,843,856,661,74,939,152,125,985,651,78,183,1015,201,841,840,78,944,345,73,526,119,555,907,715,840,887,136,441,944,74,123,329,139,424,932,341,887,582,957,187,119,712,887,904,992,9,185,843,200,945,56,65,957,69,698,635,9,952,954,886,78,195,38,103,58,78,71,751,298,840,954,699,885,836,383,713,947,954,840,93,123,838
925,796,620,243,771,770,125,250,83,618,252,220,192,191,381,799,796,12,106,796,191,834,1020,899,781,787,835,135,83,797,844,258,179,634,28,508,79,414,947,323,876,662,899,31,781,624,61,833,1020,29,837,387,895,959,892,1003,208,159,859,221,335,100,799,124,788,371,780,237,956,19,880,735,848,879,339,891,82,348,768,775,620,771,844,221,107,147,127,1010,915,771,258,819,634,1020,943,511,835,940,796,874,964,633,77,351,883,211,499,1022,786,772,979,1007,782,845,795,988,123,187,892,774,786,756,127,836,244,627,844,800,1000,797,19,892,771,797,642,240,579,883,67,800,915,796,351,900,850,835,883,27,717,206
736,998,228,401,830,284,368,817,198,544,820,505,762,220,568,220,964,196,212,629,972,973,997,206,804,838,1022,805,368,192,211,795,978,980,708,184,52,1016,389,596,704,132,316,901,220,966,45,324,997,817,180,219,801,677,161,800,992,837,196,883,820,164,789,140,213,28,964,824,948,211,49,197,196,980,304,4,965,452,246,857,198,987,965,817,198,756,820,97,812,49,800,808,452,132,308,769,448,856,889,824,819,206,996,196,805,190,823,288,448,580,30,241,193,837,708,771,1017,740,173,196,308,960,556,483,973,436,140,909,308,772,785,885,984,816,804,987,998,461,677,774,571,581,197,676,1016,964,133,28,1011,676
265,279,493,281,271,275,787,272,467,467,203,423,532,283,304,274,471,24,464,19,463,250,543,623,736,283,279,366,923,755,211,554,463,527,267,397,398,464,529,151,259,461,527,464,264,654,412,81,272,720,465,592,85,535,497,535,477,815,471,483,415,271,465,398,455,469,459,523,151,510,411,639,501,671,279,528,287,47,527,400,557,31,266,535,503,30,527,279,15,15,83,207,503,535,727,495,471,996,500,409,464,27,277,510,421,575,168,398,201,474,503,781,470,541,407,319,407,284,527,508,399,496,531,145,471,507,476,399,431,539,259,469,527,123,107,343,14,608,299,464,264,522,535,687,600,431,511,479,464,655
287,1003,513,166,131,402,508,285,476,453,530,821,273,189,786,33,721,717,285,785,222,355,255,509,213,541,477,786,357,278,157,355,272,277,673,511,731,883,402,789,357,713,862,141,29,501,296,205,316,533,319,723,125,797,140,21,787,461,507,307,493,211,221,491,29,851,17,145,478,637,305,881,819,22,786,9,302,261,141,125,533,797,63,261,787,813,7,285,162,17,19,782,801,529,233,547,115,777,253,509,195,29,531,893,477,291,371,273,525,319,821,717,637,261,729,434,529,29,137,867,205,515,563,141,157,145,822,541,881,782,253,1008,342,209,61,355,221,717,33,209,411,29,462,353,501,46,819,309,221,284
527,29,408,409,364,405,464,373,409,389,921,177,399,399,485,425,417,413,353,661,857,37,23,937,157,415,351,409,349,537,607,412,417,345,41,665,408,679,253,389,345,933,25,406,455,929,785,549,361,361,24,249,857,344,597,46,408,863,897,679,409,353,145,421,86,405,341,481,601,31,511,385,1,738,854,664,409,927,421,401,389,191,185,921,54,847,331,257,943,364,414,607,991,255,345,537,897,873,607,943,505,842,250,345,487,421,319,534,471,874,417,409,351,501,921,281,576,347,265,344,415,417,152,407,425,153,428,153,781,1,921,408,505,305,25,423,601,469,897,409,553,121,834,929,408,449,128,386,873,921
1009,564,789,545,964,565,929,560,916,631,1008,503,1013,828,822,6,559,773,784,61,790,820,961,965,600,567,952,568,23,176,821,782,980,596,36,14,971,967,199,975,598,7,780,917,533,998,832,57,1012,851,568,848,483,855,526,569,1014,566,952,566,822,936,1015,813,816,979,816,981,337,996,790,762,966,566,1,980,598,820,821,977,832,567,816,56,960,825,798,982,900,569,563,497,597,856,828,964,848,780,976,697,848,974,769,13,832,772,822,823,554,486,193,816,577,966,780,555,48,964,899,817,820,716,569,852,73,256,824,947,53,450,823,469,569,948,501,567,632,56,983,183,54,552,822,949,793,950,560,1009,782,820
552,942,44,901,222,272,430,724,986,196,428,940,936,246,746,1004,400,746,732,556,678,718,26,714,749,158,431,527,159,558,97,734,220,988,645,254,80,718,661,988,34,169,430,40,638,719,524,924,238,223,220,965,453,722,202,210,804,978,720,34,956,750,928,748,212,15,1020,380,220,722,285,724,172,301,336,46,218,714,956,40,495,668,546,94,590,724,26,750,670,981,238,748,90,976,210,652,294,220,192,364,22,466,544,278,350,526,916,724,974,982,924,410,986,756,164,990,762,748,1006,776,986,960,238,220,665,254,694,732,590,782,976,397,878,842,234,275,476,535,148,790,476,480,671,210,300,983,990,910,732,732
597,636,957,947,668,674,829,665,540,174,444,732,576,572,729,668,629,173,1012,795,937,356,838,701,356,701,948,804,653,645,163,668,357,957,970,274,640,676,613,657,101,312,702,677,380,708,589,794,804,672,636,358,100,700,636,812,588,740,656,292,1004,558,659,465,701,700,633,612,715,700,277,811,614,316,709,312,701,714,670,708,926,612,131,125,557,816,286,572,712,708,658,305,925,358,741,669,677,300,589,836,708,578,569,637,656,701,372,614,702,931,642,884,681,718,831,678,633,709,925,920,700,354,302,669,547,443,329,670,582,550,681,313,316,921,913,316,613,952,798,676,666,610,678,597,665,707,669,364,426,684
916,601,873,142,229,918,47,902,554,815,534,533,600,534,784,87,294,488,616,535,789,648,745,160,521,293,128,545,361,37,264,6,286,489,33,158,784,7,790,646,360,825,230,470,111,513,420,407,786,532,630,964,537,6,532,28,777,841,231,172,22,646,856,550,426,198,9,486,736,42,518,774,681,518,249,22,726,845,80,788,646,24,534,152,406,106,616,611,688,22,25,10,526,486,822,518,150,490,873,518,6,681,170,784,534,809,528,886,486,632,20,236,534,518,22,232,140,98,793,774,678,768,231,56,790,30,544,233,999,730,654,692,482,726,532,40,105,149,774,969,641,925,120,484,528,617,296,520,38,527
829,806,654,573,780,503,1001,381,817,284,424,243,47,338,334,798,815,177,303,785,303,367,815,47,977,79,978,942,797,849,9,110,137,477,703,345,814,28,489,814,511,567,302,350,111,802,479,585,294,23,44,270,855,337,15,796,801,531,525,943,495,239,878,15,211,793,941,97,815,15,559,803,809,31,81,886,46,33,670,30,818,520,287,473,631,887,354,296,28,814,815,111,25,303,734,983,546,303,211,115,1012,497,820,494,815,623,704,79,494,567,318,41,527,575,552,351,790,944,46,567,558,675,0,505,527,558,95,83,47,815,94,31,543,98,367,654,104,552,149,783,809,785,817,242,942,1002,211,381,499,863
8,734,254,377,888,697,120,840,248,312,224,356,248,263,910,766,312,775,262,324,352,792,262,380,264,376,260,263,864,312,379,14,348,894,63,260,264,752,423,248,248,377,30,382,392,888,248,635,205,318,274,254,760,504,329,376,176,795,768,476,187,204,240,260,830,500,251,928,204,382,56,350,352,505,605,224,248,894,232,280,121,251,1013,247,894,952,966,248,246,785,254,582,376,248,632,440,664,376,248,382,875,893,246,120,988,68,248,378,228,824,121,286,332,840,824,263,1016,774,510,672,267,254,139,475,254,249,198,377,328,392,248,339,254,251,249,201,510,258,760,152,16,376,136,179,1019,120,892,892,254,870
79,560,687,668,454,462,956,710,560,404,460,188,766,975,214,105,572,628,79,654,56,652,567,724,564,52,942,986,7,564,262,83,700,590,463,252,598,1023,588,560,708,591,816,830,771,992,462,196,410,46,38,578,3,940,239,336,454,823,948,532,75,560,721,1014,619,592,932,492,428,639,628,579,71,116,838,688,60,142,700,208,719,827,564,660,681,80,560,938,493,816,64,743,563,590,586,1023,239,52,431,972,207,751,650,972,963,78,252,598,462,119,880,948,65,698,928,522,628,823,974,607,528,910,497,172,746,638,118,822,536,590,110,764,334,702,676,1006,704,188,814,616,948,192,784,943,1012,765,4,20,52,335
140,2,513,764,323,403,764,508,748,275,851,724,538,658,848,572,975,364,695,887,592,725,1004,482,264,730,892,720,468,511,327,1012,963,12,924,652,79,500,1004,720,211,848,338,855,948,76,226,722,656,765,876,468,668,914,380,991,864,714,374,727,535,700,563,380,988,147,725,764,844,304,668,652,656,712,355,832,692,154,717,723,892,412,756,544,384,532,300,723,978,756,879,228,725,736,851,890,364,732,700,656,594,722,819,989,476,668,874,752,492,348,1020,644,659,556,660,736,404,722,956,348,367,333,718,255,658,716,659,383,845,858,989,460,748,963,693,165,656,364,320,579,530,724,892,919,755,762,944,880,645,1011
266,506,330,468,502,348,490,876,969,870,330,238,795,259,256,258,457,610,267,362,327,182,780,969,201,372,20,328,962,121,338,267,258,156,794,10,380,231,894,649,844,358,22,438,188,884,374,266,503,774,506,206,446,190,372,771,184,201,14,839,502,884,706,838,778,773,314,330,774,266,172,190,324,248,267,265,510,234,506,870,362,270,266,408,314,308,503,330,353,10,520,319,282,198,314,138,777,358,330,412,773,158,140,458,262,190,771,14,776,968,244,140,262,1014,144,276,628,268,870,318,265,504,472,778,246,776,258,502,324,471,373,137,246,844,257,476,502,261,266,378,9,758,330,542,714,12,462,274,518,778
36,479,610,570,668,610,277,215,57,545,488,481,187,33,122,104,483,47,410,98,218,537,33,909,107,258,542,58,89,26,610,101,730,421,37,763,493,466,315,573,281,35,493,293,298,91,474,869,559,281,45,228,249,481,250,97,111,12,666,755,229,411,219,105,473,570,473,313,506,369,491,545,853,410,101,518,283,312,297,99,229,35,507,526,542,465,570,29,738,249,538,36,409,474,747,101,565,488,569,607,100,465,408,410,479,469,472,472,225,34,466,745,121,489,250,393,107,286,489,218,473,34,526,474,485,249,12,100,406,301,89,37,229,556,265,570,98,505,291,346,472,386,282,529,473,626,106,556,807,418
243,163,400,120,106,235,914,991,108,155,102,733,227,100,239,356,202,232,170,506,1005,548,236,234,874,146,86,151,229,126,127,111,183,987,250,618,792,357,234,83,126,483,345,836,41,129,165,163,60,154,867,150,868,477,166,557,114,102,122,90,246,231,246,162,167,172,186,103,231,150,108,186,175,20,887,109,250,959,238,997,101,227,469,170,103,613,510,101,128,186,236,101,875,879,165,268,174,108,182,498,612,27,621,912,218,151,358,231,482,883,282,1002,92,100,108,92,216,98,114,107,109,235,924,402,794,97,659,106,723,242,871,858,402,144,182,545,147,102,591,839,799,142,875,328,501,168,866,879,178,146
248,347,811,71,732,731,325,155,730,107,313,291,347,100,442,888,77,632,858,839,659,711,451,356,859,372,349,939,746,866,179,975,354,838,203,347,868,152,347,659,891,711,376,915,196,327,179,804,603,407,600,364,852,889,326,804,226,843,316,459,859,860,299,403,93,699,843,459,866,991,187,859,376,323,411,142,352,123,59,155,855,674,323,378,395,651,603,839,155,376,379,378,221,312,328,360,839,202,387,728,219,422,726,153,872,789,203,139,829,664,603,32,340,326,283,347,120,731,479,349,735,136,200,739,143,845,75,715,351,234,311,636,1019,827,571,665,195,56,315,631,396,632,219,24,152,891,664,379,691,120
110,226,894,33,246,781,860,1010,30,892,156,148,738,225,782,148,874,254,156,514,174,750,142,545,930,846,244,233,790,622,362,868,780,1002,234,730,246,874,106,778,14,769,616,364,882,782,226,246,482,238,1012,654,846,233,87,222,873,46,194,103,172,381,537,162,815,14,2,234,829,770,142,840,813,243,110,182,241,865,92,780,882,58,972,206,234,872,206,126,226,865,780,142,986,110,242,242,226,183,154,668,202,210,2,930,508,14,28,796,66,154,116,30,252,28,55,140,224,738,814,234,236,159,76,170,190,1,245,839,158,874,163,639,118,879,200,231,326,1004,833,234,652,846,242,94,764,862,174,228,846,111
50,27,381,772,402,478,142,226,412,90,20,868,146,285,989,764,372,146,138,492,146,214,156,504,956,892,66,8,797,466,62,378,67,262,154,146,102,60,784,350,478,926,274,172,157,365,156,785,862,156,366,1021,394,30,261,338,271,348,284,229,288,366,138,669,266,124,270,385,228,134,146,146,474,290,282,610,282,520,450,286,66,18,494,160,838,314,126,366,363,302,274,666,925,324,353,93,158,50,2,157,364,316,29,156,375,252,466,276,316,300,306,156,146,474,284,371,266,573,276,490,124,274,970,452,262,1004,290,284,306,924,158,58,274,156,146,466,542,646,258,534,130,338,10,344,797,541,89,300,92,390
383,638,380,668,673,453,797,839,796,741,645,775,587,895,733,836,249,383,463,887,225,368,634,229,347,773,644,639,645,730,920,812,967,516,922,649,645,181,645,503,512,263,1020,772,199,522,821,382,780,753,1004,888,609,734,517,909,652,736,644,862,762,517,637,710,761,519,311,391,773,517,756,896,650,773,779,743,711,837,766,519,888,770,240,651,711,655,740,884,245,519,760,704,389,705,836,485,868,540,762,128,456,650,658,776,205,410,524,920,143,496,746,839,839,988,647,736,844,248,349,517,634,642,833,216,527,798,884,693,640,743,508,797,736,774,752,779,345,540,496,588,1016,516,714,642,868,708,640,452,344,706
911,447,108,435,110,149,53,215,471,11,229,399,870,211,1011,247,31,387,351,995,963,28,9,137,1021,412,116,409,125,988,1013,649,13,905,915,883,892,916,11,156,923,111,978,189,637,1023,384,779,37,905,983,100,903,19,997,149,246,23,243,127,137,350,47,907,917,45,541,907,281,125,61,971,917,119,547,569,25,149,1023,787,20,227,919,51,880,151,20,19,899,116,183,135,111,861,93,923,407,568,15,533,188,101,93,1012,927,917,347,537,835,909,147,923,305,103,1021,911,109,3,19,139,92,521,125,117,631,383,923,73,123,119,101,927,105,102,885,927,12,662,573,921,381,639,115,883,125,94,126,830,523,110
168,556,434,32,302,540,558,929,162,544,717,960,705,942,745,694,749,42,153,713,45,941,624,680,160,247,33,913,242,966,32,176,914,44,561,236,928,266,172,677,396,688,91,544,977,358,680,1014,417,937,936,977,686,168,224,736,993,125,908,650,160,553,28,846,0,171,961,168,936,333,25,238,208,536,880,246,520,247,902,558,168,128,550,545,674,32,545,546,61,49,544,41,238,231,261,240,744,221,44,972,552,686,86,753,470,641,222,550,705,162,849,673,705,745,653,126,227,702,267,720,28,209,737,993,999,960,46,936,78,19,688,680,994,641,40,942,64,557,25,239,721,993,295,288,961,758,32,46,17,233
675,208,1014,990,782,246,886,722,686,982,978,854,803,1014,206,174,236,738,936,686,126,173,1006,962,694,786,1014,940,998,906,184,784,674,878,654,959,214,703,684,106,178,614,727,234,904,810,174,942,216,776,160,938,936,181,680,172,938,214,758,936,478,734,750,222,872,947,685,268,693,758,936,634,572,238,726,693,178,727,942,930,693,816,1022,155,720,990,621,952,184,240,242,686,726,236,942,186,722,748,726,942,850,814,942,86,1015,803,814,172,982,990,693,686,428,118,750,693,1022,1006,1014,564,186,494,726,702,210,726,958,812,348,705,370,350,208,106,670,936,189,685,951,206,726,942,622,744,956,816,882,798,446,938
189,399,419,228,894,134,753,952,865,611,796,632,832,184,125,849,419,67,428,876,240,867,281,784,635,611,368,771,824,110,248,837,684,104,56,755,672,760,247,416,739,895,867,3,790,873,884,887,64,248,864,67,627,883,120,633,121,889,876,889,888,37,120,835,880,686,883,785,172,977,891,888,940,931,944,451,891,540,866,627,881,163,959,390,112,835,855,880,191,909,633,888,883,888,878,915,883,48,133,117,108,880,864,895,404,512,115,252,887,430,515,848,865,596,880,883,641,351,867,890,868,515,118,870,891,880,889,99,358,739,176,123,400,241,891,248,124,863,881,364,799,131,836,864,400,537,245,887,379,83
721,609,728,182,426,85,187,328,342,350,715,87,854,342,87,200,855,87,374,474,472,674,346,727,362,373,470,278,417,474,903,362,405,207,202,214,59,890,330,687,158,214,198,166,417,726,314,725,645,365,442,301,458,958,165,442,693,324,583,698,629,958,426,455,414,410,112,469,656,87,693,680,427,296,662,342,662,277,597,581,326,666,327,598,837,646,439,341,578,350,471,426,327,682,419,310,218,469,366,151,446,131,753,583,726,683,680,109,355,493,219,424,675,680,474,548,602,662,597,679,189,431,299,345,434,683,261,635,702,725,853,407,341,682,704,583,727,687,427,680,726,342,599,307,469,150,432,666,725,813
599,630,248,158,625,847,16,172,72,178,543,662,234,688,872,616,664,176,48,167,155,120,110,177,870,683,242,152,667,542,596,531,752,656,456,680,179,599,184,664,687,177,619,819,714,151,185,880,200,664,143,171,664,175,799,55,403,616,716,292,664,788,656,163,712,286,56,656,187,657,184,411,663,131,513,145,664,456,246,679,696,622,1019,744,879,560,702,612,184,779,535,696,208,872,767,110,1011,627,184,136,695,680,431,631,964,191,574,680,43,111,400,168,878,667,414,140,747,105,659,188,691,731,680,807,819,678,623,401,155,878,382,714,700,155,1000,495,680,680,659,155,663,692,616,792,686,430,629,434,998,144
440,148,74,692,720,660,822,767,728,692,692,666,468,666,876,840,421,852,687,551,645,960,660,692,340,660,764,52,885,687,692,444,634,194,725,666,724,615,679,724,695,828,212,664,642,941,388,891,875,329,308,772,671,674,668,632,308,660,148,484,468,739,886,389,692,916,663,586,660,442,764,963,730,856,277,665,88,452,455,580,324,701,392,703,404,643,776,660,472,669,172,764,212,692,472,378,843,692,667,156,507,276,748,687,955,471,675,725,663,660,468,426,324,672,852,760,954,159,437,415,683,668,820,476,954,694,724,404,980,792,687,685,884,443,173,503,626,132,901,471,724,660,683,679,669,698,724,772,435,752
159,284,798,272,283,731,795,992,488,280,264,1002,796,1014,720,656,280,472,734,44,1008,544,260,912,807,260,782,750,763,742,276,284,737,992,640,536,495,742,982,870,990,960,792,272,987,676,1008,376,287,735,528,787,776,424,888,656,854,286,1008,448,280,492,752,496,664,464,723,766,764,286,254,300,4,16,799,784,606,730,798,756,270,724,276,300,752,759,656,856,284,784,288,508,270,740,504,728,259,415,888,798,460,152,816,720,526,110,737,472,30,864,792,344,664,795,751,275,736,984,472,480,256,992,344,280,296,728,256,504,605,728,980,752,664,792,368,1008,480,122,665,1016,372,656,384,752,472,536,766,456,450,1007
145,128,820,233,209,173,237,369,142,33,227,993,993,1007,233,145,273,237,149,751,225,240,223,831,871,319,87,141,279,224,367,503,141,575,97,751,236,384,148,977,239,815,666,228,233,237,239,387,35,621,163,721,239,247,247,225,239,374,237,1007,33,1007,365,428,145,817,45,239,232,221,239,144,35,1001,367,599,45,215,129,113,148,45,210,47,239,239,239,28,812,223,151,977,412,119,751,607,623,210,365,495,737,151,255,1005,791,236,239,803,295,97,230,273,38,47,15,279,237,1005,297,919,121,235,274,215,239,145,241,159,208,783,233,495,239,249,801,980,1004,791,913,68,233,331,209,137,911,225,151,929,1007,237
666,19,146,648,334,446,398,354,193,206,878,358,478,333,360,654,494,334,291,525,274,368,703,857,97,334,721,606,330,146,442,656,332,374,342,698,732,50,625,414,658,158,354,346,390,242,234,248,334,610,666,834,334,904,413,238,400,626,366,440,426,941,335,440,670,434,658,82,670,846,222,638,240,698,309,510,726,430,366,702,318,306,766,242,728,698,758,142,682,336,658,856,398,693,382,686,334,499,302,509,382,208,270,136,670,372,696,670,362,370,657,754,304,322,877,304,210,322,720,710,806,296,301,222,350,654,333,678,656,399,666,381,334,150,721,610,345,327,718,948,368,280,733,206,739,434,689,754,238,322
1017,513,1017,1017,1018,1021,767,521,1017,553,617,981,917,547,757,517,629,1017,629,1013,501,969,906,738,567,553,708,527,1018,41,1019,761,915,1015,983,1018,53,1013,613,713,19,1018,506,757,522,649,759,635,41,1013,697,755,981,377,907,1017,754,825,1001,757,1013,1009,1017,981,1015,725,553,1023,521,827,814,517,21,261,507,634,757,566,761,1003,1021,1013,981,553,249,43,441,1017,1013,1018,778,511,945,1002,778,527,1018,725,618,570,566,631,709,909,1021,972,1013,341,521,554,1015,137,1003,549,1018,763,1005,1015,647,1013,1018,631,987,954,759,1017,954,1013,624,569,163,517,241,105,1023,999,967,181,529,566,527,1009,623,503,45,975,501,727,758,981
591,651,583,342,623,584,656,727,552,327,772,591,359,266,631,591,459,405,521,329,649,469,839,843,586,1015,587,583,597,842,503,970,169,743,510,594,712,1007,591,751,587,743,585,773,457,809,645,727,521,842,729,595,695,663,413,257,646,328,1015,719,587,587,695,523,475,587,705,919,519,299,603,895,692,363,643,555,591,969,1019,597,589,527,203,1019,393,657,971,343,319,906,719,616,39,323,714,725,647,607,809,629,506,718,330,967,379,714,627,521,649,503,609,379,843,715,715,1006,721,965,85,329,586,855,853,843,663,658,972,520,639,808,706,986,1013,259,331,714,1019,658,887,630,971,651,585,894,631,644,759,135,495,655
93,346,53,741,19,221,131,30,72,805,266,93,86,683,117,265,150,445,797,34,61,163,90,1022,283,74,155,25,285,10,22,381,533,381,917,317,89,643,109,277,29,810,157,25,689,21,139,22,130,665,378,157,249,777,105,278,77,221,21,93,347,341,170,165,107,148,282,163,877,282,229,277,66,29,259,221,42,334,73,149,723,341,153,131,213,291,266,425,405,661,661,153,153,93,602,875,770,67,341,138,362,138,348,533,34,91,14,53,379,597,153,769,693,346,66,250,169,282,997,253,360,93,345,474,25,74,250,604,312,58,202,354,444,313,157,205,86,165,276,893,214,52,792,349,161,348,860,149,281,27
945,937,713,854,915,70,954,966,906,929,348,46,954,274,76,529,76,48,550,578,963,514,573,738,301,195,515,915,9,517,555,977,586,70,70,313,3,535,908,553,555,580,546,214,990,918,618,715,15,1,726,553,931,573,291,582,237,571,585,554,697,897,571,546,570,77,929,578,919,531,786,771,814,621,557,546,978,979,530,554,530,961,582,525,594,578,782,558,3,547,519,754,550,525,741,617,580,226,227,300,518,979,722,550,581,979,555,966,548,734,589,833,566,838,549,674,257,995,1017,547,65,707,535,906,545,197,929,961,1010,707,569,549,745,161,71,738,720,211,125,187,698,38,929,837,986,915,929,941,966,749
599,559,882,947,547,492,527,950,844,431,748,816,985,588,559,499,371,559,438,979,727,948,513,564,706,1003,752,731,80,738,552,567,947,731,867,583,915,690,488,744,948,611,714,548,652,919,577,529,695,486,730,488,505,631,365,1004,600,611,995,695,480,738,1019,551,686,715,996,1010,502,556,451,958,691,631,896,487,459,494,684,1004,435,134,810,761,951,659,871,731,488,198,695,684,548,503,4,575,955,546,604,447,556,716,690,624,630,298,503,439,640,609,83,433,628,548,655,83,840,456,594,520,424,264,616,527,759,720,1015,18,584,1022,574,299,424,726,499,456,359,680,404,1011,428,625,492,616,564,623,552,660,850,736
701,601,805,852,814,674,848,548,775,842,852,416,773,971,838,601,858,597,598,709,690,814,639,181,786,848,941,549,646,341,674,741,930,389,702,921,869,646,650,789,740,850,150,341,814,885,893,883,838,213,858,774,979,902,818,662,469,933,330,606,998,773,682,362,902,534,76,880,956,640,804,789,807,778,830,550,607,851,779,809,700,934,677,694,863,597,793,900,644,679,773,906,802,534,677,914,815,970,306,518,560,474,870,906,789,885,219,806,470,342,650,853,677,965,790,199,600,338,342,838,906,534,646,660,678,836,886,458,848,646,682,900,806,313,138,407,663,706,677,930,330,984,138,838,861,906,550,810,637,702
695,446,398,398,64,494,693,415,1013,449,69,701,593,397,395,713,958,873,399,425,385,393,393,905,471,385,441,385,347,649,321,641,265,394,378,489,399,658,398,446,583,897,494,7,638,279,505,262,429,633,399,385,398,446,593,495,497,398,447,385,749,569,446,142,137,15,754,121,649,1,698,489,278,398,383,351,391,579,390,447,397,959,312,415,665,781,402,886,442,165,474,385,638,527,393,413,649,399,41,649,79,449,386,793,399,95,414,17,62,393,389,114,446,670,133,446,437,38,257,911,841,1015,637,503,385,641,270,329,760,654,649,633,144,385,495,905,425,382,413,446,461,137,279,445,333,66,634,833,397,399
856,161,602,32,990,156,218,622,109,921,638,1000,38,598,144,917,918,1006,912,912,848,872,918,920,64,605,924,1006,870,878,968,846,223,822,926,990,512,846,990,942,846,983,82,949,208,82,930,879,910,968,590,846,1006,608,926,846,550,834,903,534,846,518,926,992,913,974,33,622,846,990,526,913,670,158,990,1020,638,622,924,1021,467,668,582,766,222,849,1006,990,914,669,154,806,846,973,605,514,870,926,990,558,915,874,990,804,92,1006,622,916,920,590,929,849,94,1005,918,102,926,894,976,982,1005,28,974,846,957,150,670,862,550,974,576,896,953,46,110,870,253,213,190,557,989,918,616,912,964,833,990,978,846,611
572,564,676,708,552,45,645,716,711,575,292,412,728,567,659,620,930,917,537,708,549,217,930,524,551,408,216,199,664,548,602,699,392,804,476,549,532,548,568,718,547,984,547,543,698,824,516,616,471,219,547,729,554,716,567,540,545,728,753,668,195,638,679,536,219,815,684,572,708,133,722,39,532,512,548,479,732,543,196,551,539,724,935,548,680,556,549,219,692,574,543,548,27,731,546,732,587,551,423,546,444,631,392,703,729,920,945,33,807,516,538,727,543,39,2,692,677,216,756,672,559,548,556,631,420,549,472,663,803,607,344,856,897,611,612,791,548,571,567,525,997,679,983,664,933,543,790,731,676,296
929,675,421,464,727,415,744,64,801,215,735,451,292,775,295,679,285,471,604,291,811,211,601,70,95,295,471,299,291,291,87,325,423,749,216,292,303,611,42,479,732,95,415,727,711,277,683,683,419,599,767,815,291,427,471,315,469,483,103,209,323,281,429,288,679,455,744,295,639,683,295,351,471,415,803,479,955,447,707,963,484,479,83,427,487,292,551,303,387,479,687,417,471,33,671,491,991,423,464,476,487,164,289,723,724,828,87,212,75,368,604,431,743,299,71,293,308,289,295,292,755,723,711,695,291,737,291,257,487,991,596,668,705,715,983,312,603,195,931,967,679,431,203,288,291,291,599,735,604,403
30,220,204,199,372,17,393,204,790,967,269,15,754,239,265,119,254,248,501,9,8,534,249,243,117,435,87,249,9,518,14,311,311,649,157,13,265,251,55,217,243,244,911,117,246,1011,281,150,8,534,705,158,507,9,27,246,194,1010,757,240,733,919,517,246,264,754,457,281,247,830,246,119,21,151,520,276,214,776,270,13,767,503,243,196,758,15,243,23,721,23,486,247,541,23,29,919,1014,499,268,60,246,244,756,13,1011,23,193,5,377,270,406,502,780,903,52,523,12,245,247,271,25,31,256,1022,246,41,1015,534,151,247,7,399,329,13,159,454,119,1011,271,534,751,216,71,649,0,375,777,141,252,214
209,193,63,114,809,254,893,177,119,141,941,193,883,399,209,382,273,306,213,241,1022,49,113,449,45,817,829,689,893,82,447,113,881,881,503,158,775,937,193,247,233,497,705,253,497,29,302,65,241,625,681,113,654,241,113,65,241,881,753,247,225,731,81,777,241,382,121,831,109,1015,689,114,753,9,49,233,842,977,745,809,881,829,631,81,818,205,193,958,826,845,241,831,881,881,769,701,145,49,797,49,205,823,284,753,237,808,911,975,201,881,241,781,189,721,241,753,169,143,55,825,825,193,177,881,193,55,817,817,881,881,49,193,177,241,631,1009,855,253,578,241,193,759,109,717,830,18,881,49,701,205
221,415,837,301,803,199,285,286,157,775,799,997,282,171,995,683,866,43,789,926,797,199,293,10,475,769,810,771,31,800,933,29,29,251,95,27,43,813,21,22,589,773,277,860,479,640,299,779,799,799,479,337,803,773,769,991,221,811,370,849,331,933,7,149,326,989,895,986,299,773,276,799,836,157,285,145,347,771,1003,791,775,789,31,78,837,325,941,789,222,919,789,769,789,797,967,853,253,21,796,771,225,146,995,799,257,658,675,794,831,382,863,805,223,87,29,22,779,112,273,861,851,29,661,869,773,27,229,221,1014,157,799,855,351,966,210,771,813,810,799,797,134,31,685,805,683,885,47,797,33,125
543,43,254,517,131,921,3,663,36,678,731,27,515,741,731,709,95,466,541,731,539,535,2,579,67,40,4,3,350,264,4,5,546,651,91,429,68,898,925,29,532,511,739,994,692,635,933,3,643,999,596,932,539,518,515,643,515,922,0,228,647,36,519,253,645,671,475,667,924,372,539,156,277,519,708,123,515,920,645,347,539,916,765,547,541,539,605,933,515,4,900,27,539,343,1019,349,537,98,913,24,95,539,747,26,997,539,381,803,1019,551,644,539,410,538,531,677,323,907,605,215,23,996,91,519,93,571,587,29,914,115,35,275,677,531,593,93,157,539,2,539,27,277,635,532,247,987,678,746,537,467
206,810,296,194,882,494,1014,812,26,903,490,386,2,302,880,607,94,78,220,46,206,15,770,46,6,492,398,24,770,534,14,248,90,783,30,206,46,354,302,542,55,790,202,255,488,202,1007,7,303,802,218,280,214,29,200,60,206,494,222,981,270,192,189,136,718,194,14,200,2,46,360,232,302,106,34,775,235,25,992,790,999,12,37,262,42,186,974,14,97,291,814,126,481,418,46,1006,145,34,46,42,143,862,204,48,46,235,1008,22,221,93,970,818,810,730,508,68,90,995,54,782,2,2,26,353,541,814,92,39,46,290,34,846,200,22,718,270,392,194,558,783,350,394,124,204,206,79,870,46,194,86
157,387,667,292,861,899,811,156,299,753,307,429,1019,369,187,259,403,777,411,149,411,1021,1008,427,369,643,899,658,835,429,937,787,621,401,925,619,403,411,379,635,301,429,669,183,273,915,147,893,765,417,939,368,153,878,941,272,147,899,683,147,663,155,169,272,913,87,1021,603,605,155,645,660,658,145,373,203,609,137,891,741,531,405,883,363,155,573,173,667,682,163,496,185,640,687,874,208,987,925,891,837,339,707,31,761,187,178,810,878,17,917,24,899,828,145,146,401,935,275,690,579,947,489,426,1003,147,147,83,592,763,861,866,667,529,1011,713,403,682,173,315,435,95,179,685,496,923,121,664,157,301,157
269,317,99,869,157,123,333,117,417,925,933,629,260,420,1018,737,621,285,352,225,700,996,737,957,97,317,930,401,827,98,107,365,869,413,445,445,97,82,221,124,418,365,769,289,293,65,269,323,381,413,61,225,737,127,149,381,360,283,429,6,286,45,291,226,669,133,828,237,171,493,1004,301,703,261,101,738,98,355,941,782,317,877,45,413,445,291,352,97,930,605,189,253,381,995,130,705,749,269,258,253,942,269,509,37,235,373,285,1019,357,753,413,451,993,354,269,928,832,742,97,226,508,228,413,997,416,225,380,373,933,157,357,429,257,109,187,333,290,954,445,301,14,445,813,957,285,798,736,749,78,614
394,403,552,312,504,654,152,260,670,334,159,348,486,344,408,510,158,872,1020,384,528,412,352,267,260,150,360,551,448,415,490,599,520,340,156,398,276,608,394,265,522,388,279,502,412,271,610,799,268,444,407,245,424,436,469,477,616,392,404,752,10,278,360,500,256,736,126,464,476,139,224,214,640,396,526,230,8,399,404,264,136,388,424,256,432,390,20,521,232,314,390,184,112,766,408,264,414,509,415,619,332,432,408,496,655,320,180,256,374,390,395,396,464,384,156,471,328,271,107,370,352,407,276,148,648,340,412,100,388,668,492,352,380,368,701,496,496,271,200,324,12,360,352,498,369,158,12,142,152,444
165,661,676,271,442,226,291,667,469,131,674,235,645,151,437,101,410,100,733,675,468,668,453,669,424,666,645,354,682,162,290,677,165,663,86,410,421,411,510,284,106,410,356,149,355,77,401,154,187,165,171,165,165,150,291,136,677,131,170,610,357,741,356,106,675,166,155,472,676,132,317,42,475,869,665,162,420,219,157,666,341,411,741,3,293,280,667,155,355,154,102,156,169,348,605,698,747,121,283,677,667,469,614,165,645,358,676,469,410,165,170,156,451,282,400,154,661,292,661,357,742,677,234,154,384,483,669,152,732,213,164,938,164,613,878,874,765,421,187,417,170,677,418,148,617,180,154,356,277,855
781,589,789,719,893,205,509,77,205,253,525,961,933,857,237,865,605,685,49,205,993,65,531,646,525,173,253,891,777,883,51,841,481,1005,477,845,518,989,1014,221,5,894,124,225,591,40,830,517,763,957,593,533,77,27,497,163,774,253,541,885,209,845,221,653,251,865,749,134,971,1001,85,717,782,526,13,829,785,591,845,637,25,525,785,141,333,463,541,894,77,635,994,227,13,833,541,893,971,27,847,193,22,507,978,781,253,852,525,781,533,397,193,77,77,526,972,669,1013,783,887,765,499,749,77,598,679,781,109,525,977,749,790,829,995,773,891,978,561,605,717,516,305,125,987,685,13,269,757,571,877,381
190,245,260,221,254,330,330,346,501,766,71,326,198,197,497,509,193,253,437,586,190,30,322,326,374,443,733,726,126,294,577,221,222,119,204,326,218,266,222,126,210,374,29,704,714,598,118,514,277,758,127,527,357,462,265,250,117,394,198,341,3,263,198,261,332,438,12,714,165,709,130,270,449,766,50,251,350,162,694,245,267,14,593,257,326,29,408,70,773,438,767,25,117,446,300,265,189,605,387,325,322,437,241,261,229,138,368,94,245,582,177,526,330,202,247,273,691,722,614,240,246,496,337,341,148,197,204,374,369,125,518,693,442,765,334,78,260,18,693,218,260,341,117,369,501,725,206,369,183,222
662,784,371,661,79,232,794,74,137,70,278,902,663,149,18,874,659,157,910,341,205,391,118,117,138,111,266,137,653,130,121,982,213,394,139,261,234,451,754,251,232,913,225,237,341,201,210,997,96,67,264,111,333,205,206,1023,981,773,269,398,782,338,909,530,271,279,77,54,140,210,143,70,141,375,81,399,146,200,371,242,822,87,924,307,67,649,235,147,309,111,901,399,323,159,104,197,79,214,905,973,7,149,149,822,139,164,249,368,919,261,268,146,278,236,138,231,203,159,407,204,329,211,70,204,646,1002,647,138,250,201,279,130,214,133,717,370,329,205,150,826,206,909,643,150,710,214,717,485,913,999
305,176,497,400,561,530,514,575,528,835,755,1010,16,760,54,270,753,570,34,545,627,464,252,518,528,198,420,86,97,116,366,776,498,232,241,562,336,572,284,278,274,307,49,498,896,242,777,769,647,509,240,498,252,976,212,35,242,253,16,271,338,306,371,161,16,304,534,499,323,163,445,554,883,252,448,51,818,450,512,1,50,438,560,102,498,368,274,720,465,125,573,496,624,242,175,555,572,126,58,514,369,258,678,840,779,816,860,15,528,338,508,259,778,560,369,161,296,646,563,360,713,838,793,502,656,532,562,816,594,242,532,547,507,259,496,540,285,562,831,773,768,242,337,778,882,784,240,340,752,512
436,82,506,461,278,303,290,467,276,284,32,15,300,38,802,82,504,306,266,50,274,724,328,502,29,980,306,662,924,500,786,370,481,1006,468,498,341,95,332,730,282,758,76,666,786,48,302,52,878,402,475,996,278,54,297,410,34,273,906,798,486,412,822,432,202,294,477,397,429,346,230,442,994,1019,292,501,296,187,994,274,108,340,784,50,116,274,733,914,36,274,858,210,54,46,722,566,722,33,428,22,421,474,402,50,42,50,778,464,274,662,54,306,820,822,506,922,742,1010,274,916,786,38,36,854,284,996,306,422,474,486,296,308,338,473,50,306,482,498,298,90,50,914,286,530,1012,195,468,22,400,308
967,455,607,669,563,605,574,323,564,595,321,173,324,125,60,389,339,573,84,96,607,339,71,548,49,67,572,307,583,317,580,759,311,574,479,454,660,700,579,323,415,460,79,351,339,75,80,644,686,519,67,120,179,588,455,124,79,700,597,29,67,611,863,781,176,467,640,453,700,700,323,95,92,563,334,378,607,316,67,639,604,259,75,117,571,508,697,68,945,572,380,453,567,84,453,1020,147,577,324,339,830,570,696,452,632,701,115,964,327,863,561,348,944,336,816,309,323,852,572,35,130,263,947,455,303,697,324,624,467,349,567,991,606,579,67,602,579,583,583,565,351,589,572,92,572,349,564,595,572,67
602,13,193,223,153,593,124,225,137,88,9,670,140,65,718,225,638,785,529,846,144,129,671,669,143,143,1,862,121,47,466,113,592,257,287,78,777,885,27,145,888,8,167,373,345,257,589,138,434,281,0,840,645,113,25,23,493,735,546,607,369,890,145,593,35,94,130,175,769,303,17,143,607,197,883,143,82,609,33,815,769,49,793,81,18,145,82,159,521,239,119,529,151,595,177,857,154,430,357,339,1,153,129,145,891,751,165,321,117,284,593,370,383,167,305,154,143,95,653,632,38,273,465,145,129,880,769,271,799,17,73,127,585,401,146,65,851,25,833,834,369,393,172,15,88,594,93,857,595,237
530,748,840,372,519,613,518,586,355,898,488,900,515,264,424,524,284,914,899,384,460,596,516,406,535,596,82,578,615,494,316,658,608,637,586,540,608,35,637,566,250,488,615,76,612,252,100,274,611,524,736,599,531,582,918,608,494,381,270,610,515,367,279,108,98,670,540,532,620,498,660,539,636,548,406,364,898,339,676,503,614,767,630,522,485,556,512,119,252,992,495,164,628,580,121,380,514,765,359,927,264,514,180,610,67,690,364,456,766,695,452,764,572,591,766,597,703,588,6,684,565,900,740,328,524,531,492,540,562,104,234,520,515,275,515,259,520,98,526,588,908,543,218,110,508,3,764,514,535,360
94,600,190,94,161,894,862,861,670,262,869,106,417,514,88,416,94,184,94,525,672,86,97,472,824,606,800,240,252,92,121,153,42,184,605,88,190,328,858,62,160,612,306,169,81,190,161,344,69,309,801,360,416,153,222,212,986,93,163,94,212,730,702,160,189,173,150,350,606,622,190,161,672,664,72,174,342,158,417,382,478,165,160,413,122,88,86,184,606,416,41,221,92,104,222,190,813,160,30,24,162,166,334,80,174,190,168,88,297,326,189,167,176,545,472,600,222,222,73,526,862,126,432,600,606,166,606,486,160,94,877,119,438,681,862,172,358,169,838,104,90,33,833,734,590,862,166,428,89,345
190,825,710,992,998,512,958,957,806,905,952,943,917,953,642,744,902,953,827,697,558,958,961,952,558,521,993,654,645,903,566,992,896,889,958,827,936,160,681,910,886,446,673,613,400,934,969,953,454,955,344,929,822,75,912,270,630,36,933,522,904,662,704,1016,584,580,646,54,1016,702,700,526,680,712,566,907,704,548,998,902,564,1000,714,994,800,570,905,846,513,712,902,934,1013,704,696,958,678,942,566,564,952,929,892,702,800,518,550,828,865,672,938,719,929,937,1021,825,574,566,892,710,395,638,964,828,378,534,830,938,964,716,966,564,951,536,697,1014,709,884,1022,804,513,527,933,984,569,953,383,555,588,934
638,775,635,142,928,707,0,518,178,888,787,31,548,867,222,734,194,681,547,827,406,549,783,711,794,653,414,826,733,658,886,891,638,551,669,640,607,133,2,879,864,613,890,611,707,23,657,638,639,626,816,968,543,799,519,672,355,735,874,546,558,136,723,144,391,467,866,98,720,668,564,598,705,733,887,518,562,531,518,159,670,634,562,727,675,294,93,635,677,773,544,906,895,898,662,571,886,572,795,653,628,624,800,638,606,532,158,926,175,1022,656,609,670,543,519,239,645,635,691,725,8,682,675,512,786,406,533,461,727,853,677,773,672,891,159,628,635,819,196,210,646,21,215,770,145,719,647,800,378,131
674,673,242,434,210,178,469,460,370,578,462,200,127,461,138,456,818,882,498,509,449,469,764,34,470,181,78,430,77,14,204,253,694,206,460,376,469,466,462,322,497,457,462,637,723,450,205,205,10,178,242,54,502,332,203,176,204,213,56,460,501,478,766,57,204,974,686,461,329,354,461,93,719,450,61,214,242,448,194,723,706,714,354,718,13,286,205,499,429,718,855,270,728,10,14,538,461,61,157,174,200,461,694,182,214,328,242,288,886,818,446,45,50,694,178,706,718,200,426,473,201,461,369,392,726,710,712,694,461,466,526,461,334,718,434,677,53,207,466,461,429,94,690,718,514,468,125,334,718,198
757,463,897,767,640,829,899,804,239,785,673,751,663,763,877,365,761,777,643,691,831,780,255,80,663,737,777,252,649,761,829,252,137,47,897,0,255,767,641,173,579,749,898,911,745,813,700,897,783,784,655,775,649,911,137,969,237,783,751,640,73,656,128,1007,673,652,904,225,897,640,751,754,795,673,585,623,239,681,143,95,640,749,736,992,639,131,767,771,559,780,921,709,179,703,933,641,759,225,831,808,687,785,769,897,781,993,767,919,872,207,951,128,1017,657,129,736,579,616,272,865,911,575,145,913,1007,767,643,127,639,784,642,687,911,825,65,895,769,771,127,767,665,761,905,146,864,771,655,511,492,641
209,953,446,349,333,300,130,460,641,221,509,701,413,957,179,752,509,481,325,185,476,251,195,510,734,449,643,509,505,399,413,409,620,142,355,460,316,204,222,452,315,476,509,571,925,460,92,267,508,126,298,156,229,376,381,192,349,302,481,195,374,381,740,212,765,425,508,267,289,893,387,377,128,347,172,394,734,476,637,101,380,708,188,144,4,924,509,387,235,412,121,607,508,377,448,689,731,335,353,876,29,285,477,152,475,285,510,230,756,132,669,357,376,291,475,344,325,84,27,157,374,221,574,763,161,460,245,221,380,152,731,347,316,512,299,301,619,348,508,131,337,229,401,827,453,481,323,413,349,388
397,927,783,800,621,881,365,773,542,517,877,117,905,97,813,873,21,238,492,873,364,993,77,865,813,945,751,926,225,1000,777,621,911,814,801,662,813,982,206,781,974,879,873,481,761,893,257,109,393,302,789,777,798,367,986,669,925,95,814,911,782,298,905,878,782,790,782,789,887,361,653,141,799,653,865,809,875,495,782,377,621,973,905,430,802,963,882,366,781,905,802,558,670,814,419,769,877,870,781,909,911,277,877,974,981,783,973,1005,661,382,257,373,975,813,381,829,1007,943,865,822,214,905,914,534,893,910,973,873,797,919,887,882,881,569,494,909,879,134,877,787,926,914,946,927,877,877,271,655,818,910
464,1011,43,87,945,87,1009,335,267,288,497,457,980,723,503,887,489,511,76,471,279,944,305,483,9,9,223,501,393,463,463,61,944,468,256,393,127,1011,165,119,439,997,804,388,137,1009,985,945,956,296,124,897,475,464,1015,380,807,262,404,755,465,839,539,385,273,203,65,1015,1011,691,477,331,455,464,263,1001,457,967,967,417,727,721,81,215,272,433,884,944,457,395,468,753,468,451,467,688,751,917,347,112,263,471,319,983,17,465,90,607,16,424,945,247,78,937,936,631,467,439,449,471,439,263,759,599,763,423,455,471,587,335,241,305,627,775,695,464,1,1007,982,211,461,305,497,232,651,1015,467,455,463,372
1014,776,368,526,515,814,302,40,629,14,856,624,608,526,406,119,527,616,528,120,11,15,1008,944,1008,630,576,910,22,8,894,10,270,56,654,206,10,138,135,526,895,276,874,110,877,1000,380,46,638,1000,621,878,624,190,931,1008,880,143,616,999,612,526,159,608,910,110,878,887,88,680,1010,608,1004,527,521,738,240,47,174,622,270,526,530,522,765,750,936,374,880,136,688,552,392,1008,48,9,682,975,4,523,558,14,624,22,810,38,766,136,591,268,872,168,494,598,168,226,525,1008,104,872,631,624,108,526,942,1000,652,594,876,880,976,990,15,622,752,14,6,984,526,680,14,462,648,992,1008,112,590,887,622,1008
610,844,735,605,555,559,675,940,747,675,684,458,819,930,431,924,659,622,368,848,807,975,435,685,944,616,957,442,527,691,559,623,444,575,849,652,540,853,623,1007,911,348,433,700,175,732,588,819,628,812,940,558,588,675,799,956,303,623,689,842,943,657,703,624,570,711,1007,799,687,688,728,621,700,703,975,563,700,780,829,956,573,941,805,368,991,588,587,656,1007,780,702,941,307,701,558,671,589,427,721,675,664,419,978,408,652,986,588,680,700,547,636,700,608,956,693,554,689,692,611,589,723,892,828,471,463,685,945,433,943,427,687,355,203,543,591,939,690,683,538,720,431,556,628,875,658,685,670,367,691,620
95,441,482,789,338,412,354,844,530,482,420,395,466,938,466,466,243,259,470,450,506,130,263,622,1018,781,585,507,467,806,1019,425,451,483,417,227,286,675,609,491,337,338,958,962,594,18,978,293,962,646,970,483,286,978,467,995,490,964,291,986,540,574,90,618,866,931,337,105,196,706,348,942,978,429,230,799,84,227,981,341,525,338,486,459,978,226,978,469,357,962,597,195,610,483,702,532,92,486,786,340,485,208,273,274,95,450,425,196,338,993,286,852,490,290,593,322,897,989,222,215,257,502,212,493,210,746,466,341,806,353,162,274,670,422,962,220,291,788,482,468,276,561,417,804,274,866,418,586,503,505
908,417,593,924,157,597,301,732,353,790,836,317,389,260,280,661,923,413,681,277,740,917,610,900,265,404,436,917,917,28,412,376,280,303,413,17,689,588,973,404,441,313,787,612,405,830,622,440,415,434,465,443,30,764,935,923,835,313,663,654,6,924,398,987,261,484,433,927,493,786,519,900,389,348,405,3,408,127,926,663,414,684,19,399,164,341,325,437,98,509,401,947,425,394,115,780,389,659,1005,947,436,350,24,312,268,46,337,1011,343,347,413,61,414,403,684,403,413,493,946,388,414,488,917,898,643,495,499,338,452,900,703,401,413,98,1015,661,414,413,413,564,748,643,914,398,991,404,646,312,642,395
573,389,764,763,234,806,253,740,670,637,493,582,854,193,133,650,810,645,382,709,733,829,1000,834,325,134,757,450,763,717,557,738,389,197,330,1,570,506,997,550,709,261,718,758,710,757,645,869,378,869,709,889,645,764,450,874,868,762,241,501,289,764,257,869,575,798,269,650,389,828,69,890,763,398,390,746,581,357,644,709,230,571,197,390,293,865,332,245,494,894,826,250,762,252,394,388,234,869,794,741,506,204,851,246,254,1022,782,195,870,762,693,585,741,314,709,517,194,742,35,286,709,357,763,741,705,229,517,710,764,837,718,669,257,196,843,757,709,385,741,762,1018,410,762,133,717,889,588,669,763,713
284,542,865,271,415,311,176,384,359,357,288,179,544,504,479,509,417,417,287,252,388,427,510,477,424,287,264,285,365,311,428,311,321,349,469,413,303,423,141,312,761,288,280,281,518,247,481,481,276,167,287,268,284,631,40,405,271,288,419,285,993,317,413,352,495,415,764,493,751,281,176,256,226,413,145,288,144,609,540,225,256,297,155,405,359,439,296,256,381,286,284,179,280,476,393,365,426,285,32,165,437,413,572,100,491,431,291,287,361,416,317,384,545,349,833,191,159,111,295,382,423,297,253,241,311,321,191,511,331,281,243,460,271,291,487,641,271,284,295,375,485,509,159,425,429,608,284,484,125,299
303,727,396,871,331,89,259,243,499,349,11,793,375,780,921,359,759,321,780,75,711,304,786,443,321,199,239,793,432,76,417,499,313,783,322,816,827,495,195,825,203,827,78,73,257,807,827,375,659,47,807,504,329,374,883,995,71,835,779,199,295,961,4,787,289,195,963,57,49,335,771,777,259,847,771,769,705,335,103,499,799,71,815,433,39,311,393,63,51,931,305,316,99,775,911,922,267,839,903,323,836,15,230,733,799,771,945,847,64,335,675,257,323,839,271,78,345,791,305,423,783,358,1011,797,823,270,372,259,887,812,271,507,196,857,447,327,7,287,311,316,39,67,19,817,289,23,815,499,897,73
46,8,97,6,702,611,878,74,618,590,118,110,94,910,618,650,625,520,491,106,901,106,106,555,334,392,106,14,111,846,8,906,106,936,514,106,90,362,66,110,88,42,158,534,110,106,96,883,826,14,554,110,702,845,90,918,154,938,174,843,1,168,86,104,618,623,87,7,938,414,187,104,974,924,926,108,989,952,919,877,617,10,170,878,52,916,654,86,78,105,106,906,629,21,77,104,102,98,46,103,158,22,106,88,43,553,18,902,626,104,148,747,114,877,616,878,111,629,170,254,906,110,110,385,64,810,618,100,114,938,85,104,11,570,918,703,157,112,527,111,42,1003,600,902,106,110,989,112,346,906
186,412,644,954,529,412,634,837,613,839,756,410,484,899,713,687,583,630,602,428,788,743,532,173,835,676,100,580,597,841,617,442,581,404,980,86,71,260,660,147,148,693,579,764,756,596,664,693,404,857,581,84,436,796,437,916,66,196,722,598,564,389,692,580,85,956,343,84,732,708,608,604,734,867,286,692,405,69,595,581,603,602,876,442,820,389,817,597,397,502,631,605,389,789,595,453,264,756,405,677,738,339,613,564,324,700,732,980,609,607,618,820,890,229,588,868,883,405,148,389,636,580,85,632,244,946,618,1010,988,757,580,900,277,212,685,596,580,820,918,709,436,861,402,4,348,431,581,613,772,825
339,620,240,875,895,634,878,940,370,875,671,18,178,171,795,244,450,734,371,771,944,916,560,831,402,918,335,899,914,434,243,235,53,946,914,53,1011,867,947,520,886,930,210,903,912,880,210,755,158,144,180,837,360,914,498,210,245,872,235,880,914,84,914,989,850,885,957,1010,755,926,198,403,1010,752,415,435,912,567,767,1003,112,658,402,255,245,144,134,885,40,1011,147,659,243,652,886,146,392,915,660,418,424,885,182,488,370,148,243,126,1022,432,906,427,883,895,851,1008,839,156,1013,1013,518,178,915,210,1003,149,978,864,895,215,412,520,146,864,109,211,1014,951,979,1011,1001,722,146,242,498,766,322,371,138,146
299,546,263,467,543,27,547,571,476,295,311,801,487,931,189,543,466,435,467,528,912,288,552,931,467,591,290,291,402,285,799,296,563,291,359,415,466,467,374,547,802,553,530,547,352,96,806,467,67,291,798,371,319,514,278,389,923,671,616,447,287,147,475,924,288,620,277,483,802,520,469,635,288,435,419,735,570,146,295,80,257,414,290,178,305,574,800,292,802,514,470,37,469,419,570,731,923,573,387,32,946,55,19,608,564,275,723,304,519,411,543,723,51,803,291,531,279,334,499,614,395,880,159,387,479,811,608,744,991,291,442,766,539,474,466,415,463,419,381,544,467,479,43,539,547,558,662,498,735,357
937,497,534,470,389,290,503,373,413,543,404,760,281,154,411,820,274,550,399,409,652,923,409,707,870,922,553,919,294,729,413,466,158,267,532,666,509,355,271,542,284,377,798,341,943,51,133,697,278,406,957,407,555,665,486,659,489,757,6,101,735,396,425,27,765,359,409,669,473,409,307,965,245,358,477,745,412,503,167,507,383,383,406,662,410,411,414,469,356,45,349,413,513,765,350,985,918,665,29,633,918,478,921,982,25,649,297,484,353,534,119,159,763,905,598,654,263,669,665,722,538,381,420,287,148,555,163,973,506,671,405,729,758,542,359,454,989,969,537,453,477,909,871,666,502,470,404,277,655,502
340,508,939,640,370,352,738,186,364,355,418,370,484,701,372,480,706,380,204,338,344,288,450,866,208,258,734,661,354,381,230,130,636,480,380,364,420,226,479,48,355,484,764,354,340,386,477,289,66,929,505,549,220,672,624,538,336,111,336,498,452,549,144,338,387,946,652,162,996,226,508,500,372,865,682,142,353,498,380,650,372,508,402,148,483,308,666,400,367,548,390,682,463,228,482,356,468,484,604,215,424,436,372,380,194,492,354,612,89,676,290,425,306,510,380,164,466,722,688,308,770,748,380,372,462,740,565,496,674,372,380,372,340,220,298,418,146,380,256,498,762,356,754,372,892,468,290,411,130,258
628,861,738,641,885,107,402,5,635,847,636,742,98,160,765,670,804,829,113,948,284,588,884,829,134,700,117,188,842,37,691,125,589,895,629,821,884,702,1010,613,634,885,133,167,821,229,819,293,348,637,113,162,340,253,189,892,637,641,819,613,733,546,413,630,702,61,637,242,675,126,133,636,844,676,450,789,860,178,629,181,542,98,21,402,396,669,802,241,571,893,437,785,245,389,49,629,764,444,385,770,636,938,142,258,879,251,401,690,882,149,3,637,637,680,178,658,677,179,282,693,844,124,747,291,701,607,895,613,373,116,290,704,181,636,658,290,141,853,643,629,540,117,881,957,893,1022,389,50,63,765
237,184,758,108,105,249,340,890,868,361,866,264,232,612,328,489,197,356,440,362,758,370,778,356,872,360,553,358,858,324,106,884,200,74,1016,875,490,622,68,746,874,1001,360,246,373,104,504,613,862,214,360,376,361,164,246,616,868,870,484,329,862,888,362,616,396,164,758,360,432,232,104,366,102,88,756,683,294,616,248,500,750,356,266,267,776,360,866,230,357,868,884,841,164,840,372,804,114,358,884,616,532,877,870,488,742,356,409,777,773,276,325,660,620,872,810,404,265,361,232,12,885,272,212,208,789,725,612,756,452,426,362,362,252,264,363,20,555,265,777,365,397,957,365,357,490,264,866,868,620,832
283,11,805,317,867,260,244,52,155,269,431,701,262,69,308,520,299,816,45,11,395,123,572,63,552,399,1006,297,413,289,85,571,747,309,284,471,307,973,181,475,43,338,299,708,965,59,45,525,647,259,525,200,308,1013,461,245,315,27,59,255,340,205,477,891,525,276,5,279,712,737,975,747,43,261,996,756,303,618,300,308,1004,189,520,305,4,75,239,788,101,234,60,292,315,55,900,325,244,347,252,652,301,43,20,827,555,7,788,157,80,712,325,535,317,379,8,413,43,775,180,28,292,251,379,171,300,937,964,741,260,5,715,10,201,262,523,767,955,276,315,964,452,139,525,564,28,437,459,59,52,315
563,748,371,956,709,748,364,732,383,735,344,443,303,116,882,864,883,931,371,628,864,836,396,732,129,756,955,307,996,305,52,948,951,179,369,172,812,428,356,954,444,3,491,373,306,220,804,436,939,943,372,187,115,345,347,860,316,268,860,316,714,877,362,368,629,735,115,371,252,895,947,863,306,798,716,340,397,500,181,387,397,880,351,932,819,172,413,949,300,383,435,884,308,944,371,364,375,876,851,428,307,447,116,748,1004,307,364,571,124,815,172,371,347,607,127,172,992,384,344,10,1020,335,383,376,947,892,480,370,371,847,316,88,949,851,804,420,292,445,323,275,117,816,910,417,371,389,84,368,180,1
757,254,729,137,413,366,714,758,713,281,985,549,625,137,873,536,666,553,758,158,537,137,724,533,735,201,745,521,700,665,930,149,841,630,521,608,825,330,233,616,457,378,864,729,801,584,713,265,345,761,744,715,343,695,31,1015,665,201,197,481,393,25,662,886,10,879,764,239,803,875,713,313,735,2,543,1005,874,536,1001,603,529,726,923,759,41,105,216,649,735,757,233,9,734,729,809,202,9,361,248,201,283,761,761,553,803,287,201,9,713,758,9,514,874,598,154,712,737,281,587,105,410,386,344,759,237,349,751,743,725,216,349,9,726,713,577,761,882,808,241,735,738,286,31,809,273,809,853,225,25,321
329,239,8,137,357,357,41,197,421,681,229,873,166,934,195,215,852,209,806,609,145,97,215,982,513,841,641,613,673,405,165,246,883,929,42,163,905,989,863,185,399,54,977,26,41,47,297,614,54,85,233,203,345,297,171,873,813,977,23,737,366,41,681,345,52,41,1009,445,683,969,983,209,359,114,265,983,393,145,41,160,618,1007,876,818,849,993,175,374,161,32,46,721,41,46,25,466,102,46,210,225,193,565,197,641,174,933,234,362,937,207,209,209,209,473,41,465,153,886,193,613,94,161,49,101,961,981,33,641,337,193,138,17,993,153,297,145,989,41,39,129,171,855,885,138,170,961,705,102,41,471
599,589,926,976,618,762,1009,738,736,464,762,282,562,864,818,310,874,832,363,767,950,866,937,530,630,808,576,717,848,850,866,874,1018,574,635,787,864,427,914,927,834,106,811,298,626,872,864,866,736,580,890,865,840,320,613,867,800,832,411,580,107,744,574,848,596,610,875,370,120,611,815,446,586,0,174,938,330,864,577,352,878,778,848,158,864,578,738,418,617,352,770,298,627,712,827,96,287,374,580,924,868,404,584,857,609,582,770,827,567,178,891,246,554,935,834,890,958,952,864,660,564,832,868,626,634,638,690,608,872,738,864,818,874,834,864,745,890,99,640,706,109,832,304,791,872,795,880,695,407,806
624,380,576,721,865,444,236,384,480,385,320,957,351,252,577,405,195,382,971,126,640,641,879,224,396,569,832,732,268,79,664,490,211,196,732,723,815,316,663,544,879,880,639,704,144,196,92,668,387,495,208,145,767,236,391,895,506,727,407,416,717,639,448,639,716,381,708,412,657,272,733,640,561,455,376,716,124,649,647,639,192,711,64,448,880,425,960,628,447,384,394,895,628,895,148,576,604,765,887,16,660,647,156,431,764,756,73,605,209,759,308,592,708,755,220,601,844,424,128,128,784,254,495,172,596,653,709,889,399,462,651,620,479,439,815,643,468,1023,960,608,592,743,652,732,559,323,748,564,661,67
634,32,562,446,432,120,98,933,26,445,56,156,874,788,8,550,309,43,649,305,164,648,537,566,338,474,281,406,313,414,474,454,62,146,22,372,474,404,556,906,54,22,18,442,54,94,98,726,146,814,78,694,61,294,22,90,310,562,216,216,37,448,90,26,396,22,861,146,214,474,29,716,573,586,46,178,140,270,154,34,98,34,54,38,224,290,108,204,54,405,234,34,474,605,21,458,662,634,472,54,60,10,490,86,282,10,472,154,136,486,615,474,61,962,190,52,730,204,166,78,57,54,246,54,98,208,438,666,290,406,442,21,178,58,538,292,462,54,546,422,230,410,310,465,678,60,62,57,44,214
692,958,858,598,178,606,246,442,440,940,898,174,74,940,54,878,940,13,407,953,15,946,946,974,441,570,952,690,601,94,956,876,978,242,493,998,702,510,4,442,717,918,946,402,695,703,578,698,582,534,576,556,582,702,70,914,152,1006,72,68,404,82,260,64,958,442,950,996,638,956,440,946,490,434,948,578,946,78,76,506,446,49,234,470,388,348,62,780,142,1016,1004,978,342,426,510,438,954,278,426,58,457,434,945,532,350,878,950,552,442,397,120,690,654,594,894,438,918,981,54,590,764,466,946,122,706,390,690,586,946,698,442,584,957,954,274,242,958,456,940,442,434,78,450,442,446,946,94,94,230,908
593,94,814,918,399,670,950,670,526,930,926,942,978,530,946,933,778,162,578,146,605,1022,722,946,782,958,208,942,658,702,652,926,690,1018,1012,136,684,958,86,958,990,882,814,66,914,158,910,680,750,949,828,952,671,702,648,78,190,684,662,688,908,986,964,662,808,958,942,718,678,685,986,670,978,670,914,958,812,558,182,950,781,894,682,948,158,670,158,958,894,908,662,926,686,884,182,658,126,118,850,694,638,930,702,957,86,561,958,913,876,1023,142,918,758,17,909,730,663,652,914,632,944,926,778,882,958,241,547,144,658,690,958,662,812,948,178,1008,82,790,649,590,915,942,766,946,958,660,908,926,594,174
426,329,519,288,86,105,593,470,437,360,645,382,531,321,463,558,417,593,805,201,934,329,81,584,46,582,567,589,548,265,318,617,73,77,817,42,331,169,584,305,289,295,416,271,625,550,630,584,874,303,409,587,687,583,73,30,950,49,393,401,409,346,337,74,585,66,382,978,290,330,574,344,934,586,929,326,337,729,559,422,473,299,530,66,294,344,426,521,338,722,294,438,25,953,47,638,431,882,297,910,733,426,750,366,73,946,600,425,72,814,960,598,262,409,54,550,235,301,842,417,6,267,549,322,714,289,585,1017,587,299,42,408,306,422,430,73,42,246,396,598,544,394,1005,429,422,750,589,73,259,338
891,678,822,858,851,886,808,831,805,820,783,1019,1002,338,728,827,809,888,795,634,871,931,649,355,663,795,1018,999,803,823,650,834,795,1015,824,777,40,27,786,779,800,59,733,735,824,822,552,784,691,875,776,803,810,663,808,829,672,827,1018,862,791,815,777,29,826,891,871,663,702,799,887,685,565,818,816,1012,859,843,827,712,866,602,712,856,859,8,543,821,506,890,459,223,576,841,891,602,695,724,827,856,810,983,850,827,818,805,821,824,810,875,663,554,861,835,731,619,836,374,534,823,218,901,664,802,805,792,779,826,792,795,806,725,571,555,968,807,588,825,998,663,535,824,883,790,855,534,775,1022,843,155
474,481,286,49,93,469,69,221,81,49,557,466,593,485,196,40,80,60,566,401,113,387,576,445,853,592,589,218,481,43,85,609,49,273,433,449,341,477,849,1009,252,222,449,85,478,78,476,753,463,661,601,37,541,92,621,557,61,60,469,501,465,977,50,368,465,211,595,93,1004,80,972,774,977,477,273,977,97,989,93,45,88,81,547,81,107,48,29,92,477,414,49,65,477,258,237,511,782,32,469,465,125,93,509,325,299,980,301,557,45,557,337,213,605,65,173,92,223,69,541,478,470,530,298,877,1005,253,465,109,598,469,481,629,82,48,222,343,476,465,465,464,990,940,477,465,604,605,58,564,445,469
11,191,74,475,173,925,797,168,74,983,48,558,166,785,23,210,179,128,344,15,22,1005,58,533,44,943,202,10,829,430,218,659,961,11,45,797,661,686,789,940,863,218,984,843,229,43,859,288,926,171,46,238,856,662,39,205,458,845,685,29,655,474,13,652,971,83,26,43,769,91,947,986,525,23,76,1019,587,180,467,912,854,927,851,91,15,149,940,853,59,43,319,245,595,693,443,167,850,667,26,173,174,650,815,339,54,428,41,819,210,171,42,859,13,58,954,486,652,806,170,21,680,922,794,696,661,94,256,42,923,12,138,95,795,1011,26,589,247,979,459,211,59,491,190,983,971,95,915,677,83,177
481,505,573,799,433,443,483,963,391,359,952,670,647,25,387,463,568,697,115,888,395,127,59,504,57,351,571,321,995,249,896,1023,25,240,445,441,407,30,798,831,411,30,696,31,481,319,56,24,243,889,505,896,394,435,1,0,281,632,479,391,271,545,486,385,385,267,263,389,57,271,90,688,224,71,497,953,1003,433,443,63,15,95,131,600,224,96,167,89,415,185,11,497,547,440,33,57,825,897,153,553,271,391,1009,399,97,435,336,441,441,647,385,896,675,761,25,42,57,505,291,169,24,441,59,925,385,185,694,419,938,387,632,483,7,414,628,447,387,929,415,185,95,541,395,395,89,483,511,30,403,447
769,941,1022,1,262,705,706,727,304,1,845,647,981,692,849,1006,561,726,714,891,341,590,590,6,895,829,601,717,336,679,706,992,965,341,709,899,598,943,577,854,938,833,766,834,961,767,423,359,933,719,855,749,930,951,694,638,587,941,529,425,679,736,57,974,974,688,16,654,846,577,718,969,561,529,534,634,737,331,422,588,453,711,1006,649,330,686,727,678,561,1014,452,530,641,598,334,513,59,990,695,14,512,1021,694,657,528,749,337,421,87,934,400,871,599,622,417,655,839,802,982,766,689,686,689,455,422,205,609,513,837,641,974,481,961,849,462,933,87,971,742,849,976,833,78,718,223,722,837,561,62,707
320,378,280,346,386,634,368,351,276,386,350,372,66,167,700,218,664,618,858,637,474,154,251,136,404,635,72,331,262,162,248,683,475,197,186,296,472,376,379,576,347,410,178,421,158,743,392,187,666,645,346,712,386,180,324,256,255,325,269,376,320,322,292,603,254,251,860,382,586,346,408,172,265,117,136,152,635,404,344,173,596,392,244,387,136,355,258,726,344,404,344,350,404,352,159,148,333,324,132,195,320,132,654,410,258,856,516,296,400,98,356,700,858,347,406,266,346,386,634,282,330,344,345,186,149,386,456,346,276,323,260,324,635,693,330,320,160,138,250,244,411,347,379,410,459,452,387,389,250,234
542,551,858,727,870,614,610,569,709,47,774,622,610,561,545,546,799,807,473,209,674,607,227,807,839,808,945,610,546,158,563,483,802,209,626,930,742,842,734,558,569,730,733,806,865,1022,614,624,738,558,857,557,738,545,35,482,738,991,737,100,751,550,227,942,818,685,846,689,546,767,527,1006,862,803,34,546,879,807,750,673,542,231,990,897,846,551,806,866,545,818,551,547,814,846,558,221,731,717,750,967,610,737,790,834,577,881,222,678,527,772,551,963,513,276,510,905,838,578,95,289,582,802,835,749,727,985,238,722,33,513,750,145,742,615,558,222,807,586,930,609,545,862,615,944,910,70,630,14,881,558
660,66,900,503,708,594,679,756,583,536,603,580,548,728,628,600,475,596,612,724,604,549,357,581,37,529,915,559,612,659,551,596,340,596,581,636,596,452,998,980,552,596,555,614,594,552,292,555,596,988,638,4,597,468,622,743,965,615,988,929,592,122,638,427,435,725,594,549,288,580,548,961,298,512,664,712,404,551,969,38,592,814,356,614,854,742,742,584,740,980,613,252,612,900,341,596,916,559,722,756,520,340,554,547,724,724,617,734,471,980,563,106,724,550,594,657,545,766,556,944,606,842,596,981,902,548,609,886,84,852,725,607,535,612,300,80,660,596,636,246,532,216,108,598,724,892,855,548,548,564
630,448,1016,535,839,780,1015,124,169,932,127,388,596,443,88,952,592,56,320,164,624,407,931,580,488,882,536,896,120,198,44,896,606,132,328,20,120,452,930,94,628,359,640,604,407,94,112,88,132,24,606,903,380,1000,912,440,96,387,896,966,423,512,64,856,391,480,423,88,710,679,916,630,259,428,468,534,455,643,596,902,123,85,388,576,116,600,152,711,896,1016,632,411,484,1016,68,896,477,408,903,539,637,580,984,68,130,83,388,924,184,644,632,67,399,732,517,71,544,897,128,486,99,88,152,980,113,68,848,606,414,378,71,904,663,1015,835,952,388,88,324,433,65,926,600,896,835,17,424,416,953,120
266,594,412,306,279,730,286,354,82,333,157,357,65,210,621,273,521,156,280,225,354,194,401,717,317,286,326,406,338,348,317,329,322,138,613,363,222,146,567,225,621,874,269,403,576,345,274,556,402,494,333,482,530,81,350,401,177,284,361,384,274,717,626,282,18,410,266,322,329,460,332,337,284,322,435,602,66,540,589,346,401,346,336,282,362,290,333,355,386,222,337,154,274,609,400,281,594,257,218,609,274,340,410,330,285,945,268,342,365,276,286,266,274,681,282,317,534,338,349,402,274,290,234,321,860,403,348,398,100,301,337,432,194,285,210,403,362,354,314,66,301,332,587,50,477,185,282,523,163,146
137,87,953,885,567,944,81,857,880,87,392,137,183,279,889,119,8,83,591,180,15,951,856,847,113,79,632,953,936,849,863,500,632,21,1015,855,598,941,272,358,118,1001,401,496,103,965,959,871,149,939,991,591,79,599,95,246,942,932,344,852,844,951,408,59,1013,919,55,87,972,951,183,648,375,230,596,885,113,895,68,53,1015,740,136,584,36,702,119,937,87,117,14,587,96,503,628,904,921,836,392,912,85,23,624,916,596,885,942,111,628,952,43,1012,9,1012,424,212,440,119,264,529,789,876,41,887,871,1013,53,1015,886,932,1008,1014,87,928,95,951,841,116,64,247,116,1012,664,872,71,886,603,984,375,536
247,879,719,143,333,271,71,728,736,336,846,622,48,863,164,922,249,588,364,844,204,853,36,836,111,924,716,232,76,92,47,588,872,936,713,351,195,839,328,311,108,294,333,224,76,72,588,840,195,216,67,648,252,200,830,188,72,878,348,324,204,414,24,76,76,846,526,55,439,915,768,748,77,874,200,924,590,40,334,591,296,733,952,648,929,334,360,400,348,599,576,524,333,989,108,872,567,297,438,332,643,334,332,584,584,873,591,78,648,870,832,242,328,40,68,876,156,77,72,922,351,620,908,65,143,183,932,372,328,508,640,398,744,728,604,76,72,336,79,79,632,590,847,324,151,328,327,836,619,39
657,535,902,1019,792,548,967,506,766,449,377,521,917,959,951,399,827,405,307,409,652,473,505,541,927,441,518,61,953,521,743,443,841,379,400,997,535,409,993,551,449,537,272,393,119,667,535,287,793,774,507,921,1005,917,900,1019,506,525,1018,901,449,938,270,25,995,1019,666,412,537,141,1019,475,512,263,760,907,667,921,737,74,312,921,649,409,760,287,29,955,499,906,392,519,124,447,900,442,391,919,807,405,969,487,511,1019,793,505,411,649,257,975,922,505,411,468,480,483,952,904,345,57,731,393,484,934,393,283,485,103,1020,985,581,796,298,78,655,538,829,711,409,577,889,792,413,997,231,913,1015,529,485,921
259,797,130,727,448,721,736,707,289,812,717,456,317,704,728,991,289,801,309,840,664,128,748,318,832,864,387,215,313,57,193,832,224,465,872,288,544,905,800,383,904,707,713,331,0,448,569,197,312,208,839,120,227,96,798,287,248,744,993,508,760,665,743,481,1007,312,983,832,312,737,136,552,480,960,969,1013,737,453,960,745,737,983,657,557,241,318,200,285,868,554,301,491,320,751,697,849,665,992,1004,1006,545,121,480,528,264,841,574,264,728,735,712,593,711,736,287,971,764,961,716,727,744,809,764,449,1016,704,713,268,128,488,929,455,992,491,377,493,480,201,801,704,1020,826,977,312,704,717,705,704,137,382
582,363,820,584,708,591,53,895,946,938,554,135,615,71,212,714,747,204,950,259,947,244,647,22,567,583,971,586,619,862,690,974,698,650,692,616,874,550,714,923,124,986,694,814,934,10,214,646,1014,778,34,620,980,687,906,584,276,722,948,971,10,831,200,546,566,859,506,727,632,912,692,692,955,392,590,555,575,588,727,750,655,104,628,812,404,714,580,764,843,586,584,970,650,955,330,202,694,720,692,822,590,708,887,532,974,971,722,692,726,822,586,811,716,334,695,550,756,635,926,708,651,811,964,1003,588,584,722,948,603,660,808,636,826,936,54,686,702,432,979,786,260,136,596,662,692,907,727,808,584,634
967,316,451,960,867,984,12,388,916,384,1012,328,505,952,384,900,884,404,476,412,499,893,928,1015,906,1016,888,372,462,124,124,1016,76,504,112,408,500,376,504,503,955,924,376,416,344,504,508,127,423,394,440,651,372,506,904,392,91,473,74,14,551,88,410,12,143,504,476,267,120,496,460,384,116,124,8,1020,388,644,408,122,459,972,372,944,382,392,1020,944,510,1017,408,76,384,20,448,651,436,484,995,395,952,920,72,68,24,393,126,0,511,104,504,412,510,1022,120,119,123,401,510,671,1020,100,503,446,411,510,395,112,480,496,459,96,500,908,500,926,118,318,122,412,510,384,9,511,252,438,995,187,412,1021
828,941,871,799,465,865,544,353,929,769,224,298,852,929,945,784,864,925,549,912,385,989,608,869,976,554,897,305,784,532,860,929,943,797,533,596,608,637,920,784,257,928,744,164,528,788,263,784,799,735,800,991,784,896,771,573,892,796,918,476,613,415,872,714,885,636,796,797,915,512,545,513,926,784,159,368,790,913,541,528,918,929,897,540,593,768,592,775,613,928,797,541,545,933,515,929,592,360,700,630,945,992,864,836,785,817,913,941,355,755,819,913,745,285,799,925,621,532,877,864,608,772,273,740,942,540,931,881,60,272,797,256,797,284,932,924,913,744,30,798,720,897,918,360,896,670,736,531,799,737
788,676,964,36,852,710,964,812,812,800,402,754,972,660,830,770,408,980,461,722,790,548,722,842,808,962,800,295,824,751,803,769,774,862,528,644,748,804,676,806,220,1016,708,577,678,806,802,962,950,712,804,816,804,803,754,194,546,804,992,900,806,676,294,678,300,544,952,788,978,808,302,946,286,814,800,826,676,44,812,853,946,800,806,932,596,66,812,548,20,967,676,512,800,814,932,768,549,552,988,808,814,718,553,231,644,978,222,541,998,811,552,758,804,854,37,964,704,197,824,806,518,704,132,968,805,1014,1010,800,998,828,950,808,194,829,61,804,1018,524,512,704,734,802,742,808,725,930,516,772,706,37
63,835,540,732,92,547,572,572,675,713,737,247,574,560,719,559,832,637,815,36,547,319,545,831,225,924,316,672,557,45,609,5,861,569,573,907,801,1003,677,707,549,44,751,809,707,556,717,569,815,704,731,733,803,1005,556,556,553,731,804,547,747,288,805,1003,568,489,720,732,813,734,317,411,923,692,805,533,849,475,544,737,713,299,303,865,603,545,748,580,543,803,33,551,796,547,740,731,831,252,555,805,285,469,59,750,679,835,859,623,299,672,579,548,621,705,843,744,603,569,221,995,557,293,557,541,973,723,480,827,723,515,411,843,213,163,833,609,519,805,345,733,544,601,735,46,345,545,707,831,283,291
53,358,373,374,825,438,328,283,326,113,357,458,273,119,375,15,342,1022,15,335,66,678,367,183,208,326,367,272,382,818,918,374,54,368,838,235,393,118,329,98,375,886,118,457,134,5,282,166,86,358,17,25,335,497,118,374,151,855,358,502,265,246,265,793,530,309,401,790,245,839,374,150,369,872,153,329,112,209,50,496,249,373,375,359,382,14,182,879,689,374,73,873,118,241,110,525,241,113,840,22,393,791,113,119,118,377,366,379,246,790,77,9,890,102,247,21,807,833,238,374,249,277,283,245,273,111,774,969,278,891,102,233,841,246,368,113,277,374,246,278,142,232,407,23,181,119,978,118,151,117
183,719,458,212,463,522,437,206,174,183,205,647,266,161,941,207,429,237,954,545,174,175,949,181,430,214,203,718,987,553,561,206,421,464,161,438,235,479,458,445,233,206,462,63,335,949,182,427,506,255,245,385,1,41,719,326,558,175,169,194,487,782,14,551,49,951,449,2,437,830,53,561,814,817,461,190,433,458,945,969,461,717,214,431,699,161,470,693,414,444,175,170,139,469,183,173,46,140,462,815,333,686,63,494,433,47,975,923,494,177,438,202,173,199,246,190,502,176,182,169,204,193,679,206,49,1007,233,458,53,526,459,181,493,49,438,366,169,718,63,464,683,365,207,207,223,477,321,469,513,341
141,853,71,391,35,114,456,359,356,969,805,805,13,645,26,451,374,871,629,887,420,101,450,874,758,822,880,374,141,538,930,101,261,580,107,861,503,498,107,168,271,457,112,191,499,280,166,186,970,346,75,374,429,156,91,1013,869,997,234,123,709,872,875,76,552,973,105,866,328,9,105,131,269,327,847,186,140,866,136,877,485,7,365,853,658,325,651,581,71,71,7,201,439,631,886,439,57,8,290,266,96,135,664,27,838,373,469,476,18,600,997,501,117,154,442,112,501,1021,3,866,71,708,871,51,115,1002,871,711,332,709,330,997,881,715,42,525,870,212,773,778,295,614,875,965,115,37,951,844,359,758
905,599,681,119,983,585,273,919,604,657,433,915,657,590,401,645,673,407,658,407,407,407,659,858,909,1001,914,215,914,401,977,406,420,617,529,406,437,338,905,406,606,399,857,407,599,393,589,393,913,951,809,535,517,993,17,393,985,391,396,583,61,129,599,689,602,417,419,659,395,954,402,649,425,87,439,970,402,913,605,601,929,659,429,579,279,439,407,401,401,503,658,701,329,457,858,599,593,145,666,603,683,281,471,951,343,409,401,401,531,969,601,991,922,547,931,682,977,913,910,749,343,683,601,810,685,641,497,433,273,349,337,361,593,385,601,918,847,585,968,923,594,697,759,402,393,929,43,329,585,907
805,355,467,22,281,506,757,25,535,979,418,482,37,902,746,641,1019,473,953,757,547,976,411,470,485,467,487,489,485,475,949,487,229,997,467,531,485,789,997,91,23,19,538,27,467,281,486,685,530,997,25,517,805,466,377,35,485,483,19,10,802,741,506,679,275,290,533,5,1021,25,475,410,27,531,494,489,206,475,85,485,481,997,471,467,485,491,487,471,509,22,34,1013,411,489,499,389,229,489,3,487,997,979,483,82,483,289,803,115,495,819,282,530,489,933,933,826,333,411,35,787,741,462,507,13,470,477,929,507,553,37,509,482,101,993,994,613,19,485,485,933,25,345,762,485,377,278,37,435,17,275
150,523,521,939,907,521,651,907,201,904,599,523,56,520,243,891,635,535,95,955,43,4,463,775,8,235,535,183,631,23,952,968,715,389,253,911,951,395,773,903,139,947,695,939,115,239,919,841,619,395,573,431,399,121,443,104,745,811,107,961,9,211,788,527,496,975,774,696,320,516,527,52,555,952,207,359,168,532,15,903,489,913,1001,139,138,919,411,99,123,967,905,951,971,624,407,59,107,11,939,19,457,531,119,113,939,955,639,127,139,140,901,884,523,168,136,916,116,119,443,537,171,968,219,912,247,107,183,115,907,507,55,989,71,969,393,103,827,907,233,59,900,169,839,913,911,11,953,935,169,905
269,594,203,561,949,717,213,878,449,725,86,449,727,237,725,366,213,258,365,278,221,214,749,277,257,49,846,197,589,349,821,826,623,968,789,878,789,341,242,589,269,713,737,717,717,747,493,206,149,683,338,725,858,276,594,723,205,292,465,790,685,821,578,266,333,257,782,342,331,597,466,698,203,749,797,750,750,350,341,349,334,277,540,731,306,590,835,789,805,397,278,278,36,725,326,341,708,790,471,589,194,205,277,207,294,365,277,782,304,541,307,563,561,267,467,333,717,341,449,531,469,594,634,725,861,717,277,268,276,735,751,141,682,465,493,264,274,13,269,275,92,717,699,786,468,619,533,237,305,530
973,311,982,600,247,911,920,164,1023,561,1020,855,632,631,756,895,403,937,95,431,655,1014,819,895,575,927,1022,983,831,922,1000,588,431,718,623,591,855,992,975,831,55,348,968,503,1022,196,992,1022,921,1005,312,456,975,991,505,860,968,918,126,471,964,975,56,820,748,588,974,968,831,399,975,862,974,584,846,855,863,469,969,575,175,804,137,1015,860,728,94,375,840,175,818,584,344,510,574,572,871,1012,1012,32,138,847,940,973,679,633,543,567,895,819,636,462,727,974,911,149,752,814,838,840,1004,764,1004,990,845,968,627,632,47,985,463,791,591,850,220,585,760,1022,884,964,207,769,991,796,974,969,95,967,550,39
941,964,41,97,537,89,833,769,769,957,926,573,72,753,957,973,100,897,936,785,770,798,788,238,785,631,785,567,177,51,989,897,669,145,981,797,925,857,656,378,913,812,513,564,429,61,772,897,768,990,849,830,925,957,543,897,96,766,217,818,194,825,867,894,785,525,919,1023,994,834,29,926,897,897,449,798,768,829,305,769,222,690,827,570,53,897,565,897,1022,894,78,941,547,939,926,820,901,861,62,781,881,773,570,61,921,913,178,36,977,97,894,798,792,769,521,966,977,785,965,797,945,926,889,539,449,465,985,469,979,12,826,167,798,961,896,924,921,962,836,902,989,878,784,636,858,769,921,833,926,863
125,42,46,61,240,812,558,546,812,797,60,25,588,573,553,50,301,61,18,273,46,586,317,417,88,19,49,702,308,49,754,466,122,554,234,561,348,28,466,54,537,554,300,539,28,480,244,66,62,236,814,73,976,554,54,163,228,174,564,546,252,49,260,289,43,432,497,525,58,44,161,62,124,46,46,38,492,309,302,555,531,106,102,545,965,46,149,556,501,273,572,749,564,1004,560,46,949,748,28,60,498,809,45,299,285,388,9,474,970,644,942,172,597,932,300,13,44,957,35,821,401,526,14,542,435,305,498,45,574,235,557,698,572,27,41,750,725,597,62,17,117,141,204,179,234,979,25,526,708,81
709,462,293,553,181,942,557,125,420,181,171,454,195,277,786,109,129,171,516,365,387,245,163,125,178,2,451,195,35,36,445,675,330,697,159,278,111,29,959,300,397,636,165,35,531,164,457,489,33,323,634,418,290,63,425,454,429,146,290,324,131,581,529,125,434,189,41,37,174,65,183,366,558,989,322,610,547,434,51,301,609,958,662,353,45,197,62,87,162,71,159,421,190,259,673,371,173,956,412,147,686,301,421,637,685,979,133,107,33,461,361,188,101,466,646,841,573,226,174,106,146,33,17,450,173,450,322,45,206,525,429,274,435,293,35,173,30,184,45,421,726,29,173,202,101,678,164,674,37,17
1004,936,1000,816,750,214,68,948,534,996,40,617,584,872,331,76,744,63,858,972,638,576,936,616,616,979,86,454,195,490,874,980,840,400,136,971,74,976,808,1000,540,420,105,552,990,528,980,292,468,488,814,878,969,580,16,561,840,466,16,944,991,976,808,534,84,874,256,550,553,878,742,979,811,592,916,130,663,552,198,463,212,560,872,680,842,1000,482,123,976,836,980,932,563,1010,564,632,453,695,298,436,104,458,980,976,567,118,960,771,928,384,352,484,72,964,20,580,600,586,548,464,392,594,600,75,930,619,72,528,335,522,16,600,500,488,912,864,596,104,979,840,406,84,592,584,552,964,891,983,588,974
617,836,820,172,552,946,693,82,99,116,189,660,852,701,598,594,188,514,639,582,916,949,686,47,692,180,180,940,180,565,182,133,188,147,172,603,822,919,311,920,693,236,876,116,692,626,66,555,669,52,246,370,724,834,702,562,852,572,628,146,114,50,341,690,700,187,703,42,568,617,853,178,92,981,566,695,632,547,898,172,149,948,770,892,697,144,564,244,1021,941,261,690,568,685,623,562,848,918,701,596,317,823,559,942,690,130,691,176,975,626,690,697,664,671,703,660,980,307,189,621,693,955,701,830,684,620,660,636,632,852,44,935,693,367,978,1017,660,559,700,105,1021,724,218,692,669,253,660,699,125,919
732,399,405,7,742,69,485,194,485,708,646,357,421,90,517,418,313,13,457,455,452,358,893,696,413,677,509,373,726,226,614,356,649,421,740,347,553,353,349,549,885,505,693,870,677,757,554,420,8,69,669,408,421,422,469,429,741,158,378,481,486,354,541,392,186,225,501,58,229,5,662,506,645,468,325,486,1017,738,357,197,330,317,229,614,408,708,505,261,579,416,137,6,392,926,506,645,1018,509,482,645,545,917,396,166,68,193,482,906,453,381,357,709,632,357,69,550,569,645,485,410,358,164,128,134,382,226,568,669,229,741,378,260,741,645,996,641,105,327,57,413,666,378,390,357,389,421,389,709,711,373
421,670,484,337,359,21,662,668,484,486,344,467,385,483,408,415,215,16,481,486,494,399,3,415,97,408,509,348,493,286,385,485,1006,402,380,367,357,275,488,657,408,46,392,643,766,88,31,485,894,992,382,774,480,364,366,508,417,412,1021,488,1005,600,365,671,350,478,316,366,493,384,440,344,341,9,286,336,349,413,495,24,126,685,449,345,484,100,397,302,403,29,383,285,9,636,25,108,337,486,8,356,465,383,343,4,1021,420,355,480,494,366,487,321,385,508,28,510,412,657,449,409,93,388,380,643,351,444,409,489,103,465,401,353,493,366,281,389,385,381,364,864,383,350,421,492,620,56,281,485,409,24
564,962,820,213,790,206,824,55,823,975,456,206,72,180,22,55,54,199,196,196,897,180,8,86,200,372,91,1012,43,970,247,776,58,44,980,58,80,12,854,884,9,454,951,944,379,455,304,330,44,40,886,500,971,846,846,52,463,119,199,54,827,858,822,300,80,919,822,79,886,340,46,200,822,948,63,820,820,457,32,304,316,196,292,204,852,812,783,970,198,980,962,55,202,374,248,207,248,212,84,84,23,776,22,70,854,303,340,838,838,857,882,820,198,198,820,224,840,14,212,886,201,40,247,449,335,54,710,651,36,202,198,10,308,36,823,86,776,727,780,54,784,948,264,455,8,20,52,212,304,14
15,189,909,622,1020,57,898,616,522,688,117,722,567,119,938,663,177,999,370,572,628,919,896,946,636,567,911,619,689,588,1004,937,753,560,709,904,619,561,974,906,554,528,64,968,110,633,640,828,513,626,528,17,367,48,1002,952,914,905,144,624,657,1013,253,48,912,912,220,529,648,940,49,562,16,596,560,1010,176,629,624,566,628,917,124,16,948,973,561,110,977,944,31,127,179,944,1004,912,624,560,905,968,951,207,908,528,637,49,52,16,332,973,895,689,912,624,980,692,217,48,556,1004,567,905,52,914,695,560,48,560,968,631,1015,12,1008,944,9,880,130,514,176,752,765,16,306,820,816,526,1013,944,637,560
670,933,527,699,629,731,667,556,154,1012,995,965,958,957,683,351,568,734,671,595,922,851,883,721,1020,867,70,940,593,693,654,251,266,937,676,847,937,924,986,890,910,668,379,693,951,229,860,861,927,547,678,543,542,959,658,859,954,915,730,731,944,959,542,865,746,757,671,729,728,671,1023,907,922,996,979,659,1019,862,1022,1022,165,921,926,435,559,526,1011,891,158,140,922,603,954,660,523,862,944,917,656,74,911,1008,925,1022,658,667,764,155,1023,890,923,582,848,671,927,856,767,789,891,668,651,651,859,923,890,935,931,994,955,528,667,1009,634,755,1003,211,1018,986,931,543,958,153,906,1011,924,969,670,858,526,153
402,302,200,720,230,50,316,216,632,155,288,168,305,774,290,334,132,750,236,184,304,658,182,16,293,802,294,24,162,78,304,194,204,182,290,261,136,434,322,222,109,342,222,222,33,338,969,220,201,236,16,908,376,74,206,32,560,222,218,200,728,220,976,239,221,152,76,328,110,46,17,342,46,202,221,674,366,197,552,44,10,208,288,294,978,207,330,216,294,50,352,216,170,76,456,76,288,163,731,237,732,294,310,972,28,76,44,215,200,208,217,136,796,322,1006,204,956,106,46,204,970,792,232,346,912,288,218,202,53,238,262,307,238,732,216,34,216,305,932,229,518,216,54,329,232,50,292,236,216,793
605,514,5,525,622,637,334,691,125,853,93,698,453,621,109,178,925,1021,819,910,872,550,973,613,549,589,133,485,908,622,518,381,908,28,645,621,654,637,907,585,526,519,525,18,421,389,125,550,662,361,617,101,589,637,269,91,636,949,923,953,534,994,698,741,563,909,590,535,943,509,637,527,518,573,587,13,185,518,725,923,911,1005,566,15,541,589,577,639,901,13,654,617,518,617,907,621,613,619,1021,621,589,609,621,99,517,1005,109,557,611,637,125,899,754,122,29,637,524,451,609,737,587,846,589,637,613,577,741,77,617,659,637,730,526,513,638,365,101,322,645,919,301,701,533,596,569,538,518,557,514,709
833,996,416,177,511,261,999,995,563,964,497,420,485,988,642,1008,254,96,309,482,992,632,393,485,993,492,501,513,176,481,772,417,364,383,368,481,753,132,260,137,868,571,389,466,600,993,484,483,480,496,561,965,1016,189,975,995,929,803,137,3,753,538,536,511,483,256,505,993,387,156,497,511,451,492,537,131,816,15,992,486,391,1017,768,482,507,633,152,3,548,132,3,769,965,489,518,769,99,1,448,299,482,567,5,482,901,963,1004,992,493,867,516,832,492,261,1010,495,165,493,795,484,485,264,1016,993,1009,847,481,163,537,847,577,381,408,159,261,225,265,133,15,480,129,541,389,449,281,891,193,1022,463,256
491,748,629,405,97,992,482,693,935,757,614,615,629,618,610,897,581,1015,631,683,613,998,670,439,761,436,385,689,121,723,539,287,247,605,717,378,519,683,599,910,991,102,921,629,775,1006,509,5,615,31,502,737,759,397,911,5,391,601,353,422,29,489,454,455,398,305,21,390,337,918,278,263,485,750,417,121,1013,21,503,485,1023,262,638,629,382,618,651,289,1009,606,289,737,485,1009,761,653,65,669,384,745,911,598,743,493,103,1014,267,967,735,619,614,5,606,489,65,761,391,615,533,511,633,539,742,495,433,490,794,613,441,1013,753,761,451,421,261,1015,757,1003,765,53,377,453,439,11,757,614,693,231,898,127
840,968,119,200,714,238,784,1001,11,239,855,247,848,848,1016,701,206,695,207,848,216,852,253,161,584,216,840,233,824,649,201,833,335,745,843,11,201,182,200,567,200,889,755,48,200,692,823,200,968,118,715,848,951,232,737,616,786,411,215,72,174,712,841,782,248,787,841,683,840,841,151,152,168,206,779,784,143,246,968,73,824,15,192,305,144,238,960,24,939,718,206,982,712,200,401,790,208,47,599,624,248,124,663,712,40,248,239,233,231,439,754,224,712,816,72,918,832,0,320,392,622,247,790,47,119,567,127,584,80,784,9,571,712,192,760,744,822,696,88,362,463,201,975,783,70,689,848,712,246,200
549,697,407,41,901,591,783,977,623,585,550,517,877,873,552,873,1003,535,596,615,985,901,849,953,983,969,1001,277,549,357,296,13,471,295,576,553,527,619,315,616,923,551,533,919,911,535,918,680,875,977,938,456,525,617,837,901,805,623,293,616,975,975,967,552,925,533,619,169,559,329,553,585,595,832,543,777,553,583,401,905,617,747,875,985,879,406,921,447,869,721,553,285,937,951,175,593,559,623,296,399,921,983,1017,96,616,879,409,955,535,919,721,977,529,405,555,917,919,623,531,525,777,616,877,533,623,315,903,911,637,917,427,446,985,904,919,727,617,297,977,553,567,896,702,978,553,849,364,615,975,624
354,129,265,849,740,735,192,509,709,231,728,647,333,247,194,640,881,896,872,155,227,545,819,240,561,801,129,198,240,128,519,241,522,578,202,646,184,129,161,834,154,668,814,392,934,715,712,136,821,554,136,640,216,653,160,135,242,759,138,155,640,930,198,704,705,49,144,74,193,881,833,169,193,70,193,705,344,378,735,198,593,716,650,723,839,311,647,319,563,518,713,199,807,201,199,375,200,203,329,578,216,731,833,705,704,822,321,157,737,170,400,194,743,964,192,759,223,141,195,849,741,710,318,193,726,704,289,548,906,705,26,503,147,295,887,968,128,192,904,441,135,199,968,774,704,193,753,163,564,575
492,177,492,299,400,877,557,364,479,335,503,913,476,888,364,536,766,715,872,507,752,416,387,817,241,221,55,393,755,476,240,764,45,514,556,531,212,620,654,461,636,328,753,318,752,560,720,940,835,643,476,1021,216,220,845,920,508,539,480,369,131,376,504,730,377,714,353,765,472,915,716,488,819,215,406,688,764,312,312,669,360,411,705,372,816,968,503,508,901,856,320,458,885,760,344,664,849,360,296,512,308,347,1019,348,488,463,1021,495,204,364,401,673,973,659,386,378,491,528,718,857,536,707,721,477,732,726,349,464,732,991,1007,695,755,771,129,484,372,382,476,728,177,972,208,968,269,656,748,504,396,994
837,885,442,698,82,242,135,909,902,834,931,650,163,901,645,708,388,897,85,938,903,907,837,523,641,772,173,528,537,647,774,873,836,251,900,907,325,229,1013,372,658,640,132,156,875,141,644,447,678,798,684,226,157,892,697,581,717,386,772,853,647,837,68,959,676,687,867,923,683,837,679,1019,857,900,1020,837,839,930,884,674,923,902,964,892,774,967,501,834,781,852,683,859,897,677,896,549,683,394,839,774,779,235,385,867,843,668,260,67,358,680,849,388,324,549,231,263,578,419,676,372,1012,902,909,679,774,994,905,645,228,836,781,645,757,740,649,934,911,230,697,412,901,891,907,899,130,908,803,674,837,869
354,226,156,34,250,802,34,162,227,166,159,224,239,163,230,248,226,29,227,130,229,59,226,738,826,134,267,227,226,482,925,231,29,18,227,128,249,275,19,930,862,773,738,159,221,226,224,166,995,243,239,994,254,997,147,227,1018,226,248,30,226,226,298,224,254,664,923,248,303,447,774,154,94,248,389,171,936,90,226,131,226,238,238,26,806,159,184,274,165,254,226,867,224,798,157,103,226,866,45,1022,238,258,133,231,933,999,269,152,142,78,250,290,831,311,315,231,227,994,924,262,173,224,286,231,170,251,384,31,227,190,294,102,255,70,314,418,992,927,14,280,526,774,647,931,238,184,483,239,168,142
858,582,409,313,266,14,848,817,0,521,856,921,528,873,790,788,614,502,854,779,984,857,776,6,361,446,90,11,106,278,84,852,328,46,201,906,229,202,274,438,585,489,618,457,446,113,489,790,550,272,393,785,201,10,753,777,102,864,950,649,648,875,329,272,870,398,14,782,76,94,926,278,394,822,22,918,273,328,310,366,918,592,112,785,330,300,784,73,373,18,489,226,278,777,329,905,273,911,1016,904,338,82,10,566,522,25,913,16,362,10,768,862,14,1014,776,82,54,6,790,104,784,446,86,981,871,774,78,831,86,214,777,661,393,52,393,17,377,400,568,905,337,874,105,335,18,73,792,446,852,333
76,133,198,714,625,6,475,335,359,219,328,263,495,36,166,730,346,728,198,14,42,223,684,325,749,217,202,987,541,196,202,334,198,6,710,286,205,6,362,650,55,280,334,11,266,507,891,139,935,22,263,734,298,221,350,302,678,630,203,369,229,219,839,999,501,687,203,477,568,341,989,138,39,422,139,79,710,719,326,46,723,667,295,133,326,967,622,648,326,154,321,670,302,359,294,330,382,79,351,335,648,298,901,203,345,454,763,79,70,70,357,200,251,159,379,517,718,986,206,262,330,311,206,358,332,212,37,70,222,728,334,382,75,494,139,730,254,378,902,383,1018,266,250,978,37,719,970,646,10,6
172,422,40,72,166,136,166,426,187,68,454,420,140,167,266,845,90,546,836,423,134,935,438,182,151,68,420,296,392,805,90,110,102,940,266,120,284,170,36,162,164,68,90,300,46,431,74,78,154,172,167,297,292,93,558,678,134,247,819,199,100,434,455,170,88,939,246,140,422,437,250,95,164,966,39,38,167,451,287,580,932,420,408,200,199,202,94,294,442,166,183,68,119,183,258,150,674,168,424,210,223,222,456,422,152,180,198,182,939,196,215,416,820,202,138,182,198,71,504,174,711,202,94,78,223,0,418,990,90,878,163,180,166,135,918,134,164,195,426,168,170,216,196,359,422,628,71,988,420,431
208,56,696,49,184,948,715,648,1008,200,560,664,185,964,980,984,731,990,976,713,692,968,971,592,564,185,201,24,136,724,887,48,684,595,712,1008,54,756,526,176,982,968,713,648,688,40,969,947,852,986,729,712,56,664,566,688,696,216,761,528,952,950,142,968,88,716,560,975,968,544,88,441,968,936,694,159,948,139,907,712,725,978,718,969,836,187,52,688,200,182,1016,564,1011,4,936,720,956,1012,264,568,404,961,947,712,51,132,700,944,720,571,444,654,952,744,187,968,886,968,568,843,950,753,574,8,568,968,840,135,328,88,692,712,969,944,936,1015,758,720,968,950,136,952,200,904,564,202,908,712,688,568
622,637,377,849,675,990,883,686,349,656,338,638,134,838,896,1,633,413,325,337,152,670,57,618,633,318,600,775,976,993,377,142,889,369,638,742,793,529,125,744,281,121,605,353,583,749,577,404,966,912,593,358,89,349,677,744,121,593,658,604,409,369,259,633,614,637,105,881,633,562,593,609,889,526,665,638,357,324,701,609,222,718,981,613,541,369,665,378,645,925,626,592,358,327,633,889,669,605,382,536,587,377,577,645,609,540,365,750,664,120,383,614,638,610,369,520,600,745,134,516,633,633,976,587,383,1017,670,924,677,133,605,382,623,377,984,648,664,1009,57,536,537,606,743,158,376,377,66,617,408,401
1017,810,794,802,700,822,41,833,321,154,813,145,1003,814,803,63,289,827,821,50,777,811,682,783,89,80,259,862,266,811,591,893,186,60,303,930,773,438,54,814,777,194,778,777,47,989,467,426,826,809,361,269,242,58,841,78,1010,978,331,938,210,313,1015,1019,815,109,522,9,82,779,214,317,815,877,831,781,260,770,298,782,771,829,317,182,65,1021,314,313,60,302,789,11,829,310,2,826,10,810,957,890,831,266,42,954,782,139,777,785,313,814,806,74,714,819,201,1003,203,186,802,1001,318,442,303,811,44,815,10,827,1019,1022,897,826,828,954,1012,339,143,1021,995,1002,11,63,437,266,61,1015,13,977,830,61
298,916,216,940,970,820,596,979,44,597,604,620,986,936,981,812,682,1002,248,552,913,986,488,948,616,1000,308,613,492,620,906,972,271,810,620,517,555,470,821,800,939,394,1004,804,619,603,396,790,618,620,616,949,360,1012,1002,876,428,155,620,516,986,916,772,938,460,876,468,940,1000,976,932,934,949,772,618,410,807,420,932,466,234,869,266,550,940,396,858,613,419,850,42,406,420,552,46,810,938,306,242,328,299,420,500,986,144,938,1002,558,634,937,544,592,552,484,420,812,917,946,874,548,298,826,228,914,804,938,620,674,516,932,982,876,842,820,936,548,618,388,919,692,810,616,872,396,634,806,680,938,628,618
398,95,609,105,275,529,592,627,103,339,527,403,67,362,403,102,603,632,83,111,47,19,101,400,383,111,346,145,175,385,727,167,113,611,25,82,622,352,16,273,635,333,108,95,145,80,607,95,111,339,785,361,74,94,784,403,107,434,338,125,603,79,343,450,97,311,105,87,209,387,400,623,299,76,79,423,107,51,97,401,81,111,387,83,364,339,271,419,365,79,407,912,95,403,111,439,16,659,87,785,91,49,47,878,351,118,400,118,657,113,403,115,594,79,461,354,114,91,19,623,660,83,108,281,75,105,408,47,79,127,17,415,73,595,15,655,431,339,18,336,111,446,535,495,18,407,80,501,663,465
1008,985,691,537,881,616,616,384,622,398,905,923,994,959,497,371,916,969,139,152,892,502,753,648,258,371,302,138,144,1009,434,427,973,995,1008,1008,1006,910,691,774,963,908,994,891,880,886,744,774,528,498,720,625,950,888,424,624,387,385,241,190,836,242,910,622,590,756,138,228,432,782,961,417,452,936,902,936,637,937,130,519,774,636,369,937,697,836,625,692,297,945,646,866,249,896,590,6,387,889,86,640,909,906,904,1009,948,227,494,20,771,1013,234,497,577,899,994,176,508,950,619,384,392,326,974,924,885,430,886,906,939,830,580,638,33,752,330,900,994,384,216,948,962,880,10,680,902,961,5,502,441,896
460,609,707,695,388,453,16,107,567,19,53,374,1003,720,72,563,572,215,567,559,123,7,714,524,389,113,919,402,401,271,7,272,680,568,182,426,403,370,688,826,128,820,720,415,211,715,144,55,823,925,22,560,266,232,371,540,460,630,51,529,562,123,406,18,558,535,55,949,619,467,567,563,53,390,454,141,887,528,662,54,535,783,210,4,432,360,547,11,209,593,272,464,786,18,640,566,390,539,404,529,519,457,279,567,127,551,19,657,278,48,304,561,520,524,332,371,630,52,179,19,144,375,166,435,131,631,260,631,448,823,373,484,487,551,535,565,624,116,123,131,208,616,55,7,45,630,609,102,539,912
894,852,876,797,609,834,128,894,894,808,25,558,834,670,902,824,934,864,1008,84,870,733,301,925,998,846,896,110,109,613,985,612,854,870,694,358,836,576,832,814,594,618,81,869,834,70,1004,878,965,126,157,834,98,832,120,1,130,112,834,836,862,918,126,77,706,886,100,861,653,865,621,636,886,894,865,761,44,102,792,5,66,618,666,144,614,734,774,868,190,894,702,888,208,256,878,852,126,853,870,887,916,659,65,742,886,768,886,844,94,1006,544,1012,485,850,852,966,850,832,578,842,842,30,120,899,618,914,734,741,836,838,878,774,94,118,1022,868,765,864,816,93,833,106,102,68,864,170,610,958,912,870
709,578,109,474,762,937,686,328,674,461,673,462,693,44,32,393,469,193,161,841,474,510,122,962,348,418,201,941,41,207,986,320,421,735,969,183,169,162,110,617,321,469,714,478,345,479,328,469,512,713,693,709,706,525,712,449,718,537,735,746,450,474,192,15,488,728,448,193,374,205,561,975,281,725,2,980,911,298,522,457,688,472,202,485,17,461,436,457,269,553,970,506,793,297,962,463,1021,690,285,719,689,457,197,713,448,961,957,466,469,725,737,266,496,351,264,713,137,693,697,424,478,226,322,233,525,238,497,729,372,480,729,269,716,449,970,265,613,737,745,714,209,961,970,521,433,482,345,461,269,733
446,257,256,321,551,320,447,319,316,685,655,209,386,354,652,779,568,320,81,593,785,0,129,289,401,653,528,77,185,319,684,304,785,261,432,408,561,313,319,685,401,824,898,269,447,519,369,409,541,703,348,701,574,544,337,301,653,322,509,344,576,290,333,317,530,653,696,368,184,777,445,835,366,592,265,433,1,320,527,703,375,523,332,655,400,195,335,912,645,792,285,194,815,185,343,815,818,751,153,777,305,589,319,579,657,318,281,399,343,526,306,279,161,333,287,785,577,663,562,369,305,333,846,345,322,313,308,307,257,313,258,407,321,256,570,657,393,817,333,306,337,945,256,337,601,450,268,308,429,13
696,839,134,918,174,862,636,86,903,366,882,927,624,839,696,712,695,754,702,887,195,70,888,348,861,580,830,668,901,889,756,850,824,840,847,124,600,824,716,839,836,834,816,680,681,838,686,844,663,616,719,910,483,815,340,680,860,782,956,861,838,702,830,927,863,940,812,774,711,607,198,112,701,959,606,946,944,834,807,808,687,851,678,839,62,839,718,380,821,766,124,184,717,861,413,633,69,725,835,703,80,856,873,862,944,697,706,702,687,724,506,829,176,686,878,924,836,888,872,955,784,888,878,840,856,705,927,860,711,917,607,969,767,836,877,869,184,838,720,29,861,852,335,860,879,702,689,680,569,942
755,414,818,818,220,244,148,132,103,109,43,204,691,876,980,67,864,220,148,74,815,554,476,236,1019,116,107,235,557,428,109,198,978,827,70,101,813,251,1019,117,812,235,44,239,991,208,12,988,105,308,828,722,50,501,923,107,812,115,819,107,811,732,60,91,850,940,828,223,888,815,810,222,812,213,236,140,60,244,852,853,75,811,147,460,310,71,43,633,956,925,51,109,63,860,250,375,52,47,15,814,947,284,46,283,242,106,986,207,988,875,58,70,983,815,44,813,107,970,332,987,983,107,986,84,106,653,106,460,63,44,475,1020,202,810,815,980,1004,724,52,954,810,218,989,973,78,106,812,86,76,724
813,7,973,46,61,95,126,446,979,761,561,717,845,544,703,637,701,961,62,45,637,53,762,961,829,621,61,409,961,557,509,64,765,61,1,577,805,191,1003,449,57,125,421,189,427,59,63,577,549,271,621,574,699,139,33,155,189,443,445,253,891,63,67,677,557,678,575,1023,2,329,67,578,622,701,998,561,1,737,61,189,61,637,601,783,997,59,702,837,509,829,129,573,445,61,43,421,325,701,53,61,162,293,573,841,573,513,177,845,165,75,573,445,253,73,445,578,573,349,13,573,59,701,189,965,497,701,845,77,62,397,699,961,33,61,13,638,61,605,970,892,961,571,894,953,33,573,479,323,545,1021
1011,123,563,69,355,111,143,11,907,1011,119,955,131,111,101,123,393,14,539,103,2,1016,128,642,384,515,103,1019,902,427,107,112,154,389,395,130,905,95,138,635,43,303,639,126,411,68,79,626,186,402,630,109,53,381,250,755,139,384,891,123,127,139,391,507,539,907,383,261,15,102,247,395,99,187,132,637,98,127,141,395,459,178,253,29,763,904,411,595,127,73,384,511,77,128,122,635,100,899,900,139,896,70,834,23,123,493,103,648,507,923,637,955,635,398,111,139,624,123,639,139,139,155,54,139,1020,915,119,635,914,79,8,560,109,127,955,389,415,627,859,893,143,0,925,121,1007,891,139,130,826,106
661,505,361,421,905,25,478,52,89,29,227,61,731,41,426,829,665,745,633,30,29,113,573,613,487,985,249,427,31,677,101,533,446,669,669,413,413,613,57,213,4,565,198,701,809,541,98,341,42,255,169,21,155,483,354,461,237,21,733,412,45,229,37,57,569,742,703,403,741,221,169,549,545,389,63,444,249,453,165,573,670,37,553,479,21,60,931,29,501,541,797,573,103,669,559,571,668,46,413,455,117,405,765,225,409,285,253,185,63,572,255,227,555,504,733,819,573,679,510,637,157,662,28,231,485,669,543,903,458,565,540,415,615,533,467,476,541,521,471,837,505,226,485,73,37,409,533,406,405,357
644,962,386,558,240,723,326,669,944,412,930,70,369,674,898,114,102,830,881,674,113,286,654,914,30,422,346,83,543,74,398,478,882,904,226,929,114,913,926,929,518,513,124,669,338,262,510,270,433,186,882,728,121,113,51,465,928,882,415,78,231,96,349,926,384,963,413,943,562,545,862,43,913,926,929,6,847,451,466,351,595,1022,574,929,832,592,437,662,929,63,934,609,608,911,113,679,113,474,545,893,414,894,72,551,648,925,913,86,310,476,350,417,676,94,30,94,49,13,142,930,915,342,337,897,350,62,838,305,96,391,624,448,406,641,728,62,849,122,120,863,694,913,537,921,431,910,643,462,568,402
466,494,964,1018,954,506,508,357,450,410,962,986,473,704,90,494,488,676,99,988,260,46,985,340,867,66,226,990,442,971,618,172,572,981,992,408,282,610,995,408,634,580,322,322,104,470,478,580,662,833,68,467,327,352,464,704,350,929,844,300,864,956,491,442,94,414,412,108,427,476,412,214,460,896,603,14,394,72,68,90,462,330,572,1018,716,410,936,987,490,604,932,443,602,475,598,478,864,506,90,351,964,922,282,612,584,978,962,660,836,604,858,413,982,588,744,395,4,442,986,86,718,30,504,444,681,687,352,990,26,4,326,954,386,922,280,242,932,468,896,898,412,613,586,964,446,71,446,438,30,480
442,699,571,563,318,971,251,470,763,90,391,998,443,347,60,38,315,1013,922,741,571,579,61,567,667,379,396,446,403,714,455,315,292,440,475,698,548,266,691,555,43,450,475,315,442,743,90,552,715,186,442,524,716,394,58,579,474,55,442,46,444,398,575,299,759,198,446,379,583,182,567,228,714,314,283,59,452,251,757,47,899,474,475,699,387,50,187,319,43,442,294,443,506,571,35,58,199,34,40,356,583,971,299,472,535,314,86,496,601,450,502,179,440,59,42,219,358,54,58,471,387,314,611,295,774,190,310,330,186,1019,442,259,538,442,442,299,46,451,423,454,248,675,471,179,547,61,695,56,491,454
112,98,964,981,17,176,894,1016,819,514,520,866,905,572,892,992,514,16,1002,666,604,640,586,764,531,864,963,846,964,110,366,1003,1006,771,768,778,638,762,64,512,834,1002,993,176,796,898,113,866,836,792,538,798,496,656,572,924,770,772,662,912,608,913,797,20,323,864,896,512,30,770,798,888,561,16,788,4,1019,78,864,561,896,768,969,690,881,68,533,1001,1001,992,866,899,66,788,124,1002,888,512,158,866,592,88,828,867,784,540,738,982,992,657,564,527,0,784,127,688,802,126,514,960,108,788,892,840,34,610,968,962,0,0,992,526,835,514,956,976,995,912,966,768,912,778,865,768,886,668,123,778,898,540
340,272,683,687,565,875,308,164,811,299,851,643,724,955,683,885,677,484,805,715,772,763,1011,836,291,325,840,675,327,123,877,304,843,715,697,805,365,228,863,773,331,789,677,685,745,971,613,459,327,771,279,333,379,331,324,616,748,867,810,891,687,747,293,861,325,853,773,875,715,779,675,507,341,731,844,676,773,659,359,683,682,349,712,685,260,865,813,786,837,901,875,788,881,872,747,808,843,875,488,859,939,843,928,224,931,1003,811,839,341,1019,225,749,940,679,389,155,939,875,747,651,299,549,869,788,744,1016,869,684,3,787,781,31,333,853,317,929,619,443,424,37,676,688,347,684,389,661,874,839,675,869
365,114,210,690,31,1005,414,479,130,508,158,366,154,520,274,661,42,472,403,146,250,98,928,146,242,298,31,642,158,128,368,365,364,458,146,18,870,160,412,487,390,403,186,765,187,391,444,207,146,144,347,355,128,738,506,414,170,170,166,154,362,173,130,402,366,155,658,348,334,155,102,234,671,606,146,425,85,287,866,432,996,226,122,147,242,151,226,250,510,364,276,204,462,267,248,186,165,146,332,463,402,702,174,335,242,178,186,145,413,26,336,146,868,157,240,339,237,402,362,1007,426,410,402,338,266,403,149,454,478,364,468,231,383,494,453,670,186,354,186,508,836,400,414,186,340,350,382,178,221,324
227,337,970,421,1022,712,302,574,46,845,321,645,997,717,574,709,237,349,677,340,137,705,685,675,33,965,314,667,161,470,997,27,507,521,725,859,990,293,345,193,205,453,989,466,686,875,332,178,570,837,266,726,682,191,988,922,201,37,238,318,197,317,293,677,717,470,965,702,687,959,165,837,509,709,468,189,237,701,345,346,905,197,978,699,723,747,313,173,429,333,451,331,457,174,574,845,709,403,717,966,717,492,61,542,988,731,318,1,477,318,773,714,379,829,477,208,721,47,722,211,38,252,189,670,348,835,734,929,32,833,683,981,545,749,997,685,465,229,485,818,629,366,229,318,163,478,730,714,45,136
672,705,514,62,459,682,962,881,482,450,451,713,451,637,69,322,578,339,255,577,709,478,676,18,691,310,875,501,521,564,575,562,541,606,572,578,820,986,533,578,740,566,885,818,834,532,562,413,628,965,537,449,599,563,709,707,449,546,485,2,564,706,270,514,564,450,710,530,574,563,566,573,407,566,674,596,706,561,426,605,585,761,813,978,452,564,706,753,729,593,594,293,842,578,565,626,962,550,294,741,454,987,533,831,446,706,596,562,637,51,659,706,586,722,719,666,706,691,287,874,554,754,710,418,562,464,970,630,554,722,578,706,690,672,996,458,317,967,738,574,489,541,734,292,690,829,514,740,714,53
713,632,605,680,581,487,605,637,428,697,628,509,673,905,654,586,989,683,478,470,687,435,681,101,509,581,739,20,637,765,748,441,1013,555,749,637,946,1009,637,609,1022,643,601,453,895,361,634,93,697,566,610,898,45,634,506,957,346,955,482,929,1000,633,937,603,909,682,429,638,625,633,381,495,377,505,953,569,689,1021,368,573,605,574,939,1001,913,672,569,397,604,617,589,563,611,563,914,633,367,541,682,427,555,589,629,395,729,1021,601,941,586,577,701,77,1021,75,541,493,610,569,365,586,637,417,827,1017,559,461,930,678,626,441,621,589,440,637,573,997,589,633,561,739,914,445,105,434,637,1003,506,553,487,573
760,368,199,528,227,892,787,192,796,961,967,707,572,99,742,763,894,499,7,776,203,647,216,977,337,963,761,656,760,670,702,659,302,92,371,827,912,961,759,303,371,65,753,345,575,247,888,249,832,1000,252,646,225,783,684,152,192,641,760,207,49,504,147,720,228,108,225,244,508,766,168,753,774,371,1016,56,227,241,259,241,705,131,131,216,145,219,151,963,240,243,881,371,193,640,704,64,233,244,643,211,0,134,524,752,830,320,881,761,985,760,120,241,976,251,144,753,241,816,247,919,575,760,368,240,241,764,195,216,56,272,249,243,876,248,753,249,51,56,259,192,240,208,507,249,2,118,765,240,192,240
232,556,492,106,120,795,40,880,38,246,492,225,490,37,492,623,226,20,492,228,44,234,999,162,789,500,600,1018,421,489,620,233,60,478,392,468,804,488,750,740,124,984,423,227,40,228,524,103,38,495,484,1000,231,100,556,24,803,104,560,460,808,732,488,483,496,494,117,438,253,43,780,23,232,40,484,54,76,88,542,220,36,53,872,492,751,748,44,472,38,872,777,480,253,583,604,112,48,40,779,140,38,736,545,40,231,364,420,252,996,60,116,941,212,488,56,1020,44,44,474,968,420,31,44,0,650,1016,204,484,47,1018,104,748,37,23,216,809,382,744,975,42,34,40,212,132,504,108,1011,37,240,936
5,1021,38,212,236,209,412,846,510,28,450,301,246,117,172,800,868,24,346,473,265,862,797,895,669,344,212,253,377,477,28,222,150,289,275,506,355,893,269,508,229,216,30,42,146,889,986,204,53,125,980,158,18,1006,246,365,22,893,365,508,281,214,108,786,788,278,479,266,364,877,27,276,998,382,148,9,30,472,372,361,1013,144,26,268,860,285,793,500,44,152,284,44,353,245,852,477,476,511,508,84,413,510,493,9,296,408,251,630,246,137,264,261,278,935,274,848,299,381,780,34,1006,16,301,1002,364,270,159,126,729,504,237,469,510,984,29,500,798,502,301,508,450,752,87,21,26,1004,573,223,22,285
376,471,858,495,449,232,713,491,963,470,535,983,615,553,900,580,296,983,601,567,571,63,983,184,596,827,1019,1009,999,568,795,455,552,329,282,315,347,528,321,799,574,584,571,481,552,388,864,815,473,607,535,985,1004,569,999,196,537,561,991,615,568,539,598,827,618,896,449,175,521,528,465,455,522,985,607,222,794,568,568,424,617,107,199,987,991,667,839,80,983,664,824,600,800,465,872,569,723,487,983,999,971,411,511,926,300,619,583,967,584,475,800,583,542,207,231,903,347,795,895,471,927,472,511,403,328,872,995,575,681,823,356,259,808,567,552,565,1001,571,571,534,472,97,888,793,64,349,616,407,487,815
165,292,189,217,463,223,339,319,185,211,93,351,83,91,953,356,383,167,371,889,294,59,379,315,381,187,188,54,133,191,383,236,894,351,127,359,560,315,189,331,249,895,189,377,383,151,315,135,697,363,675,189,381,445,335,317,953,251,167,379,885,351,187,164,185,423,65,222,191,63,132,315,299,3,861,187,327,133,63,164,167,1012,141,395,191,323,67,356,371,311,11,95,270,447,635,274,381,942,967,379,357,958,61,349,351,345,243,507,255,379,445,371,383,383,588,199,172,143,101,189,255,575,479,75,271,183,376,347,191,423,971,332,319,895,185,59,1017,71,183,121,57,921,967,129,257,353,70,807,453,219
471,597,293,186,481,551,563,37,304,375,295,89,631,663,567,695,570,474,693,467,308,389,292,293,693,693,714,442,566,54,321,53,565,458,459,471,167,261,315,570,312,615,565,567,505,368,21,335,53,472,391,439,503,293,85,49,213,421,423,373,437,698,549,264,375,449,194,394,200,177,57,434,54,375,383,951,293,503,701,695,435,439,390,55,305,475,501,547,957,615,523,549,546,549,437,445,497,337,629,470,575,209,479,393,679,181,621,305,693,439,951,443,402,703,186,715,949,437,693,474,167,318,338,265,311,506,514,221,565,338,550,501,293,949,203,474,438,437,593,39,737,207,693,329,261,823,337,501,441,33
305,780,257,208,46,843,1017,880,16,136,142,140,1015,856,649,847,243,778,19,361,140,158,796,777,380,785,20,779,381,369,204,880,14,141,76,684,797,8,19,258,219,892,0,889,46,115,140,784,892,252,332,881,145,143,272,20,657,158,776,348,256,83,787,369,372,780,913,883,855,304,892,876,375,371,945,267,905,160,361,128,233,236,72,477,257,883,123,769,796,141,205,844,854,364,368,201,643,272,140,284,252,171,140,769,749,169,149,895,927,782,908,848,305,284,140,200,768,93,842,800,285,368,223,221,265,28,925,76,776,345,328,333,268,833,304,109,45,844,77,119,257,889,925,927,332,307,381,175,80,275
710,214,726,342,338,341,981,733,714,533,836,331,726,213,597,230,597,746,366,714,710,227,349,298,749,709,761,518,346,534,196,250,80,1022,650,222,340,55,436,634,186,677,4,346,706,38,38,794,702,722,698,372,345,726,262,174,698,365,702,378,708,662,277,530,726,742,362,297,326,746,708,762,362,298,516,566,933,594,730,682,141,190,202,726,414,202,756,634,166,762,340,746,358,249,533,166,736,673,836,358,710,254,70,6,213,710,198,701,346,521,85,226,260,212,714,222,218,86,748,224,774,338,986,362,598,682,82,698,730,762,250,828,85,586,346,604,763,596,730,706,746,538,858,346,677,246,713,594,998,710
909,336,12,505,397,397,79,849,143,1,451,77,79,335,65,209,331,431,13,591,527,397,47,339,336,852,334,389,407,47,4,667,370,113,479,465,468,139,116,93,880,253,1020,116,427,333,219,115,853,115,117,387,119,76,419,401,395,79,403,415,626,116,75,87,509,463,403,117,1021,1011,19,507,385,335,45,351,349,629,252,14,14,564,320,127,624,243,909,560,756,112,462,171,264,124,93,508,127,4,87,671,44,269,403,325,340,116,591,845,427,116,23,589,75,596,12,109,524,435,323,113,605,14,85,12,964,112,272,0,77,331,524,98,565,269,449,21,612,93,441,637,419,240,589,477,924,753,93,460,333,331
723,559,471,539,291,458,987,556,19,20,269,718,147,51,474,206,740,54,314,12,718,19,628,533,302,246,347,434,267,546,530,204,268,277,283,721,533,404,269,162,291,461,418,292,759,659,272,927,18,735,635,316,819,518,34,62,503,524,723,551,950,539,715,246,971,914,802,722,723,850,526,524,283,734,205,20,227,211,643,276,787,274,271,723,756,204,619,308,280,542,699,564,332,626,723,371,974,375,715,460,923,970,562,755,336,533,306,277,188,728,722,958,316,634,275,533,540,178,308,767,251,534,565,272,94,439,611,339,307,627,52,470,759,535,734,988,62,84,372,306,732,268,256,318,52,525,48,815,23,443
160,0,418,90,74,456,972,516,423,547,312,930,450,719,52,709,966,494,418,68,419,964,320,586,971,966,8,258,835,1008,963,556,590,488,752,323,939,803,946,800,547,463,866,991,508,35,464,4,80,63,288,482,432,668,464,454,352,450,182,420,625,931,771,316,968,94,494,499,995,485,448,488,808,444,164,776,502,552,59,961,448,241,910,901,438,822,608,163,856,735,438,734,36,950,759,896,578,39,435,80,413,244,816,460,603,256,979,899,0,40,472,1,928,896,68,304,314,968,354,488,112,560,1011,960,502,129,928,578,257,992,224,0,520,459,464,508,456,976,544,1015,308,450,511,928,948,112,194,467,832,396
322,66,33,238,36,555,814,442,437,74,942,826,962,858,302,633,638,98,373,841,166,772,930,423,820,578,842,42,42,66,42,38,834,410,922,517,397,794,66,820,59,334,37,770,330,418,773,770,73,66,846,884,834,33,930,66,178,370,820,426,360,836,308,708,835,548,93,777,66,460,177,90,84,313,58,778,426,37,586,837,580,66,590,6,612,634,544,418,898,413,578,68,770,970,582,578,553,418,957,14,816,450,594,110,2,420,84,418,43,554,818,860,548,107,966,965,345,388,66,178,948,77,66,92,68,772,129,186,130,67,73,667,290,4,139,930,434,162,65,98,965,939,92,580,897,386,818,842,82,834
652,324,825,596,776,258,844,803,940,807,365,656,983,961,1012,580,204,932,172,1004,552,851,780,721,844,821,920,821,813,1004,67,812,723,837,296,494,179,290,696,726,787,316,824,863,966,663,303,1004,210,932,1013,300,591,786,185,582,421,801,997,705,834,1012,805,832,516,836,838,59,773,876,589,620,989,815,276,803,844,716,556,693,835,729,819,997,705,834,839,720,821,582,1012,812,557,979,803,332,778,181,320,842,552,835,259,421,810,836,512,337,568,813,803,814,548,838,590,820,288,448,996,854,686,396,716,814,804,1012,216,515,846,484,984,726,334,804,516,808,783,548,983,708,524,814,780,849,516,829,716,386,598,578
1019,954,762,568,777,590,482,913,570,541,1018,546,903,955,619,517,569,1018,57,31,504,575,762,112,954,628,539,803,250,585,1008,792,998,1018,562,505,569,760,950,922,1018,602,568,530,670,609,628,529,122,873,636,737,1013,921,754,929,900,141,594,434,75,517,536,632,930,696,562,571,378,379,133,824,572,952,634,1018,540,1017,923,982,504,629,957,500,577,602,948,1020,710,572,569,740,1017,439,161,618,1018,842,916,938,569,537,570,1017,570,523,650,568,572,607,586,762,347,925,946,756,530,480,698,506,1000,922,362,706,763,572,738,992,555,752,633,415,498,561,541,1019,1016,643,1018,358,39,1014,984,729,542,1012,566,482,1020,410
661,736,796,805,612,744,720,1001,738,788,740,979,1000,870,892,149,916,384,804,6,919,740,799,986,474,668,500,896,741,13,788,292,436,760,793,772,802,796,684,996,664,909,791,784,923,992,824,791,919,789,916,982,798,788,769,684,793,795,282,496,478,804,283,599,804,228,916,736,212,926,820,1020,789,804,927,669,888,342,740,27,540,1013,648,709,741,767,470,891,956,504,927,857,952,1020,789,412,22,800,795,989,892,500,895,152,280,790,916,669,789,1010,797,784,800,270,940,68,30,283,796,29,916,807,891,940,913,1016,884,790,732,228,968,308,992,796,791,761,795,23,1000,757,802,795,790,681,733,996,680,774,869,1012
412,927,120,810,400,105,413,472,28,159,477,13,479,384,412,280,280,440,506,922,738,898,120,494,7,28,111,47,402,1001,15,232,410,23,396,924,120,464,415,248,384,239,33,481,102,735,409,95,410,482,237,995,152,234,26,265,408,124,922,155,28,482,482,409,193,931,384,464,95,409,154,416,476,543,17,482,26,157,144,31,174,511,832,253,224,290,20,104,29,345,409,504,157,795,494,431,125,428,111,11,153,2,415,232,285,29,121,418,416,386,47,487,152,284,127,861,400,102,508,300,386,29,709,152,786,217,413,6,920,91,508,503,480,239,145,127,986,89,12,992,486,98,287,129,388,0,297,416,224,797
977,12,225,423,254,438,430,225,950,501,673,758,425,262,162,166,45,321,176,603,505,623,1,77,165,438,257,582,433,173,438,188,701,437,401,639,581,439,686,7,337,581,423,1,693,262,545,221,582,214,226,433,761,710,309,721,98,732,184,46,441,250,429,702,241,437,217,425,367,615,433,440,689,257,697,471,535,445,270,54,432,417,981,216,709,175,241,166,433,254,248,639,623,305,1009,930,706,305,753,263,674,1,217,418,434,505,689,311,215,369,77,687,365,589,885,338,762,615,134,402,38,693,505,513,191,270,257,432,470,417,141,433,442,641,561,590,759,65,432,718,557,431,310,441,513,442,486,389,441,263
142,270,19,12,850,163,41,896,270,156,32,3,1019,246,280,551,111,12,23,252,390,108,766,14,191,99,126,142,135,712,351,670,764,302,103,227,31,140,800,460,951,188,540,15,910,228,184,128,974,152,1008,62,766,703,76,243,944,271,476,255,343,448,64,94,462,159,30,0,140,254,254,12,248,978,134,158,447,754,782,512,46,444,254,270,911,14,232,1011,63,158,412,14,179,416,287,178,158,828,380,640,254,226,134,133,510,158,244,408,520,530,158,830,124,95,527,140,30,31,242,23,0,226,958,142,128,270,325,896,728,142,264,958,164,380,786,318,959,243,0,247,8,252,156,1017,286,247,255,241,12,115
594,74,103,15,5,506,399,156,226,47,8,159,829,175,781,84,7,582,431,906,34,142,380,783,121,151,78,454,126,143,285,151,9,130,65,14,391,88,633,254,836,14,111,6,15,120,11,777,70,930,143,15,78,4,10,893,3,843,127,27,527,126,6,24,783,78,1006,5,31,14,14,261,591,774,783,39,415,88,159,5,6,122,632,39,634,14,782,855,158,75,133,518,106,414,6,774,412,94,1023,11,30,88,63,882,392,114,25,15,443,15,70,1020,847,478,73,118,31,6,92,870,127,18,15,502,232,10,778,783,126,776,18,443,95,111,15,1017,9,87,474,79,183,142,776,24,143,799,143,92,6,15
559,963,639,1011,515,974,782,522,946,111,655,992,926,40,883,783,776,1019,1015,631,22,890,247,1014,824,631,622,945,1023,1022,885,1010,973,1010,432,951,960,182,958,943,766,1021,846,950,887,879,1016,845,812,958,67,562,942,514,224,776,110,126,830,926,105,950,879,773,334,237,968,950,963,974,971,1014,1007,765,831,1022,686,843,942,847,937,841,680,1011,979,1000,822,846,1014,846,1022,786,950,255,1014,63,1014,724,950,1007,792,874,879,918,1022,503,971,776,887,592,254,12,302,815,770,822,12,1014,907,942,819,783,882,975,590,815,975,158,584,814,898,1014,776,715,950,831,959,1021,78,778,1023,532,975,1006,930,776,86,527,579,784
88,760,585,679,612,791,909,647,901,423,733,416,985,461,941,775,717,614,1017,585,637,580,415,633,221,985,701,934,481,441,88,781,671,589,945,782,761,1010,975,514,777,966,391,391,263,590,418,689,505,409,935,425,734,639,1017,591,608,766,1007,507,615,633,719,767,303,903,447,697,928,190,655,975,369,928,489,624,441,461,653,645,383,591,655,607,966,590,463,665,591,364,447,700,718,415,418,777,615,614,673,609,929,751,927,607,713,518,668,389,991,665,1009,580,416,901,652,105,393,396,418,607,641,397,601,647,902,589,518,802,390,638,644,647,390,1023,127,583,409,663,391,271,345,647,389,671,485,882,732,432,519,625
223,149,681,789,660,810,116,863,373,915,467,98,357,120,84,156,925,151,981,140,648,189,758,372,653,148,909,349,127,356,150,916,850,501,919,884,420,852,338,983,952,142,923,167,156,149,893,908,775,223,157,246,143,980,142,148,882,86,884,280,153,135,150,146,906,221,668,405,93,892,373,893,840,142,855,362,148,124,405,277,492,892,404,914,383,348,788,245,701,868,164,624,669,343,77,98,341,244,152,237,370,797,889,102,660,917,754,95,402,680,669,395,884,931,156,696,140,661,888,413,844,957,146,882,338,203,884,662,141,348,221,880,861,781,876,902,860,341,909,740,266,138,354,340,578,936,868,772,371,919
900,255,590,767,265,271,113,895,511,190,143,67,754,757,255,771,83,2,790,546,15,258,134,643,527,3,156,321,188,275,131,83,519,2,671,260,601,641,36,401,643,782,290,63,434,259,191,316,211,326,7,39,134,656,92,163,128,178,131,2,228,79,579,639,799,860,334,643,258,143,31,159,492,525,643,739,0,3,339,764,959,819,258,59,11,149,347,271,527,367,663,518,258,511,3,111,769,23,767,606,380,543,350,577,674,515,329,415,191,18,447,255,316,739,330,66,231,28,334,190,24,237,130,295,267,707,67,903,284,131,319,380,351,227,563,499,242,31,511,138,134,95,242,148,643,178,508,513,639,819
21,450,485,793,397,467,236,493,469,465,489,108,557,110,924,97,493,465,110,461,747,473,83,19,156,464,493,110,272,989,493,981,493,91,493,278,979,465,465,985,269,173,80,277,324,925,494,284,472,797,293,489,288,557,979,981,16,977,465,501,787,621,1005,1004,979,242,492,755,454,804,81,993,914,148,117,914,238,481,19,791,397,88,808,400,492,269,233,293,476,300,500,45,1004,604,464,475,494,476,977,972,988,82,13,16,17,36,25,989,733,739,0,12,469,262,21,980,434,493,461,212,99,275,200,244,336,149,495,977,16,86,418,977,482,81,797,493,52,45,108,237,493,475,83,481,19,262,982,275,805,469
248,343,1014,905,73,267,937,857,169,729,169,171,153,133,153,874,153,104,153,134,129,286,173,298,169,863,229,809,169,138,921,665,105,682,90,283,133,794,281,25,979,153,955,133,250,1023,172,168,933,155,155,665,153,153,23,667,303,219,105,151,134,157,137,154,805,795,849,153,137,971,138,133,842,809,937,685,921,374,249,281,129,281,259,336,225,173,337,321,253,93,829,170,343,793,95,251,173,923,155,281,141,885,171,135,853,91,281,279,159,170,169,191,377,173,151,891,267,161,681,170,890,899,466,137,991,153,219,89,213,155,265,841,860,247,153,281,106,1023,173,138,425,153,918,154,859,170,83,139,89,383
667,233,265,328,173,269,285,207,898,645,98,397,322,445,265,874,181,149,205,773,397,382,333,842,180,173,802,205,805,306,43,393,925,45,321,333,264,673,394,232,649,394,841,844,480,285,13,258,270,13,269,781,823,863,693,268,266,341,488,223,271,847,205,847,954,237,841,13,266,182,405,694,8,13,779,457,166,845,77,431,73,194,841,513,778,333,272,584,778,93,277,234,175,841,789,92,857,946,303,778,805,264,268,354,173,205,646,172,365,349,190,278,271,789,290,819,531,295,719,14,311,889,342,354,183,857,205,333,138,345,322,197,841,845,848,105,921,10,840,493,783,206,805,425,310,404,221,206,64,839
820,5,662,50,150,905,26,779,974,826,690,1018,396,790,844,782,72,846,663,777,828,868,778,779,38,69,820,870,782,950,793,950,106,774,906,858,137,650,970,906,154,864,498,870,822,794,778,10,790,818,842,660,776,528,774,936,790,842,872,518,550,789,772,775,86,946,709,772,521,85,773,773,618,150,541,693,870,778,790,782,245,921,688,824,842,822,181,838,826,406,854,708,586,774,905,406,842,982,826,698,860,178,137,233,826,872,250,870,950,1010,778,818,742,73,837,534,890,1002,841,858,626,774,837,849,870,838,836,910,922,837,954,133,862,841,777,904,154,872,841,934,870,868,918,772,858,853,890,6,780,730
128,162,408,525,136,884,360,977,232,370,396,225,848,87,156,159,647,868,863,352,668,861,132,865,255,137,147,949,147,992,156,228,156,924,351,129,145,141,145,140,245,356,140,972,149,255,173,133,925,228,140,865,341,228,994,163,251,133,172,352,157,653,92,896,933,255,178,517,836,899,149,81,357,225,871,768,28,160,864,100,924,161,292,101,165,359,709,156,765,156,220,226,424,343,869,880,205,96,1010,884,128,927,668,177,130,156,467,801,141,42,521,228,228,159,1000,104,161,95,135,156,352,1021,640,348,130,852,156,996,485,131,101,130,864,804,357,157,132,343,132,256,921,928,325,172,160,159,908,862,352,136
27,265,9,293,45,37,189,38,10,585,733,184,484,429,173,569,76,686,580,45,23,297,44,206,56,413,168,469,549,453,37,209,29,571,32,964,331,70,46,461,43,687,461,173,361,11,777,521,77,453,472,301,293,326,73,298,681,268,301,325,46,204,36,81,78,784,559,817,209,49,329,1005,277,223,358,6,429,37,45,334,553,458,301,981,218,197,305,562,133,169,361,206,173,177,805,93,793,872,29,829,421,204,293,553,153,677,968,467,209,813,297,293,544,265,277,298,489,185,574,277,827,373,80,717,85,686,195,37,479,457,71,718,680,498,302,165,296,462,317,232,425,57,189,41,557,203,41,232,37,62
1003,631,607,287,825,709,541,630,1001,564,258,1008,1023,791,983,939,227,836,791,991,861,886,989,571,955,119,907,855,883,934,982,855,891,6,1019,922,727,711,1007,95,862,931,987,174,1007,109,855,893,857,629,522,1005,661,99,235,875,1003,1011,119,1013,519,1003,304,809,809,891,62,987,935,630,1015,1019,535,542,239,89,907,518,585,934,1021,127,955,945,1001,791,807,1011,631,1013,351,126,711,815,1002,959,867,822,855,297,987,1002,245,902,956,1003,0,527,937,981,631,166,770,1013,887,59,836,628,119,779,835,855,979,183,1001,907,982,934,169,1005,1020,235,555,959,957,857,1007,316,791,930,879,1019,1015,891,583,564,552,886,520,889
692,4,564,585,668,599,448,535,360,612,636,523,869,612,325,632,521,282,644,567,610,660,610,379,641,581,352,188,128,48,514,262,657,1006,260,432,668,641,967,8,596,773,663,71,692,286,532,796,592,644,860,599,592,596,960,608,519,432,662,340,136,604,640,252,608,873,118,632,120,72,647,658,667,626,260,440,520,256,476,96,264,276,336,516,144,144,704,382,519,644,1000,580,452,628,376,392,776,608,376,616,884,72,264,597,577,583,128,74,8,912,656,516,586,735,690,123,965,648,106,613,874,904,96,564,872,660,520,663,260,516,404,644,660,380,517,372,104,68,363,840,332,660,341,826,644,324,256,968,372,532
443,532,327,48,35,442,428,412,12,303,290,259,44,488,266,395,258,387,300,332,269,5,482,744,44,898,396,267,66,306,362,432,68,428,444,308,399,268,396,96,397,407,306,60,44,348,114,300,18,0,1005,995,268,394,271,136,395,962,108,2,396,434,28,280,331,448,299,780,226,476,396,947,395,867,915,780,815,792,270,316,227,1012,283,394,483,523,268,435,396,296,11,490,392,92,648,395,396,395,392,642,61,106,403,428,368,403,399,386,956,68,100,392,280,175,307,436,492,499,332,517,352,114,280,236,394,8,701,434,845,258,405,651,811,28,108,269,492,482,435,68,12,42,397,443,1004,355,971,812,748,499
257,615,1015,519,960,2,257,927,345,544,903,515,519,896,896,633,1019,631,1017,513,865,51,1016,563,627,752,513,833,1004,215,889,519,631,514,463,727,505,769,625,567,472,1019,985,263,528,475,561,649,1017,625,975,627,259,960,551,543,563,920,24,94,595,1015,721,224,560,99,632,984,900,967,535,531,536,631,519,64,55,515,513,896,985,1012,999,523,1017,985,579,518,999,504,1,964,608,929,503,625,1017,576,281,543,7,217,583,519,625,337,635,249,513,897,527,615,536,897,503,243,1016,376,888,593,871,519,512,512,515,1016,512,515,519,775,505,581,1016,487,967,608,487,769,608,1011,217,776,510,551,631,516,711,1016,923,538
317,663,602,474,476,431,991,187,476,408,468,410,444,388,580,455,538,476,350,389,444,924,477,469,678,968,301,472,964,525,479,418,423,735,712,22,690,38,212,945,691,428,646,360,488,429,476,95,923,396,932,315,88,692,472,424,700,220,667,420,357,136,403,1020,325,436,360,704,469,709,468,667,861,684,40,676,476,580,517,904,604,726,347,989,218,923,428,794,732,472,59,136,456,836,807,418,282,420,676,348,92,989,470,477,1004,423,855,668,695,927,698,444,472,439,56,148,68,539,332,491,807,675,88,396,989,275,412,692,653,430,668,984,732,474,412,474,519,356,580,733,453,981,922,445,472,93,443,472,432,410
60,258,78,701,14,734,152,335,741,441,453,203,573,157,446,486,13,253,482,254,477,89,472,94,105,389,142,93,409,70,206,445,334,91,593,825,581,440,70,524,228,70,398,402,269,158,414,35,190,677,441,605,702,614,957,363,834,445,638,331,57,191,605,407,9,437,79,148,397,390,149,373,4,61,165,245,406,86,66,606,499,526,793,139,221,366,189,675,30,582,135,157,669,125,189,654,857,649,91,694,580,398,717,393,148,109,69,78,201,78,589,581,70,204,139,247,90,185,652,140,399,270,486,867,525,642,482,159,519,581,709,149,692,569,589,218,152,446,502,585,231,153,494,1,405,221,75,742,398,77
