256,283,853,974,775,256,577,952,153,502,94,233,28,190,262,287,980,90,66,798,162,1007,597,98,382,876,18,29,985,668,792,154,274,400,604,655,752,1003,1006,472,693,785,253,94,959,152,802,579,541,655,267,157,287,24,529,1003,283,127,223,25,725,795,93,925,169,212,905,829,400,914,914,666,14,678,173,660,310,921,159,24,957,741,661,88,741,287,233,818,40,130,63,799,154,153,153,301,0,14,223,129,213,0,1005,94,425,312,157,831,982,798,29,991,721,18,103,96,127,270,655,23,533,226,248,824,74,117,734,604,793,725,66,607,247,829,995,823,623,102,312,879,478,718,189,117,725,711,158,22,609,779
58,168,439,106,626,475,930,615,321,605,264,587,74,515,682,130,925,694,352,939,511,247,1000,395,295,479,454,673,942,254,936,440,618,447,243,446,69,444,489,699,162,41,474,621,415,499,203,717,740,822,562,481,59,678,994,822,507,614,749,369,487,497,48,175,130,58,645,141,325,351,456,299,476,509,998,314,171,234,465,282,637,1015,203,59,817,115,470,438,299,232,275,319,182,872,1000,365,673,42,470,432,866,72,499,54,1000,448,281,674,604,314,51,189,403,688,584,687,270,135,827,997,602,584,33,570,983,361,110,64,654,304,23,1004,616,668,475,1008,442,875,608,445,114,432,316,698,99,703,487,499,957,1000
651,785,146,589,850,40,970,667,453,521,331,566,547,187,100,919,659,14,410,80,98,821,932,59,399,643,1,104,770,878,99,791,609,812,754,29,196,859,587,581,278,974,306,925,622,433,635,810,694,62,99,752,90,724,520,804,295,400,597,99,772,538,12,450,923,414,911,515,608,520,118,980,110,520,919,1001,604,507,714,79,547,804,238,112,802,828,259,650,605,826,197,451,977,378,768,78,31,306,1004,803,90,779,402,995,19,285,305,947,290,74,585,658,661,605,99,688,585,629,603,621,656,803,94,333,3,864,963,374,490,179,368,410,587,642,571,36,44,271,791,375,24,74,605,527,84,1018,919,994,518,656
782,717,361,710,764,980,713,653,719,215,363,198,793,298,827,675,649,371,294,62,969,709,745,663,920,640,1001,657,642,980,578,427,71,524,428,932,227,614,335,137,697,396,116,873,641,858,369,809,80,63,486,128,131,936,175,835,497,649,364,202,178,505,92,678,964,646,713,332,503,197,1022,866,620,163,616,295,243,431,91,326,64,664,985,167,281,316,488,729,908,320,40,166,795,650,199,1004,681,495,687,1004,505,936,507,168,163,695,776,681,514,399,844,1000,735,897,285,99,665,1020,63,946,292,966,935,368,649,383,782,943,90,290,840,887,244,808,320,353,315,187,168,728,896,485,135,921,294,326,680,289,942,892
282,938,1014,923,526,204,560,335,720,584,526,731,90,978,831,910,932,704,400,516,58,683,512,857,919,198,97,85,685,580,900,710,880,545,391,737,250,681,68,848,562,546,721,44,530,563,661,552,284,520,50,604,667,943,566,621,357,354,240,729,84,547,62,567,498,484,917,274,720,741,228,611,941,666,593,612,554,222,106,416,529,934,44,507,539,306,989,661,1022,469,587,100,284,109,593,91,913,274,59,101,572,512,432,286,290,33,293,666,919,398,614,47,91,59,515,142,305,272,520,642,913,392,485,123,212,111,398,550,27,349,36,413,925,0,989,47,95,410,306,676,690,953,618,674,367,292,121,906,274,701
275,74,247,284,36,819,240,57,873,31,900,264,424,808,7,241,676,48,695,57,54,566,89,50,810,787,883,24,799,58,78,776,807,572,200,368,1016,109,662,808,738,812,66,528,109,995,188,368,30,583,191,286,931,353,883,536,575,595,566,819,642,840,313,87,45,50,679,57,31,302,988,823,311,785,69,791,211,88,80,788,566,557,955,829,369,795,80,247,74,981,1000,249,776,535,575,890,787,196,831,322,32,889,345,265,795,775,90,50,786,498,485,904,54,631,791,991,288,815,1023,89,787,894,875,991,330,56,896,249,258,823,725,230,776,735,928,466,88,793,696,93,377,479,772,973,735,734,799,280,39,975
636,429,98,345,67,484,77,366,108,509,85,93,393,748,737,508,204,92,582,685,534,417,712,750,72,718,590,893,374,902,337,967,289,705,988,73,421,101,337,269,81,872,9,439,470,942,893,204,845,774,774,1015,110,421,124,97,301,908,329,485,317,435,582,523,590,344,103,853,205,995,988,838,484,987,314,968,37,885,443,733,627,469,634,806,425,1020,590,576,14,478,558,887,124,93,104,818,742,612,766,547,1015,503,78,407,510,73,349,652,755,834,349,176,301,555,879,503,1020,103,430,743,292,878,285,423,265,366,337,678,494,740,624,757,863,477,340,115,789,277,918,110,583,126,295,300,966,552,988,261,558,476
833,19,933,548,45,896,303,290,427,268,309,679,740,803,222,819,444,16,786,454,603,283,627,967,740,324,194,449,750,380,544,962,971,918,149,963,625,209,304,38,779,459,91,33,291,592,544,71,962,107,812,6,827,556,541,528,530,940,265,3,806,144,235,498,530,833,420,131,226,299,57,298,612,166,64,49,103,921,528,69,547,912,548,345,271,289,17,804,558,637,370,213,766,539,1022,704,112,901,464,787,556,811,427,19,45,619,483,204,47,361,816,34,739,726,697,908,106,292,859,461,736,945,457,325,308,545,512,117,836,641,59,777,164,395,35,17,146,916,329,64,901,274,455,107,634,32,540,932,536,921
453,629,0,394,919,604,589,217,360,920,74,87,363,92,458,95,444,861,606,426,324,876,517,604,315,79,474,876,350,837,682,971,336,441,874,462,453,618,605,668,350,948,330,985,883,592,527,687,538,451,575,500,279,140,578,588,605,451,605,352,451,868,63,588,51,453,1008,626,619,306,6,656,364,408,559,782,324,565,575,933,368,476,380,607,890,61,0,340,262,316,1018,12,451,792,372,883,815,589,219,431,433,599,624,844,583,160,463,283,989,22,266,593,570,148,396,4,838,791,926,776,949,27,94,744,1009,592,843,191,899,387,442,21,797,350,223,539,221,950,155,488,564,372,616,881,496,287,343,5,588,783
797,276,27,73,302,790,678,818,49,7,815,53,647,517,581,648,581,35,895,919,534,23,150,765,868,929,324,9,21,567,562,701,895,319,85,433,514,948,580,388,635,810,198,4,925,53,108,575,399,204,876,243,689,292,105,554,721,306,253,180,683,805,477,278,577,701,566,366,454,231,389,13,964,676,17,764,715,404,362,108,741,901,239,269,660,380,886,52,685,311,354,636,19,656,935,311,375,710,748,815,836,744,781,836,535,530,118,658,565,295,722,266,116,677,445,40,295,527,356,202,627,568,303,356,207,53,652,650,678,740,177,21,81,311,805,348,338,463,426,278,973,786,806,284,64,566,375,677,626,53
578,589,34,122,556,292,231,704,711,578,767,81,106,976,589,578,804,754,269,192,632,973,871,501,580,1009,928,621,607,578,17,99,268,14,608,393,292,629,404,476,26,549,424,7,62,516,515,813,353,3,226,82,444,890,578,949,1000,778,590,278,531,770,611,519,677,824,57,19,811,632,780,818,59,882,767,884,671,811,181,269,563,471,768,180,879,307,565,104,709,27,295,451,27,424,534,10,541,804,392,122,507,585,788,241,818,657,969,530,307,996,3,830,18,68,35,1019,523,960,232,969,82,994,824,549,976,965,74,529,96,269,309,996,160,190,27,595,613,549,523,780,19,297,798,587,792,323,48,28,589,425
934,213,551,409,139,992,271,346,972,688,939,71,6,771,852,524,342,345,916,967,515,133,620,512,996,779,355,559,471,716,812,117,274,999,435,355,811,562,118,230,843,124,126,560,1005,482,809,101,254,535,901,79,967,966,268,397,452,737,732,78,805,959,900,550,189,763,425,839,789,224,84,909,548,967,45,404,134,255,134,803,931,804,654,78,899,999,828,203,750,157,972,280,771,774,534,700,946,770,127,999,4,479,963,807,619,926,382,484,742,804,691,819,768,389,935,676,70,700,547,116,73,699,950,382,68,482,956,849,555,111,101,387,930,398,907,118,891,167,996,692,678,251,572,532,326,261,999,96,96,20
237,55,758,996,884,31,115,737,865,769,207,137,556,475,449,732,672,500,228,123,874,960,587,493,862,205,865,900,372,1016,650,38,390,18,487,182,51,181,854,429,908,770,505,225,940,42,244,295,115,668,929,193,857,912,746,51,997,376,872,740,55,470,124,767,233,646,678,740,385,598,566,337,786,150,130,598,670,774,342,964,526,404,559,1016,425,55,764,11,126,902,57,427,344,370,239,704,1011,107,247,567,963,198,696,924,451,924,772,851,900,921,252,451,885,700,744,966,224,232,161,1000,1005,48,410,33,257,1011,744,876,951,239,512,643,612,83,1004,769,962,516,736,95,164,1004,480,670,673,1016,3,900,235,582
431,976,867,770,590,740,920,113,804,975,684,117,485,610,453,319,48,814,592,867,427,611,565,68,467,484,388,964,36,43,610,259,1013,630,815,229,96,1012,164,889,995,108,121,792,164,163,100,133,101,125,623,417,101,852,187,1010,518,481,74,206,339,885,867,980,962,879,824,615,293,628,121,46,40,852,1013,922,149,103,698,109,432,879,804,611,428,863,96,815,68,959,621,263,120,546,686,872,770,848,65,622,672,293,788,767,127,53,168,248,35,839,389,280,803,299,1013,814,96,35,558,792,421,965,70,0,814,1013,550,360,552,271,115,923,149,190,616,824,617,85,828,702,359,804,419,20,486,611,529,271,1012,47
520,776,337,175,638,483,171,9,329,128,206,329,87,691,696,602,426,131,723,696,722,461,828,265,811,130,256,47,763,175,109,273,537,802,702,610,534,866,718,329,377,171,272,700,584,780,142,328,844,616,106,590,763,354,583,265,945,873,340,346,184,37,676,201,206,712,315,644,371,574,867,801,777,774,169,617,454,771,974,91,241,666,307,369,179,625,37,481,142,802,944,122,670,341,200,731,161,522,904,264,185,241,810,553,73,360,338,462,201,141,879,618,1023,704,293,489,770,810,878,829,590,42,818,531,820,565,826,590,175,499,782,531,974,1015,786,297,210,718,960,329,529,840,539,773,169,712,638,209,73,41
693,659,902,674,286,679,327,94,615,969,128,420,647,386,546,457,394,141,905,874,417,639,966,953,447,710,966,837,830,83,336,118,952,487,969,166,546,777,800,665,853,838,434,659,151,614,434,199,932,409,515,229,366,584,195,609,657,969,533,160,481,654,608,684,751,897,679,218,837,969,495,207,675,413,121,830,738,19,718,269,916,580,351,408,696,438,135,420,529,71,274,640,527,137,684,946,710,863,684,933,400,263,464,224,1021,990,313,490,199,521,777,905,186,921,128,965,389,360,495,549,793,130,93,678,434,546,975,696,995,443,512,352,704,917,949,519,924,678,505,145,136,128,146,416,966,642,937,510,966,96
459,592,186,464,737,387,689,320,458,688,206,741,762,545,177,443,625,845,891,913,48,464,467,813,701,251,472,566,1001,881,563,470,473,176,454,433,873,505,954,95,835,618,527,208,390,870,517,852,135,688,995,709,668,733,758,44,733,209,558,490,557,717,433,551,717,403,441,390,669,669,133,534,475,665,435,640,528,632,139,448,886,381,443,378,173,144,204,221,717,444,690,986,521,435,983,892,487,691,216,407,1005,694,252,669,470,25,669,1017,172,138,601,311,438,926,689,825,291,789,959,208,870,200,418,805,667,529,148,793,528,745,15,166,802,736,186,832,441,10,253,438,401,721,40,843,589,187,872,762,643,27
441,477,951,39,535,299,522,999,109,994,910,135,1004,704,774,93,585,707,577,513,216,547,275,416,393,115,177,567,1000,928,640,173,538,961,173,640,0,198,818,483,972,946,760,671,163,256,216,744,332,698,764,736,148,194,341,704,730,620,419,960,117,711,174,5,136,704,513,928,339,936,166,135,664,736,67,705,296,522,974,723,1016,855,128,800,391,391,723,48,601,1001,138,640,441,929,111,289,715,970,644,999,786,151,450,385,417,546,288,47,481,497,262,529,641,222,998,682,263,503,802,295,869,162,230,442,568,200,563,933,626,620,896,896,469,671,991,122,903,882,593,391,98,681,664,393,882,954,562,447,492,635
368,887,12,8,448,521,492,95,581,406,278,6,523,837,593,351,837,652,321,23,927,285,286,648,126,153,621,255,186,619,229,361,917,124,597,783,597,538,327,538,834,351,516,751,541,348,789,43,18,913,192,322,973,23,633,327,541,853,0,855,997,21,7,13,218,87,274,322,335,382,583,12,28,414,110,346,416,30,932,414,718,558,94,532,7,265,893,467,661,464,917,862,519,901,578,504,563,338,919,95,13,709,625,211,561,535,421,959,543,694,531,576,853,147,834,533,179,553,796,833,479,273,524,821,212,597,423,471,786,839,798,420,914,137,23,396,114,597,327,82,788,543,782,338,581,709,543,22,677,835
156,637,726,253,677,22,477,396,411,123,573,857,332,31,83,83,581,860,897,746,677,597,82,893,574,124,998,678,629,674,989,624,547,133,19,38,202,565,242,444,893,305,605,605,597,426,851,21,28,90,935,502,280,848,19,26,421,635,923,349,411,455,572,246,124,82,349,989,661,451,1021,624,496,591,741,589,18,997,166,986,556,757,605,503,75,70,556,84,410,83,888,68,1013,180,118,476,58,756,396,502,742,597,491,722,437,886,404,92,16,64,822,539,150,701,576,626,155,534,55,367,80,532,178,31,620,860,28,604,663,647,611,805,685,881,882,712,92,105,26,118,834,854,627,940,146,86,109,669,502,886
460,268,956,85,349,618,444,83,713,655,962,617,279,195,633,344,449,956,571,905,773,609,58,576,257,242,270,325,857,210,64,697,193,883,464,242,965,37,332,614,879,344,905,256,330,627,587,649,242,261,634,100,719,679,504,593,515,801,718,215,849,780,843,335,913,683,453,621,629,390,308,505,350,330,303,762,48,627,742,839,8,833,462,821,346,738,483,425,49,438,254,621,653,584,627,130,505,301,907,287,755,807,277,714,392,533,997,263,565,462,627,344,456,649,57,971,780,959,334,925,480,911,57,197,501,396,859,714,366,47,928,203,58,661,200,711,309,705,646,619,598,646,335,810,952,524,456,682,617,58
913,87,517,282,928,966,792,552,697,55,312,669,79,768,523,70,460,508,911,320,58,241,157,193,1012,887,527,772,334,792,67,226,679,129,733,320,78,915,501,259,278,499,790,522,301,907,175,207,342,118,670,462,133,357,902,605,792,375,651,578,40,68,437,790,806,769,907,651,911,454,974,790,361,278,30,774,86,692,258,793,64,907,269,768,789,976,605,967,258,963,4,43,282,774,276,25,900,703,64,34,68,773,744,648,902,897,779,523,784,66,774,924,880,512,535,369,369,774,902,678,353,68,901,614,898,774,973,774,330,687,647,93,909,360,901,645,679,193,67,984,198,29,134,663,433,650,887,334,710,311
635,813,962,1021,384,292,224,297,240,679,900,713,4,685,801,900,737,657,159,119,929,953,939,44,508,747,679,936,36,338,701,935,384,945,955,814,160,294,240,235,742,660,720,993,971,184,703,206,40,299,721,832,897,697,897,1,132,48,944,742,680,739,216,163,809,683,953,444,953,841,652,763,678,1015,192,327,954,323,902,689,297,127,295,240,38,424,951,344,156,327,377,369,427,204,719,729,32,886,168,184,874,732,4,536,234,168,299,161,345,763,689,698,934,697,897,916,414,688,1012,176,994,184,849,168,168,143,51,899,340,308,945,688,929,73,55,240,228,819,323,832,952,1010,927,1,412,685,833,313,689,201
201,91,656,970,124,971,484,343,1019,735,605,225,760,516,652,584,327,899,819,386,470,351,153,165,88,489,645,455,867,976,331,384,97,723,533,132,475,549,589,625,720,448,347,486,273,191,488,712,428,249,603,508,261,434,490,671,721,449,792,451,456,707,24,85,607,257,916,1,723,248,643,545,988,173,522,415,711,526,427,116,556,671,943,647,427,943,118,479,666,981,570,137,207,666,510,984,969,726,464,480,941,735,557,563,993,941,195,235,415,603,192,488,1018,968,451,478,427,469,682,383,355,851,488,95,917,640,899,428,968,964,743,576,749,508,184,460,475,415,570,939,156,976,215,1,565,73,655,25,320,976
910,986,845,567,411,367,921,1003,972,777,121,137,858,382,955,196,630,443,777,64,276,188,301,206,622,524,623,836,889,16,278,714,9,374,1020,299,709,66,792,406,242,992,715,636,277,945,634,847,823,22,860,543,854,145,9,632,201,97,73,347,552,938,299,216,955,178,299,808,986,512,857,974,618,99,877,860,874,970,217,890,117,207,843,497,11,768,954,41,793,578,78,770,631,225,629,869,643,792,69,427,15,776,37,586,403,379,9,966,920,475,301,195,461,808,400,583,220,182,632,876,851,1,770,971,953,184,981,875,235,281,286,860,153,984,986,130,0,109,279,487,389,229,107,904,666,869,365,914,222,90
968,979,911,328,298,746,182,721,294,1002,317,26,761,931,234,897,461,913,84,764,477,386,194,3,342,468,700,988,961,762,837,762,231,152,876,381,426,249,474,443,218,526,250,389,986,844,853,758,665,825,8,979,666,442,809,186,648,186,499,475,210,633,978,10,659,754,291,954,990,185,298,762,89,59,136,920,194,535,41,36,962,235,376,185,66,819,320,329,830,706,459,700,987,65,234,346,30,981,35,978,218,110,86,201,993,451,1020,861,241,659,179,952,840,864,617,857,8,965,319,667,313,36,1003,882,58,883,8,1009,1002,648,651,569,418,696,57,883,185,55,652,657,575,195,221,954,790,683,978,241,186,323
636,636,109,742,488,417,110,809,409,968,216,761,535,764,377,116,549,260,431,756,226,486,412,347,766,238,1017,35,683,745,713,163,361,882,978,128,639,865,130,132,172,761,996,150,942,765,684,146,568,484,1001,1003,209,746,760,988,377,738,625,307,417,691,550,766,553,660,339,927,983,135,927,446,784,495,927,535,963,325,35,671,544,468,369,611,281,962,748,1014,737,930,745,720,261,424,1017,282,362,747,751,657,753,993,167,377,709,208,814,180,233,510,187,174,691,494,771,649,171,416,1017,611,945,244,578,195,407,432,505,286,650,132,235,315,55,380,904,347,297,888,246,32,374,446,422,1017,585,729,220,193,737,132
938,631,599,2,19,778,534,264,842,503,610,106,598,618,117,498,820,605,569,974,395,837,2,12,515,309,686,147,582,89,526,987,125,344,930,243,648,13,315,259,405,8,786,351,730,571,918,872,564,11,269,22,119,268,148,578,184,173,266,0,202,14,30,117,840,839,245,264,776,312,16,509,598,477,0,903,648,532,285,559,635,53,210,147,125,599,653,331,75,1012,434,560,642,840,599,733,356,520,354,267,524,117,51,74,583,607,975,828,90,627,665,834,970,1005,546,578,82,1009,599,780,29,906,123,102,242,901,607,583,416,794,538,266,578,525,611,587,13,413,569,5,335,360,29,836,77,781,127,570,760,591
185,917,134,930,227,731,245,149,493,845,450,943,925,267,240,468,429,893,905,237,217,427,109,894,906,871,159,244,173,431,860,182,698,27,778,826,256,127,268,626,776,258,826,964,479,849,228,194,589,173,747,719,183,175,984,270,451,722,170,204,665,710,857,644,699,838,789,710,997,838,740,794,440,310,175,487,173,685,672,912,76,92,1006,313,668,232,386,741,204,821,719,442,961,735,856,576,853,219,89,106,780,956,267,173,554,157,453,251,777,717,615,94,628,426,419,684,258,127,906,905,653,782,116,301,908,258,677,620,912,3,528,811,687,470,165,793,126,742,413,674,537,443,636,709,965,389,245,17,485,416
473,1014,184,32,593,510,589,458,589,377,436,581,685,65,425,538,639,780,385,390,427,458,641,578,842,216,643,516,657,66,703,209,398,189,32,674,517,298,42,641,468,862,525,731,502,657,183,989,281,713,586,997,855,642,621,688,888,176,653,184,583,326,354,482,396,416,480,737,277,193,758,811,586,683,961,939,432,66,657,486,260,423,529,987,385,802,774,433,640,2,771,450,203,862,192,963,707,650,582,184,757,702,835,531,422,12,191,619,432,899,315,242,483,429,2,859,322,647,276,525,952,184,583,65,647,478,426,880,413,130,67,449,314,891,418,413,641,746,643,707,419,976,241,486,768,518,31,257,81,949
49,652,453,782,302,847,996,453,966,335,342,169,940,726,972,185,157,935,316,849,750,598,167,428,945,105,803,556,469,811,792,958,191,805,147,940,710,888,176,558,828,333,809,310,325,423,575,190,940,354,140,193,976,329,344,342,642,126,207,150,811,764,581,109,996,964,336,616,103,680,136,144,867,1004,165,804,984,322,782,145,6,445,468,46,34,860,142,837,813,81,655,311,904,941,656,142,867,20,424,553,642,527,46,797,159,447,285,991,686,143,732,382,318,954,740,305,231,829,295,654,431,145,246,503,872,494,317,371,616,46,881,136,295,62,845,619,166,249,936,263,298,83,527,933,936,952,152,716,295,943
181,335,473,592,456,464,702,219,783,469,264,401,448,783,479,680,191,822,427,181,608,751,64,303,305,399,44,454,988,312,167,795,269,472,793,73,343,201,68,855,492,469,759,57,168,702,981,906,967,848,998,799,911,780,153,472,176,8,141,785,826,308,565,256,64,34,680,254,1015,681,347,461,644,7,479,970,352,470,714,456,337,712,622,908,427,751,485,853,846,840,543,31,15,968,590,187,328,127,655,734,292,518,928,300,919,320,184,308,341,556,969,751,264,904,21,479,782,981,479,476,642,783,982,666,8,383,286,111,298,41,259,696,518,336,1019,900,260,836,799,616,351,735,8,256,822,340,191,489,156,1013
558,264,933,252,629,146,760,363,210,698,1004,23,783,311,311,262,163,1003,875,121,946,729,707,767,99,499,53,198,731,946,849,692,216,882,620,194,392,353,757,739,352,328,581,725,894,22,214,291,242,938,35,918,232,480,236,941,596,291,242,734,480,626,627,600,579,561,707,995,859,482,142,449,969,363,10,751,945,885,965,720,481,867,352,306,20,776,529,333,626,194,728,822,818,886,181,497,503,864,200,534,946,58,721,784,1022,301,533,514,873,333,576,764,350,507,368,358,523,18,828,690,258,822,59,615,358,568,617,856,439,948,306,39,884,329,507,531,475,22,1015,724,761,49,889,693,867,984,342,464,889,306
516,395,721,899,894,634,906,14,360,340,618,715,349,340,194,645,147,788,65,276,674,70,292,710,111,526,873,316,956,316,465,971,314,670,967,903,22,380,755,426,364,822,513,900,346,473,276,498,867,454,627,353,323,851,929,581,225,348,180,912,260,397,76,828,813,890,300,232,414,230,342,801,590,244,897,372,269,651,647,723,746,336,67,240,715,378,755,400,384,780,354,382,264,230,368,379,779,761,271,458,536,627,250,70,619,69,726,913,368,563,588,99,827,310,70,753,300,577,160,890,618,547,843,610,382,536,518,314,395,725,652,653,321,374,721,425,738,358,758,502,454,847,364,601,493,365,769,139,600,168
623,482,634,570,837,322,249,274,755,26,656,1015,797,303,109,413,282,933,22,419,986,145,254,240,498,945,673,986,858,633,574,405,608,528,397,114,395,893,720,634,699,46,290,266,629,453,503,913,162,368,827,443,213,359,176,682,691,641,176,482,477,26,706,880,392,763,929,992,569,992,571,45,731,391,626,988,730,569,397,673,678,571,848,730,707,391,40,2,436,992,165,702,175,673,429,557,376,745,196,628,801,579,522,482,706,34,647,705,367,382,641,607,906,125,943,397,602,763,749,50,1018,929,850,571,383,955,990,562,165,631,1000,707,875,58,16,426,768,961,18,162,162,805,834,820,699,380,831,282,630,992
744,118,209,864,950,854,866,1004,442,712,253,431,53,844,189,313,861,110,228,491,572,497,846,516,572,950,736,338,359,189,15,25,499,337,369,313,324,48,423,1017,431,360,867,519,930,46,115,98,758,583,964,23,950,19,878,985,404,729,718,948,755,740,252,819,45,763,998,433,367,929,48,1011,311,23,951,354,408,982,1014,375,330,357,194,339,982,1012,368,60,567,832,340,407,913,242,525,11,718,930,843,566,855,558,324,87,887,618,353,369,302,137,499,848,398,337,804,865,613,995,983,996,1015,715,950,950,439,61,596,217,44,47,919,202,1,263,53,249,876,565,432,902,5,23,167,999,340,439,718,772,281,516
144,733,174,160,214,646,709,758,237,434,814,829,104,145,70,278,795,140,308,938,792,490,183,295,310,210,164,567,344,270,375,269,791,922,349,799,158,504,411,769,886,795,900,675,269,385,195,684,407,673,794,739,807,158,181,759,248,989,278,369,917,658,795,115,442,746,344,165,429,792,517,442,274,380,102,406,583,731,239,790,375,980,966,855,145,126,912,216,696,730,221,536,556,1018,957,781,152,447,327,272,70,806,551,712,486,698,1021,812,140,551,799,626,279,698,317,646,114,217,475,408,367,134,656,650,90,241,298,264,186,559,574,221,215,670,347,392,610,262,410,531,141,502,694,696,892,258,392,415,409,383
405,936,313,668,808,429,197,724,1012,317,910,543,850,718,943,808,197,19,265,378,956,916,526,526,85,711,633,321,1020,440,531,947,755,79,626,99,7,67,231,213,652,707,546,15,29,912,716,32,719,120,1013,159,117,967,445,740,1013,461,127,19,653,319,540,258,373,721,927,342,117,1002,927,67,896,31,846,526,748,88,596,378,853,78,548,377,198,927,927,301,942,29,362,534,980,956,918,121,303,710,578,653,437,60,914,540,692,688,824,13,66,9,878,780,980,916,249,270,590,501,99,338,909,931,924,338,351,287,566,528,273,752,99,884,13,31,504,24,85,276,955,12,88,1020,838,469,833,92,5,579,39,81
273,786,263,778,840,894,535,965,398,79,768,311,815,138,32,954,11,928,666,238,847,807,794,850,573,207,67,593,267,49,208,50,118,81,612,791,951,81,263,400,796,931,878,49,48,224,567,328,362,787,663,971,512,887,42,342,259,539,976,64,251,273,242,749,561,796,51,211,794,757,71,480,510,641,634,656,955,379,48,562,874,833,506,432,519,244,848,769,107,283,529,5,719,39,384,355,450,87,238,626,840,897,591,603,240,3,567,779,834,734,670,535,33,75,128,92,845,928,631,513,849,81,878,573,0,257,320,41,115,579,116,737,398,993,794,580,432,668,313,1011,584,833,624,7,794,46,640,899,654,5
23,960,135,245,254,72,714,412,429,286,378,412,22,141,479,546,141,299,313,558,766,158,950,524,703,978,489,565,589,949,276,635,918,110,891,18,354,718,894,69,546,915,542,919,73,275,475,602,924,607,325,282,530,670,974,14,903,355,1016,1013,614,530,798,801,764,862,990,518,846,580,194,314,631,542,69,767,77,471,31,624,590,349,265,231,514,675,170,563,927,477,635,772,110,901,404,72,722,308,484,532,980,911,50,261,532,434,590,574,227,102,564,991,353,117,127,710,206,13,863,957,564,560,512,586,289,303,526,546,862,19,841,197,902,666,301,19,979,76,901,760,17,558,743,196,698,942,790,303,517,276
902,342,667,108,897,766,771,762,413,672,839,669,938,802,792,659,388,376,358,79,383,84,727,199,282,785,829,738,762,162,270,758,774,303,881,149,375,165,390,713,128,753,272,264,996,701,195,695,973,449,193,951,662,671,920,711,45,833,664,913,705,905,881,108,6,897,109,673,808,406,413,290,618,303,348,987,259,874,353,676,677,743,610,913,915,926,513,311,373,23,390,356,289,930,678,289,662,920,0,28,659,641,974,289,641,877,743,726,668,157,262,647,939,418,322,913,435,675,721,913,743,230,289,900,913,354,166,682,33,709,304,542,376,480,393,663,689,289,998,165,805,903,419,677,418,802,737,338,430,162
537,52,778,227,708,997,256,590,951,638,64,126,748,110,118,566,690,617,700,789,54,624,249,665,652,839,290,420,20,513,631,598,127,573,629,677,797,945,5,527,465,945,0,675,120,949,617,803,260,1009,565,765,529,530,316,34,836,116,918,915,897,401,998,115,916,821,369,486,685,943,985,48,898,54,674,6,176,164,112,173,957,270,553,134,280,297,551,806,770,500,22,349,738,69,121,45,177,523,425,347,678,885,631,465,577,446,267,347,527,951,999,839,369,720,1020,747,548,948,48,766,215,945,83,302,1012,6,1021,439,631,958,117,1013,716,959,942,423,290,305,975,590,504,926,283,533,380,735,949,920,539,14
538,418,336,23,992,418,30,401,439,217,958,193,16,976,992,1,730,149,831,791,329,606,721,194,212,473,427,448,138,25,614,34,402,246,161,657,598,40,807,208,753,889,694,793,595,853,1022,495,448,730,344,919,985,236,442,875,372,697,705,226,546,128,926,889,983,340,18,735,626,722,125,469,394,16,10,212,393,415,1012,928,416,999,440,989,440,737,384,1003,406,214,409,153,184,473,726,726,756,481,549,729,897,473,976,198,891,538,424,413,912,213,400,469,860,602,889,241,413,490,797,735,887,584,409,406,243,223,196,730,507,889,45,210,788,913,31,151,418,208,414,943,25,705,0,228,73,455,775,37,923,476
486,925,898,514,656,108,431,896,443,378,319,497,925,352,900,1004,498,410,239,694,196,104,580,928,231,576,500,389,987,950,807,676,87,85,759,916,908,559,1006,718,445,75,962,883,958,460,556,879,1013,969,898,736,952,48,609,388,417,196,366,997,925,557,210,289,510,283,388,79,759,506,389,727,821,555,269,534,262,514,77,746,70,182,444,228,254,343,467,73,899,36,898,897,450,224,534,156,974,77,903,807,445,678,1001,431,402,219,452,164,123,747,116,464,66,934,128,956,744,37,932,850,385,920,712,480,444,710,712,552,93,158,534,610,286,942,945,243,380,582,141,484,161,467,281,205,210,207,467,727,211,200
979,539,579,156,647,392,755,53,754,633,442,505,706,360,115,921,83,847,649,639,786,777,873,434,491,213,509,628,432,176,440,258,926,2,153,990,727,244,951,921,657,776,727,434,462,994,503,747,129,762,606,64,605,459,1012,974,563,493,600,715,419,58,244,57,313,589,306,519,987,469,512,376,392,366,626,993,596,49,417,958,626,882,952,763,602,584,1016,610,511,74,546,376,536,738,590,602,80,552,240,908,701,329,880,761,1007,144,899,245,466,386,702,824,904,505,440,969,439,889,1016,440,437,481,53,570,147,720,631,618,279,112,977,600,953,321,466,445,602,45,633,217,522,596,340,495,592,699,383,596,683,317
865,897,699,975,467,819,689,759,683,930,470,737,457,975,304,958,632,194,342,707,767,190,458,243,754,954,969,704,1010,438,45,674,170,683,274,681,496,703,307,783,288,208,753,210,480,419,659,747,1007,146,192,438,16,240,667,711,79,971,870,769,987,800,958,633,935,851,870,708,666,470,551,835,387,977,624,765,471,130,825,482,450,1009,968,718,206,213,475,753,683,989,150,788,978,141,797,251,739,1001,490,291,928,1001,472,150,210,467,294,480,472,148,659,857,592,77,462,467,682,504,879,424,875,889,216,481,510,241,753,541,105,705,205,664,889,435,705,971,161,459,707,476,452,163,329,193,17,683,1009,487,462,496
375,703,754,628,768,999,780,63,448,426,37,449,634,975,319,449,581,782,356,50,33,471,934,459,583,551,181,952,175,281,1005,391,130,779,583,581,833,634,127,64,1021,946,487,42,586,359,111,917,952,317,307,138,262,256,582,822,128,740,67,359,977,616,647,962,471,24,266,74,992,448,87,544,166,134,934,989,727,103,772,458,549,277,246,758,76,522,527,43,852,562,577,529,18,964,551,602,183,156,701,934,509,576,389,392,142,368,964,267,334,334,480,451,517,327,388,244,702,477,1023,536,295,549,533,660,53,32,96,906,32,950,774,517,928,421,503,719,992,582,965,870,462,512,50,515,1,389,258,738,288,597
760,897,134,771,282,779,433,164,17,793,435,203,324,655,712,914,530,843,128,632,737,368,521,82,398,129,152,415,320,505,587,384,900,882,756,467,252,904,134,281,849,981,756,425,796,979,624,796,740,267,308,466,909,907,864,424,144,656,688,792,691,625,914,864,129,705,496,387,977,9,129,907,639,840,394,761,456,19,359,794,806,129,977,651,162,905,128,513,626,727,384,112,498,864,656,896,848,897,329,914,841,62,896,978,986,480,896,904,569,849,394,768,523,744,852,0,572,905,235,595,235,737,699,227,308,787,460,668,466,924,910,128,120,208,210,940,1,696,629,689,792,421,459,153,557,134,908,152,645,995
794,613,161,567,223,480,145,365,353,634,431,680,444,504,645,1008,694,620,389,1022,357,55,321,849,611,550,434,1008,422,50,884,702,641,880,438,443,171,147,224,990,270,558,740,405,760,709,740,131,307,82,1012,276,580,613,860,580,814,494,228,590,492,247,570,200,519,558,151,826,620,444,672,890,454,608,649,591,615,517,1012,558,1009,501,191,679,648,550,1016,102,406,59,226,357,586,171,558,1008,420,420,919,610,465,650,865,550,772,620,822,897,558,374,880,240,1009,801,608,322,53,686,460,748,356,447,188,1013,161,444,1019,544,881,879,304,591,36,658,166,416,997,138,558,672,686,26,599,628,659,1000,26,606,435,580
964,406,506,285,789,1009,9,122,900,457,627,516,182,383,727,644,376,660,699,214,485,248,794,724,820,680,499,112,499,463,515,1012,980,764,357,826,1015,703,213,1020,468,46,371,723,126,509,636,468,187,700,537,451,273,972,980,756,120,1014,258,350,357,558,740,564,508,161,724,500,847,690,729,485,822,707,661,37,253,725,235,272,383,929,357,744,817,560,883,481,222,713,431,636,499,506,205,740,725,887,223,187,361,502,724,185,41,632,636,724,469,902,361,242,903,733,356,485,142,498,681,192,932,407,771,368,483,755,1016,472,115,499,700,732,223,249,47,371,253,208,636,486,46,357,878,650,186,663,405,678,469,1002
752,568,942,609,484,992,718,724,679,666,741,1012,654,310,690,122,646,928,74,426,520,210,367,180,904,239,448,32,392,399,821,99,728,749,754,165,606,431,523,980,507,676,736,767,31,383,391,392,229,1019,267,426,391,529,814,425,525,549,767,121,224,672,420,236,135,415,529,947,64,532,239,7,235,746,96,654,737,728,485,121,416,928,423,939,136,508,456,99,1007,105,831,447,825,490,1010,232,572,443,927,510,245,950,673,1,1013,110,459,521,404,1022,434,373,520,651,480,393,84,840,449,472,426,684,197,414,388,136,224,801,504,88,952,660,520,300,743,677,1000,714,27,395,525,460,217,456,314,918,123,631,935,303
689,482,882,872,15,955,155,29,345,459,163,831,146,674,242,355,195,140,330,673,696,18,339,355,900,680,98,505,89,349,73,969,731,114,874,366,147,792,160,185,822,366,165,291,818,219,355,441,68,450,968,21,323,359,725,590,326,270,810,24,1011,873,969,302,674,498,833,511,642,480,236,581,309,130,1019,380,76,358,1010,197,862,209,802,22,481,509,270,772,443,67,89,790,89,465,553,233,777,1009,333,885,753,30,170,68,850,1002,370,967,668,690,73,139,693,315,462,59,754,1020,328,754,703,684,178,386,800,1014,195,171,56,575,675,305,642,1000,654,551,369,770,802,341,187,787,209,506,773,132,664,326,195,504
702,698,547,162,419,748,746,84,930,44,187,770,919,903,898,279,134,476,394,748,790,550,681,568,828,532,659,775,751,861,219,472,863,128,199,885,247,85,923,861,134,429,607,485,162,0,47,358,200,831,444,817,943,483,267,807,773,903,816,996,535,291,817,205,36,156,499,831,687,870,610,439,659,176,9,800,358,161,803,225,810,267,419,347,293,549,172,192,832,732,947,827,358,718,732,419,748,764,579,620,423,251,483,224,817,31,347,804,533,679,482,331,393,295,547,195,195,679,490,181,551,638,172,461,835,739,805,683,275,459,288,3,272,172,230,291,432,821,845,292,573,528,134,931,944,34,133,573,108,823
321,741,261,199,295,503,356,986,613,340,350,518,379,219,397,787,645,503,456,341,109,813,321,621,755,942,477,515,614,646,894,438,999,1013,1019,273,947,700,9,126,488,854,229,360,339,209,839,526,603,480,324,130,1013,701,929,134,331,486,1004,576,744,229,393,230,742,213,663,518,7,581,639,312,422,525,513,729,317,646,614,885,885,1005,1023,192,678,371,893,845,612,973,869,744,326,869,725,616,78,603,230,228,761,228,576,119,662,891,404,483,422,332,813,640,1021,518,481,357,525,375,263,196,235,509,1005,606,300,357,865,152,563,158,426,494,519,366,502,857,202,235,332,767,235,448,993,973,106,300,243,356,940,622
509,368,566,19,242,45,614,45,556,153,142,839,977,980,934,678,742,148,742,952,755,740,662,132,683,541,298,482,430,286,509,916,536,562,799,101,535,565,595,758,870,943,483,85,49,772,9,151,381,340,870,888,510,786,69,534,954,313,908,173,442,586,140,871,819,603,660,37,338,863,414,99,419,848,528,487,352,443,566,151,529,247,792,620,174,784,90,588,964,256,509,640,475,332,409,143,694,1010,522,85,153,576,473,583,1009,554,964,405,287,442,57,900,541,728,132,503,708,968,342,940,646,986,29,678,844,389,169,853,822,410,1017,863,382,597,148,310,970,662,480,787,477,914,667,523,779,866,388,274,645,51
574,66,527,637,46,895,912,308,572,331,1013,66,968,104,935,278,432,893,340,937,319,814,92,873,303,373,48,968,228,951,957,789,697,288,955,889,667,283,632,845,96,891,922,469,990,55,358,821,568,543,546,866,842,298,126,534,866,410,919,218,75,845,831,581,863,330,845,970,212,428,773,793,128,779,106,806,366,59,860,842,877,1014,272,254,309,808,111,140,340,85,545,972,303,373,605,508,522,248,558,94,169,877,1007,558,895,34,64,528,90,76,912,943,625,53,582,377,160,852,76,303,145,114,598,57,791,96,7,855,49,223,906,406,282,104,863,29,908,952,545,158,468,418,859,776,806,454,19,642,574,917
639,534,129,964,783,346,48,697,948,707,625,473,985,455,434,628,551,162,171,162,166,876,132,342,450,64,165,227,970,395,486,325,166,598,803,727,452,102,345,545,212,973,532,964,134,310,494,211,679,461,394,988,1013,989,0,486,294,610,192,740,694,628,938,163,313,793,518,122,475,483,320,354,195,69,515,665,639,461,676,18,6,532,417,285,610,739,822,625,510,582,67,966,331,313,985,665,10,498,336,758,651,534,494,609,1017,136,724,238,551,162,170,134,197,185,898,191,86,193,609,532,650,960,726,317,6,1009,560,1012,390,593,132,418,41,619,697,509,591,579,448,406,998,783,43,410,999,390,473,958,645,261
748,868,535,753,671,148,591,846,711,805,1014,735,815,873,329,152,669,813,12,85,582,85,223,457,141,147,886,493,203,207,451,485,993,749,419,839,645,515,851,755,212,314,741,451,398,839,146,714,239,333,52,616,142,104,236,606,578,639,943,503,208,196,92,592,388,106,360,484,949,68,422,592,615,28,917,846,204,604,761,1009,587,332,138,933,533,745,227,452,749,712,627,639,566,338,849,975,621,382,780,573,181,253,844,758,303,484,837,489,717,264,654,934,478,445,823,579,504,671,837,513,653,5,849,5,587,468,691,194,299,398,1005,136,869,330,181,329,336,484,637,12,68,995,519,473,155,706,433,511,964,298
25,690,357,506,802,390,818,282,883,78,163,315,650,367,414,914,764,666,101,363,340,748,322,725,218,227,828,692,200,747,818,383,833,232,777,152,493,536,1015,266,164,362,667,83,368,303,629,471,603,790,485,553,697,480,684,363,385,438,910,101,277,70,235,44,35,701,350,182,377,655,370,804,296,312,701,363,409,261,489,627,304,439,74,582,619,688,375,757,291,377,504,893,367,790,477,319,914,664,616,638,538,235,831,307,820,338,526,107,275,427,371,299,696,798,872,370,791,837,857,374,139,746,186,611,787,1018,520,613,261,979,994,812,470,738,796,147,33,343,863,493,641,898,504,256,75,44,598,822,44,586
838,874,812,292,55,186,455,979,944,359,481,642,992,368,816,400,1018,883,209,860,445,760,390,159,152,952,574,552,880,915,727,820,574,373,347,583,725,810,409,275,856,716,883,673,880,658,55,214,823,729,271,35,419,711,988,882,754,865,848,860,248,997,616,432,423,531,308,976,81,883,242,926,197,985,278,115,307,819,1020,958,368,43,691,432,232,948,141,315,891,50,923,7,7,235,880,744,318,934,977,310,906,275,642,954,956,971,825,974,922,528,115,11,803,32,856,30,956,258,627,265,858,743,977,181,59,104,972,958,353,110,49,785,645,947,219,906,256,327,860,807,755,256,28,27,723,209,740,1009,98,81
956,128,788,62,828,850,62,50,846,321,513,225,846,816,847,633,541,208,668,334,920,723,129,927,163,932,205,14,1018,500,105,399,361,828,511,904,28,113,18,905,341,1013,357,317,487,475,46,921,363,119,398,292,1022,952,909,185,427,722,154,958,917,860,474,259,985,186,149,723,697,329,909,415,395,234,810,42,750,959,393,233,105,722,912,960,30,479,105,202,382,909,751,701,609,330,908,939,905,1022,455,785,826,819,433,946,729,338,937,90,833,427,934,266,937,208,216,364,334,78,725,971,453,958,161,924,353,939,335,441,421,441,393,700,105,505,699,373,747,497,923,649,500,990,638,220,77,1022,177,922,643,447
811,844,32,1005,979,275,882,627,282,883,37,45,459,47,322,978,284,147,835,407,846,208,162,128,362,67,976,469,981,839,455,812,20,775,403,309,399,270,963,685,817,421,342,196,96,281,499,440,594,880,259,285,325,47,665,365,266,299,997,259,965,346,498,509,37,455,556,73,269,95,452,868,406,503,903,892,35,647,580,205,978,1005,70,688,976,976,1008,626,66,59,143,789,797,452,836,135,34,43,976,578,45,883,295,589,269,512,272,300,701,34,906,565,818,594,171,377,822,399,850,554,594,207,840,43,527,34,804,578,784,597,965,289,672,274,303,826,99,401,299,320,712,581,25,358,450,704,274,903,706,218
62,73,142,141,515,1013,421,62,413,443,766,53,449,527,807,1023,808,641,433,569,234,1023,581,663,484,748,57,697,414,647,364,896,478,828,821,34,908,373,483,45,489,901,715,575,59,191,661,758,479,900,507,1000,645,109,312,388,465,109,401,676,700,495,126,63,975,319,692,745,687,742,695,498,15,437,836,604,51,261,511,916,655,909,52,523,877,620,591,219,330,911,408,766,1020,493,180,511,911,552,228,692,221,847,576,145,644,421,5,1013,4,244,645,389,477,306,74,511,517,797,537,647,388,811,1007,757,901,911,240,705,591,836,310,513,2,440,622,431,488,125,868,975,456,141,1006,401,184,556,912,495,373,766
354,461,118,37,563,187,177,152,849,244,103,756,26,850,350,481,1001,843,500,254,917,483,416,699,33,175,485,759,220,188,848,265,642,237,667,451,498,964,507,760,899,542,510,996,325,962,148,957,984,657,118,889,156,734,80,184,40,577,760,208,296,736,869,456,62,633,851,628,759,643,180,789,968,476,295,733,507,433,497,835,596,504,134,230,779,537,333,481,113,760,210,872,191,679,814,992,686,62,850,1003,1023,374,884,208,319,955,846,364,811,978,190,959,881,814,812,946,21,746,767,667,487,256,746,294,440,617,151,91,862,471,917,841,139,500,651,246,711,221,1001,769,923,387,122,85,698,475,139,169,710,440
810,198,418,704,996,18,198,483,211,626,925,690,720,947,214,897,485,235,98,594,747,430,174,198,516,963,904,899,1020,223,446,43,568,871,359,197,196,608,864,749,213,736,491,340,65,388,423,965,198,547,131,788,239,175,167,987,421,767,436,627,194,740,229,179,416,307,170,486,213,128,50,426,934,715,549,381,741,15,152,13,697,1005,164,440,825,10,428,837,891,883,325,704,189,953,240,747,931,229,222,995,258,348,407,220,277,210,432,617,243,619,720,995,98,973,632,440,626,612,363,546,999,709,746,696,178,933,238,45,736,396,422,81,602,26,987,7,175,995,626,234,700,25,736,33,28,780,900,765,864,531
905,171,387,189,907,720,729,574,612,10,810,95,668,28,30,930,367,766,947,158,542,754,765,526,939,724,589,169,165,956,291,47,11,49,127,462,926,251,957,115,196,665,28,203,433,364,776,724,398,562,601,236,811,46,956,152,205,569,905,260,110,930,929,668,407,213,923,415,929,495,926,295,968,932,511,919,10,961,62,846,199,429,425,510,746,399,301,499,566,158,3,148,924,869,517,1004,346,187,119,40,660,149,916,200,116,313,665,536,315,200,906,846,100,300,573,83,164,21,145,788,959,945,789,75,1018,943,901,62,589,269,164,377,966,956,292,501,906,921,949,847,14,830,255,649,1007,580,252,941,830,109
943,111,925,991,580,348,743,455,357,962,740,495,903,562,562,37,1005,40,15,114,455,592,785,976,438,2,351,640,1005,286,645,865,516,410,143,624,160,34,120,338,279,69,43,162,582,997,71,1023,997,924,307,0,96,679,554,471,690,584,569,882,597,469,976,522,867,554,952,289,67,746,905,594,1002,274,270,829,740,99,43,978,977,749,1003,322,91,647,637,55,467,99,994,787,864,130,77,597,979,816,453,603,271,626,453,115,784,120,954,245,938,430,951,582,527,15,654,199,309,917,888,364,205,52,812,444,171,576,722,997,709,946,362,1002,279,951,459,574,464,932,990,785,977,747,570,348,771,37,570,576,582,129
484,105,932,61,545,492,123,721,734,476,206,576,351,918,748,317,484,643,464,178,498,185,301,261,180,321,434,954,460,749,365,410,394,301,380,661,551,131,191,968,511,181,291,657,474,404,1003,645,727,321,419,924,971,687,315,1023,1002,477,971,695,301,36,542,488,155,626,674,1013,918,366,482,495,670,295,488,813,109,767,429,290,950,661,879,349,975,643,868,961,975,551,996,458,674,943,211,137,674,149,1004,644,594,12,301,39,482,109,414,842,1019,684,661,230,678,65,494,651,676,240,809,333,448,437,399,650,604,108,734,63,748,383,493,1007,1013,938,777,318,706,309,727,404,988,413,748,66,168,479,484,105,440,301
527,978,511,720,499,653,212,392,167,187,510,449,462,760,507,989,478,676,476,963,513,793,456,245,756,498,470,502,203,610,497,189,971,453,796,468,473,221,753,764,257,676,459,808,683,764,503,764,363,348,470,638,177,500,139,757,145,764,457,696,1010,445,192,451,46,689,254,895,886,470,680,566,319,897,721,705,577,931,948,547,174,177,836,913,814,989,717,868,388,512,41,746,900,934,348,252,665,894,497,843,33,412,568,106,500,188,1011,873,465,189,495,211,750,360,464,187,765,696,386,475,479,224,963,443,515,17,702,502,508,682,632,506,678,304,460,41,159,795,81,767,474,563,489,957,801,745,148,591,286,300
243,630,44,864,937,430,241,445,497,421,416,577,204,962,1007,491,751,937,500,238,874,561,338,1020,855,315,993,468,498,725,907,424,564,211,958,75,979,225,89,751,52,2,931,998,864,426,531,421,194,871,944,552,995,440,430,706,868,707,937,148,182,82,620,36,178,320,896,173,130,438,98,160,896,936,432,3,906,749,441,715,226,146,434,71,480,506,416,947,928,871,1011,233,955,418,979,196,814,929,48,171,1003,805,568,203,614,930,931,720,84,199,997,669,629,249,440,952,416,480,408,803,1011,758,867,440,54,979,195,917,214,121,851,749,1011,82,406,837,873,994,725,5,211,44,996,993,239,374,451,279,1007,995
979,839,407,986,476,508,535,407,522,680,197,812,124,294,28,518,565,453,571,403,514,34,516,186,479,359,426,60,506,10,571,112,155,661,499,573,204,439,887,124,757,449,500,50,462,933,710,20,212,175,499,998,82,711,198,504,204,940,163,506,973,755,175,725,444,967,596,213,930,1018,3,980,535,966,34,506,626,493,444,565,462,947,402,565,706,180,681,898,763,34,957,917,444,919,296,624,931,573,542,421,599,951,180,219,701,250,149,809,586,964,955,718,562,981,900,741,707,133,213,535,58,561,276,71,180,230,493,66,982,538,789,122,13,106,573,149,541,180,108,916,566,454,815,956,60,1012,613,796,48,745
309,714,66,652,186,699,794,189,352,145,408,1001,374,313,857,628,616,281,923,252,91,858,867,859,433,228,380,685,281,286,344,435,572,125,635,969,250,194,908,26,348,60,649,538,48,953,42,849,481,353,378,857,634,940,378,267,121,55,232,40,316,62,364,552,951,829,938,757,522,856,316,259,269,59,42,292,627,948,789,26,403,521,851,50,258,575,250,761,714,1022,556,825,311,905,124,14,564,517,196,26,112,968,409,508,105,363,263,291,226,510,801,39,862,739,609,443,575,562,212,373,58,956,41,573,266,834,445,947,264,211,681,649,947,849,314,923,854,793,859,633,637,851,819,245,908,536,734,562,401,281
763,61,541,262,77,802,245,413,554,18,514,116,250,271,926,267,667,91,534,540,435,463,961,586,157,941,199,907,379,972,923,141,50,126,608,397,493,508,941,192,256,62,10,613,638,718,539,186,778,788,901,1001,239,203,651,255,415,575,581,397,163,905,901,941,168,923,963,130,31,916,525,132,468,207,934,245,784,397,943,727,1004,717,906,928,68,938,538,688,904,922,155,414,644,723,334,462,653,906,804,981,250,1002,260,590,776,203,756,896,922,218,126,943,649,234,693,415,650,182,1002,527,351,587,522,412,172,796,341,568,533,941,813,621,1005,748,1018,689,922,552,93,345,467,502,446,8,953,111,506,142,709,264
912,355,342,216,914,763,496,797,132,852,736,26,769,3,769,769,582,612,339,673,816,646,995,363,851,735,912,129,194,767,83,194,704,834,242,257,420,850,65,162,84,601,829,834,370,516,323,721,819,512,627,275,739,41,834,1,537,753,210,323,537,773,980,11,817,1019,98,854,881,127,36,753,888,68,84,705,114,74,333,218,333,564,218,715,68,259,959,841,907,852,852,256,977,850,150,853,97,140,296,631,351,801,780,827,116,164,964,729,849,88,894,870,99,931,587,269,387,336,83,266,305,386,740,116,464,770,210,916,899,587,386,120,662,706,515,590,131,781,336,754,586,993,83,731,323,212,346,83,705,561
110,165,662,14,428,683,553,555,620,807,777,942,419,403,1013,737,547,38,619,989,1010,219,965,690,805,43,198,877,348,619,310,322,366,227,602,299,866,138,408,779,401,645,98,35,548,967,786,570,96,808,642,598,240,953,346,917,941,589,123,324,714,605,847,950,550,59,570,22,191,715,997,182,786,113,452,434,853,817,881,865,603,943,909,781,12,821,861,430,955,602,324,896,299,105,424,830,293,833,61,101,559,428,225,559,21,253,300,1003,386,302,858,329,861,920,880,708,229,813,867,364,603,837,727,256,895,606,370,39,85,808,62,237,400,843,102,480,36,364,570,10,678,366,613,935,930,474,741,424,148,702
24,216,8,304,1023,114,184,808,595,331,258,80,210,279,882,25,528,203,16,122,742,80,47,1001,401,838,543,119,432,202,210,984,353,787,696,757,0,370,403,40,919,863,113,992,861,210,920,56,18,35,754,847,920,1015,767,696,600,338,725,782,353,64,993,50,759,35,751,906,560,73,864,909,320,298,595,396,635,192,240,384,806,916,354,803,14,743,729,943,729,106,0,223,409,763,991,178,827,795,701,893,607,982,237,849,982,984,759,742,883,8,754,766,427,671,118,385,941,82,258,366,720,46,370,375,470,882,304,216,915,859,715,16,273,1015,601,692,82,592,791,210,547,761,763,210,31,466,82,350,821,583
481,933,987,916,17,135,972,999,883,15,685,897,100,6,828,1013,732,780,62,79,98,271,615,79,177,655,527,872,303,32,916,104,936,790,908,27,918,1009,356,928,523,105,993,76,373,932,974,783,66,662,547,362,428,1009,84,228,360,270,690,308,867,68,711,1002,987,290,917,143,865,475,47,406,997,878,308,704,531,9,505,636,184,577,79,678,902,271,549,351,142,820,975,79,405,499,627,47,617,563,776,835,733,238,107,923,814,580,937,968,79,256,8,161,507,483,114,804,1006,774,696,947,785,903,392,557,262,928,1007,22,143,370,556,511,1002,995,741,674,696,143,344,814,322,17,686,596,1001,1,517,454,1012,266
934,45,935,1006,934,807,345,452,924,378,674,407,988,85,957,647,1004,451,366,468,1022,934,330,167,174,1008,990,204,599,718,509,140,990,89,254,45,681,943,975,103,977,717,601,697,273,210,986,766,491,477,509,4,489,271,1012,668,1005,92,115,1023,500,510,143,1004,245,1022,912,666,739,404,745,175,355,217,577,853,851,77,369,72,889,1021,185,477,668,980,779,156,77,401,735,451,77,344,662,734,337,964,963,990,1021,108,938,461,1007,967,411,1020,729,642,829,226,509,789,178,418,69,716,441,511,441,156,926,638,128,743,117,964,716,964,702,70,1008,962,506,882,101,339,683,854,411,1022,765,228,582,125,113,642,968,149
516,657,591,264,266,592,138,586,438,345,831,583,197,354,272,874,552,776,792,984,585,523,42,5,88,842,44,641,362,555,620,825,812,712,513,995,479,838,259,777,703,40,270,769,292,624,771,681,640,966,581,9,331,787,777,903,45,651,263,641,537,881,70,681,138,232,375,50,689,227,336,271,515,811,410,843,554,651,626,321,847,648,88,200,230,825,40,584,16,630,823,911,344,853,394,543,67,306,315,179,776,293,262,856,697,330,582,456,866,304,445,593,451,904,298,520,777,331,591,840,770,392,298,923,815,288,339,537,130,9,299,795,9,578,328,642,66,315,552,629,771,726,603,906,46,56,770,736,651,648
610,730,268,367,367,396,81,972,562,455,589,716,947,785,988,592,568,538,660,32,771,161,675,597,983,438,593,560,1015,1001,546,551,96,403,632,98,866,991,886,781,15,551,755,803,804,27,249,287,572,102,704,883,121,485,1017,101,991,387,594,90,884,168,562,37,95,269,980,577,382,282,676,403,848,841,983,355,633,868,688,106,279,562,106,64,885,635,71,636,942,102,255,994,866,317,100,77,580,19,66,326,213,720,183,789,915,594,1015,200,870,870,879,79,386,852,70,198,427,562,965,584,51,692,485,512,518,127,542,450,826,998,565,566,304,390,9,579,852,87,589,316,80,866,866,287,185,812,654,611,585,66
546,510,480,985,324,77,408,762,350,422,14,293,510,412,413,109,510,974,930,889,293,273,366,913,142,727,65,102,28,30,405,30,247,933,581,409,733,410,901,911,398,222,482,963,25,1018,136,845,279,150,443,150,8,353,13,203,464,350,415,29,601,426,398,761,422,124,262,383,398,413,621,695,733,124,846,913,600,504,159,391,458,810,729,732,877,270,132,302,500,29,851,414,415,480,30,788,935,723,542,218,413,728,420,412,703,505,502,691,526,351,510,108,935,398,844,375,76,410,413,29,535,409,397,281,414,797,965,413,925,156,65,30,569,8,28,464,721,12,998,941,920,905,195,913,600,2,942,414,621,725
844,214,578,863,91,454,490,610,596,934,80,313,664,388,986,552,834,527,667,898,720,835,321,522,161,747,870,870,322,920,927,15,991,131,997,871,962,990,608,125,71,624,834,34,778,739,778,108,358,989,923,656,102,1010,976,794,870,855,1008,608,773,66,418,411,750,997,333,720,501,940,353,33,705,319,78,107,586,528,230,1,205,746,996,864,352,59,448,397,634,68,426,33,671,478,114,195,13,226,768,963,249,257,355,146,351,704,205,818,176,98,805,450,763,374,37,924,757,970,147,1018,888,380,1020,778,991,667,778,110,894,314,962,665,962,425,414,774,481,227,967,459,100,239,370,767,223,577,882,608,1000,424
235,70,805,832,278,580,997,27,529,46,524,805,638,740,17,633,28,249,742,364,550,555,289,4,38,293,805,132,518,678,785,573,892,511,196,579,850,546,332,473,583,454,5,850,326,42,390,886,865,367,547,550,223,801,127,924,604,487,443,781,1008,789,689,484,846,206,540,1003,472,84,904,545,917,543,814,652,17,103,491,557,13,237,966,827,147,26,616,375,620,413,11,97,136,805,533,279,278,782,898,196,874,183,77,192,518,956,806,766,380,892,766,1023,380,801,198,743,596,262,550,49,295,134,894,293,572,1001,821,612,221,238,613,754,125,638,215,990,2,101,301,538,565,5,399,743,37,45,560,803,865,646
885,551,926,740,483,655,820,303,758,410,620,494,294,863,27,795,528,362,277,955,123,789,524,579,33,542,788,932,3,615,802,807,606,647,315,799,924,600,659,509,94,89,804,859,347,1013,1,634,59,273,410,251,477,583,911,346,210,351,527,319,167,986,404,676,861,483,210,179,918,480,206,93,407,382,517,266,124,601,104,601,692,70,799,46,541,250,405,165,572,87,527,125,525,219,629,860,638,255,454,629,779,88,775,340,88,588,489,916,579,534,453,638,387,765,928,655,991,342,338,509,95,918,792,26,453,432,542,397,787,483,1013,854,912,533,745,655,165,431,248,170,940,1012,899,302,453,758,754,637,389,756
24,447,1016,720,342,60,697,271,976,694,811,96,358,439,143,283,892,28,83,704,27,384,494,7,177,914,869,470,175,312,969,194,143,1,160,232,689,115,443,752,496,468,434,610,1022,382,731,968,145,983,0,316,978,78,763,972,481,471,650,584,698,748,707,123,634,210,976,976,129,481,914,410,926,417,481,162,715,684,963,106,753,652,489,761,923,682,499,654,892,706,727,746,992,721,423,501,552,384,97,1023,399,625,389,59,984,353,706,505,499,480,822,974,481,972,644,177,726,117,744,93,352,974,453,229,465,899,495,163,327,384,750,1015,993,477,695,368,988,943,151,960,929,372,303,994,480,183,491,96,955,642
408,323,377,653,1019,651,298,412,487,32,874,357,953,660,586,317,532,613,112,236,778,79,613,524,635,124,703,709,492,340,209,642,633,106,861,329,674,574,899,323,715,551,514,445,506,457,159,639,407,667,679,122,475,428,338,93,754,220,83,182,821,322,942,809,504,125,387,539,121,565,853,757,77,557,885,488,617,828,747,438,490,948,770,1009,107,42,613,925,539,283,635,242,171,325,10,405,373,77,692,636,996,445,995,301,669,944,656,997,498,490,267,924,242,614,913,817,170,815,940,848,885,515,49,924,541,600,537,625,380,323,306,292,577,783,183,881,949,869,52,2,973,269,997,122,508,298,10,4,697,811
320,222,655,969,711,308,965,423,448,711,258,877,710,316,582,289,712,711,703,174,932,7,827,504,551,320,889,703,670,885,901,578,198,184,704,83,440,660,526,836,504,305,900,228,838,137,56,209,517,22,953,807,838,504,476,580,206,316,196,961,249,228,206,318,837,140,225,230,855,193,583,837,207,676,225,54,903,193,966,463,725,525,990,84,431,549,567,180,172,135,342,185,197,212,448,140,981,967,68,847,519,190,212,139,830,134,164,931,840,752,709,416,699,504,557,158,711,903,1017,337,152,948,841,847,159,151,188,853,712,825,7,968,500,142,459,887,818,160,112,782,838,451,833,580,835,960,199,735,212,102
92,996,337,36,419,902,773,337,721,242,593,695,550,1004,6,663,359,182,638,51,380,585,854,543,35,953,815,57,145,993,814,329,47,337,119,199,215,442,257,68,511,977,17,375,337,22,784,325,32,809,934,227,183,428,889,932,784,59,643,132,726,537,854,164,553,376,511,79,68,952,841,39,1,996,4,906,19,403,936,566,886,467,820,1,822,113,374,631,608,630,428,246,356,563,515,623,326,326,595,484,995,375,47,580,756,680,375,339,1001,257,869,651,550,989,293,275,196,110,382,1006,372,580,565,470,853,608,630,571,819,868,881,284,420,54,996,337,631,295,278,1,982,374,324,859,699,294,140,171,169,173
586,336,646,74,848,890,769,918,228,1000,270,344,683,366,184,859,846,840,80,778,854,591,1006,336,77,379,551,705,422,72,598,495,593,286,798,602,359,828,862,209,104,581,279,142,598,6,781,702,622,611,600,246,735,262,990,683,729,329,577,782,958,893,31,914,852,906,825,116,97,359,820,774,105,256,520,97,65,794,423,285,822,77,828,380,1011,285,137,177,201,22,86,282,156,551,656,154,205,774,856,89,280,174,719,845,361,734,688,126,298,798,265,158,271,846,271,311,177,846,730,105,201,199,737,149,271,91,265,862,730,141,184,222,218,904,247,723,297,610,78,630,128,157,328,283,266,556,803,376,698,718
655,690,631,207,69,505,402,893,533,427,91,1011,902,208,809,677,663,631,925,126,114,402,364,309,463,384,449,675,494,497,458,116,530,58,208,401,499,618,223,628,631,998,692,116,540,565,553,892,182,148,24,209,626,628,497,738,280,374,382,537,496,504,116,664,522,514,350,957,42,632,901,197,642,407,294,533,815,809,57,571,910,194,356,649,345,623,579,533,821,629,271,476,709,178,687,799,687,273,632,136,321,915,531,708,530,341,265,582,16,1011,654,213,717,366,726,579,606,511,405,515,895,979,0,92,926,728,388,994,26,399,152,400,819,477,819,414,476,498,722,405,187,531,440,25,366,519,921,375,78,309
466,925,464,951,465,605,334,274,176,473,978,89,817,384,980,254,14,840,283,670,905,366,338,756,273,806,214,209,210,612,943,400,710,1017,963,816,485,518,215,313,714,200,592,409,326,433,214,322,409,534,659,723,715,296,1022,200,438,980,435,711,109,196,209,667,962,52,781,658,386,393,465,78,424,200,977,67,492,159,82,202,227,802,503,216,356,400,62,480,915,201,550,200,579,455,333,951,243,63,646,145,904,185,323,338,485,342,723,649,691,241,757,145,838,10,739,438,777,57,727,849,465,966,640,790,83,409,777,832,962,766,621,145,479,966,465,767,402,1009,962,49,803,680,434,816,530,707,518,209,231,825
804,650,560,801,14,517,556,806,564,109,460,479,308,758,546,6,522,886,396,758,798,339,884,228,373,277,229,858,836,297,271,145,140,229,886,63,366,980,890,524,988,261,271,246,269,835,193,86,157,269,737,717,484,972,674,131,299,110,246,863,581,299,294,627,46,325,372,277,49,792,458,562,14,193,142,303,862,134,148,525,198,334,28,3,614,479,268,858,325,873,257,844,707,435,214,835,563,423,716,980,128,371,237,213,796,513,9,669,338,278,892,292,190,572,435,245,570,741,562,10,17,882,827,417,198,206,323,670,804,841,295,569,773,13,830,117,134,79,836,37,141,754,179,244,772,333,150,294,604,164
791,344,134,286,802,667,339,765,9,854,525,159,774,53,286,469,886,707,153,681,788,531,549,837,354,148,132,508,852,540,863,62,402,873,861,756,979,915,860,796,169,721,775,532,533,585,120,19,49,759,725,192,789,436,781,781,776,290,788,801,771,382,845,942,712,325,782,452,902,147,501,853,551,274,158,126,686,266,273,797,853,198,69,286,745,851,574,818,72,254,292,846,681,709,28,30,55,180,21,478,317,25,718,827,366,366,194,589,468,75,807,776,19,31,62,846,78,192,639,296,29,180,81,145,128,774,87,387,725,581,853,527,658,974,723,646,76,133,81,5,340,829,318,734,209,855,869,286,861,98
105,974,184,933,364,95,655,389,959,35,105,581,928,454,71,539,393,746,419,43,870,1001,947,899,163,928,192,899,928,946,88,79,454,643,279,934,850,176,993,195,895,459,39,951,107,137,896,65,412,531,192,543,198,731,506,934,912,416,361,1001,176,422,176,899,795,993,486,179,763,194,202,903,112,743,421,164,416,924,442,832,57,871,730,40,616,535,702,482,98,646,585,409,643,39,58,32,513,408,737,951,836,1006,608,92,192,900,0,376,763,454,54,216,19,41,543,870,33,927,608,68,932,259,35,72,6,50,360,257,16,67,44,236,56,95,941,12,516,88,38,964,223,926,990,92,275,177,913,731,523,657
882,359,350,35,979,420,928,342,822,441,953,375,61,46,255,1014,980,274,928,351,327,532,515,34,759,702,314,565,1016,41,351,697,985,404,741,669,415,878,886,890,167,358,292,171,319,351,427,630,347,899,941,377,165,502,343,829,289,1006,55,640,401,518,561,758,662,528,316,827,682,375,25,285,669,375,492,533,558,290,1021,17,354,897,149,304,720,662,141,846,798,736,359,497,372,85,280,278,310,288,677,676,541,734,662,726,21,363,838,929,736,766,847,69,722,830,549,420,709,689,69,689,120,281,5,98,522,735,75,383,981,877,695,10,895,11,967,694,485,293,596,339,752,741,1006,351,299,830,887,777,31,120
4,312,303,796,360,771,437,846,879,772,502,765,973,332,378,94,265,471,845,250,845,53,313,805,552,225,397,150,732,364,265,365,397,332,734,318,191,529,719,684,223,215,381,414,841,370,140,827,217,422,281,215,74,827,287,109,749,719,13,846,702,173,833,815,622,734,79,668,935,803,626,413,568,812,871,977,290,735,356,1018,676,583,266,378,287,973,289,376,847,380,637,911,796,58,865,14,66,383,370,931,311,470,364,303,946,830,422,618,540,499,552,694,585,690,37,716,247,862,173,363,359,670,237,870,339,900,862,3,290,46,973,449,723,848,733,800,1004,247,643,223,614,545,319,991,79,383,104,893,319,703
135,38,1018,435,455,202,618,261,672,1020,574,251,203,418,956,960,681,241,1018,863,1002,595,769,201,555,1002,205,547,429,745,462,856,552,851,577,331,249,986,780,966,216,556,860,475,167,881,155,71,662,172,203,396,489,235,22,474,486,741,193,967,428,207,759,726,428,411,790,552,509,758,1021,999,174,439,285,713,434,454,602,951,963,132,268,530,736,162,607,980,498,757,173,43,46,564,758,774,901,616,454,151,969,974,161,419,28,257,439,428,492,986,592,766,163,35,96,147,262,396,827,494,739,489,394,562,545,201,491,670,70,960,9,434,890,435,202,821,992,229,247,993,149,345,492,730,172,937,872,195,579,459
47,277,516,102,576,928,827,918,756,97,260,335,199,47,1015,632,116,115,632,515,61,381,127,862,401,417,337,628,704,99,614,441,553,45,287,548,43,447,33,538,326,994,127,35,628,1014,47,107,739,540,953,580,942,612,852,380,360,948,628,546,124,547,808,483,445,259,342,54,610,376,620,568,105,440,575,33,612,696,562,323,864,999,303,279,630,626,856,405,337,47,325,321,992,9,584,376,265,926,374,131,339,631,509,184,558,374,560,629,161,123,516,169,477,846,623,420,1001,518,472,512,244,44,608,686,700,607,630,15,147,535,103,289,56,279,608,840,91,926,920,580,435,243,259,444,564,370,339,943,608,996
32,96,57,63,61,658,697,268,786,637,445,93,447,340,345,280,189,185,84,473,330,220,23,529,890,409,743,85,517,594,345,849,476,514,212,319,79,610,531,803,591,320,476,284,779,797,154,533,877,533,769,326,340,599,183,180,185,664,288,363,163,501,799,497,488,347,295,453,413,261,895,831,138,27,586,26,220,56,336,655,637,348,137,683,725,793,781,340,290,284,537,687,159,344,346,338,820,610,697,304,51,200,457,881,250,76,663,59,797,395,828,362,295,167,474,448,330,333,28,682,264,554,797,274,559,224,28,519,570,527,722,781,450,86,56,1021,316,312,548,497,533,322,273,519,255,692,313,352,797,884
226,917,845,693,429,354,272,911,221,826,931,895,433,842,625,194,707,267,958,894,347,941,768,821,379,202,266,735,661,232,302,683,1005,955,677,96,694,353,808,183,229,172,418,928,844,953,847,286,44,749,480,922,687,870,897,769,613,931,987,315,683,224,836,171,137,819,694,386,482,884,950,785,402,85,129,944,921,97,591,763,302,966,68,239,162,229,290,688,284,416,282,981,547,817,430,931,726,693,706,787,160,239,897,660,451,636,692,980,955,289,307,230,225,645,943,137,117,899,911,917,638,676,845,753,934,941,608,359,338,934,698,379,308,34,241,193,1006,369,236,752,673,448,755,297,661,991,900,374,210,333
974,777,795,691,786,780,900,389,781,361,251,874,905,149,105,228,225,637,909,638,687,940,806,1021,685,817,60,235,235,295,237,876,969,232,678,425,264,137,894,750,383,796,932,1005,782,270,750,286,777,777,868,463,172,701,780,700,238,494,765,567,804,292,464,174,941,809,325,827,275,231,209,686,253,216,156,810,655,233,199,495,809,235,174,933,814,493,465,974,175,206,623,643,782,160,814,768,572,466,463,457,424,649,538,106,407,809,918,423,174,231,16,812,409,381,944,695,804,555,366,152,457,238,621,494,887,174,270,952,215,974,110,741,254,721,396,122,206,252,702,782,782,225,625,66,747,818,370,310,125,418
20,738,260,319,901,382,423,303,493,165,224,491,682,1007,845,320,896,713,82,841,215,727,215,500,855,229,55,977,466,327,498,726,759,937,206,150,887,336,944,738,989,902,263,854,660,63,736,758,855,591,950,946,1015,720,87,919,907,634,85,224,332,811,150,900,114,654,633,983,821,364,91,151,838,352,214,907,880,182,855,151,20,502,290,224,727,762,320,687,693,417,19,517,889,575,151,901,480,160,919,85,502,965,797,227,953,879,96,96,944,857,280,829,927,679,132,432,1011,468,998,310,616,334,466,720,897,34,406,809,148,449,747,151,116,486,933,930,292,334,767,714,256,597,326,565,128,768,511,902,901,132
866,564,1,864,0,44,11,783,951,679,993,394,844,717,48,999,127,1004,936,512,916,684,917,894,493,45,684,429,524,764,844,844,126,704,429,714,409,384,763,967,940,936,535,999,767,653,701,512,786,775,36,929,228,908,204,754,447,224,201,940,628,305,567,731,919,356,840,83,912,1,838,892,407,397,1012,239,293,391,589,299,548,424,940,555,846,941,920,1017,629,548,757,1000,615,264,978,1012,1004,648,365,933,877,492,1004,1015,653,180,11,514,188,968,608,838,974,36,940,599,810,119,397,866,996,844,618,127,255,32,630,546,112,1016,158,235,914,903,840,74,970,214,96,429,54,413,366,959,859,904,964,487,976,248
973,517,896,264,457,476,680,187,659,472,474,563,143,657,146,806,850,870,569,712,407,466,919,4,481,286,602,500,888,881,184,511,382,440,419,113,879,224,370,882,422,591,569,218,419,754,816,187,591,683,218,870,873,511,162,217,418,482,338,307,696,707,379,169,993,289,418,149,406,441,722,369,90,136,459,785,894,707,431,707,418,470,723,755,402,737,843,432,169,1004,455,136,711,217,858,971,184,696,250,198,903,841,139,483,792,303,338,719,937,263,52,873,735,762,468,186,737,571,308,569,707,146,230,250,755,152,850,819,809,422,747,419,756,732,905,248,56,762,169,96,683,645,1011,104,649,218,27,432,136,763
428,408,141,548,194,472,150,676,802,3,421,480,39,935,738,420,200,50,1007,508,431,682,264,745,319,909,591,848,973,205,777,548,740,485,1018,480,581,287,983,22,694,141,559,46,255,862,426,963,460,90,61,749,950,816,358,782,706,264,899,488,278,158,63,255,894,371,615,752,231,644,506,248,616,414,740,545,727,38,447,752,253,759,734,672,918,146,742,194,226,990,217,32,37,742,130,999,897,713,166,214,484,806,928,767,375,255,520,752,530,584,1,208,438,423,933,965,928,511,982,31,718,997,720,384,583,192,655,938,672,176,674,159,360,996,845,954,910,404,155,997,846,502,111,903,1007,238,206,401,895,421
977,262,178,303,638,963,230,188,148,823,972,150,897,163,724,121,982,140,774,247,343,300,809,230,545,44,304,509,462,787,776,134,873,295,765,708,236,774,270,937,129,739,1021,689,739,677,679,750,129,673,94,172,412,692,319,980,767,309,778,807,129,396,36,189,869,807,295,684,268,1023,677,858,168,92,319,885,85,661,709,103,212,970,343,94,480,567,912,741,869,139,969,165,856,174,364,292,265,929,926,164,596,166,876,174,902,669,323,20,684,355,822,166,591,319,375,295,76,202,691,741,461,691,174,697,236,549,189,348,166,844,108,558,291,943,774,268,672,174,758,495,463,855,751,602,691,748,173,998,164,367
504,164,963,361,676,440,229,1023,767,998,460,671,37,125,1010,902,460,1016,742,656,596,452,418,8,418,331,609,528,448,459,83,161,176,985,747,345,717,11,963,73,518,965,1002,282,650,832,112,518,986,903,1022,662,395,469,600,507,654,64,599,573,963,453,452,461,649,644,65,850,1013,843,1021,66,969,916,404,128,818,202,962,455,970,359,966,23,244,606,383,403,573,505,965,741,902,576,714,168,53,459,404,532,403,245,415,963,897,599,403,596,353,635,560,754,605,2,13,67,442,452,546,420,888,479,439,389,458,424,596,574,332,469,1013,363,593,424,229,439,1013,2,426,613,587,1003,562,10,173,916,963,964,9,506
216,830,474,682,600,27,618,127,569,376,877,299,276,597,287,356,452,874,459,399,546,43,598,181,216,376,798,308,729,318,88,281,873,658,860,707,94,673,793,66,721,303,734,801,530,415,175,441,181,416,94,687,99,94,660,30,793,785,477,1007,680,700,250,696,612,474,411,965,539,831,412,86,978,318,785,80,237,222,605,974,607,989,639,720,28,28,148,610,733,850,981,799,970,979,962,377,66,171,734,991,415,795,669,56,468,1009,705,696,602,868,312,595,713,579,551,665,84,89,710,92,273,227,147,282,985,472,605,44,315,889,313,862,602,190,27,211,314,722,31,265,661,596,415,117,580,729,94,600,761,825
941,392,781,965,798,903,400,402,159,114,319,701,338,240,159,0,711,967,823,502,160,956,742,583,758,734,646,626,713,99,997,751,180,166,1023,647,165,742,224,517,174,1015,390,199,430,973,1001,279,804,32,777,488,805,394,869,847,3,445,405,212,230,307,501,164,187,859,144,591,894,341,171,139,89,488,149,176,799,741,846,290,735,647,388,406,696,1008,253,281,246,677,338,879,948,545,246,1007,685,171,1008,807,64,162,734,762,390,720,860,641,169,807,1009,919,502,838,805,869,681,145,853,891,221,68,839,744,849,376,266,495,527,488,741,318,616,781,504,750,110,966,274,806,696,145,293,677,317,477,502,745,246,114
915,421,161,769,485,75,50,355,392,272,126,122,696,201,657,259,165,280,400,297,330,463,400,263,97,562,704,708,938,222,873,379,259,86,299,569,743,416,778,168,291,163,214,929,286,160,616,96,112,937,136,717,759,951,410,704,887,776,170,689,970,148,695,315,104,881,759,891,961,642,945,305,272,750,433,958,251,723,34,496,946,200,58,753,421,294,112,171,129,798,553,348,764,200,662,48,228,92,857,91,713,978,306,97,224,609,713,374,938,17,688,218,681,891,534,995,785,224,1016,270,425,262,349,706,314,432,548,295,873,160,781,682,163,103,704,924,766,264,857,164,207,660,672,81,929,258,169,259,304,48
705,999,152,845,718,851,753,805,331,18,380,602,538,253,431,382,54,301,973,329,83,931,2,20,335,124,888,203,298,375,116,960,807,181,719,630,549,78,826,890,427,462,518,374,893,1014,1017,745,344,28,749,888,814,106,755,814,277,380,78,383,826,750,148,555,160,301,699,313,719,848,22,703,109,289,20,320,1006,290,166,641,719,1016,846,317,120,313,377,807,972,1021,868,64,434,41,871,543,315,355,828,374,634,739,878,696,620,975,559,887,893,302,64,120,635,20,866,602,639,887,135,375,296,629,830,1023,890,297,509,48,630,337,772,292,33,284,722,302,805,62,37,78,319,546,332,602,559,627,723,886,154,728
111,729,957,359,934,253,723,339,63,836,589,441,876,268,719,879,383,31,183,469,565,280,31,47,876,230,60,743,32,268,959,208,924,487,983,280,968,479,397,363,10,467,295,1021,587,989,704,862,210,877,762,255,1005,923,79,945,23,605,254,419,877,477,610,742,214,92,77,1018,397,1022,478,976,984,847,359,982,268,191,230,192,975,278,18,23,913,268,968,968,415,598,395,16,881,295,960,916,2,971,401,592,131,608,848,203,707,413,973,605,245,928,1021,477,471,303,564,128,719,619,450,810,474,403,591,916,13,983,933,971,439,771,88,344,845,79,928,203,791,431,125,553,726,478,909,570,760,587,162,203,576,401
433,0,928,861,931,153,736,405,744,22,752,497,1002,787,680,768,492,530,535,960,464,759,560,415,262,889,371,593,920,921,587,857,187,318,778,800,84,297,783,416,1021,933,768,719,861,450,867,576,31,1004,390,464,18,491,25,23,952,241,528,449,689,784,311,719,727,129,727,892,831,268,744,666,240,725,665,592,152,411,803,657,953,489,283,160,648,152,42,416,285,907,989,515,538,341,959,880,871,465,151,865,791,640,847,523,744,262,416,231,435,400,729,892,474,726,156,924,473,146,430,852,800,139,725,1011,80,614,811,250,279,477,439,911,957,668,395,652,1003,825,744,672,877,308,146,791,592,707,362,533,591,155
982,987,854,212,37,759,624,319,272,397,925,182,821,508,565,760,781,326,426,414,831,545,589,765,748,222,891,69,13,167,792,938,181,168,821,305,400,422,380,781,918,158,188,813,717,630,284,504,597,79,890,893,829,302,139,48,49,187,636,182,597,314,638,52,821,296,313,719,755,822,688,168,821,918,416,471,699,753,222,477,738,444,145,259,947,237,811,215,704,537,855,1002,437,443,762,740,188,551,177,416,790,586,179,762,854,207,195,119,210,870,736,172,433,486,913,842,860,271,811,60,599,1021,592,882,458,45,810,709,762,627,689,925,189,305,126,890,447,445,126,110,168,597,838,765,903,626,113,686,630,125
721,578,169,426,138,667,564,413,936,465,925,911,669,341,42,688,237,453,413,440,461,723,734,189,2,1002,523,939,755,723,15,1002,1011,382,942,157,632,918,411,197,1010,651,1010,709,895,588,733,996,815,670,1009,93,1011,206,656,523,929,466,173,233,64,144,123,693,991,190,1006,651,954,511,446,133,129,898,759,515,636,526,850,409,239,847,862,954,952,669,1007,420,150,162,725,757,270,162,989,669,83,998,341,593,939,639,131,726,60,317,47,939,540,691,1023,214,498,207,138,520,485,691,1010,980,457,507,834,616,994,386,213,148,20,693,656,400,990,584,996,958,573,925,882,391,932,637,677,1009,386,144,418,946,866,1012
562,764,954,744,939,302,591,365,390,546,1010,960,939,363,234,337,939,939,0,426,224,394,97,340,805,603,472,37,576,363,952,2,963,63,493,322,227,93,562,925,428,545,6,433,545,642,377,989,923,347,682,2,322,65,211,93,461,102,498,670,954,870,418,739,43,219,107,842,546,530,349,324,954,938,718,99,864,417,365,896,932,545,394,413,140,923,747,323,219,474,147,257,208,257,418,226,110,33,923,179,98,849,235,897,164,732,257,1,933,426,228,543,493,435,732,99,801,433,984,257,618,34,130,363,892,257,339,274,490,466,753,121,386,225,973,878,340,226,562,102,227,49,331,707,227,226,322,910,323,934
435,419,227,530,723,727,479,530,996,97,904,60,77,143,820,253,14,764,170,275,354,330,755,301,254,515,330,423,824,683,594,248,445,237,967,451,965,1012,467,993,200,966,124,993,889,297,2,741,484,806,519,465,902,647,920,689,993,427,1010,224,787,397,323,508,501,740,699,433,453,419,743,231,483,197,734,178,746,741,775,380,723,302,570,464,627,142,519,993,761,736,306,356,231,195,241,458,352,664,706,450,402,641,828,829,229,25,224,980,499,751,375,1016,897,764,391,724,737,829,427,36,1018,466,508,834,963,420,706,230,723,981,851,225,653,397,111,711,7,777,509,379,435,6,469,385,398,977,690,52,637,880
377,748,352,85,626,358,352,124,789,76,362,290,3,875,811,771,771,874,348,356,480,506,354,872,224,887,364,186,108,300,323,866,890,811,611,811,761,833,307,364,630,1004,356,723,816,314,682,589,627,364,858,748,122,812,174,699,610,229,861,539,257,402,240,611,187,609,762,875,228,891,482,723,349,492,338,69,236,618,412,884,471,748,907,355,796,622,292,490,145,204,549,995,107,658,187,234,626,439,416,284,229,210,354,250,731,618,123,672,811,1018,869,378,103,559,259,506,996,327,231,482,93,109,864,892,725,828,784,871,663,356,824,611,725,234,480,554,746,298,664,741,622,66,913,801,137,284,352,228,537,725
331,959,365,53,732,910,530,470,955,548,566,361,807,1007,519,170,358,117,503,775,837,308,557,4,736,576,856,559,610,615,732,795,580,604,831,114,287,497,206,529,452,59,597,546,485,630,628,228,381,927,1013,49,348,664,342,375,34,101,818,598,504,386,549,538,599,554,658,505,374,887,366,848,983,10,427,884,626,758,864,285,927,532,309,583,709,373,559,357,251,112,916,8,905,588,496,12,612,472,400,117,251,951,503,530,562,455,758,62,967,564,61,879,916,230,466,500,683,452,597,570,164,421,562,946,117,660,567,117,564,924,24,442,828,775,880,597,118,660,458,537,728,630,561,495,302,452,392,772,841,740
276,194,856,1003,130,554,1000,901,537,367,648,604,557,376,571,202,472,266,248,71,751,43,238,522,716,655,268,610,304,411,919,721,856,78,837,530,565,779,384,577,907,248,992,817,249,993,441,846,89,750,42,478,357,970,41,943,257,344,369,584,67,741,289,340,181,523,812,967,891,598,432,414,512,112,984,879,41,747,218,26,346,408,962,112,707,276,728,571,987,604,824,344,715,743,567,787,924,1000,344,65,763,248,605,40,960,340,888,145,743,455,548,739,314,383,314,873,1003,711,840,891,602,248,599,153,352,548,588,847,577,411,724,350,516,226,337,984,588,908,476,583,467,97,888,709,872,222,1016,212,941,756
607,124,200,848,438,258,627,48,568,7,722,682,414,513,977,587,60,895,715,603,26,808,896,214,849,96,766,982,896,257,346,550,401,587,625,523,659,96,569,446,768,913,771,916,18,811,763,589,391,619,794,395,416,401,96,488,570,742,413,180,570,537,395,768,735,510,48,124,103,135,326,896,408,480,595,850,924,17,608,599,537,177,435,52,52,115,338,18,113,916,811,60,970,128,549,217,26,860,96,119,420,273,346,608,8,472,488,313,114,214,404,487,393,129,239,601,506,321,619,75,1020,545,991,506,401,286,17,573,586,276,603,504,48,810,126,120,597,882,110,528,391,411,457,788,307,625,1,480,280,72
282,559,897,552,281,565,534,544,673,786,838,177,536,722,819,370,443,865,706,432,272,822,203,726,217,543,518,690,227,138,731,353,319,618,10,548,25,153,929,635,544,831,710,305,344,444,297,865,305,287,204,166,809,865,160,473,295,848,725,1009,289,537,729,422,596,818,470,419,671,166,856,680,594,363,587,166,844,107,377,88,318,418,169,203,353,201,159,136,488,159,657,1020,282,1022,777,179,986,626,161,742,702,909,241,769,263,307,25,249,223,103,848,301,423,793,160,817,850,854,801,386,838,540,776,800,685,367,444,100,185,214,726,362,835,587,544,305,425,74,870,693,862,313,586,337,256,467,676,742,824,489
904,86,261,126,601,906,467,54,839,728,580,131,881,856,362,207,368,986,80,687,351,551,394,976,942,728,464,160,857,156,857,624,339,329,88,783,577,600,75,872,26,534,203,405,868,603,377,192,312,105,794,528,672,531,234,355,388,135,330,761,85,704,768,792,335,585,165,973,895,785,673,870,47,601,907,584,8,16,815,889,191,34,466,658,17,310,222,635,584,358,336,911,327,639,205,899,568,922,85,341,40,633,639,707,969,0,730,66,579,534,10,346,66,131,504,565,336,534,66,359,335,322,963,862,154,607,580,317,543,200,728,728,566,864,984,414,731,598,785,26,25,41,483,633,515,323,27,184,0,352
154,893,796,165,563,774,346,240,705,537,279,488,316,877,239,408,756,680,784,90,450,345,756,787,629,117,552,158,952,636,938,361,174,324,872,475,363,306,609,173,478,853,784,18,819,147,706,678,278,729,692,165,334,1008,55,882,562,861,95,263,314,504,33,336,563,863,532,904,152,82,178,894,316,884,747,183,801,777,786,700,286,301,117,862,469,847,314,817,580,884,298,807,862,602,154,371,55,329,221,306,399,277,203,792,271,611,186,527,503,177,881,885,799,722,51,628,564,922,886,279,168,861,849,298,82,482,845,828,525,873,460,412,1003,285,284,458,250,890,833,153,845,219,612,344,346,225,772,827,409,262
1018,663,696,663,220,477,734,23,463,79,565,887,7,449,205,601,394,670,862,890,204,388,355,246,553,927,711,705,501,222,409,1004,268,670,765,1001,881,510,870,643,182,330,287,587,684,463,200,861,333,454,460,202,646,902,270,695,509,808,134,755,385,329,668,204,789,931,151,577,31,437,829,205,333,481,145,733,764,439,695,668,733,733,926,146,648,536,296,438,770,687,925,685,799,812,218,202,327,787,479,678,749,399,496,666,547,565,870,333,813,684,182,716,205,968,669,812,733,733,534,846,708,336,252,912,6,189,144,909,735,413,861,751,941,824,616,534,406,332,671,392,319,656,954,955,727,368,541,205,175,302
175,650,548,728,162,462,318,728,80,270,564,755,118,182,93,795,528,181,598,840,856,779,100,438,135,402,248,462,11,841,111,468,971,777,137,520,468,241,256,698,140,840,391,1019,653,733,111,938,111,408,154,140,140,831,781,249,906,319,643,813,598,249,129,987,101,472,152,682,579,287,683,643,980,71,185,942,270,62,827,986,135,808,840,147,994,377,635,562,699,915,618,73,170,135,407,779,810,778,345,997,157,618,438,763,923,27,311,431,475,104,264,104,337,635,531,972,810,618,985,559,771,964,779,185,913,808,7,370,454,51,267,233,93,451,93,130,651,527,747,455,649,816,87,105,652,452,789,469,851,140
479,467,878,328,345,266,455,317,210,351,82,971,592,209,850,977,544,986,735,497,817,622,914,968,1009,85,185,896,720,730,400,546,184,65,138,665,722,727,927,82,71,535,680,98,734,901,710,849,718,89,337,860,839,473,917,145,970,664,746,346,215,403,1013,1020,216,371,744,225,490,151,135,35,536,919,451,807,294,35,977,339,730,209,993,471,730,808,147,642,88,215,175,199,223,786,425,495,670,307,722,599,896,763,616,225,747,466,776,947,722,190,432,781,878,117,217,367,345,546,913,848,82,946,546,688,410,680,195,110,728,808,998,800,736,977,351,114,654,922,199,201,233,95,962,722,658,101,190,209,64,131
397,824,524,332,919,564,618,285,314,55,600,279,959,314,358,893,343,697,410,37,332,556,327,358,747,357,922,181,519,135,378,349,973,306,368,378,295,557,327,288,307,304,951,126,570,381,397,572,329,653,13,343,558,560,112,597,294,112,380,1013,606,543,48,682,351,293,221,598,0,574,632,584,344,281,333,766,438,57,273,526,381,87,698,606,127,1021,317,314,294,752,58,335,351,735,463,55,911,58,94,409,279,287,854,831,358,60,557,854,61,542,829,544,483,630,127,912,826,65,893,510,570,927,623,127,758,804,393,565,730,1005,305,639,380,560,541,19,349,990,317,606,522,685,518,497,112,328,620,614,270,333
355,272,325,637,932,359,294,936,216,537,64,749,22,115,395,74,991,1010,502,501,438,286,167,107,656,768,132,868,252,253,483,631,549,422,302,532,534,999,647,38,559,868,902,519,66,836,420,480,927,85,357,988,988,341,873,132,971,1004,764,115,274,717,604,727,548,439,811,902,902,717,390,414,290,743,520,13,435,38,1016,70,570,102,485,723,409,942,63,932,330,747,175,167,243,471,505,85,932,679,794,20,309,278,226,7,647,263,418,616,1001,373,294,695,484,389,658,685,858,323,513,122,439,676,970,767,773,956,511,27,469,128,16,692,532,653,378,676,294,676,85,149,330,631,292,348,745,831,876,956,331,750
293,739,488,451,821,449,569,180,619,765,464,529,304,874,749,183,946,736,938,170,722,315,800,160,761,298,189,379,274,160,408,571,176,27,620,641,859,309,800,681,304,279,704,810,131,865,722,277,712,371,865,153,715,683,217,515,658,618,355,223,916,308,598,230,744,131,154,866,618,737,372,483,530,22,17,353,941,740,1019,481,11,467,722,2,752,864,826,235,674,674,193,774,313,179,916,512,443,399,366,877,481,940,530,526,626,240,338,353,488,167,733,225,626,648,353,864,313,85,34,467,234,74,467,335,742,704,224,183,545,810,704,488,309,186,974,870,335,810,857,369,870,321,939,186,3,251,557,110,563,794
587,211,807,234,580,65,32,875,583,318,806,214,234,774,337,652,729,879,763,593,74,467,362,16,340,116,807,671,975,143,775,815,557,601,188,579,134,332,646,15,803,795,256,983,523,139,206,376,887,266,831,836,903,286,547,649,87,367,801,294,235,111,41,298,718,68,759,976,832,294,795,587,341,281,254,264,652,294,591,828,1004,1015,847,847,46,369,487,70,681,167,721,68,799,800,374,967,775,811,20,256,897,910,899,857,338,815,96,736,171,879,788,288,889,16,679,861,849,743,70,174,556,262,60,847,117,468,324,150,334,861,284,92,404,772,515,358,307,698,652,315,253,474,903,737,847,764,648,807,820,74
70,275,953,702,606,974,870,999,72,892,185,883,745,20,109,799,998,703,797,604,288,685,933,671,217,878,785,540,301,90,814,543,740,968,655,727,644,197,951,113,280,131,390,966,294,590,166,225,838,240,393,304,593,681,847,870,1015,663,646,951,167,342,864,995,806,966,798,643,740,787,685,394,25,951,999,765,678,939,788,797,372,86,973,684,806,205,708,756,86,651,734,734,899,797,662,807,296,158,604,89,798,703,782,806,326,22,387,812,424,896,838,774,69,934,209,230,998,684,395,206,743,931,661,648,679,141,685,748,169,885,499,824,281,683,232,935,615,1008,710,284,846,380,108,861,678,798,460,212,647,803
801,586,801,451,266,769,973,861,922,612,722,131,775,674,449,808,682,153,272,455,423,801,906,257,384,627,635,460,309,919,256,320,231,603,641,594,686,710,713,843,991,209,971,976,855,717,199,679,631,175,1009,930,716,33,807,456,562,275,263,35,288,976,839,157,618,504,964,589,201,322,462,613,602,328,203,583,199,979,627,64,316,707,596,168,969,328,567,470,262,418,75,801,609,331,720,630,648,612,264,319,96,705,578,874,282,97,249,738,988,830,270,592,682,501,97,936,874,626,845,617,263,344,328,769,267,972,247,969,769,968,621,873,963,844,379,151,881,698,505,609,449,586,328,625,855,621,228,906,557,120
187,514,285,823,222,924,411,102,732,216,415,966,470,93,895,742,920,85,363,854,465,400,218,95,26,93,956,595,413,30,720,605,499,599,519,303,39,535,417,87,640,314,727,832,726,556,984,438,498,38,928,556,406,301,943,22,620,944,732,694,742,342,905,475,28,964,324,734,727,80,413,816,289,6,28,595,996,183,96,425,215,328,144,512,592,314,727,218,712,557,285,214,381,1012,153,226,65,918,982,982,32,751,212,83,710,711,133,977,87,39,856,218,989,564,596,271,383,132,733,990,595,917,154,204,692,593,975,26,214,579,35,460,972,977,542,916,914,836,63,381,448,70,30,310,876,711,424,43,315,1019
752,250,655,161,789,34,971,353,965,378,917,475,1000,910,569,32,224,369,962,822,954,305,757,637,249,660,710,183,743,193,87,353,762,783,118,668,968,669,369,219,754,664,307,834,798,491,899,417,763,422,1000,100,237,569,141,743,668,189,511,712,98,354,751,691,479,402,966,121,65,187,966,712,414,110,794,441,327,33,273,477,380,481,249,546,601,56,1020,447,481,22,555,694,143,703,70,34,582,30,738,32,98,966,91,152,505,397,315,217,1012,639,438,406,207,721,433,1017,118,877,554,680,432,668,888,717,417,550,585,414,433,505,734,674,98,752,966,503,431,437,503,433,435,253,446,370,708,27,680,433,371,691
454,573,983,477,571,171,737,582,801,675,240,891,655,556,945,439,716,746,162,399,418,640,669,66,621,945,647,865,40,751,555,684,427,418,618,428,484,582,997,201,680,637,170,983,545,300,680,15,98,949,248,339,201,555,1007,463,224,369,504,491,471,725,96,942,702,42,136,427,169,291,604,984,42,705,682,1007,154,239,578,298,675,423,993,1003,611,309,577,418,154,316,417,507,937,1004,400,197,488,913,201,424,554,392,544,666,986,675,817,910,184,139,429,32,753,129,170,709,565,955,737,149,745,430,113,231,87,408,807,726,675,847,942,299,234,971,929,59,951,162,490,979,471,238,680,427,162,399,655,839,1003,457
519,688,616,422,790,447,634,74,547,73,496,627,799,948,470,574,63,424,275,806,778,991,385,83,338,19,990,405,565,770,50,598,401,539,490,606,47,628,529,446,400,313,773,65,777,625,451,32,930,435,15,265,33,873,581,546,951,23,454,520,123,303,81,254,520,424,530,595,779,603,70,455,302,386,389,790,786,345,141,17,858,789,421,416,122,109,569,904,112,930,54,790,126,79,853,960,880,18,273,789,634,595,32,528,866,281,47,893,674,175,275,602,785,800,127,34,163,779,646,275,1016,104,63,10,908,42,581,616,482,997,240,1014,473,345,753,854,104,377,824,5,851,79,783,233,824,894,79,776,191,638
718,239,535,655,667,241,860,965,918,980,858,474,446,577,1016,938,972,90,881,970,940,13,891,12,590,444,121,922,923,70,455,859,827,10,987,192,282,700,154,718,17,731,840,317,100,767,387,393,12,916,13,902,699,401,1020,900,444,988,719,525,660,463,527,144,463,824,248,529,723,909,992,891,561,724,699,456,413,206,304,766,195,860,963,156,282,1018,946,908,971,937,2,461,140,941,938,433,183,935,255,726,1019,446,420,832,393,401,988,797,393,713,92,920,923,975,1018,248,497,201,62,870,580,137,152,696,866,397,711,389,940,920,251,146,237,926,932,933,239,28,140,68,1003,154,543,204,732,781,132,73,899,501
312,937,414,504,572,994,301,446,757,292,318,130,286,289,191,700,705,100,438,447,59,504,641,979,553,648,292,314,930,414,59,955,414,300,560,543,268,198,929,690,958,574,412,478,93,626,447,295,345,946,927,156,658,462,813,120,514,300,800,702,700,297,473,876,300,56,567,319,686,558,417,439,56,606,574,264,964,959,115,500,671,925,569,484,706,317,289,6,388,678,446,435,153,318,865,355,963,700,442,654,572,69,460,297,144,884,40,895,61,122,505,507,795,664,63,449,862,639,437,684,589,264,684,420,6,560,661,317,122,73,671,657,702,140,71,101,460,454,712,760,575,110,134,442,452,574,158,389,671,988
330,286,829,195,616,850,506,88,279,344,913,336,192,423,351,454,709,861,649,663,144,220,197,733,373,312,241,652,184,347,336,320,179,494,336,650,664,732,506,729,722,81,215,773,563,104,349,826,1017,370,434,506,203,381,1019,596,845,267,406,762,874,772,144,457,646,652,661,30,1019,712,50,768,649,87,825,940,714,171,746,247,210,936,22,214,454,429,184,248,457,19,1003,288,241,326,732,715,849,863,717,24,472,427,525,653,718,716,697,941,918,818,938,823,329,604,454,220,1016,216,362,656,166,774,715,871,507,647,843,312,859,64,879,322,616,270,235,531,210,850,233,731,224,980,736,464,136,414,248,377,649,706
185,939,123,165,429,678,984,436,918,190,392,667,865,423,159,859,186,928,554,47,185,683,464,252,347,157,771,155,243,453,18,165,750,197,353,185,444,827,727,90,195,67,990,440,269,729,332,243,367,542,313,584,738,95,304,918,451,531,359,468,185,548,146,838,57,458,229,702,969,345,387,939,344,687,1017,1006,427,187,155,711,1016,755,863,193,697,827,822,822,188,442,392,664,681,171,956,632,432,889,345,493,860,176,306,543,316,681,409,107,807,679,433,415,407,235,187,558,441,312,315,409,246,409,171,131,184,586,203,180,840,200,326,201,504,235,919,980,953,703,185,273,896,54,675,18,230,59,27,710,182,953
201,411,410,813,586,133,54,801,753,664,843,273,306,454,2,466,40,651,978,756,49,18,927,654,49,797,654,250,642,154,640,216,116,367,782,270,640,520,298,150,368,555,648,26,0,283,577,83,280,623,914,992,955,659,361,451,700,434,115,553,285,779,278,595,539,793,2,410,641,653,82,426,562,46,170,14,481,409,889,155,799,359,948,2,182,833,640,301,641,810,659,179,585,353,58,97,814,865,119,261,256,328,151,104,352,281,522,515,325,408,699,155,539,396,54,858,781,280,651,53,679,20,152,659,770,571,40,58,882,641,455,706,320,643,302,279,216,641,288,919,82,0,547,412,1001,531,2,857,883,938
296,494,256,689,180,690,200,369,259,24,49,798,337,625,679,1,552,383,362,424,910,265,226,494,412,911,822,234,683,697,962,369,168,164,348,470,881,889,618,251,100,761,280,214,676,57,725,689,280,176,353,876,262,323,456,763,507,899,462,494,793,764,57,689,80,330,166,446,507,915,702,398,166,953,510,238,757,875,311,753,227,976,510,166,99,254,227,635,622,823,545,826,36,827,702,97,254,387,107,601,302,335,840,482,755,824,889,480,237,214,697,410,241,214,1012,242,203,735,824,835,819,238,470,226,208,671,168,687,259,811,787,1000,310,647,229,234,825,648,555,232,574,355,830,181,699,816,898,730,739,443
817,624,90,373,473,602,277,245,990,133,181,599,243,129,383,836,860,159,813,264,504,191,337,914,361,732,446,860,612,724,215,731,87,506,653,71,379,35,226,457,1010,616,212,482,159,247,71,421,373,991,67,510,231,215,805,177,367,784,725,948,7,437,690,634,887,119,954,642,949,640,343,33,303,495,258,455,1013,455,981,373,790,691,814,222,1003,791,449,179,343,825,974,677,904,612,684,70,993,771,129,361,838,541,601,208,314,146,177,984,832,177,663,137,1003,676,604,810,534,183,824,817,800,685,208,211,263,806,673,119,153,243,963,177,520,292,150,935,183,323,1019,296,127,183,151,177,212,646,253,1020,143,800
191,700,913,562,960,440,959,643,445,652,669,668,642,644,755,505,735,559,549,558,727,969,948,411,940,753,931,547,930,24,148,758,231,693,780,568,153,947,445,70,689,1023,60,479,419,921,632,468,702,754,189,508,590,122,954,247,415,47,844,282,894,854,956,956,189,255,957,987,990,409,125,563,930,767,940,83,178,148,148,956,501,441,940,76,845,634,827,125,893,1022,940,991,884,548,759,959,463,941,372,130,195,244,313,956,487,959,897,186,763,25,418,1023,158,441,158,252,699,158,955,52,959,852,754,380,927,211,486,1012,511,962,855,254,612,658,499,459,561,207,639,444,596,443,445,956,921,268,331,46,940,578
332,879,552,879,390,883,835,228,499,233,154,204,696,832,665,815,877,524,473,419,44,494,51,546,389,463,258,76,191,388,307,844,457,904,723,616,124,265,208,881,452,27,132,724,482,479,744,170,643,804,935,612,556,731,556,780,34,747,552,428,618,974,321,887,548,181,955,428,461,158,835,890,233,744,870,758,350,721,137,370,42,865,550,735,973,837,574,932,435,397,728,4,837,863,688,818,248,81,172,716,229,911,163,383,552,393,905,836,877,324,228,317,707,164,736,879,489,424,556,380,415,676,268,847,332,562,748,171,212,237,255,736,132,750,390,905,848,648,499,326,814,865,663,869,656,44,522,380,271,495
821,931,617,34,708,390,481,93,244,682,953,483,409,930,165,465,352,34,693,554,318,497,380,448,934,664,1017,672,342,437,463,145,548,1009,706,642,820,527,701,288,166,641,409,608,987,430,46,147,69,794,1002,127,408,878,855,418,389,679,592,672,661,421,668,764,702,389,493,644,491,994,659,159,572,993,457,338,321,342,167,90,685,757,661,612,514,647,11,966,134,165,71,550,899,903,877,855,152,478,688,161,853,574,998,487,980,724,206,561,743,667,698,915,706,959,361,995,417,71,708,958,649,530,932,46,48,928,389,830,552,47,242,260,407,485,499,387,868,872,420,36,384,454,235,693,551,654,457,367,431,1002
564,747,891,103,60,619,778,779,158,97,100,977,308,44,307,34,215,413,341,634,140,162,857,973,283,36,185,556,397,487,846,181,194,841,872,673,891,921,778,851,268,213,718,181,667,737,339,583,834,103,821,746,177,582,797,211,766,51,843,787,576,8,207,716,830,1022,870,891,851,890,179,174,967,590,645,11,490,996,734,731,46,813,789,346,780,262,560,811,737,130,772,332,250,189,746,199,878,222,971,317,278,736,710,98,2,203,979,780,213,406,818,254,454,902,14,6,813,567,213,199,997,228,352,1022,746,44,181,981,166,915,341,835,60,776,301,189,860,710,100,108,333,902,132,307,718,96,797,317,333,780
727,504,808,628,909,77,751,965,777,921,1017,322,937,283,96,983,1006,436,384,437,74,142,27,730,511,704,114,279,14,981,288,521,496,903,622,1010,285,156,786,12,590,969,90,525,348,505,77,801,547,161,634,392,805,824,792,809,465,799,365,128,844,185,979,627,797,681,85,246,46,689,532,587,246,262,905,732,1007,314,703,825,120,12,743,184,384,568,55,727,1013,993,811,507,459,807,303,514,124,711,264,184,766,782,656,265,543,412,919,182,878,8,434,443,649,265,23,743,524,346,152,991,835,697,984,703,836,945,8,639,563,145,140,439,79,965,923,985,792,974,525,388,601,841,87,382,982,472,923,46,929,824
850,493,765,884,151,1009,832,50,590,337,813,624,369,335,185,439,406,503,355,499,233,534,149,834,373,753,341,255,755,369,87,519,898,501,253,838,850,764,240,742,325,370,706,306,873,705,211,136,654,263,873,998,373,1010,240,753,780,956,741,633,837,29,341,882,984,50,803,341,720,498,469,753,622,664,709,341,18,823,500,614,833,756,382,742,756,224,145,485,694,560,850,265,106,241,495,312,141,141,259,679,372,430,31,117,1009,959,1018,21,55,249,754,369,259,704,145,552,338,648,69,599,753,341,820,24,732,850,393,146,450,755,309,245,742,39,279,13,343,499,888,270,810,259,419,792,642,273,151,664,465,457
168,814,103,445,179,122,947,186,162,570,434,700,62,748,427,477,570,169,396,682,956,190,810,881,825,969,354,754,165,568,826,941,440,817,497,682,385,573,49,904,674,917,973,584,470,750,573,165,563,9,861,676,698,425,808,316,642,187,41,413,946,148,173,884,426,618,273,904,1014,190,584,187,106,442,162,741,44,169,698,390,982,926,394,452,248,91,169,182,188,818,610,951,681,224,827,73,700,198,819,292,163,95,507,604,1017,706,498,754,190,297,760,199,1010,946,922,809,189,323,156,186,933,486,491,185,954,917,548,650,293,317,740,116,202,62,485,189,813,970,233,682,681,682,830,696,694,846,174,458,363,414
911,717,429,812,348,389,493,909,715,724,103,491,332,76,496,536,495,267,203,459,708,975,523,366,144,470,743,506,288,487,330,200,61,77,422,970,445,319,744,403,759,416,463,498,391,721,93,458,544,758,842,128,391,435,560,715,416,718,894,657,714,620,962,719,968,615,615,972,75,966,653,392,1014,743,335,560,168,956,481,610,970,11,781,214,594,413,922,699,918,431,427,368,300,77,331,455,714,331,232,176,750,444,226,926,705,296,455,961,860,747,185,479,301,789,560,706,756,725,525,778,493,944,226,143,175,8,655,554,134,461,554,431,748,443,166,140,173,194,455,988,378,331,649,226,686,729,587,120,912,450
147,676,544,848,198,846,169,516,387,333,564,831,198,453,304,243,856,88,891,861,127,863,928,762,756,87,94,159,843,463,660,319,531,447,707,277,314,306,570,781,783,473,212,828,251,959,531,508,834,326,496,225,571,299,671,728,854,173,764,77,156,326,889,912,85,326,570,314,908,648,534,92,174,61,130,80,854,473,122,820,835,104,668,812,271,306,582,614,834,564,80,978,169,451,198,400,881,514,835,891,792,997,866,203,820,737,550,384,664,470,838,692,546,153,23,191,659,883,856,845,327,20,796,934,95,923,295,327,860,793,424,614,230,843,432,857,160,57,803,877,854,614,691,294,473,758,665,872,189,89
957,905,690,865,947,628,946,140,385,604,865,257,665,274,317,915,638,787,413,739,566,719,590,733,320,24,314,274,413,832,439,406,308,816,741,673,282,772,619,828,735,82,413,391,245,870,418,646,739,697,369,589,644,705,176,553,586,538,581,638,214,158,182,128,595,1014,359,320,481,282,576,39,743,790,166,602,509,451,653,947,769,754,487,547,771,304,952,354,28,513,755,495,517,32,286,618,210,406,601,256,326,449,950,459,534,285,330,152,974,254,92,627,861,130,741,33,760,404,408,34,625,183,386,408,642,368,139,280,898,257,966,156,224,329,274,130,736,480,457,995,392,843,581,166,588,210,128,166,819,595
459,458,93,544,80,95,591,116,59,98,1017,300,864,335,504,858,568,916,35,299,643,714,768,144,64,568,486,129,364,720,676,538,87,610,851,98,85,517,827,275,4,894,885,35,455,66,280,145,528,408,312,377,0,808,288,287,80,840,501,444,979,501,590,398,143,417,26,658,130,495,659,304,650,463,508,965,831,473,600,364,83,308,559,560,549,478,67,408,87,771,111,348,675,825,981,107,1013,309,68,499,795,670,452,965,775,814,546,304,948,127,99,611,922,89,31,180,864,126,495,171,773,304,394,425,458,928,288,408,864,103,758,462,610,43,960,979,34,432,995,162,876,818,979,809,2,303,815,868,495,594
953,832,949,490,490,118,145,603,638,465,946,529,923,65,171,780,581,84,491,622,514,764,374,821,610,535,891,721,120,956,535,541,944,863,112,341,229,810,16,262,246,49,218,952,194,832,786,659,554,766,560,298,34,766,386,554,100,210,578,533,377,784,94,688,529,497,825,816,33,119,730,66,781,722,610,254,341,912,483,562,554,222,96,255,708,315,501,753,698,819,978,457,591,64,312,268,573,74,53,369,764,484,776,97,343,232,519,211,172,381,16,369,35,21,186,828,81,244,810,402,9,861,202,583,234,501,168,554,149,11,842,247,328,932,141,437,574,433,908,497,35,844,546,247,77,299,365,170,347,317
66,244,977,650,787,99,243,836,661,413,325,757,224,22,787,246,851,92,326,181,101,396,491,240,156,308,250,868,327,99,939,441,357,797,853,882,422,1016,1008,215,882,252,134,83,740,868,364,306,321,786,182,219,869,204,236,407,317,136,285,820,982,839,68,166,988,1007,244,324,392,792,704,134,99,884,226,1004,803,980,119,887,997,659,197,564,197,383,150,134,964,995,780,1014,99,887,998,764,247,1020,152,101,215,886,220,197,468,957,327,356,964,959,719,760,814,230,844,356,142,291,642,908,247,742,474,38,983,410,230,245,992,711,107,374,203,756,652,743,797,724,516,85,59,180,1005,960,245,795,648,197,876,516
398,998,38,333,224,387,697,285,519,852,807,333,933,963,858,652,880,358,312,484,168,469,799,502,463,191,879,429,313,941,13,31,308,944,661,830,639,893,277,618,532,518,718,527,30,793,239,933,655,655,576,94,166,334,84,334,312,342,142,525,866,372,787,981,496,302,573,833,301,510,943,36,388,806,950,406,564,464,770,405,806,309,943,593,238,473,118,806,527,537,111,163,461,793,461,40,943,980,639,382,456,254,602,633,461,44,14,815,187,873,835,504,133,301,909,148,342,96,309,621,968,823,451,47,271,312,793,672,806,818,653,757,894,381,573,686,835,198,510,537,838,212,98,800,642,538,198,878,1006,517
793,434,512,236,266,786,689,412,467,818,481,929,1002,203,165,0,992,108,434,170,617,216,256,915,453,438,82,478,178,1005,1,947,691,833,627,656,821,202,921,181,255,993,657,146,6,81,354,972,426,562,149,823,897,936,530,305,441,12,803,212,435,859,987,857,970,979,428,880,834,650,309,731,124,146,320,209,629,626,917,400,444,904,816,385,416,403,757,151,977,136,738,599,209,976,418,879,394,404,1001,59,384,35,394,730,1011,379,73,529,919,208,769,206,729,154,933,915,309,428,873,216,212,162,881,645,191,851,406,561,163,1001,863,525,979,225,947,924,673,147,66,912,500,929,428,976,50,1013,656,953,930,473
115,340,797,1017,228,504,230,373,517,1004,666,216,458,791,248,1011,1018,317,574,753,228,830,383,817,559,224,511,765,648,981,784,792,481,613,788,79,504,677,965,226,95,324,212,509,579,893,717,511,698,627,896,485,482,733,474,378,998,309,283,970,152,982,917,140,761,714,232,765,635,984,744,482,371,558,843,235,797,453,93,224,965,824,499,994,148,213,914,616,179,669,901,490,632,631,842,375,693,760,765,511,141,232,791,508,739,471,143,605,677,829,906,168,168,226,31,362,1003,516,678,179,498,733,562,151,390,499,406,61,226,403,903,773,769,669,154,224,833,605,176,882,613,249,453,236,701,164,778,482,101,823
638,113,981,400,1001,115,843,728,827,81,627,374,750,926,395,43,970,966,584,408,336,25,604,372,201,808,711,980,65,904,710,443,345,187,429,907,634,112,364,283,576,477,897,634,920,936,1018,142,875,1019,25,603,241,387,508,575,826,339,765,898,57,111,769,771,872,181,488,811,65,829,751,64,257,35,872,634,282,427,260,307,1003,571,1009,746,655,325,808,602,604,331,380,59,438,627,571,808,936,344,104,1019,808,323,618,407,105,504,105,337,712,626,652,302,520,121,371,435,553,625,989,516,631,93,752,571,965,488,973,339,441,931,907,396,71,520,588,528,472,857,478,123,121,902,827,1005,306,292,753,520,584,731
513,373,42,708,795,974,549,296,86,296,568,296,1020,307,874,897,28,670,23,532,35,722,514,420,673,289,263,403,310,617,956,338,73,955,504,552,64,456,896,67,529,611,654,504,288,535,685,969,284,316,374,517,800,376,271,801,529,410,811,901,691,144,660,126,868,808,623,454,56,153,513,64,121,284,769,307,636,491,265,30,773,809,263,898,963,457,913,18,462,67,772,334,323,771,958,292,43,8,366,904,831,933,828,539,801,19,574,417,515,12,904,1016,870,3,670,899,260,606,963,419,254,1014,511,4,67,546,90,770,979,657,961,518,260,20,143,667,260,580,571,797,772,261,105,35,137,937,452,618,339,648
320,64,484,496,371,304,948,104,231,355,762,505,479,907,74,753,550,243,496,755,96,967,480,386,996,980,268,625,94,241,393,939,579,571,433,214,438,708,835,760,787,619,243,507,227,139,787,139,747,111,115,940,896,338,67,92,927,91,84,254,955,995,490,208,980,707,764,504,249,672,728,507,504,939,903,975,506,56,120,633,619,114,378,754,753,446,996,764,758,977,904,480,537,544,280,312,873,448,787,562,505,201,797,719,480,232,74,498,529,515,114,496,207,811,320,929,604,1013,436,584,972,668,496,550,210,391,537,828,609,563,216,432,711,209,376,729,486,1007,1012,627,939,386,264,907,539,438,617,519,352,24
63,128,788,436,366,677,128,654,470,676,552,1023,39,665,752,158,837,981,740,158,742,671,673,981,724,653,48,76,10,831,734,733,352,303,30,286,372,119,937,143,215,721,114,721,631,124,14,366,669,150,958,270,119,750,569,657,921,279,663,598,674,222,953,419,588,548,156,860,877,697,287,227,253,45,887,593,297,662,969,360,148,140,316,278,664,732,752,871,63,789,777,830,252,860,832,46,54,887,285,337,278,204,273,151,858,270,985,5,367,791,549,567,873,378,852,799,279,870,671,827,799,748,19,284,990,856,725,270,801,855,278,154,857,601,799,671,732,466,790,675,471,280,273,138,24,887,567,121,159,317
120,167,961,409,50,960,935,732,946,144,615,676,953,51,302,900,215,539,972,896,437,227,437,732,900,1011,973,1023,142,978,293,928,1001,170,547,393,510,975,979,401,485,55,27,196,502,677,1011,509,142,337,935,216,24,457,333,766,469,645,209,692,733,958,960,552,66,473,355,440,217,720,272,293,99,498,1002,676,434,682,755,154,46,63,142,547,562,66,439,673,152,622,462,244,595,820,928,499,382,50,784,865,847,669,676,776,819,215,614,510,937,936,129,946,435,466,931,210,931,19,642,675,643,498,483,579,703,568,457,973,81,483,332,933,105,222,171,210,734,703,502,333,222,631,669,703,30,533,62,448,62,431
751,851,186,1020,296,510,523,525,771,610,905,280,700,850,651,401,688,536,772,563,993,145,427,410,356,759,409,192,366,206,415,368,430,454,1012,808,192,166,1016,14,192,330,569,465,474,755,300,257,503,434,907,720,900,697,156,676,960,515,338,449,876,503,73,888,1011,56,706,17,150,866,450,924,350,439,146,371,672,346,500,155,273,234,152,415,402,527,457,223,392,930,560,886,178,691,709,60,145,563,751,198,222,832,756,883,439,1008,449,1007,440,71,929,289,497,876,956,737,1004,727,183,156,448,435,569,783,971,1,602,206,563,643,886,686,236,348,620,617,120,503,437,685,448,450,610,794,819,850,865,170,439,674
755,503,541,859,401,414,2,492,811,840,470,217,338,19,919,370,4,478,82,212,177,501,984,13,621,530,407,848,577,563,338,597,411,341,283,344,595,714,814,853,363,837,113,212,42,346,179,384,1022,982,699,274,338,499,698,465,513,576,732,571,500,212,460,334,80,732,805,459,90,702,859,539,603,83,27,637,397,600,840,785,723,619,585,358,707,530,760,314,727,859,763,77,733,765,701,766,512,102,532,571,304,110,412,696,55,805,853,841,95,176,602,862,697,337,185,512,793,534,93,178,177,859,651,89,348,209,384,617,859,370,224,815,228,487,553,630,255,634,276,326,454,606,380,580,303,83,656,379,496,273
479,633,1002,303,529,914,455,303,266,255,596,764,630,572,779,643,1015,803,548,885,76,996,481,671,532,229,444,612,475,385,1018,802,411,392,51,261,677,456,575,467,683,551,242,944,407,420,310,493,69,275,635,638,533,64,458,644,351,607,810,554,724,436,415,36,122,317,247,923,710,597,310,257,62,1004,328,218,264,349,386,669,691,223,255,597,553,316,339,185,588,170,721,429,725,265,386,229,981,199,574,904,784,1014,641,269,770,890,459,129,245,266,722,1010,554,644,251,651,737,188,544,546,171,927,916,596,468,137,490,234,140,687,916,531,179,250,402,196,548,753,411,487,123,743,700,76,603,657,411,602,994,456
567,120,810,691,621,818,622,842,353,170,882,43,108,833,73,809,811,579,73,268,591,298,874,131,339,967,238,276,719,120,138,216,809,915,1018,355,145,776,874,162,375,854,714,713,952,747,489,394,576,844,96,388,976,808,844,874,307,714,292,741,962,629,337,445,770,793,850,181,776,384,522,461,611,636,695,459,611,971,963,3,529,609,616,307,361,969,299,307,875,170,606,808,162,264,845,622,576,680,721,289,304,123,808,5,826,343,103,331,3,702,1011,815,839,93,164,131,103,852,631,100,387,852,948,685,900,174,266,305,269,856,1019,705,854,73,445,818,151,812,892,862,819,99,120,793,302,341,15,280,745,860
863,875,735,778,609,512,404,598,533,285,356,838,848,879,380,622,439,155,149,747,888,376,381,827,309,251,160,177,577,670,27,267,472,24,434,219,537,888,181,1006,939,662,100,1003,606,888,639,615,152,862,152,767,655,380,337,232,574,558,939,155,27,702,560,763,646,359,296,606,761,920,377,619,152,619,480,750,1009,286,569,481,193,17,441,161,40,624,862,792,648,152,535,704,440,827,266,559,555,472,1,128,766,606,138,635,329,888,158,619,232,732,31,512,483,651,542,779,952,163,807,569,200,984,833,293,160,866,439,697,767,353,623,279,843,286,572,858,479,352,240,283,373,472,185,737,968,568,643,803,666,873
275,806,448,274,715,428,11,987,10,323,5,506,148,771,256,505,720,540,545,60,188,722,842,662,498,966,753,739,310,351,476,433,477,393,786,964,737,788,321,538,988,914,425,18,13,550,57,857,564,412,471,979,283,537,715,595,788,395,416,534,601,557,505,461,566,545,753,979,241,386,724,100,412,550,302,724,523,417,751,708,244,976,574,17,46,338,237,724,1008,356,429,453,691,665,838,108,908,459,473,833,389,740,401,563,850,751,144,451,527,400,385,401,705,500,346,17,201,793,979,522,988,338,742,653,507,401,162,62,493,561,956,858,662,489,27,411,717,522,370,708,402,86,108,272,122,651,401,348,401,320
615,635,227,59,237,744,387,381,377,636,891,323,180,112,41,634,258,136,869,50,664,379,232,562,90,483,427,625,939,45,936,694,8,491,74,51,892,872,535,624,685,704,632,596,752,971,112,664,624,150,587,772,597,119,59,499,882,744,749,955,147,834,229,413,509,551,658,291,931,811,827,368,720,854,744,114,357,635,1010,173,175,765,389,528,439,433,483,100,175,925,566,539,1015,568,251,490,350,678,463,617,151,51,411,632,1016,509,491,441,747,449,836,946,973,104,104,890,578,419,470,87,755,175,381,369,1020,27,87,362,746,580,736,40,972,658,632,764,811,456,632,685,556,509,128,770,392,946,829,500,1016,61
263,91,570,62,864,65,470,992,648,288,524,407,696,974,91,368,646,979,652,622,520,7,964,249,653,662,497,489,600,33,616,507,483,280,457,822,882,270,719,600,462,652,16,1011,601,299,75,46,602,648,984,602,865,473,70,507,263,446,736,897,121,601,269,312,963,64,260,654,654,137,71,590,91,584,69,109,648,562,967,655,303,705,322,480,579,648,272,809,850,638,488,617,846,206,92,297,641,76,274,770,19,727,257,841,616,652,257,104,315,470,848,824,926,341,979,757,710,584,681,889,104,393,654,69,960,640,247,620,823,824,746,256,269,503,825,270,705,136,711,136,311,142,89,48,708,471,598,177,705,51
398,604,967,654,397,908,632,864,3,400,252,292,828,246,892,397,228,880,336,1020,534,958,280,107,207,191,708,134,196,855,581,90,653,200,399,732,548,263,596,197,133,336,189,823,326,956,228,848,224,84,90,193,732,285,1018,3,727,226,996,54,478,709,253,231,729,592,994,963,52,32,453,421,162,872,726,264,389,955,869,708,646,999,477,858,326,1015,725,174,488,771,773,846,175,749,258,926,239,397,921,852,507,711,355,228,714,708,709,24,398,943,262,246,695,728,495,740,248,724,886,856,114,288,188,579,812,367,194,421,231,732,909,246,783,836,264,230,405,910,1011,152,434,724,773,484,269,804,292,22,374,391
4,84,931,777,66,37,56,785,549,628,33,132,595,780,346,273,511,52,387,831,884,610,805,163,825,148,518,735,898,733,4,51,569,912,970,443,874,640,275,383,556,394,78,56,75,44,798,786,275,440,50,427,866,998,786,275,194,876,181,187,440,596,177,547,98,963,1017,1015,49,536,963,523,24,898,780,544,417,664,400,549,124,533,92,441,66,685,809,870,434,561,275,418,427,772,387,770,566,448,811,60,979,894,860,774,639,56,133,569,60,412,523,386,771,824,786,633,611,51,412,224,780,499,46,154,444,146,153,38,53,86,825,702,179,1003,440,440,785,408,13,49,812,952,569,48,52,121,707,939,529,12
336,100,674,508,472,835,559,804,615,226,728,418,740,392,486,378,9,301,294,400,1003,110,457,747,19,490,467,751,615,613,665,655,854,806,410,409,941,472,167,632,617,821,97,566,481,99,285,1011,480,907,498,527,387,572,40,292,258,932,11,671,138,448,336,395,811,575,971,742,481,461,497,513,102,738,756,871,292,737,36,378,468,677,1011,371,955,665,639,480,737,281,328,476,327,600,636,356,519,832,749,488,378,83,1001,538,396,472,200,944,12,114,972,136,993,398,760,674,514,492,298,929,409,24,99,403,276,111,104,942,612,932,368,755,931,875,910,492,671,971,499,741,89,474,320,734,934,931,971,635,397,930
465,31,978,24,178,438,131,504,793,32,779,18,534,972,24,410,643,552,769,736,625,447,407,597,777,176,889,102,489,411,978,19,512,38,840,862,485,669,664,391,673,407,546,629,234,411,665,466,187,392,542,434,468,985,1010,536,675,582,91,440,543,976,38,146,54,191,0,542,893,104,519,715,722,32,852,615,24,521,608,24,226,844,601,488,518,673,134,477,406,424,592,140,913,54,968,622,474,477,513,920,541,659,536,855,922,425,27,540,985,391,440,547,370,27,20,601,334,390,518,187,471,369,158,509,593,338,269,592,44,34,612,418,713,184,567,59,161,700,57,528,991,25,468,688,482,645,332,184,402,19
381,404,874,204,629,175,749,495,253,632,502,462,750,266,485,250,483,59,602,803,866,777,189,426,524,313,226,866,697,96,666,889,35,755,433,120,746,485,1002,281,874,210,421,747,1021,866,1009,754,802,717,202,762,785,765,618,360,365,596,889,29,786,881,150,1021,462,943,0,661,917,637,869,679,180,146,127,394,894,811,490,818,551,160,515,874,1021,724,363,872,522,759,777,633,546,973,113,226,245,175,1018,307,874,650,705,143,426,1021,1005,479,212,506,944,810,815,169,738,874,202,74,807,421,494,739,226,131,610,749,490,589,870,1020,167,716,399,492,415,389,973,319,849,967,362,971,226,746,797,224,487,170,656,924
785,59,433,851,356,281,753,253,485,768,338,272,96,134,1002,953,642,56,778,604,591,225,951,359,397,205,810,929,800,787,784,345,423,930,975,415,269,795,87,69,191,297,423,101,880,1017,679,534,231,599,878,599,859,663,431,888,225,24,423,427,239,480,396,423,575,14,726,600,423,419,827,347,359,131,796,745,999,880,710,263,555,949,722,742,0,796,224,97,0,562,970,611,1020,128,616,66,968,632,710,1017,92,358,359,996,326,820,636,411,368,61,313,766,627,368,716,12,455,398,85,423,102,423,807,128,996,6,599,999,70,423,740,239,904,413,748,440,131,1019,336,707,135,192,1000,365,722,490,63,474,710,1002
817,741,900,693,103,1008,884,230,1013,874,525,198,1017,814,223,174,517,731,196,86,761,156,23,273,356,946,700,935,149,436,413,941,352,214,818,827,230,742,287,852,549,224,486,990,957,231,157,468,865,829,842,561,90,198,86,421,162,214,310,917,976,81,25,533,910,645,68,939,230,970,149,24,987,140,194,21,211,925,1009,214,202,832,887,224,785,389,133,938,930,970,962,202,205,87,709,925,535,1009,814,142,30,334,502,981,261,319,1014,727,305,341,382,677,884,723,976,512,1021,722,342,156,114,230,142,188,665,537,570,881,689,462,625,314,485,210,910,984,727,257,961,900,1002,975,933,334,148,901,564,238,414,228
586,951,434,676,454,572,872,951,452,551,721,999,910,662,996,248,253,11,556,876,139,438,894,425,44,393,159,246,411,436,764,240,700,581,79,895,726,211,182,209,985,428,217,876,996,55,918,858,833,340,381,949,50,79,949,217,868,411,69,240,902,446,946,954,907,540,656,426,823,172,42,1014,863,949,343,403,869,657,170,250,869,421,287,566,932,239,862,595,774,693,61,165,946,417,822,667,253,353,692,182,839,901,230,870,103,54,870,164,36,167,69,954,449,76,423,947,872,36,788,934,175,812,661,551,660,58,848,836,38,297,914,506,942,914,33,355,132,682,660,947,189,117,1021,317,1018,502,247,857,572,5
299,691,154,119,663,919,515,119,414,931,1007,772,407,107,415,941,952,131,919,2,863,13,284,794,410,790,924,920,1003,859,366,964,31,0,908,1020,517,127,995,117,533,959,75,716,772,882,252,796,6,4,132,648,605,653,254,412,1016,142,749,59,6,13,279,20,533,172,799,799,424,274,336,636,796,922,853,583,900,206,903,773,632,991,324,661,1001,621,517,1020,591,389,879,772,855,311,950,672,154,3,1021,124,964,264,7,396,799,214,776,354,515,26,132,230,730,879,981,831,56,20,547,442,749,920,70,879,412,965,677,13,351,672,151,913,997,535,927,829,559,628,197,84,251,717,662,396,14,130,71,319,368,351
679,982,118,750,910,128,1005,540,339,644,815,299,329,814,910,753,356,299,769,713,32,743,361,234,63,366,211,233,230,766,335,217,918,165,20,248,488,750,883,502,991,782,249,687,132,788,363,303,782,992,360,976,1014,866,810,627,628,679,495,873,910,908,489,169,753,105,232,205,1006,971,291,786,776,30,103,738,489,744,874,654,997,275,777,619,688,165,299,253,782,672,265,1003,323,726,890,681,710,373,609,1004,235,744,239,683,900,105,451,1005,683,419,349,815,205,801,552,145,639,361,873,356,662,744,744,942,947,88,356,233,235,672,427,481,672,556,305,362,980,346,736,239,233,947,748,416,980,169,109,161,209,698
343,29,483,370,25,816,907,470,120,657,513,475,122,19,14,412,224,539,732,731,964,524,91,299,640,467,332,923,699,822,281,154,73,606,171,225,1016,977,902,0,256,525,161,171,89,224,166,18,90,449,539,89,155,962,916,96,193,809,589,936,104,217,673,528,388,65,509,896,311,311,202,715,430,962,241,896,97,653,180,916,522,735,900,907,625,75,130,251,966,886,250,804,827,422,394,820,65,966,777,65,890,217,851,961,64,449,836,404,929,8,415,408,692,411,814,934,422,715,921,965,603,449,705,930,438,18,896,89,422,687,718,977,847,609,971,221,859,205,923,250,224,238,332,282,929,53,225,972,522,766
559,951,252,824,682,799,13,364,462,215,300,294,311,66,294,359,269,886,890,449,429,552,497,762,332,221,751,769,639,703,682,259,447,510,875,494,270,343,555,998,582,680,259,993,701,398,546,728,727,183,892,508,684,545,701,41,684,776,1005,353,975,523,894,607,264,17,541,527,808,455,381,722,691,1002,233,492,813,374,1021,582,691,53,303,367,520,363,733,585,943,919,679,47,780,16,431,496,14,686,993,55,812,63,669,266,349,806,316,840,444,447,579,103,361,806,537,693,266,318,364,594,298,210,438,807,362,72,173,168,591,311,999,76,871,212,748,986,751,363,327,679,279,238,234,690,915,214,639,630,31,536
13,893,495,472,296,795,609,355,111,522,633,687,54,160,950,289,751,367,324,214,801,70,212,782,719,72,56,648,57,801,472,555,820,457,68,36,126,556,834,787,815,423,880,61,783,880,235,289,784,31,683,872,362,683,177,246,856,886,909,483,783,353,250,56,379,880,934,771,355,814,480,680,799,375,800,624,801,659,161,208,673,314,99,752,83,788,758,656,303,139,1017,600,876,879,161,956,682,99,930,450,912,44,763,57,880,831,880,648,16,167,112,213,111,113,59,240,115,226,91,860,355,235,315,491,344,355,204,870,737,673,878,332,106,616,776,687,246,1019,365,321,753,840,361,433,17,239,781,706,829,315
955,356,349,883,250,724,724,570,164,782,733,211,534,181,442,397,672,140,429,922,269,412,672,422,253,284,594,725,50,817,14,828,548,363,905,909,181,547,906,657,959,324,634,484,570,369,258,354,668,549,122,887,346,612,653,385,935,596,404,768,267,223,743,74,315,223,846,477,321,252,484,125,676,780,301,362,740,126,140,160,550,365,708,197,254,810,369,476,866,268,157,532,655,674,620,611,701,918,188,375,759,548,183,43,298,980,614,425,901,399,983,298,588,749,203,1005,46,574,378,356,371,514,742,572,26,738,948,1000,53,165,333,962,902,191,29,371,717,393,889,716,534,744,295,612,43,954,365,724,371,13
494,161,414,999,634,45,1,989,199,513,684,426,922,408,488,428,977,992,727,25,797,158,397,255,793,185,815,958,664,664,414,88,649,998,695,917,905,1002,693,73,230,213,733,677,1021,936,406,808,646,408,422,984,1020,227,41,599,733,952,172,653,646,912,1011,508,486,974,222,777,367,691,330,230,997,361,701,921,723,426,365,686,285,231,716,404,897,9,958,736,686,242,662,833,701,718,909,642,225,969,520,1009,680,413,649,493,169,702,649,169,670,678,670,560,764,302,670,628,628,600,676,191,569,401,734,685,503,280,38,400,25,303,656,755,422,437,343,414,222,764,157,158,758,722,510,954,998,653,158,511,215,890
895,655,724,458,992,143,393,911,908,973,284,853,994,655,114,647,49,653,293,141,724,24,175,851,938,812,437,787,158,269,942,731,936,946,748,724,708,950,142,448,538,639,654,840,157,257,406,194,148,399,136,783,893,810,201,265,85,514,439,793,142,201,151,506,892,717,699,744,265,140,1002,930,711,132,426,826,892,243,911,904,165,178,900,311,174,181,205,215,175,170,274,642,206,644,575,952,225,202,394,28,15,149,392,783,142,640,725,892,153,927,25,395,215,665,953,713,543,390,98,755,403,142,957,190,142,887,668,875,407,527,712,641,205,624,542,415,712,229,1021,812,266,788,708,810,354,415,653,492,154,842
12,980,1011,731,895,60,362,488,922,456,1023,747,751,969,1003,504,578,421,853,764,746,764,682,453,917,362,484,498,604,604,424,498,857,380,43,525,337,774,899,382,372,975,993,299,940,577,127,435,251,1007,53,491,260,8,498,1011,1011,196,700,973,124,496,958,120,21,764,188,937,1013,235,120,627,428,368,491,496,654,292,44,314,539,452,629,618,961,645,620,108,665,508,636,421,531,487,940,493,125,716,564,648,900,940,318,155,886,961,902,41,269,700,380,372,105,102,368,919,621,405,449,917,292,645,315,120,953,666,698,99,748,308,746,106,982,983,831,429,386,556,493,492,1018,119,980,981,997,907,265,964,386,0
29,592,263,241,521,585,361,70,878,519,920,434,310,155,397,296,150,926,429,43,839,558,271,1019,19,244,310,67,458,571,839,976,158,592,283,874,513,129,310,636,580,544,783,976,25,270,528,512,471,327,425,11,25,408,478,758,822,55,571,425,448,33,553,241,434,552,734,203,110,9,830,398,1000,800,537,856,681,350,363,684,346,324,542,972,430,435,864,288,1016,232,856,734,443,563,809,310,592,454,65,264,729,585,193,545,425,534,348,381,803,940,560,41,503,960,557,528,321,425,470,560,364,265,903,430,28,614,264,265,624,776,587,969,23,443,270,600,425,524,263,956,330,524,969,766,553,143,990,39,659,525
522,759,486,336,648,973,570,39,588,898,95,988,270,433,301,492,14,902,975,553,1003,296,6,74,297,659,58,493,365,429,1021,487,708,402,216,763,646,650,152,909,848,108,170,429,48,525,70,959,609,978,705,508,33,535,967,612,1002,114,925,545,190,770,274,444,765,394,354,774,570,999,93,423,393,105,782,902,779,60,999,109,13,911,446,556,425,905,32,601,949,126,938,398,301,98,488,233,17,224,944,782,139,1005,298,74,694,954,38,253,16,508,610,301,423,157,1021,616,975,346,952,170,967,605,615,527,77,493,688,133,668,427,961,490,314,38,1022,529,398,541,580,546,262,904,147,660,157,314,327,935,953,33
914,737,363,803,116,802,618,732,397,602,21,800,429,352,476,794,716,139,674,664,825,42,596,138,555,805,1018,514,262,661,283,624,132,811,880,994,259,214,29,828,623,323,853,259,400,50,288,683,414,874,434,21,1002,514,518,344,61,317,740,511,810,9,428,448,503,418,290,678,317,25,225,515,824,480,315,130,51,214,661,997,330,668,387,606,555,431,290,737,47,416,813,285,98,261,820,487,576,740,9,720,410,383,880,282,227,588,778,977,699,134,481,674,485,373,770,143,642,575,431,449,969,1015,810,26,110,577,259,109,533,584,204,468,477,793,210,436,101,219,3,377,308,458,282,178,758,686,527,95,546,279
967,630,890,439,396,535,532,796,520,617,508,76,714,22,950,204,786,332,91,540,278,244,508,116,120,699,142,474,758,534,108,260,741,520,871,867,335,892,486,572,484,55,476,314,43,702,84,862,635,506,502,474,378,646,497,563,883,751,613,500,925,597,442,579,875,672,1015,459,637,727,402,796,612,1011,334,558,356,373,701,484,881,575,634,582,531,547,1011,506,1014,124,463,17,537,347,561,265,1015,118,476,595,420,615,404,253,468,341,116,823,595,555,459,74,581,406,496,108,149,500,1022,788,480,170,583,87,783,124,433,774,207,476,47,496,456,476,716,83,435,879,578,559,527,702,700,854,637,114,1011,598,528,595
909,486,805,216,862,469,391,325,134,519,565,53,463,512,706,901,689,689,908,795,306,905,518,719,453,743,531,989,745,987,69,38,45,117,556,914,423,903,389,773,510,397,38,804,420,750,638,1005,363,62,69,178,606,804,47,584,1005,43,68,408,560,938,449,680,594,397,116,992,568,450,599,309,133,805,845,65,324,309,45,639,989,36,909,388,3,527,312,469,872,132,478,122,106,753,282,901,208,75,883,204,559,70,997,646,255,445,170,798,150,970,551,987,542,917,722,213,657,478,453,874,421,89,1000,1007,843,268,802,455,544,981,674,989,676,138,99,948,967,74,616,599,468,597,539,1003,388,142,697,925,139,572
184,68,588,74,931,1,288,760,1004,221,290,131,618,536,860,603,697,397,786,603,885,1015,742,619,778,213,7,554,986,732,132,1023,152,415,299,594,347,370,525,807,799,70,778,540,536,891,583,172,119,480,550,591,546,760,715,331,530,364,728,611,43,314,301,93,922,716,231,717,73,313,619,618,859,698,331,276,725,794,820,315,867,331,839,924,692,548,795,757,591,643,343,227,773,717,418,466,591,173,923,775,821,302,67,720,790,327,1008,726,591,353,668,290,275,304,797,109,980,682,76,628,280,975,599,927,406,962,784,262,18,211,362,905,524,588,452,91,717,516,461,687,160,856,706,772,266,288,778,56,784,384
100,235,538,104,534,489,954,712,12,1,811,848,921,600,793,572,347,26,628,388,408,948,218,866,267,735,826,807,735,696,635,616,582,3,134,504,447,377,285,392,363,364,315,972,123,293,491,418,418,123,195,225,848,121,97,875,582,866,832,474,387,585,733,545,602,787,347,817,199,37,346,283,955,411,235,564,528,506,506,140,390,873,539,474,789,538,577,488,209,225,529,385,865,184,848,911,454,505,724,530,392,870,346,123,475,392,378,112,1019,368,1019,418,464,926,400,249,99,821,474,96,75,889,923,347,326,412,731,849,445,826,127,992,30,603,635,347,170,332,852,617,241,793,906,731,869,602,80,323,915,123
860,18,753,599,937,352,775,727,654,349,573,710,933,213,413,237,961,732,329,198,893,832,194,369,724,650,853,847,741,379,832,912,714,884,478,220,375,25,112,400,327,840,861,760,759,734,194,653,911,724,196,992,469,581,865,418,542,864,864,712,280,199,114,996,563,881,133,711,341,910,220,168,178,1003,956,218,714,218,69,66,204,253,85,918,476,836,39,893,983,980,733,119,835,967,28,714,914,730,207,918,579,185,753,317,844,620,535,706,246,196,908,860,847,317,980,835,476,975,39,263,497,861,851,670,212,4,291,729,906,118,102,857,992,20,733,365,271,18,182,918,548,344,178,19,481,928,902,481,439,503
457,266,424,28,465,827,48,1018,166,627,3,938,473,21,382,1011,853,556,264,522,444,409,864,984,1017,503,508,498,672,90,858,262,376,931,425,904,766,393,766,294,204,284,437,67,866,880,91,1000,587,516,667,555,594,346,834,617,949,538,943,39,899,415,104,87,298,396,714,387,932,572,614,294,475,865,657,692,784,946,859,603,946,185,938,300,200,619,266,531,89,611,945,387,768,444,43,733,657,420,36,312,103,149,362,59,314,312,387,986,437,556,555,215,364,370,323,101,732,294,397,667,347,663,951,953,371,8,329,582,338,608,670,519,294,660,296,81,954,812,198,889,258,701,123,861,57,444,1018,562,134,100
556,692,790,779,891,266,526,691,101,732,637,917,903,523,354,493,714,594,840,350,792,521,884,470,598,1,412,304,234,721,210,121,72,805,455,223,82,270,182,576,867,53,270,901,110,804,893,780,121,262,982,415,672,348,169,60,211,118,338,304,966,157,83,592,857,70,342,817,269,462,904,76,789,192,57,286,913,613,675,914,219,337,850,681,675,161,285,346,131,554,452,613,65,597,886,611,195,70,26,502,949,736,476,683,214,991,414,730,285,74,67,628,953,346,640,80,470,171,483,214,889,101,276,729,454,468,2,162,6,903,700,73,111,593,256,978,355,529,588,352,495,819,86,777,593,842,644,1014,274,110
984,85,984,983,394,1020,998,839,418,83,981,1022,549,658,968,58,767,984,607,122,259,475,213,835,192,249,274,442,82,564,391,767,422,964,988,344,184,124,677,502,760,990,367,420,26,338,248,490,409,93,597,1016,96,767,455,744,93,665,163,559,201,87,348,536,285,17,132,1008,18,158,370,403,425,579,402,120,73,740,22,58,751,91,79,756,100,988,234,441,159,827,597,622,388,328,575,109,631,989,979,668,110,682,247,459,407,106,530,613,377,916,72,261,40,383,475,419,640,931,919,979,1018,83,28,87,949,969,30,596,979,984,901,72,419,245,658,597,916,573,766,60,704,967,243,338,537,906,753,984,596,392
194,215,877,367,38,392,849,874,499,862,790,575,554,817,821,672,896,184,356,671,771,176,703,403,506,377,881,686,358,797,355,483,162,290,645,692,623,658,367,703,405,969,692,340,815,77,369,95,825,674,1019,674,355,693,878,323,163,613,971,608,417,291,70,80,216,183,356,658,859,986,669,898,19,866,1011,763,820,72,162,787,993,830,222,1012,455,773,354,365,180,548,926,159,290,274,2,94,723,675,340,499,868,370,672,684,686,21,672,325,820,47,350,308,185,799,18,697,916,749,868,703,19,721,386,1007,957,1020,676,753,455,207,515,160,213,402,793,820,831,288,820,877,342,358,725,713,597,335,49,829,688,821
806,611,263,205,942,934,379,64,270,1015,236,1010,13,742,1003,79,279,228,484,886,100,306,685,588,765,175,1016,359,1008,806,860,43,8,423,796,951,205,316,1011,119,694,592,989,380,333,971,849,285,236,293,431,242,284,1003,486,388,777,239,423,971,512,61,647,806,966,239,949,316,812,423,317,1019,109,947,316,370,918,877,204,379,249,927,215,1017,249,567,352,690,399,203,320,349,691,107,419,959,331,484,253,38,983,998,302,1018,933,636,811,316,122,221,1000,103,829,223,29,278,486,93,107,109,1008,712,463,942,7,1022,744,840,758,748,21,1020,156,1023,918,997,553,993,1015,393,423,741,1014,732,148,660,1015,934,78,425
537,689,921,533,19,525,82,214,387,394,725,656,538,906,765,587,819,3,537,763,710,622,16,502,720,711,329,196,890,222,665,693,306,726,550,962,868,880,410,306,566,531,458,422,785,6,336,533,626,912,578,421,410,457,378,978,422,320,108,131,874,256,513,533,835,979,579,581,923,666,457,478,625,850,585,583,323,587,540,567,472,437,779,907,191,549,521,585,622,37,693,158,606,603,793,539,576,71,323,642,837,601,327,290,528,698,332,120,463,528,830,892,802,481,668,397,157,452,226,72,350,530,299,275,840,65,907,368,339,978,548,162,794,550,533,624,506,144,207,418,670,489,165,973,634,958,377,990,19,1022
13,39,955,732,825,525,548,959,799,542,777,24,2,44,287,204,0,502,735,367,556,798,789,661,68,732,724,67,748,443,413,750,70,305,428,893,423,891,379,958,967,542,276,959,175,980,574,334,716,62,84,239,559,324,862,894,785,199,15,287,62,959,260,889,50,880,427,820,408,731,534,345,404,710,187,283,860,885,136,516,411,496,988,264,716,365,528,265,404,400,581,197,415,677,24,540,60,732,354,308,446,911,295,722,988,572,398,820,940,13,685,980,431,366,956,985,332,64,833,415,204,828,474,702,881,735,575,524,190,820,575,941,62,575,49,443,113,35,966,244,223,32,223,154,19,764,529,324,414,364
330,500,669,462,512,856,526,323,323,297,68,36,67,540,461,828,35,128,367,997,577,372,84,851,501,672,595,397,531,940,860,321,209,956,635,115,620,13,554,516,343,558,323,905,36,359,513,239,75,325,131,580,79,754,564,547,515,863,176,462,553,984,832,625,295,74,823,780,986,314,75,976,77,579,774,843,77,522,424,406,601,509,170,800,267,860,345,450,524,7,366,588,650,589,368,860,301,125,892,15,915,584,476,826,773,580,597,947,633,422,75,522,958,526,92,874,433,546,340,564,574,77,547,564,846,139,41,775,521,852,859,614,35,79,47,381,863,619,843,75,534,72,194,68,316,565,584,930,775,1005
497,688,269,357,374,382,536,315,599,30,607,390,184,138,569,842,537,357,402,523,351,398,60,121,575,698,81,709,728,91,462,349,569,1019,545,737,454,58,382,382,441,148,391,863,82,341,776,288,308,454,330,117,888,30,350,312,757,953,601,681,591,536,515,502,312,639,38,720,606,566,429,394,270,941,350,542,137,557,853,425,847,576,379,439,807,600,342,559,61,893,334,769,486,598,31,543,262,893,837,383,552,33,303,16,382,404,838,312,940,334,639,350,634,889,623,590,519,223,838,794,269,351,58,14,382,847,839,895,717,861,606,378,861,869,472,410,574,209,568,277,50,398,22,897,186,150,185,605,564,661
825,281,90,600,64,745,248,755,741,606,162,818,159,925,319,313,894,284,803,97,192,56,862,122,611,692,633,257,930,92,290,296,926,126,808,141,61,57,833,318,560,926,1019,398,245,799,757,743,663,308,306,290,857,426,531,224,466,920,294,402,651,186,626,328,777,171,560,689,520,153,288,381,847,863,909,112,476,310,582,798,843,281,278,629,272,614,176,319,306,622,10,547,583,651,707,429,216,292,909,414,489,96,98,184,813,856,844,238,922,419,808,798,595,627,683,123,814,377,223,695,147,723,185,819,120,288,708,806,258,755,105,544,619,30,280,190,185,854,898,761,787,169,679,904,761,275,198,257,788,32
219,668,305,411,18,976,360,315,961,203,530,28,434,409,848,721,651,603,23,899,719,600,842,19,369,467,547,271,362,928,317,289,148,354,531,221,835,917,884,607,303,439,954,594,814,280,284,275,915,869,997,654,475,899,594,580,175,59,0,476,485,527,389,5,434,735,981,151,800,971,699,436,880,721,788,386,392,533,979,740,580,325,33,752,928,979,605,211,956,884,22,659,925,452,660,243,709,644,476,1,722,871,994,708,628,1,369,158,197,134,900,921,18,730,387,1013,944,556,723,412,25,951,100,331,12,201,917,142,607,412,915,531,80,540,514,170,652,394,878,403,211,886,305,210,562,133,469,708,172,834
351,519,592,270,282,495,655,816,288,910,189,670,876,271,653,670,636,316,791,541,522,671,284,291,620,787,157,358,229,743,892,436,628,671,701,26,661,689,78,141,701,191,460,701,751,295,719,927,962,546,572,590,759,189,91,785,767,487,1023,463,16,743,540,189,693,155,308,770,389,439,127,532,1018,274,604,1020,332,469,828,495,829,285,508,65,284,869,918,270,853,859,755,650,639,15,536,39,45,600,818,668,440,628,92,210,530,962,314,519,1020,525,282,764,416,735,635,109,829,1012,499,636,863,186,660,468,919,285,284,724,491,18,71,455,429,338,827,685,990,683,778,713,839,774,764,84,621,676,731,701,125,327
79,443,816,263,315,896,660,728,193,344,830,895,623,942,263,924,69,216,754,696,148,471,129,722,295,840,254,673,383,664,349,318,344,208,171,840,272,24,906,216,441,761,192,542,943,875,286,778,921,202,633,457,88,760,722,114,685,760,82,82,939,216,274,308,421,774,256,767,865,942,880,976,125,215,1003,272,819,870,555,723,207,665,1010,93,258,850,767,331,92,573,202,656,343,256,884,35,487,681,84,760,411,153,1,255,279,824,763,134,338,704,224,139,160,11,215,252,199,70,211,839,708,219,651,952,995,431,600,82,532,88,16,220,952,432,443,181,827,188,760,874,315,209,699,195,347,721,319,220,919,891
367,790,717,215,1013,367,381,751,733,441,763,615,295,837,27,612,759,257,604,183,74,843,205,110,44,58,23,986,161,426,295,837,890,861,981,695,623,156,479,359,1,752,220,86,110,104,493,694,157,618,723,748,921,858,351,732,894,365,4,1,153,467,1019,841,95,276,902,390,612,873,823,109,431,384,280,239,363,521,311,859,924,972,422,676,896,301,645,547,850,746,124,998,602,994,555,980,537,297,341,335,240,604,354,196,49,74,854,366,895,215,574,433,358,358,645,345,359,316,604,998,710,31,636,448,25,431,86,510,124,420,101,982,631,351,767,219,303,516,375,106,76,956,619,966,787,612,124,714,630,665
936,786,342,1010,388,159,448,806,924,636,666,23,552,315,518,94,1021,31,10,892,868,668,274,458,1017,906,12,735,320,222,58,744,245,171,776,1006,59,486,59,572,128,339,265,419,776,491,261,955,652,486,290,8,1015,370,660,746,914,156,626,1011,542,879,626,636,538,904,601,984,363,218,381,562,466,142,274,952,899,173,1018,452,777,59,734,728,645,892,857,987,697,123,571,226,578,149,602,856,189,96,494,836,649,562,536,971,179,603,254,947,196,795,155,858,507,515,594,924,933,282,568,222,795,515,542,924,678,255,129,601,1011,35,1017,924,501,153,114,980,781,722,849,43,4,465,851,576,542,1017,393,921,297,8
228,802,551,957,515,222,400,996,844,906,18,228,857,955,993,349,878,335,293,437,727,766,906,539,746,1019,786,159,405,649,898,943,103,889,444,20,508,532,707,405,526,100,526,702,741,714,756,1013,721,179,21,1017,703,903,1020,63,922,444,708,1012,298,150,821,485,47,687,973,523,157,85,1008,155,939,53,47,898,1003,958,939,54,357,85,977,123,631,724,480,939,208,18,332,21,999,400,231,527,228,622,87,333,241,690,947,174,293,996,878,176,929,677,140,53,726,845,15,397,901,532,125,430,906,1021,452,34,508,220,125,93,997,437,766,317,141,321,706,88,412,704,15,637,219,940,438,397,709,838,947,413,126,188
341,586,477,741,986,757,317,991,996,237,868,763,506,483,974,315,690,462,492,941,353,155,244,272,812,492,313,617,130,1004,411,575,492,1005,140,227,757,904,117,491,364,174,85,486,76,360,21,696,771,684,651,747,205,810,101,201,138,616,179,434,149,365,229,493,936,364,655,445,190,1009,27,936,852,874,74,492,750,483,847,487,463,761,252,332,741,680,137,281,682,453,501,162,962,998,816,818,653,174,145,812,492,185,174,475,404,234,813,868,315,812,653,808,731,506,490,56,244,828,174,281,41,862,998,984,739,973,145,1005,973,643,129,931,34,39,590,537,282,507,811,731,76,1003,686,497,966,686,431,132,899,319
160,672,44,627,113,573,85,466,291,310,504,641,391,618,865,814,444,471,691,931,715,373,597,110,373,207,544,1009,24,50,971,384,796,938,637,227,176,694,490,501,350,841,502,0,388,689,572,184,408,335,501,437,755,599,913,205,590,544,576,114,309,691,987,355,304,499,496,787,188,701,969,293,661,500,544,562,626,247,278,823,599,509,947,495,630,406,506,690,567,373,388,891,561,821,701,112,565,875,218,218,691,561,941,861,691,274,368,564,302,987,433,786,466,174,954,567,691,971,289,433,555,691,563,413,274,114,970,912,61,560,114,312,850,691,309,789,371,664,549,693,165,785,174,114,940,553,521,691,821,184
467,421,933,877,763,926,332,588,885,147,774,934,7,620,603,651,341,546,861,77,632,405,885,735,842,205,877,1019,361,499,244,461,49,267,201,181,467,721,1006,27,117,893,877,603,262,91,835,494,414,134,67,907,446,218,91,898,998,718,525,553,940,621,431,75,923,45,885,245,637,558,556,587,779,877,619,966,371,941,252,521,276,382,11,391,585,820,77,908,365,23,406,27,446,524,337,907,765,244,738,45,354,366,316,53,919,396,848,370,379,558,205,258,109,59,81,715,437,331,963,563,364,941,7,996,619,542,588,818,425,907,787,873,77,731,321,818,12,972,406,845,901,51,621,1012,625,939,523,388,542,43
0,771,892,506,0,506,643,149,191,610,428,464,810,464,377,850,1012,849,506,563,11,829,227,245,769,695,402,1019,242,1001,634,119,50,495,301,417,220,264,931,531,1011,47,11,224,363,139,761,882,691,146,839,508,899,1001,864,151,753,471,383,467,994,626,787,226,220,245,993,752,74,178,577,810,984,655,1008,53,961,248,875,253,960,816,431,1021,992,427,1003,715,936,253,496,982,90,428,843,669,508,960,58,889,529,837,915,122,739,800,917,250,994,130,672,160,474,122,144,10,250,60,165,816,269,455,496,160,144,767,699,509,881,493,849,480,985,651,144,1017,60,899,793,378,207,476,730,827,776,445,223,245,899,634
79,567,847,518,11,265,11,472,842,891,337,461,66,580,359,365,24,515,653,14,904,652,143,384,766,567,563,855,986,267,646,23,76,349,949,917,756,593,659,32,333,732,590,555,80,876,180,578,873,837,604,515,735,144,686,594,84,723,853,277,337,71,582,87,343,429,579,94,706,540,457,80,15,48,472,831,546,981,376,734,982,958,835,733,478,1008,185,446,835,472,73,860,267,906,269,880,514,743,860,860,717,452,836,79,439,577,210,970,727,475,590,353,170,395,500,126,120,973,341,732,359,853,65,13,348,648,874,606,836,854,126,86,79,585,989,1008,830,449,110,390,101,845,57,870,722,231,880,609,603,32
328,675,43,472,696,623,715,778,146,808,832,686,335,256,267,263,704,34,522,140,860,346,2,279,136,832,805,452,136,843,283,863,606,778,2,715,849,861,409,387,839,171,314,265,200,506,145,72,839,602,747,856,475,72,630,609,170,328,115,633,363,184,6,770,313,522,522,399,858,243,409,308,63,102,783,290,264,207,696,502,463,472,102,192,346,457,456,829,11,619,469,573,320,712,633,449,297,120,451,642,264,240,638,649,858,99,248,140,25,473,832,310,653,665,329,592,885,339,586,576,975,266,677,697,329,619,200,489,684,780,789,131,840,695,218,288,470,833,593,609,72,468,618,266,266,521,343,779,971,473
456,609,309,210,766,175,729,828,504,655,966,713,129,764,705,868,888,508,662,707,511,862,279,352,94,135,916,519,504,33,686,810,499,758,209,917,232,1023,766,233,249,510,459,509,963,726,230,745,1,312,890,473,252,837,710,269,764,691,824,385,859,191,1018,862,155,245,738,239,377,256,157,289,25,167,167,715,175,459,862,153,809,718,655,483,427,920,760,656,868,265,750,446,704,694,248,188,559,367,764,655,654,681,23,659,657,212,504,895,659,703,127,740,990,777,1008,470,183,496,499,168,419,500,655,288,906,696,365,696,767,707,557,149,491,233,890,696,895,254,508,938,888,486,510,504,471,740,511,31,863,819
831,158,154,674,922,912,791,982,592,961,409,112,96,936,135,726,789,646,726,495,209,213,990,88,935,411,494,954,184,608,661,414,735,963,912,977,655,192,872,966,702,274,401,530,216,990,812,31,659,812,471,936,330,726,223,744,5,505,738,533,613,1013,135,357,904,209,979,765,759,464,726,919,216,854,209,680,364,467,412,21,2,478,516,918,256,157,946,294,862,214,722,956,424,220,749,924,189,749,816,278,477,319,450,712,215,854,956,210,722,309,722,546,751,455,216,5,485,788,698,319,546,792,666,531,840,433,946,934,361,85,223,407,282,478,133,389,686,237,513,208,542,689,438,550,854,153,402,691,712,437
152,1017,936,214,57,329,241,383,1017,919,538,280,941,868,635,672,160,392,904,920,174,415,952,1016,19,733,26,617,833,698,559,411,678,612,519,284,609,703,30,413,211,590,13,520,383,863,477,326,442,210,113,280,912,659,519,642,731,579,875,250,35,13,111,786,27,723,538,604,659,249,714,106,922,62,30,367,888,1,274,933,72,898,187,1018,281,149,448,613,392,390,303,780,704,25,738,120,920,613,22,385,594,141,384,376,946,1005,774,214,150,87,350,383,13,391,19,27,33,857,159,287,408,281,414,921,424,720,872,609,818,927,926,57,703,34,752,666,471,85,888,526,486,904,59,390,31,481,136,9,703,680
594,452,212,458,195,197,1008,239,260,419,577,132,180,152,865,767,410,722,480,219,551,251,922,138,216,260,591,215,532,716,542,404,72,63,223,715,853,543,945,724,224,217,845,658,453,132,503,85,991,452,132,139,255,267,388,856,455,896,538,597,5,532,808,436,953,845,710,655,521,291,907,275,423,478,355,139,653,722,176,843,961,211,853,736,43,884,325,194,865,518,427,3,932,255,578,492,13,450,725,729,490,524,355,703,722,562,418,436,227,542,129,215,255,226,0,3,215,500,738,319,211,480,513,285,407,10,226,914,5,562,209,394,873,750,948,478,596,175,472,658,682,405,7,195,293,368,898,83,267,897
500,794,434,892,136,287,778,761,56,290,612,494,401,433,808,842,99,1003,140,598,612,27,531,155,75,154,137,56,882,69,457,131,908,763,385,539,405,178,439,539,405,205,666,784,731,848,197,195,1016,187,164,420,626,1023,384,858,580,563,56,402,114,719,990,136,414,771,366,566,833,908,796,304,670,150,384,3,424,932,59,27,698,538,405,228,411,131,235,767,497,526,435,487,475,2,128,995,898,446,539,577,411,837,332,522,880,132,724,235,487,906,810,229,898,809,781,666,388,611,670,898,725,235,932,523,389,685,81,784,197,27,996,266,580,293,326,35,1023,155,596,81,521,699,716,655,535,586,459,890,201,91
905,430,422,942,928,247,702,895,421,253,742,461,557,736,415,417,333,360,860,237,740,700,427,416,289,234,191,928,847,415,391,254,397,663,792,235,429,687,439,407,691,430,687,399,709,237,930,439,904,580,127,231,616,952,572,353,807,347,647,662,682,815,887,95,411,168,232,416,344,740,740,743,178,783,104,687,621,300,234,789,461,432,365,968,235,812,360,231,555,439,494,124,725,359,808,152,347,717,241,741,160,429,671,380,471,399,766,416,237,495,975,574,801,932,439,669,679,684,922,407,399,791,757,37,589,237,972,399,797,399,599,681,182,529,968,231,687,362,928,552,459,807,489,733,181,680,552,734,255,860
972,249,587,966,518,1013,191,671,463,671,902,990,964,852,450,831,542,686,1018,576,805,124,126,213,980,453,514,892,954,968,565,850,573,778,458,639,469,584,581,223,493,215,553,140,606,519,525,516,10,62,470,43,983,960,621,166,468,606,65,453,271,525,978,328,532,671,390,76,59,845,650,527,85,479,76,874,994,222,74,160,325,591,84,176,458,412,526,603,19,844,293,905,641,356,527,329,10,898,645,83,72,222,468,444,284,178,590,459,418,841,98,964,214,133,204,125,133,804,804,516,244,159,5,516,125,836,648,421,901,801,77,834,293,878,960,804,288,606,933,78,906,847,516,946,85,296,43,437,53,514
578,337,806,89,923,96,544,1009,353,881,1019,1002,551,397,160,507,866,789,21,201,0,0,466,409,13,1000,452,166,554,544,789,85,795,886,875,204,99,411,219,407,298,288,83,554,54,837,896,871,812,960,106,769,107,842,866,537,107,592,928,24,53,834,107,707,489,896,602,93,219,894,737,612,119,437,599,776,955,43,189,32,800,347,558,248,876,397,365,317,715,106,458,162,599,869,929,917,938,1002,250,535,520,999,570,1010,632,241,603,880,39,137,49,922,1003,928,514,289,484,32,0,543,826,55,874,112,160,265,586,18,163,558,824,482,561,353,56,554,980,952,44,340,199,156,807,160,11,887,16,906,539,999
269,550,543,455,990,454,903,221,125,543,102,84,694,783,635,477,772,476,946,770,637,119,262,858,630,1019,527,381,786,684,374,468,913,190,113,863,369,317,125,796,940,823,102,295,625,713,996,716,93,623,310,349,818,31,780,624,428,301,109,821,796,527,483,10,780,548,61,148,65,324,731,908,596,765,379,349,551,780,118,769,939,44,571,290,634,637,445,849,612,346,569,459,124,859,931,523,551,143,557,782,449,70,93,844,273,557,760,71,929,674,829,299,792,317,823,125,959,776,29,636,199,635,741,500,861,283,796,994,822,955,670,619,702,836,539,479,154,281,14,188,455,500,588,950,625,635,95,800,556,630
757,573,854,995,956,705,517,343,691,722,431,118,564,787,52,663,565,118,272,80,99,292,728,1022,330,838,830,275,54,565,627,343,51,183,346,881,134,367,37,895,886,807,348,393,54,248,488,442,883,497,61,369,385,517,575,919,344,560,589,539,26,565,375,168,385,902,305,575,998,573,3,999,842,894,895,254,640,820,684,556,179,270,324,762,371,16,540,826,442,117,132,556,820,565,688,402,489,778,856,246,52,259,591,206,989,887,513,573,1005,885,55,566,496,566,129,121,855,855,76,28,631,57,51,433,1,1009,630,429,422,999,565,80,1004,57,6,529,417,881,305,22,866,688,1018,219,959,185,801,319,1015,559
733,861,701,127,768,440,282,922,16,15,621,371,613,276,44,931,279,779,323,55,148,738,800,885,30,869,871,911,248,519,425,454,44,453,815,322,44,299,435,815,810,687,616,637,148,913,620,276,795,713,15,373,491,169,1010,879,640,70,360,212,284,196,179,770,660,292,996,979,869,869,539,111,971,1003,730,287,805,899,52,429,815,739,1001,212,282,258,971,69,106,299,464,982,306,640,98,302,487,302,179,722,318,300,230,813,741,130,450,898,767,811,235,430,907,836,678,984,965,298,737,84,429,629,651,51,219,899,71,897,949,1014,748,1001,175,1000,52,673,403,15,767,191,318,587,899,840,651,298,192,635,93,31
222,66,792,449,271,656,796,293,228,317,734,786,127,276,788,655,856,323,975,643,116,169,885,919,52,658,323,578,899,706,564,610,72,668,881,522,552,626,506,738,321,570,786,275,648,200,716,343,690,33,711,343,804,343,2,552,639,46,775,588,907,783,771,894,781,834,643,74,67,840,4,556,9,275,772,715,518,364,788,738,243,237,776,967,889,582,890,116,18,153,39,315,392,772,35,35,66,847,49,632,772,835,770,227,68,818,804,964,68,770,647,739,783,739,408,879,275,568,647,772,306,835,109,228,312,651,8,408,54,898,868,324,51,5,275,2,944,138,371,84,404,524,658,772,13,127,339,850,703,324
604,542,175,158,807,981,280,803,659,741,477,265,238,275,457,882,199,862,995,474,725,788,163,21,664,382,530,46,163,836,659,35,463,728,1015,195,460,923,517,477,953,475,590,876,711,574,786,979,914,148,637,590,156,428,661,244,824,540,451,222,142,798,799,802,148,350,775,510,976,473,996,548,708,681,817,709,477,739,494,430,883,290,354,149,117,645,157,807,659,420,158,952,660,709,215,685,133,957,442,116,473,807,1023,221,390,451,1012,942,422,475,687,757,945,480,497,473,926,863,434,148,612,484,821,350,668,623,859,340,673,284,725,604,350,540,857,804,199,605,18,729,503,774,1015,1015,463,734,482,464,18,860
409,863,133,930,25,653,441,483,983,674,848,853,632,760,539,632,120,930,470,913,463,150,440,952,24,294,335,946,760,1021,10,878,471,531,664,272,978,742,646,624,670,513,86,114,467,585,257,465,566,153,430,984,88,752,153,976,38,609,978,68,617,632,245,383,614,82,983,752,545,982,958,891,152,467,981,184,585,794,644,955,609,630,984,563,145,784,746,969,576,34,786,985,609,73,113,632,502,558,570,1022,888,1001,57,66,378,447,96,851,918,447,980,18,73,723,210,12,983,589,832,585,983,367,188,383,958,419,96,977,41,490,99,385,24,1011,121,529,344,831,39,512,1022,385,73,467,627,458,560,135,932,848
953,909,488,859,602,605,155,534,441,185,641,318,54,923,535,513,586,774,529,520,162,25,526,490,508,273,976,269,144,468,857,173,529,22,120,265,540,511,577,788,484,495,910,465,741,882,542,11,605,761,23,961,236,588,529,619,43,366,115,945,302,11,505,390,65,1008,173,489,534,501,517,859,441,464,474,1011,16,662,486,134,1000,328,39,110,520,393,545,610,888,622,490,405,342,648,606,857,463,537,407,571,494,911,1022,952,860,494,857,1013,6,632,163,279,505,731,395,411,752,624,526,489,273,160,706,379,538,164,1,763,545,473,9,441,891,302,913,619,313,270,734,891,912,665,541,835,78,635,487,404,474,524
439,914,23,829,256,343,349,310,551,549,993,23,492,455,960,118,577,608,23,587,942,667,697,682,562,957,948,453,906,829,436,529,950,556,310,34,624,501,108,697,1005,431,524,529,48,700,496,928,57,482,597,10,860,434,718,492,430,70,728,595,504,48,118,343,826,704,831,855,272,438,240,389,566,800,1008,999,552,60,1005,993,29,114,367,319,285,829,919,858,791,660,95,357,479,84,10,406,903,690,301,871,1021,124,744,1017,311,1017,653,781,40,39,116,601,573,928,592,592,633,437,447,347,722,633,392,552,496,1018,55,493,545,438,337,986,582,711,554,285,301,613,359,255,521,727,349,1021,598,549,57,492,50,112
791,556,930,282,621,401,791,80,855,602,656,423,630,304,386,562,465,384,307,950,591,17,876,791,461,983,892,86,949,70,712,77,577,539,601,945,595,492,721,878,567,80,927,122,48,727,785,602,398,708,334,757,986,247,658,926,352,400,375,663,406,108,48,502,929,832,273,630,981,94,990,282,589,104,60,538,231,796,604,993,599,310,841,426,100,973,625,466,592,663,778,23,641,456,967,566,17,773,401,48,17,987,123,980,518,464,698,288,572,284,412,118,572,380,956,839,335,22,104,974,457,983,461,407,309,589,352,941,284,647,925,68,999,793,215,772,875,282,86,689,95,821,594,72,215,230,623,951,864,693
953,260,841,195,246,168,196,866,658,106,713,710,810,739,125,489,722,148,687,296,755,981,778,387,99,2,927,725,373,739,744,229,842,760,701,733,260,891,717,322,994,127,371,1008,953,108,709,480,170,746,238,457,394,317,949,446,787,896,611,365,40,750,561,803,679,296,910,160,40,732,682,600,195,473,408,715,643,748,677,170,56,29,361,714,561,725,494,970,672,579,697,386,709,184,579,830,981,354,175,335,714,165,319,100,539,70,170,389,302,638,210,472,1018,170,921,766,725,338,754,747,917,296,671,340,779,1007,303,707,750,125,579,157,85,763,1003,843,500,283,223,367,875,658,313,682,928,341,573,366,204,459
191,429,405,991,978,955,873,877,206,178,57,810,897,170,733,421,74,706,299,139,658,852,947,154,140,927,708,957,923,263,372,728,698,829,159,658,256,175,210,423,388,144,263,258,707,404,18,251,388,70,966,137,642,772,195,261,383,809,914,724,949,157,978,149,770,133,267,663,883,422,112,247,67,941,819,240,221,238,426,267,179,432,256,921,888,387,718,404,980,786,64,823,279,658,716,659,123,640,138,93,234,386,132,1000,711,948,421,907,420,899,416,373,698,640,133,746,148,809,116,1016,386,941,206,381,412,717,283,137,149,1005,703,315,925,928,994,903,900,712,939,909,938,224,452,644,2,375,795,877,765,848
512,899,226,610,84,779,512,361,146,384,907,106,516,292,772,423,696,194,510,613,101,548,1003,405,514,876,451,726,819,498,216,408,397,155,823,88,808,721,33,548,299,381,447,548,515,988,1004,256,439,151,608,578,502,159,523,1020,994,550,334,652,652,536,528,616,256,254,1015,640,167,523,353,594,519,515,395,131,473,635,254,584,507,443,165,548,719,145,103,770,524,554,535,524,722,675,741,451,446,163,610,301,800,518,534,221,515,814,576,191,577,684,421,97,823,530,525,405,603,439,439,156,507,420,448,698,253,410,514,9,524,490,582,259,672,236,800,126,256,802,487,610,521,133,19,572,992,706,530,512,412,601
444,124,653,201,472,191,803,247,424,99,862,247,814,919,665,302,545,534,660,836,791,898,412,854,542,137,472,716,160,497,921,598,176,871,379,246,30,228,206,160,473,661,553,794,2,101,803,568,665,9,364,869,452,17,643,830,699,1010,486,347,862,542,823,653,10,0,237,237,963,641,60,348,809,248,562,688,549,150,786,53,289,790,397,33,669,891,758,464,1020,513,819,160,9,678,238,158,27,143,887,656,316,738,252,954,203,653,2,794,663,900,613,476,55,668,636,813,759,186,869,102,743,669,719,313,885,855,53,24,155,839,801,964,658,963,313,870,248,855,871,742,599,262,134,525,786,94,641,332,638,743
190,833,947,594,177,70,940,593,59,41,558,721,728,699,140,64,871,1011,396,238,189,170,874,934,270,97,845,13,781,726,889,301,359,278,38,861,777,688,767,504,655,826,876,687,788,1011,869,79,794,78,129,783,208,317,212,615,820,806,44,282,183,956,922,940,730,279,733,976,715,481,189,296,210,454,154,665,589,723,298,871,119,744,829,353,781,298,869,189,14,299,198,96,38,97,182,190,813,348,403,993,481,128,741,268,186,220,303,186,240,683,859,812,406,541,265,27,78,880,686,747,874,838,512,865,828,700,603,813,308,510,936,687,296,928,756,13,875,555,813,886,667,388,212,289,149,984,748,238,975,731
201,88,161,889,849,633,245,443,272,410,299,545,322,50,112,697,998,17,411,512,609,992,815,463,116,49,14,283,574,818,440,800,111,228,546,540,402,103,377,50,879,531,878,928,75,339,669,110,826,438,955,583,570,552,546,51,993,51,874,51,745,425,840,796,119,689,890,655,148,427,897,478,267,48,498,97,864,192,1005,840,59,1007,390,787,29,487,496,819,368,632,361,957,17,82,585,649,51,793,35,9,224,49,993,151,532,371,568,803,864,608,46,849,746,413,960,487,515,851,593,769,338,570,608,545,529,750,182,490,992,960,1009,574,377,763,410,146,944,552,631,299,438,75,301,856,312,97,551,131,363,321
874,832,355,199,582,1017,820,684,857,856,987,929,914,19,928,131,810,560,481,296,211,899,287,909,272,177,171,882,482,571,3,209,294,294,625,428,928,737,994,719,691,826,38,725,481,338,542,291,618,540,554,659,1002,642,827,33,974,784,307,295,690,68,469,923,232,624,664,729,801,336,882,544,202,929,444,826,291,889,371,202,307,544,719,570,489,726,444,943,39,1017,209,17,211,289,944,323,38,1,1015,659,752,305,850,689,420,929,371,56,580,912,833,592,829,801,47,720,986,368,704,1017,718,169,424,42,126,538,198,937,689,504,801,919,690,811,434,946,50,0,314,529,56,57,304,58,976,801,554,112,371,49
328,282,116,803,611,532,200,533,699,617,859,707,768,579,523,498,270,282,307,306,883,826,215,506,345,793,986,683,19,227,336,319,8,523,276,100,290,41,526,282,303,521,849,763,288,625,577,393,880,239,681,1016,520,571,920,121,98,966,116,82,266,665,102,760,667,699,637,83,291,297,303,489,4,328,932,808,317,282,53,164,303,819,954,755,529,558,707,456,819,10,971,308,259,242,123,831,323,512,571,500,629,807,771,340,306,692,533,328,292,349,109,331,500,372,708,633,1013,565,904,938,308,227,555,440,52,274,261,280,150,164,88,41,539,443,114,539,977,667,218,984,475,515,66,627,632,715,316,760,306,121
429,363,888,7,346,516,870,429,252,917,262,908,782,263,453,653,429,54,10,528,859,914,715,154,722,280,837,642,701,669,391,333,86,82,804,377,345,131,933,932,260,652,914,335,871,533,549,549,652,773,318,408,854,210,365,226,709,22,886,87,922,13,650,668,14,503,45,162,109,876,917,301,52,4,194,171,781,173,646,75,511,882,973,137,1022,209,21,851,260,214,210,184,565,882,220,141,141,161,779,948,861,901,69,141,43,364,214,693,115,360,141,272,903,325,165,233,935,423,124,146,622,2,537,459,837,903,389,950,417,709,877,232,565,534,223,632,781,461,781,327,210,763,964,684,534,278,854,223,874,782
114,932,674,631,160,388,35,618,864,534,52,325,612,859,858,116,881,880,491,43,110,601,875,318,108,50,893,597,927,625,513,301,106,870,1010,29,888,436,399,230,52,505,882,822,872,431,581,64,674,124,610,882,754,370,352,850,306,834,275,93,483,646,939,102,746,848,563,99,970,240,642,613,801,567,524,239,192,834,313,370,488,345,40,625,205,913,877,524,244,253,211,1000,64,273,92,96,96,63,483,345,865,864,106,289,394,822,354,436,486,627,365,416,50,501,1004,679,564,778,626,563,228,180,210,614,637,575,757,1003,888,854,53,851,804,734,842,867,600,73,516,397,399,737,367,822,69,115,778,104,884,387
112,662,176,878,562,1012,779,192,43,70,633,499,95,432,489,609,496,476,774,674,459,790,673,19,229,400,62,120,852,800,81,841,1012,882,943,626,775,48,696,951,1002,726,823,489,179,531,817,475,773,119,401,448,702,815,720,559,902,689,785,698,727,786,882,561,190,937,508,419,77,713,972,480,562,715,187,0,528,347,688,945,258,18,658,391,288,200,48,545,928,464,49,307,346,649,950,58,115,187,177,483,977,661,31,853,850,1018,134,179,447,854,144,341,417,775,632,43,112,903,187,105,658,402,893,474,14,603,898,649,538,104,899,946,1019,69,949,1006,463,977,581,667,138,36,973,774,152,516,99,780,115,598
608,422,806,608,806,944,843,460,374,320,612,289,279,591,758,1019,736,105,97,832,166,619,926,113,528,1006,105,321,635,343,326,103,368,333,506,614,334,806,339,518,952,619,745,666,373,368,42,488,942,531,622,608,577,656,251,366,617,745,529,89,608,523,864,294,764,928,622,342,75,55,887,538,1009,310,995,80,617,649,287,127,419,378,746,264,872,46,616,334,353,608,221,367,107,446,321,886,343,405,908,353,352,74,120,987,529,975,1015,387,776,784,942,9,325,507,877,609,849,586,631,801,628,838,523,326,19,753,528,119,497,358,551,640,999,552,366,449,463,612,624,627,652,882,33,86,365,90,443,442,297,457
477,297,960,27,159,435,497,504,512,3,10,605,586,937,960,643,547,465,208,469,990,754,665,93,552,666,762,66,855,749,477,669,266,451,942,137,477,147,504,1003,217,395,727,1013,37,419,408,491,818,467,61,92,137,472,381,252,491,998,77,145,182,330,946,82,474,594,707,931,634,931,408,503,656,439,153,643,664,358,298,758,707,999,161,115,467,504,728,557,666,472,479,642,947,493,444,650,23,669,162,312,434,680,56,432,189,711,990,552,178,315,343,705,444,611,663,505,87,61,432,182,1001,649,690,453,1019,426,163,452,720,696,179,453,465,159,808,681,382,453,763,914,1019,984,445,16,703,986,19,380,664,56
912,625,896,272,71,743,203,16,446,600,604,420,895,580,531,753,455,718,552,89,689,447,193,682,635,457,705,113,993,595,594,900,273,1,752,419,536,993,384,483,387,64,203,900,319,896,308,757,847,707,45,708,582,897,855,809,319,192,959,736,898,483,75,199,912,449,209,389,265,819,708,736,387,816,193,477,58,903,498,936,963,979,951,988,712,82,80,438,643,739,954,251,15,962,416,967,664,485,817,762,577,457,564,384,475,448,764,705,64,351,612,393,683,203,140,423,448,990,963,961,14,409,513,682,235,778,422,97,970,548,955,706,705,682,411,220,475,888,40,739,225,571,451,32,340,96,1019,961,518,448
778,444,558,12,773,800,756,7,223,512,211,190,786,273,361,79,215,214,153,269,307,775,75,301,18,813,35,884,25,842,773,5,620,581,266,781,452,469,527,986,10,340,451,815,215,892,1018,830,77,922,394,387,514,72,37,74,702,928,394,386,325,243,989,522,6,1018,26,23,817,27,389,5,429,21,69,245,151,50,206,138,10,330,783,138,27,398,540,977,206,844,495,635,69,816,335,230,160,586,443,771,5,566,717,1,245,133,241,846,23,367,436,37,362,29,457,869,442,436,207,79,10,786,778,815,520,588,874,523,27,462,381,12,5,586,21,105,95,789,807,923,109,130,236,461,44,830,385,247,460,642
442,866,496,504,581,282,708,889,233,371,321,283,895,1014,226,480,308,375,291,757,866,293,610,496,520,604,490,910,496,289,589,766,648,376,813,1014,244,274,241,756,880,1009,441,194,961,799,185,739,183,687,880,249,114,240,468,485,311,667,329,547,744,98,488,364,472,833,809,162,753,160,740,242,665,16,653,991,138,181,228,577,190,293,311,592,417,231,1023,881,754,394,157,429,633,290,404,887,187,881,808,593,433,418,661,208,432,226,680,69,488,690,707,803,449,226,466,136,837,364,496,741,1014,881,611,109,333,895,312,8,802,112,876,290,299,285,678,801,417,240,1007,994,794,587,164,363,227,654,225,158,22,66
873,528,833,418,855,840,559,199,837,614,264,355,137,743,352,24,563,2,1017,328,198,225,537,922,162,32,283,348,355,953,778,193,41,231,969,614,687,826,89,226,798,875,332,847,530,247,608,893,193,914,659,507,353,712,639,327,613,352,114,851,570,199,704,707,65,369,584,30,341,665,370,518,833,169,9,64,631,894,629,359,369,960,216,133,512,627,5,69,7,638,624,216,840,890,280,455,34,727,576,355,239,296,99,845,71,530,223,458,451,562,121,547,41,45,3,866,329,35,382,879,471,121,915,624,273,614,555,358,863,327,321,359,321,935,545,245,223,58,839,168,322,391,618,274,402,82,576,546,353,358
386,520,900,944,645,509,721,662,235,201,907,428,1016,381,250,709,936,106,994,812,109,692,563,760,775,1003,235,499,212,219,667,290,303,164,698,120,235,98,572,595,424,492,115,917,507,501,731,482,973,13,927,274,31,424,895,392,758,754,915,127,443,219,107,675,491,488,484,548,116,93,707,34,386,115,755,891,989,296,495,296,562,389,20,386,392,451,1012,232,235,233,492,572,412,764,651,756,169,292,509,568,906,621,4,197,692,463,498,936,413,539,304,126,77,948,482,693,706,963,156,631,282,966,342,499,511,397,615,106,394,578,218,19,746,1003,681,112,351,425,621,412,676,970,900,754,941,430,412,425,116,447
962,571,163,290,576,1002,973,258,37,328,626,800,653,962,765,717,927,533,266,929,675,424,192,312,32,63,796,419,377,95,755,296,287,689,106,686,958,88,984,506,58,39,755,962,112,753,952,229,247,159,449,57,935,607,674,977,920,257,343,612,585,67,69,933,324,816,540,497,471,808,676,275,3,799,607,577,921,72,94,869,72,27,41,69,994,455,393,329,533,587,800,574,103,783,72,200,515,67,800,127,590,807,448,241,787,316,981,1008,39,520,58,322,39,935,979,7,522,597,284,715,653,794,451,515,719,449,977,923,416,871,282,778,467,910,593,769,926,1001,649,881,200,617,318,611,1009,389,873,616,104,462
954,857,291,701,493,548,318,61,509,922,925,216,17,339,27,359,333,552,284,121,784,853,222,782,666,793,408,926,142,709,528,794,282,949,784,722,797,782,909,571,528,318,469,677,333,722,171,122,367,208,962,957,826,914,991,909,219,861,285,1010,138,736,531,529,946,761,363,33,771,154,115,23,452,998,845,79,853,210,821,253,346,858,218,40,9,199,797,793,967,442,858,909,202,208,918,560,573,45,360,362,797,548,944,176,283,276,511,1008,466,66,84,485,861,827,519,91,293,341,532,914,333,983,709,605,34,861,253,209,544,275,875,735,339,45,757,17,957,564,493,338,967,177,926,474,854,885,337,290,149,922
548,482,705,109,317,255,476,531,386,255,122,735,947,563,751,309,121,114,339,762,613,366,314,236,899,572,257,540,6,21,941,293,482,508,235,39,378,608,942,556,532,575,944,944,692,480,186,118,715,421,303,757,82,515,622,728,658,950,426,316,1002,404,246,1002,122,967,85,714,992,348,752,755,436,1004,989,975,655,123,344,477,508,668,898,497,470,104,378,115,156,102,696,668,746,446,821,970,382,295,476,788,387,796,172,1021,669,68,540,127,262,977,502,363,415,237,624,61,422,95,267,348,64,381,381,325,815,66,125,639,227,319,100,988,381,220,365,607,11,111,945,989,234,235,253,540,129,251,762,7,243,1004
474,547,955,299,882,953,584,823,16,360,597,668,641,721,384,364,258,730,6,651,882,803,67,291,886,654,324,683,754,350,536,598,49,1,262,299,331,668,307,169,753,10,257,983,353,501,382,60,390,827,268,426,547,902,508,357,404,353,526,592,643,506,16,675,295,516,296,295,959,280,971,752,855,51,282,665,126,416,262,458,382,659,363,773,623,256,302,222,298,409,534,393,688,378,121,113,217,295,107,926,971,872,530,426,843,124,82,362,659,843,336,371,641,620,536,540,598,20,873,240,853,372,540,14,483,785,346,544,394,795,385,870,572,818,849,647,226,683,506,371,389,636,1,346,542,25,446,257,608,518
821,87,805,460,836,158,250,216,734,991,415,430,292,15,147,212,313,672,234,49,15,471,853,302,159,757,324,585,322,581,969,368,637,494,904,615,436,242,1017,12,271,510,444,735,234,752,876,751,636,853,835,149,213,501,793,175,509,723,789,634,789,255,661,975,885,303,509,327,452,148,510,208,203,752,815,725,486,972,228,216,205,481,482,311,799,14,894,223,358,505,778,228,811,709,595,766,860,606,116,494,174,968,811,252,141,803,670,255,324,527,989,268,525,327,739,236,886,292,673,760,372,341,368,821,454,819,305,246,425,254,187,632,515,881,614,217,846,1020,351,364,597,314,14,585,13,798,878,757,505,324
599,29,20,154,13,13,781,45,398,734,853,84,797,831,2,971,980,781,262,61,342,779,113,866,653,134,324,30,396,605,1,462,900,773,1005,1019,907,781,346,422,387,781,2,773,5,980,50,14,838,690,789,676,924,486,326,226,506,526,262,183,212,613,11,817,822,975,990,965,621,134,783,653,164,916,476,40,829,541,28,765,916,861,278,871,4,855,340,909,572,14,526,116,904,253,302,3,783,908,602,187,502,853,774,644,910,312,987,69,532,562,77,11,475,1,195,654,127,549,1009,66,795,252,654,773,3,473,526,819,403,14,781,110,980,927,278,846,116,1,818,60,4,29,46,531,113,843,236,708,646,14
28,918,412,918,948,449,685,498,534,145,761,968,446,152,689,689,462,148,612,737,151,905,682,291,506,710,513,407,1014,351,659,114,309,318,651,23,291,416,214,170,249,166,650,988,291,291,566,375,412,900,373,932,425,695,592,274,60,763,36,439,494,931,292,694,475,54,614,662,985,607,272,576,133,439,751,718,177,294,510,158,142,340,431,953,426,271,510,910,352,694,662,145,929,5,23,990,150,145,281,740,951,447,697,285,919,443,432,929,124,957,185,474,694,640,758,951,176,278,894,137,151,991,145,438,662,988,433,662,929,110,263,128,687,399,670,475,529,1015,160,176,952,54,181,731,680,469,255,988,1002,6
553,217,8,915,8,756,723,307,825,395,619,118,497,691,674,106,444,470,643,266,925,332,718,526,1018,1016,21,502,350,905,533,970,331,182,614,733,114,546,471,523,723,336,521,32,26,588,1018,500,371,613,532,267,297,840,522,403,561,322,818,970,201,628,611,267,709,524,959,8,349,2,648,260,277,442,42,536,500,224,12,694,499,766,147,315,584,119,990,83,18,455,90,76,993,949,325,562,26,248,413,613,394,523,546,524,392,312,952,344,331,460,93,504,655,638,906,316,827,419,637,1016,7,521,597,986,900,770,498,331,369,401,495,698,444,12,793,192,716,23,642,734,472,1012,27,345,315,310,88,371,602,387
788,1009,273,75,106,44,277,1003,544,39,444,167,620,191,83,79,534,511,252,317,103,95,780,1004,314,804,701,63,887,209,59,380,768,423,535,224,791,59,32,843,59,79,49,277,436,305,88,534,544,10,796,59,314,1015,335,561,562,613,970,970,827,57,561,572,791,327,59,255,167,304,791,608,97,117,146,443,323,127,52,608,44,780,304,444,74,951,944,1023,187,219,166,57,451,187,463,43,944,199,1018,199,313,982,80,381,372,716,960,49,104,299,97,309,566,89,544,448,588,113,444,1019,67,240,57,140,742,314,205,962,453,140,350,231,796,978,1002,636,347,445,318,291,831,791,768,569,280,995,890,256,791,576
14,501,53,132,685,288,788,218,69,580,186,835,453,537,986,935,973,47,748,18,59,1005,566,939,864,560,43,481,39,900,77,669,43,620,1008,783,90,956,673,813,662,974,956,937,94,53,93,907,445,313,277,872,418,635,262,253,965,61,91,272,187,767,858,59,299,893,633,946,423,315,1018,66,574,798,553,962,908,101,385,893,370,460,154,277,765,964,410,974,759,60,428,432,934,85,770,106,622,789,110,591,987,303,360,662,502,469,247,763,612,859,659,817,918,258,273,285,344,923,736,861,208,348,119,341,277,796,539,60,445,833,577,91,631,932,438,789,830,85,861,998,598,942,637,664,96,92,964,1013,748,612
557,610,549,848,344,429,42,197,742,946,973,902,557,299,386,969,330,658,694,571,600,900,10,953,79,909,506,375,506,1009,296,535,877,73,592,629,740,425,904,314,717,131,985,921,450,985,83,473,623,330,984,265,731,932,110,452,60,66,906,905,458,742,977,1013,755,848,455,912,877,904,302,974,544,97,770,676,606,450,73,93,9,180,986,554,592,264,610,66,99,682,568,93,73,507,267,839,473,270,579,947,773,835,553,490,571,843,761,537,616,743,393,771,980,290,955,761,330,761,569,714,185,936,672,579,276,105,589,750,904,126,971,74,278,873,882,99,9,113,909,450,49,594,82,584,930,1019,522,985,104,311
162,745,1017,683,866,402,898,131,740,802,434,530,436,570,283,651,745,668,905,905,603,211,442,546,818,921,883,621,261,251,911,432,868,867,303,466,131,438,883,542,12,198,804,771,776,824,899,274,548,151,848,88,637,1003,384,210,158,754,317,876,757,438,159,554,784,114,782,61,208,190,659,516,336,156,636,187,210,247,331,520,683,953,416,464,545,920,745,210,55,447,468,572,899,265,139,277,171,43,847,1011,947,297,786,209,154,153,484,939,745,251,764,336,148,348,593,146,764,217,328,544,371,579,740,156,842,538,401,168,478,872,392,416,665,1021,867,759,774,155,159,253,624,436,947,111,536,396,739,553,726,937
188,976,243,228,151,713,916,1012,91,258,73,35,311,923,859,512,308,216,38,779,136,904,283,889,180,964,409,65,588,525,859,472,903,494,851,985,163,117,1011,521,488,69,51,377,993,484,964,771,195,374,396,494,392,204,756,456,66,992,163,450,349,970,328,82,70,984,122,719,114,603,706,715,349,1007,385,723,662,452,392,91,565,1002,196,392,275,713,144,266,617,707,139,392,521,130,135,278,659,680,384,532,891,73,731,636,716,126,594,937,73,687,510,520,450,189,654,778,204,704,521,371,488,75,713,494,924,519,976,583,928,731,91,939,67,603,742,38,168,777,1001,496,731,1003,313,440,995,1007,651,724,458,482
915,12,405,94,488,452,487,718,663,332,553,382,901,685,415,670,647,374,422,461,496,972,819,728,919,736,585,715,28,423,183,972,406,456,337,701,818,886,961,590,322,601,615,609,391,167,407,64,416,326,947,901,409,110,664,998,907,409,180,454,597,405,609,462,103,766,109,1017,398,977,408,386,401,900,499,531,388,388,361,897,901,402,21,422,461,456,689,6,39,888,500,914,409,648,1019,543,856,6,132,650,734,921,436,402,703,343,593,640,132,660,23,622,694,183,919,528,4,497,598,86,576,408,499,896,72,593,439,662,24,683,388,700,691,390,320,292,694,844,407,400,21,406,601,564,501,408,916,791,23,726
103,987,384,340,821,849,396,638,805,757,791,1004,736,767,116,190,747,208,220,93,308,59,836,413,274,388,1010,880,384,0,115,18,388,321,638,642,872,571,359,220,58,635,969,91,1015,901,747,939,977,638,561,297,51,996,635,107,255,907,973,412,881,603,765,696,5,328,256,334,406,890,991,373,863,622,981,527,788,94,892,541,437,39,341,856,666,910,373,282,120,987,863,684,792,645,504,0,492,55,986,816,1020,984,92,464,203,495,333,439,89,679,645,422,925,92,558,792,939,878,789,829,765,91,605,204,828,895,351,95,955,678,898,560,21,593,607,348,690,82,538,116,53,1016,412,53,659,120,987,967,968,86
134,879,795,169,895,770,890,1009,777,57,222,134,667,79,51,236,376,377,1004,72,701,358,710,264,169,770,90,793,887,489,41,707,430,392,795,668,765,800,712,83,1018,70,131,1021,793,171,712,266,120,88,859,128,645,589,963,253,819,267,267,289,696,601,730,817,194,298,90,72,698,635,365,893,793,890,1000,136,861,8,72,792,1013,132,80,639,312,195,198,132,84,1002,809,105,383,72,858,734,310,868,858,67,770,376,139,110,874,1006,306,834,514,974,701,642,473,347,597,756,863,107,700,284,299,990,793,793,889,285,885,893,217,332,723,345,91,133,146,768,874,786,212,789,189,345,761,708,61,347,795,698,366,239
349,721,721,977,483,166,384,341,966,125,665,469,26,316,465,561,330,469,699,13,817,479,464,209,641,348,140,227,686,106,886,830,986,646,685,704,206,497,243,968,794,886,809,685,206,686,800,78,47,815,804,827,1023,209,703,678,636,910,164,1017,107,342,106,353,198,28,716,681,897,422,809,151,111,897,804,566,204,456,864,225,465,379,155,449,745,203,363,517,827,1003,462,654,751,817,355,464,968,709,327,304,2,91,592,330,732,681,334,736,662,491,321,439,492,352,170,403,417,449,969,973,308,834,11,817,157,367,817,826,704,781,411,923,640,686,406,945,799,697,11,371,993,689,331,904,152,661,986,95,254,422
98,49,804,562,436,153,746,990,598,744,295,289,7,463,183,584,585,224,423,116,52,814,676,558,471,353,700,219,902,937,672,441,288,746,872,617,110,649,782,263,99,388,292,673,929,445,913,96,305,223,423,478,801,305,51,452,265,670,138,41,699,647,621,401,700,774,704,716,331,175,349,537,52,695,1014,936,358,708,47,577,106,169,918,644,728,876,827,232,934,50,257,425,238,829,33,297,62,484,431,137,825,41,167,307,906,736,295,550,110,806,287,804,617,747,566,678,465,353,802,700,880,806,151,887,678,339,994,238,660,871,260,792,182,907,553,678,410,687,296,903,990,560,807,795,316,436,762,295,872,526
412,230,454,915,1005,50,292,581,594,1004,424,757,90,378,953,453,197,741,773,631,734,425,995,1012,434,420,739,653,753,301,645,381,500,508,359,197,484,438,616,751,555,867,755,34,506,383,226,101,973,677,317,198,722,114,621,355,360,18,915,250,325,935,506,247,952,391,228,476,493,367,677,661,241,855,55,96,254,663,756,605,650,92,230,854,933,482,121,508,286,960,687,866,734,954,419,558,646,755,892,436,675,498,634,378,940,127,122,901,941,653,237,388,252,229,418,735,117,525,719,387,34,896,405,720,35,502,1001,426,751,649,613,1005,758,244,1011,498,334,8,980,905,321,208,645,734,172,918,962,62,577,627
743,789,449,741,412,49,242,944,722,85,853,729,92,91,27,648,734,132,944,760,782,803,51,809,155,597,435,51,197,27,706,583,435,470,78,916,675,27,130,55,117,142,910,782,744,5,992,439,15,778,187,515,784,898,235,640,97,853,676,51,151,624,35,792,882,59,128,386,228,882,732,916,886,746,17,846,899,624,27,933,632,341,383,400,640,312,768,256,670,284,891,646,524,647,142,168,1000,292,408,540,644,669,310,531,896,187,159,46,268,254,177,640,852,778,530,277,272,357,244,552,307,724,155,212,856,789,990,168,385,310,743,734,859,278,130,562,292,526,229,839,355,914,79,805,433,846,651,50,3,377
492,817,746,349,222,423,638,841,926,927,446,500,422,378,339,1004,438,572,508,329,948,509,549,506,538,402,47,623,62,444,639,901,359,773,510,402,934,596,1020,933,670,599,201,72,530,476,36,223,892,704,444,474,778,235,724,997,1006,398,614,700,399,807,543,1008,764,26,510,29,973,529,916,541,130,538,448,623,349,471,549,639,1007,993,493,411,298,178,587,751,32,764,452,61,762,1022,688,622,509,255,309,926,578,112,972,602,462,220,622,903,510,875,461,974,605,124,478,766,637,252,707,757,399,687,768,462,364,436,619,1023,423,729,764,972,536,252,406,353,291,550,124,461,494,775,790,1020,956,523,412,354,621,843
462,722,928,205,536,745,939,729,130,291,853,538,734,169,508,290,749,229,149,736,868,35,149,331,762,755,370,246,642,870,233,1000,363,741,334,960,129,708,257,818,814,123,744,237,185,485,930,358,992,16,629,376,899,502,131,306,974,654,254,489,337,543,766,165,904,363,796,724,686,700,866,740,987,233,293,539,251,686,402,610,712,342,877,746,680,173,356,495,934,354,845,99,894,649,737,786,673,206,777,424,325,341,328,993,95,271,990,873,481,186,826,225,254,372,968,888,169,814,930,558,233,942,694,894,605,233,371,174,929,795,311,1011,731,213,614,741,298,762,392,591,621,833,751,256,291,798,665,539,1014,942
141,351,209,943,462,885,511,490,229,538,691,575,389,466,709,964,467,89,192,721,381,708,483,403,178,330,734,137,719,643,824,839,760,992,843,752,389,109,238,517,451,713,774,694,205,571,847,943,30,670,411,752,229,750,72,421,885,326,589,736,516,712,717,456,328,358,264,30,866,195,455,805,199,232,324,729,326,813,548,502,321,711,676,643,322,838,452,703,721,888,458,766,801,464,380,713,920,722,361,721,808,1,943,741,313,715,114,19,649,715,149,124,962,659,369,509,674,712,328,466,706,717,725,356,722,64,732,693,685,434,732,794,680,506,714,815,930,206,835,707,744,722,788,397,715,694,700,665,841,228
479,8,520,543,988,968,596,870,635,191,84,520,15,316,774,41,371,589,311,300,427,445,606,844,76,31,587,431,267,780,358,27,620,415,75,687,601,596,102,303,391,76,457,13,505,252,76,319,110,526,587,189,600,508,601,156,265,297,636,1004,257,54,589,125,11,771,63,13,406,584,361,31,462,606,998,892,80,85,595,449,52,134,272,271,604,604,252,950,333,15,161,787,402,220,620,289,606,259,46,987,15,784,47,718,885,980,606,685,526,450,191,427,798,430,28,265,784,585,968,253,273,546,414,417,596,85,318,157,575,980,752,589,594,605,365,521,971,542,616,316,80,892,605,74,583,606,15,583,987,358
655,38,384,853,71,536,487,929,878,416,20,15,462,769,934,362,213,526,831,580,943,836,327,761,408,866,216,609,673,935,872,836,164,867,84,151,501,527,646,724,462,836,404,519,961,95,334,408,776,486,39,655,390,166,597,759,354,292,1017,612,611,772,836,995,318,711,231,580,996,316,308,462,725,263,288,936,527,536,573,15,71,424,537,415,480,340,609,824,552,385,37,705,645,711,797,874,383,228,23,23,327,490,551,59,682,646,803,869,227,312,960,190,661,462,496,209,86,486,496,760,460,160,711,802,803,840,582,325,452,651,836,579,287,630,573,287,975,590,390,484,893,327,945,80,916,436,418,743,388,636
89,971,442,970,156,843,285,698,977,301,351,656,792,507,762,412,686,908,1023,925,222,381,716,732,711,663,796,347,423,198,301,846,178,316,79,690,318,859,674,228,658,328,281,572,975,732,1009,190,317,726,661,466,277,981,706,666,663,991,151,983,439,253,477,496,464,318,420,242,991,212,637,675,326,679,701,25,494,29,636,700,725,483,419,412,1021,165,310,411,743,468,476,188,340,847,349,148,666,332,663,207,467,189,249,581,807,205,744,340,963,1021,543,725,1004,679,262,663,669,180,351,333,1009,61,381,143,707,466,707,965,301,183,178,121,643,853,842,668,143,189,415,537,983,17,665,473,732,337,189,743,765,706
135,815,16,67,237,830,835,589,489,876,140,142,769,833,195,777,577,259,601,647,112,891,293,30,777,98,387,841,993,227,608,787,554,312,839,71,15,450,504,320,833,71,576,785,767,513,531,771,777,905,613,582,174,751,831,432,843,833,392,470,797,299,989,450,399,576,895,462,323,833,883,69,155,807,803,269,833,599,685,577,879,321,833,314,945,977,2,35,291,802,582,697,989,3,826,286,166,577,607,139,826,50,999,243,879,442,769,775,264,325,282,769,81,210,126,768,794,993,272,635,755,865,387,769,118,807,768,159,773,793,67,835,774,267,833,800,165,838,272,643,96,607,833,240,195,698,410,118,625,139
591,397,47,280,54,432,316,38,663,280,343,693,737,901,644,829,475,880,29,951,492,826,88,569,568,857,815,431,117,84,745,695,827,596,17,878,173,251,213,464,312,684,886,261,808,714,853,310,38,187,191,757,599,835,343,658,95,65,844,901,76,310,810,421,817,308,848,602,592,739,308,897,167,254,104,340,240,38,624,895,129,176,173,126,360,264,841,731,885,44,199,229,377,36,70,174,486,86,494,94,656,149,136,847,80,436,210,543,592,254,880,889,856,70,567,278,368,258,240,777,576,758,316,529,831,725,728,586,570,469,30,599,595,814,109,885,16,248,239,914,135,151,241,589,827,563,73,209,458,814
850,471,276,136,106,999,468,133,958,989,752,244,851,497,468,899,858,430,654,825,604,725,220,226,963,919,464,755,687,458,663,880,238,915,811,640,722,975,597,594,468,915,912,860,320,744,396,753,848,1011,474,459,336,325,218,982,448,178,240,991,432,246,819,669,755,139,659,722,394,661,808,228,780,672,648,410,584,681,376,364,594,134,70,749,530,440,505,210,444,825,947,651,435,1013,651,32,837,675,876,266,807,691,320,604,979,762,432,701,649,656,765,248,757,274,426,663,979,437,814,577,915,579,466,823,368,207,402,744,34,517,393,411,202,64,526,448,732,753,238,371,705,727,272,160,405,247,791,717,915,969
852,967,414,682,35,162,691,162,517,611,165,765,186,734,452,887,1014,273,565,512,748,285,514,50,789,178,379,819,898,706,156,29,891,661,532,262,726,936,284,901,733,214,54,274,389,650,767,227,285,674,902,258,253,167,710,405,274,788,152,426,292,114,374,644,693,849,135,146,136,348,154,21,268,570,38,661,758,348,166,982,78,546,262,539,666,539,279,508,500,788,355,387,274,774,411,700,499,74,641,860,660,798,357,427,276,258,887,981,701,165,177,789,445,142,850,884,961,863,264,318,412,277,861,515,844,200,741,867,647,154,279,362,273,476,269,735,261,536,946,732,259,838,648,354,724,53,265,729,643,722
729,251,1000,992,992,410,936,250,286,921,39,984,906,600,413,144,986,215,856,920,880,952,538,345,340,920,11,593,424,898,698,538,913,86,970,977,672,568,600,345,107,495,2,445,23,1021,75,715,11,122,344,149,195,664,922,577,921,948,209,992,992,527,437,552,898,227,48,217,924,921,199,57,216,985,603,602,536,986,395,920,970,220,71,365,539,603,952,835,879,604,223,24,921,977,976,730,208,760,781,720,924,954,219,727,606,553,864,921,127,742,601,424,602,440,977,348,774,921,399,888,323,222,921,153,410,842,218,423,906,11,203,304,653,912,509,920,408,57,901,235,11,478,934,401,958,227,411,942,970,388
199,736,1001,992,540,126,102,676,422,405,672,167,362,120,353,225,672,688,418,40,189,1,745,255,444,725,14,427,1016,383,420,503,622,199,238,168,367,1006,1006,160,998,525,878,70,224,984,668,98,686,926,49,411,951,193,331,63,907,862,229,49,490,47,235,109,1006,23,303,740,948,976,47,510,863,231,626,58,310,963,417,640,638,377,871,175,126,992,676,871,213,475,153,895,750,54,1015,992,1017,326,923,313,710,96,310,1006,500,999,734,86,1015,448,79,519,710,924,732,208,899,995,316,992,1002,313,710,992,12,782,342,558,38,406,152,29,181,1014,774,231,101,1020,441,608,102,247,839,968,419,612,1006,976,97,484
589,614,77,391,525,778,818,637,366,77,831,992,688,838,36,291,1015,893,110,752,327,613,6,993,590,109,551,39,959,29,758,835,359,544,975,875,23,141,910,781,1007,582,780,581,24,634,785,594,716,9,512,619,614,844,11,109,902,517,633,771,318,622,874,512,54,1012,922,584,240,54,223,47,14,29,879,660,697,359,997,356,373,481,886,66,684,612,1000,57,934,941,461,998,427,232,615,866,985,686,807,911,408,15,265,582,746,810,485,6,612,373,94,251,1018,279,534,24,454,914,309,588,527,497,15,359,869,314,981,878,614,926,364,298,178,126,373,687,570,41,681,341,875,1000,488,13,877,746,506,348,557,511
977,942,267,280,617,875,172,651,433,947,956,101,184,676,753,727,132,161,675,362,91,467,1008,367,600,452,62,963,560,643,946,952,283,305,853,315,184,683,72,276,459,331,27,156,305,296,782,547,276,970,756,1006,296,923,62,297,568,347,167,777,256,721,144,560,316,643,272,591,731,839,1022,185,592,757,271,696,707,72,655,304,619,16,852,985,513,664,657,416,616,19,560,404,640,309,85,304,660,137,309,498,753,568,902,278,417,527,993,756,696,513,49,703,970,312,579,408,1022,111,597,83,987,975,168,475,874,676,564,675,123,251,96,376,180,865,552,827,362,909,330,413,483,261,1022,911,366,78,531,176,638,683
680,320,137,137,184,600,651,69,1023,564,478,168,792,204,184,268,41,482,490,293,49,513,129,641,42,763,132,750,232,238,649,649,762,963,699,83,73,737,946,816,1007,129,683,100,1012,502,107,672,691,651,139,398,90,702,362,80,673,632,713,506,558,108,498,257,814,169,611,242,713,672,998,704,233,506,24,798,929,344,187,799,739,663,534,555,523,128,649,480,969,627,640,260,482,336,279,713,1016,208,402,328,206,762,196,459,995,120,363,833,441,200,762,83,42,1014,844,737,208,176,713,1000,955,762,585,138,244,1016,170,184,696,1012,931,468,893,948,998,171,866,16,673,138,761,871,232,1010,773,254,204,463,488,762
226,777,803,164,420,903,500,360,446,168,467,611,330,249,811,227,195,453,980,646,504,419,94,581,744,879,888,994,419,463,207,1012,691,248,207,982,812,277,449,304,690,676,930,364,494,1022,563,676,755,662,715,728,164,153,167,51,469,789,221,289,215,236,387,481,147,812,511,728,396,905,705,467,699,803,869,720,264,92,698,934,940,308,452,573,702,978,487,682,934,1012,469,872,753,921,707,797,940,757,222,101,232,100,232,690,683,812,942,25,100,862,356,434,202,761,487,1000,355,926,821,236,794,691,206,259,537,688,52,678,52,692,958,155,36,876,207,614,164,243,67,503,622,684,207,236,877,364,245,773,185,769
736,488,859,881,121,827,401,609,662,314,144,680,643,147,151,504,99,396,1021,271,219,323,675,56,1019,18,168,675,318,48,399,232,1023,499,432,184,232,306,168,723,122,147,424,746,123,665,599,729,68,360,859,274,793,705,280,278,343,552,488,507,599,890,649,476,304,827,607,779,585,603,625,227,549,869,89,480,190,574,834,14,1003,763,264,793,141,99,441,953,87,346,40,160,296,165,915,743,208,727,1008,652,314,704,184,555,734,697,257,419,872,246,830,821,688,869,591,907,675,881,611,582,961,302,147,218,435,5,877,627,867,418,246,360,625,996,120,58,496,814,823,992,400,836,507,936,841,739,958,834,521,56
686,54,910,912,851,908,96,278,530,985,963,483,530,298,521,962,58,641,129,482,57,833,5,34,390,709,682,417,642,978,1008,665,438,675,483,898,993,897,680,1,301,736,267,104,967,437,337,984,894,211,662,354,319,64,121,961,463,984,652,421,116,60,203,271,209,129,453,354,769,258,429,1001,961,766,818,911,311,486,930,98,509,431,77,632,153,536,17,642,680,960,914,673,409,657,445,1021,197,574,662,409,389,491,534,641,70,933,263,263,956,990,665,131,473,433,536,784,413,505,496,304,133,680,129,480,97,131,323,1,926,72,386,129,609,308,659,920,984,634,941,19,319,783,803,87,365,104,918,921,675,499
926,531,1019,219,478,1009,543,691,605,689,832,32,926,588,124,475,218,790,191,1008,708,1013,975,654,425,738,180,857,868,970,518,910,731,191,187,990,776,162,976,31,108,356,977,771,222,892,252,732,451,991,761,72,634,1018,1020,929,159,839,549,704,932,459,234,764,824,585,510,548,464,911,594,182,473,519,275,490,225,870,962,745,415,1016,688,494,475,475,598,991,784,420,786,853,286,560,820,479,729,841,834,154,787,449,576,670,549,893,623,222,2,253,751,765,490,990,692,244,198,884,97,729,602,246,704,1017,451,222,998,910,733,894,211,208,177,981,997,665,302,723,83,143,661,945,473,1021,548,699,297,974,593,20
294,749,233,327,736,419,965,313,96,369,739,210,807,483,233,192,31,402,481,337,192,223,224,175,607,793,226,226,217,168,224,133,839,327,354,492,295,722,865,851,942,546,742,786,31,952,950,191,977,185,835,907,577,704,610,754,247,239,785,219,832,640,871,352,368,66,105,80,753,357,247,753,993,737,19,960,903,890,525,336,582,491,713,137,513,607,295,626,258,371,969,893,847,1010,102,798,280,978,786,492,218,354,731,867,12,984,82,669,741,481,206,35,759,185,536,773,286,681,230,512,607,242,963,554,645,243,769,711,809,785,978,981,193,987,177,102,322,794,833,352,883,492,978,371,481,383,636,767,237,3
330,959,670,1023,746,740,943,138,421,429,476,201,829,957,992,223,154,579,130,944,883,221,441,450,491,1021,270,800,706,956,250,596,592,440,815,439,542,437,317,133,873,834,538,500,746,757,680,58,792,370,157,1003,197,1013,179,597,889,835,113,165,168,210,450,491,39,800,931,643,235,895,816,874,577,557,816,803,862,201,253,473,313,616,865,234,992,766,241,755,956,620,942,33,547,893,235,827,682,431,569,187,640,484,57,56,660,221,171,1011,183,472,163,133,811,372,834,645,191,698,878,117,823,900,226,419,619,873,447,127,300,816,394,883,570,435,682,188,1017,619,436,226,139,197,883,127,136,252,928,958,706,204
321,706,340,985,79,723,328,787,912,334,102,664,877,34,703,603,223,843,336,773,627,522,653,330,660,328,142,667,103,722,786,883,855,821,601,636,815,593,647,325,860,910,106,525,160,272,936,345,649,614,300,587,334,603,328,329,68,802,856,515,432,621,630,1013,592,358,498,27,750,114,351,137,66,351,933,218,402,218,593,344,776,621,352,937,356,515,286,771,331,521,608,611,328,643,1015,323,648,352,274,202,252,661,789,56,349,5,94,629,735,280,385,218,25,344,349,298,645,863,416,587,321,112,651,910,783,853,373,603,729,258,90,218,638,717,928,298,721,332,601,304,721,306,207,585,298,739,197,282,473,78
819,601,865,596,36,621,530,881,1001,442,531,495,827,441,88,400,492,720,35,15,827,127,824,886,104,571,339,70,783,63,827,63,296,475,680,274,531,792,274,609,40,532,306,680,321,723,627,995,515,808,288,570,647,381,264,539,376,6,35,518,378,923,538,752,36,274,749,86,56,731,359,676,56,201,973,34,740,697,563,44,340,48,562,865,895,96,251,675,919,920,274,470,571,819,867,56,565,548,282,594,223,8,375,199,113,200,103,533,299,16,56,627,935,297,344,544,63,51,789,915,495,819,282,570,36,835,325,875,888,340,48,470,52,864,562,611,890,523,696,316,947,200,762,351,262,888,807,943,132,320
355,224,805,719,887,776,313,878,206,129,994,840,384,837,867,120,290,177,386,129,696,811,313,89,721,73,869,258,706,251,690,879,800,1010,720,55,798,741,995,185,711,769,96,73,300,313,129,270,68,129,794,798,711,914,775,355,69,761,158,456,910,840,393,208,73,936,18,170,160,368,362,578,690,185,668,1010,730,215,399,290,730,288,450,352,781,321,273,73,73,166,742,814,837,610,362,810,896,965,184,218,146,752,289,799,192,926,485,740,787,775,227,101,101,387,776,746,798,749,282,386,393,901,483,904,135,233,335,313,799,831,740,608,997,223,326,73,184,9,191,101,127,814,880,184,497,1010,293,1010,672,135
358,660,184,192,387,111,18,280,351,607,472,501,484,984,859,628,84,644,579,103,128,601,791,513,192,500,617,231,263,681,919,828,484,847,547,1002,168,170,736,948,938,983,483,132,291,772,235,343,210,284,928,151,959,227,799,199,804,128,199,618,391,569,737,847,202,202,175,775,751,548,37,609,536,505,591,570,596,305,95,532,697,203,100,147,749,548,888,156,961,384,750,912,702,181,347,591,859,87,820,476,847,919,703,100,75,607,948,458,783,259,636,596,839,352,689,94,1014,207,419,0,695,364,937,132,180,78,441,244,244,911,545,102,870,952,889,483,526,361,352,356,614,455,394,596,944,436,360,200,71,623
821,316,620,364,557,201,331,56,311,480,588,685,819,615,828,834,693,874,661,395,913,456,643,889,730,610,772,955,292,345,100,546,632,972,954,875,576,814,194,735,240,809,320,586,608,952,842,498,226,851,628,130,586,418,435,808,135,661,546,441,6,331,947,680,700,154,459,67,363,314,777,786,451,642,850,266,946,204,691,228,808,210,596,194,28,251,873,815,467,407,841,787,714,596,335,764,180,447,860,331,524,808,235,532,541,521,520,820,496,374,432,515,1002,860,838,336,278,306,524,116,630,840,327,850,719,907,411,332,844,618,642,427,860,869,592,122,461,498,807,258,947,708,557,720,502,163,587,723,331,501
905,750,573,707,517,855,586,840,254,838,862,531,882,580,330,86,831,829,818,607,465,312,351,1019,720,474,214,550,228,952,529,856,846,851,888,242,824,744,724,377,846,570,806,805,880,479,398,448,862,216,837,78,491,872,791,1009,635,326,231,247,80,718,638,503,534,828,377,272,416,221,842,663,664,689,872,416,247,216,894,862,214,830,532,391,408,886,569,828,525,806,230,30,824,54,248,247,401,598,858,412,526,829,222,872,749,156,760,702,568,825,724,680,893,724,894,894,821,78,946,655,894,216,846,635,57,878,799,326,790,542,282,606,93,997,895,351,606,835,584,524,387,829,59,761,223,248,1021,1015,86,519
529,432,243,548,773,920,978,1011,911,953,980,484,800,473,1002,180,614,861,385,635,20,9,399,386,903,796,100,959,717,827,736,357,116,627,1,468,398,336,399,498,534,627,869,976,831,100,14,584,82,953,198,978,484,164,980,211,35,724,783,776,931,125,478,115,582,598,549,66,809,568,356,563,998,356,788,772,221,383,807,201,116,1,100,497,974,448,387,582,418,567,396,711,1009,387,395,689,210,919,551,148,593,223,710,337,510,661,187,137,466,131,380,146,196,195,455,396,606,497,976,738,596,765,576,338,427,243,36,553,386,435,799,723,994,514,171,229,248,167,146,617,100,148,1008,823,963,942,609,849,454,630
47,775,975,108,413,478,478,775,418,668,364,769,506,863,604,352,340,242,482,991,896,236,781,988,602,430,698,483,660,543,349,411,388,322,264,508,81,815,786,589,155,112,47,430,301,670,803,135,482,133,389,635,215,107,31,396,638,261,276,855,761,679,133,972,428,341,386,218,385,644,159,403,159,30,418,491,299,479,665,862,143,469,193,187,868,478,952,510,857,892,916,668,59,405,197,922,213,702,644,283,680,991,519,666,468,350,677,899,652,107,780,286,660,773,702,213,389,852,31,856,265,222,933,772,556,607,724,643,790,530,867,988,150,691,434,1002,997,857,366,415,756,255,516,644,395,519,713,308,653,754
493,334,495,448,149,526,799,9,49,260,479,860,746,336,774,827,590,777,492,509,236,273,345,639,352,292,7,799,469,755,808,846,937,727,383,141,569,482,799,694,791,446,327,849,240,616,491,902,516,7,682,673,860,343,422,1007,662,688,159,287,728,367,689,53,184,273,54,926,606,273,28,563,720,301,82,177,665,788,535,148,750,855,670,92,805,899,653,844,135,665,16,182,650,694,434,958,134,786,957,680,678,842,551,41,842,25,727,924,690,128,659,1020,882,852,407,924,230,304,670,682,950,593,726,515,779,629,86,415,543,236,308,512,822,642,219,817,185,735,799,382,797,157,17,839,927,477,418,112,240,346
413,20,401,1013,9,422,667,518,477,483,473,756,26,481,411,685,402,754,541,495,906,667,433,920,190,227,410,471,485,394,930,83,471,29,669,413,363,409,475,776,992,893,423,582,636,255,669,980,474,482,941,499,413,26,937,149,838,429,268,690,414,215,10,272,690,582,464,18,522,393,397,43,98,655,188,322,669,655,21,633,227,179,417,632,91,938,576,397,481,1013,684,187,692,502,686,722,688,451,151,727,762,413,153,465,515,738,288,701,118,404,298,109,656,286,777,66,686,342,541,829,746,902,425,667,10,405,422,477,678,651,158,924,767,698,927,676,860,123,613,557,10,245,622,33,282,173,257,940,401,541
987,823,363,818,22,212,918,147,682,295,278,727,819,150,1020,115,285,31,983,151,459,387,10,663,532,331,844,724,724,782,359,851,722,385,725,142,84,484,702,709,890,824,820,830,245,243,4,202,180,122,196,115,855,309,546,986,114,347,884,892,818,1004,653,685,280,790,695,850,115,439,356,18,213,561,692,502,351,279,723,229,779,965,535,230,884,660,965,152,337,191,993,883,295,991,633,527,140,368,396,991,373,844,788,349,186,165,365,268,246,900,373,186,692,380,730,148,701,877,255,629,990,939,538,366,373,910,873,851,309,617,326,484,554,182,1020,689,68,807,692,167,678,102,773,604,688,659,851,660,821,676
205,972,718,959,847,918,991,718,207,880,976,282,978,982,128,959,924,440,671,495,609,817,442,708,348,17,719,596,799,140,506,207,672,839,1015,761,142,721,988,319,1000,476,266,1,1016,767,165,407,774,142,733,106,712,387,861,735,301,234,511,947,322,476,846,495,166,141,671,503,196,594,775,145,223,471,959,335,225,994,974,427,291,718,988,959,495,668,222,280,725,391,717,316,527,397,47,404,473,412,73,220,1000,818,431,188,223,911,725,269,655,306,719,861,334,391,15,990,838,650,443,703,285,301,959,297,90,959,38,686,261,727,836,232,292,314,654,831,750,722,236,98,136,142,721,697,188,399,712,279,703,751
925,864,335,702,609,990,60,858,929,712,434,955,580,722,186,183,380,681,230,336,939,378,878,846,560,161,330,784,529,690,182,606,755,557,550,934,183,308,823,441,698,164,571,939,625,69,558,934,7,825,759,495,825,431,836,652,847,556,1023,427,457,107,332,517,952,234,958,38,956,875,712,909,662,365,455,861,879,958,44,444,556,839,29,731,820,733,42,742,500,63,541,107,700,365,44,557,183,823,941,176,372,998,37,891,86,220,380,348,310,423,487,669,927,82,153,72,912,553,955,477,774,268,854,667,427,686,669,526,702,177,327,484,559,537,957,558,58,686,123,957,927,295,468,412,133,175,959,305,654,570
507,291,547,614,541,953,603,319,884,571,355,611,203,296,391,538,410,419,596,602,423,608,465,618,532,124,100,581,938,688,815,299,802,512,770,267,1010,299,503,151,523,808,270,898,569,79,105,30,772,812,957,530,149,619,772,284,804,772,386,523,456,45,18,541,931,507,66,290,819,677,825,317,804,550,575,517,515,151,227,791,948,911,637,635,524,579,70,92,556,422,450,956,305,634,309,553,768,808,42,596,82,543,965,861,547,965,557,104,67,538,22,520,529,774,165,307,389,402,484,259,901,360,739,825,785,905,269,538,570,805,137,275,66,755,557,66,577,28,298,425,233,482,12,444,961,535,621,661,937,796
492,111,545,217,539,284,312,590,494,313,894,576,254,872,867,202,301,482,381,863,169,45,604,216,668,359,138,447,673,855,894,117,284,127,398,60,830,301,455,685,194,637,383,332,806,236,878,140,894,726,270,211,360,556,359,158,484,553,545,417,731,125,334,221,872,350,342,243,687,881,588,109,294,441,879,566,68,840,667,273,117,946,444,101,553,319,39,108,310,1003,355,556,551,170,812,88,525,553,271,739,788,368,588,403,841,353,811,941,601,23,815,440,13,377,592,271,323,497,295,294,351,263,63,573,728,632,275,470,62,496,812,334,355,318,739,39,71,759,422,166,365,557,302,542,497,318,548,270,888,306
501,219,605,579,218,620,474,253,620,499,604,509,884,356,362,1004,588,528,477,563,594,192,296,671,675,347,947,1016,282,564,611,318,499,716,504,469,322,637,315,516,118,586,288,635,499,233,819,601,526,507,953,91,113,59,112,381,795,496,762,634,311,546,79,499,487,551,754,546,309,117,590,923,1020,596,693,145,589,491,583,544,893,595,994,636,443,85,308,775,59,748,507,444,620,217,10,639,481,494,555,865,744,415,369,300,932,843,464,378,410,364,877,507,891,611,878,341,300,638,955,485,848,858,860,1020,496,730,591,571,302,83,660,853,893,675,227,236,564,489,186,623,574,318,249,489,405,211,334,565,1,356
242,868,853,284,1010,884,580,630,994,507,804,795,228,990,644,450,979,383,342,472,501,511,1021,580,966,214,183,252,1021,646,846,325,506,148,625,227,150,973,68,198,3,868,849,345,293,419,805,846,538,468,887,795,128,184,756,452,773,625,167,758,618,483,292,100,66,580,499,374,279,96,818,294,513,758,428,260,810,466,660,396,490,212,748,154,1010,292,198,812,229,660,2,631,627,746,895,532,838,269,23,196,140,690,983,219,989,368,308,229,966,68,471,137,544,447,43,704,118,688,875,8,692,114,451,724,580,766,131,179,1004,640,796,100,694,661,184,792,704,56,991,692,876,935,191,574,780,727,427,84,511,153
968,983,366,424,906,31,156,607,950,942,628,877,607,846,966,871,617,215,1004,47,744,464,528,1000,700,218,852,468,472,983,1008,901,37,578,618,6,463,72,984,215,924,977,444,144,189,724,556,39,919,889,665,25,218,42,696,302,106,597,469,543,1022,252,908,974,951,974,578,254,557,700,104,738,138,91,718,968,150,582,628,103,645,454,682,76,32,506,984,815,605,391,1007,917,689,215,926,71,249,981,1005,172,966,241,652,119,239,413,968,69,765,74,260,735,732,430,418,200,475,209,726,990,185,934,596,966,855,331,126,966,154,315,154,242,977,495,37,988,349,689,188,688,233,477,966,471,602,959,85,87,447,989
715,580,387,59,361,605,889,331,337,669,658,707,845,758,398,38,102,348,965,869,255,253,40,640,332,271,555,519,547,282,516,194,92,750,378,753,17,350,588,329,732,356,625,15,444,752,747,353,70,96,259,902,344,801,286,571,522,258,772,106,278,438,764,521,852,849,12,226,513,977,972,314,310,302,182,325,561,399,314,462,165,74,557,203,192,18,331,346,45,193,405,845,82,806,902,574,71,955,963,412,513,700,790,843,727,412,194,849,737,857,777,857,517,426,30,518,547,611,1,56,849,766,477,65,212,330,284,846,332,843,524,266,393,518,572,299,522,87,573,6,228,59,387,93,522,331,839,266,81,620
285,903,519,331,332,201,330,628,249,682,735,170,174,525,1011,999,753,737,318,249,745,362,555,377,318,271,746,249,677,694,798,362,222,327,408,1014,537,688,631,209,336,31,718,305,264,810,177,768,566,177,800,247,186,999,43,190,616,121,650,881,161,234,851,305,1008,96,854,152,682,475,718,75,495,514,323,840,672,642,10,111,542,874,200,821,699,778,253,808,784,208,27,327,864,888,168,1000,208,336,186,746,378,685,244,1009,838,229,921,1014,378,346,913,298,321,761,252,109,1019,211,152,218,768,880,680,99,305,177,183,818,881,177,203,285,507,983,337,839,184,472,266,51,912,683,1002,291,846,2,357,38,248,250
542,956,224,471,672,739,250,187,90,110,968,764,185,102,1001,35,769,110,493,508,572,673,700,671,175,865,267,846,870,359,380,54,33,38,374,99,795,126,361,788,854,732,783,406,994,95,528,364,353,188,991,893,569,868,111,772,444,964,356,122,152,53,106,993,79,239,252,1021,377,382,684,611,1008,977,775,664,356,111,107,886,457,55,606,892,12,577,151,1,357,36,486,61,64,889,512,448,366,127,997,856,757,753,957,279,143,111,993,924,957,355,266,235,54,114,848,490,872,569,380,36,375,555,103,105,114,545,237,377,169,937,187,682,15,352,634,972,554,870,239,660,665,744,684,51,1020,771,878,457,980,77
381,781,829,1016,973,120,1000,857,52,11,50,120,552,617,379,895,954,122,110,344,13,2,973,91,454,895,474,970,106,150,466,367,411,50,83,863,472,455,91,309,623,224,816,520,354,622,434,1001,967,856,112,58,339,979,459,477,959,973,63,111,89,382,120,611,998,968,162,954,72,88,950,75,472,665,633,82,406,81,370,856,869,218,218,952,118,643,677,255,54,703,829,479,91,100,868,1014,275,28,883,536,309,124,917,90,328,969,443,301,82,106,856,111,643,327,71,871,833,972,105,154,282,479,1016,427,938,945,504,408,989,618,474,433,370,746,263,530,533,1017,565,120,757,472,999,973,699,954,954,968,957,954
535,559,985,605,446,718,339,727,638,943,973,798,552,411,334,513,845,150,534,300,522,509,496,789,494,611,84,494,984,991,854,940,694,39,136,71,782,330,111,205,500,1000,586,462,618,527,144,1004,732,26,988,995,779,1002,406,973,11,617,444,940,462,397,362,973,586,551,487,381,269,487,41,545,586,584,593,999,88,936,653,586,999,481,269,636,21,760,126,346,8,787,521,291,617,230,1005,105,683,567,589,941,294,399,806,71,580,621,486,382,1001,366,760,871,399,111,822,45,758,486,986,131,683,995,918,714,906,1001,78,670,76,488,140,669,269,498,552,255,490,66,303,352,973,637,547,403,157,398,188,406,14,622
58,56,845,765,262,571,526,447,893,879,479,287,406,541,535,375,599,280,13,320,397,852,150,801,56,408,380,583,22,369,789,781,600,512,849,195,855,47,891,535,412,528,599,292,666,28,472,44,32,86,535,488,479,535,393,793,338,415,299,895,535,810,145,704,70,871,799,728,350,858,49,205,717,880,274,152,222,396,15,771,575,167,381,571,518,57,151,320,540,193,151,210,382,301,352,591,790,134,376,602,36,124,424,540,770,759,595,577,932,573,984,386,1015,602,63,653,270,281,60,576,599,386,920,974,604,257,815,776,729,268,606,422,63,256,378,532,28,919,518,973,476,796,540,877,569,542,343,486,56,387
965,809,970,404,603,688,381,500,845,785,531,221,613,925,645,972,48,900,647,663,677,317,923,200,475,572,134,317,85,268,775,934,574,214,775,775,384,69,752,559,951,504,13,517,222,22,318,120,42,564,3,770,999,769,972,91,730,1008,54,557,931,570,571,75,918,56,86,946,409,570,354,103,173,79,229,529,820,965,635,749,340,554,404,271,352,948,404,917,291,965,396,630,85,45,875,91,939,397,972,13,769,170,478,902,666,654,917,651,285,583,341,183,524,643,730,446,267,133,980,908,717,350,84,853,526,157,844,1012,504,110,925,706,496,213,87,572,117,586,581,805,429,387,923,52,612,385,118,327,128,986
688,439,338,663,730,622,220,214,275,22,316,273,628,656,535,219,392,718,315,348,348,560,657,814,943,812,675,351,279,184,850,264,382,791,955,468,439,647,90,388,1007,663,724,279,523,311,279,402,64,662,665,671,22,886,656,150,359,144,439,542,856,957,274,686,119,338,452,744,535,792,642,395,660,981,380,68,961,786,310,417,948,359,337,700,738,312,328,447,364,139,759,295,736,101,1012,403,792,597,382,622,217,688,311,897,796,827,396,711,430,150,219,792,287,336,27,668,780,662,653,469,639,942,440,969,710,244,649,268,630,214,956,211,311,31,530,369,309,330,442,447,342,364,927,630,777,653,415,219,345,953
113,312,195,225,427,776,420,321,753,263,815,463,227,897,766,170,739,165,871,962,690,330,324,257,747,105,579,51,215,259,176,289,761,703,809,63,174,16,676,904,171,552,674,752,811,684,161,163,34,359,736,676,209,708,744,482,674,708,865,549,345,130,801,315,163,291,710,578,273,463,33,467,295,529,418,643,823,664,106,74,26,291,346,803,848,968,700,616,35,1003,520,139,335,683,815,680,98,418,359,450,528,611,937,993,712,968,17,306,414,3,300,296,306,343,323,467,236,300,492,382,787,317,298,322,161,739,420,455,299,257,892,676,738,488,673,715,174,192,249,676,359,384,184,672,36,809,442,166,201,449
572,914,349,49,37,248,1020,526,463,953,149,397,382,125,249,1022,762,901,122,639,477,77,1016,229,439,190,120,1006,704,421,151,127,942,489,623,236,920,934,745,847,584,741,122,1015,702,402,760,617,949,253,119,714,990,997,966,153,552,416,429,933,459,542,101,676,824,439,293,467,956,405,893,740,469,725,760,631,1000,813,121,255,764,522,239,434,143,49,238,638,405,1022,35,934,327,918,674,546,699,405,680,918,930,519,53,205,714,413,30,574,829,213,495,901,665,416,805,983,390,238,756,592,546,701,768,90,142,115,421,526,39,574,565,343,253,669,754,640,654,229,501,949,1014,949,925,680,942,656,665,497,233,1016
279,337,81,481,70,73,931,979,862,530,881,594,681,367,959,577,359,784,844,680,144,592,225,627,832,118,67,941,1000,635,41,864,481,204,355,835,816,42,498,460,850,50,999,225,448,40,354,233,866,518,176,55,787,481,882,761,110,54,125,423,163,41,482,577,433,97,832,481,755,353,899,449,17,401,793,914,614,481,60,785,867,904,86,968,353,449,99,485,594,554,883,889,669,265,69,38,809,716,124,364,894,1001,769,67,353,42,882,353,808,540,126,608,510,1014,626,861,831,745,38,864,40,483,50,648,873,625,610,912,99,938,982,1011,800,836,881,481,864,835,626,846,282,904,371,320,881,122,50,799,368,81
239,158,709,225,487,658,351,163,90,47,344,877,773,753,278,435,940,957,311,149,254,660,690,265,95,56,913,231,929,58,117,276,662,208,223,255,145,407,63,321,998,306,452,552,663,702,861,239,962,145,928,117,593,157,143,268,993,860,217,982,984,904,388,404,383,1,938,654,273,245,54,926,318,464,530,17,878,616,277,20,339,343,91,918,600,807,301,839,383,936,337,1017,139,1013,853,132,648,529,605,698,665,1016,49,233,158,767,657,790,918,172,1016,87,937,404,152,990,84,346,953,829,1016,218,247,938,444,668,689,239,721,930,1023,584,117,322,373,197,125,138,239,973,976,327,662,258,543,465,937,142,187,147
939,250,1003,187,263,1018,764,571,427,359,771,395,171,464,636,714,167,294,329,188,717,144,809,865,967,762,981,184,897,830,1003,746,994,493,464,165,803,70,931,145,763,823,812,115,237,232,250,234,843,171,471,285,249,956,597,330,656,410,533,282,418,384,405,328,233,13,907,896,172,721,539,421,861,171,188,569,865,517,409,165,187,699,130,464,48,311,348,867,388,619,427,34,642,529,693,434,595,833,491,386,449,617,242,286,771,762,933,795,24,186,476,230,901,746,43,889,981,467,232,800,480,522,434,642,1000,769,931,621,589,423,206,19,771,210,697,989,849,633,794,1010,981,761,43,762,569,465,226,486,476,979
55,181,1023,353,472,696,723,467,619,663,42,991,206,790,175,15,381,756,407,242,577,981,474,445,139,953,235,957,929,148,504,659,671,221,440,693,688,952,107,44,249,154,632,237,120,668,831,924,469,948,405,703,911,446,418,1014,981,249,565,48,76,444,617,981,846,692,231,503,567,254,180,918,238,663,159,701,101,789,446,788,662,148,676,662,491,224,118,687,981,656,1014,514,813,820,544,647,434,983,145,807,981,692,410,244,951,382,773,974,170,49,831,253,440,278,336,949,695,125,661,994,697,805,957,254,253,1010,415,962,151,445,563,389,1021,270,106,676,690,950,159,189,386,671,983,238,696,750,239,583,418,666
531,389,92,987,945,754,783,584,600,902,966,557,10,859,167,655,634,619,539,323,150,404,267,282,400,933,622,555,944,409,305,668,499,907,139,807,410,580,722,664,152,625,50,586,167,555,134,787,422,323,678,986,167,977,309,981,6,925,992,209,529,172,285,855,53,950,619,28,952,796,619,968,17,639,481,17,796,919,523,433,907,955,28,387,421,602,992,823,784,507,807,69,105,526,82,529,983,276,987,784,870,944,791,842,131,21,928,958,607,276,260,150,619,650,364,255,912,600,176,467,305,44,990,599,402,145,8,816,4,982,789,241,601,423,300,110,913,944,104,437,697,718,255,912,598,35,76,171,817,533
557,495,232,814,224,69,709,798,638,745,373,379,30,259,301,676,698,898,918,900,738,686,598,916,483,443,18,507,108,203,163,740,173,1006,283,874,131,179,622,236,158,361,486,1023,181,990,944,707,656,750,145,653,910,172,222,14,131,379,354,958,179,540,187,482,332,731,750,196,914,810,938,795,356,746,640,974,509,224,1020,105,334,240,964,730,453,417,988,37,229,484,868,425,340,754,222,762,173,357,415,659,901,971,1014,820,187,228,500,322,986,315,229,511,462,749,43,467,147,349,897,163,229,760,172,173,990,937,236,804,651,291,155,224,682,481,461,686,682,222,237,188,764,495,722,1000,379,571,612,666,800,761
536,122,845,543,90,547,214,276,870,694,213,302,1023,1022,961,366,1023,4,1016,94,464,484,998,1,270,233,792,444,375,670,503,121,510,920,492,484,608,359,946,546,997,863,262,394,689,78,112,278,207,1001,469,595,352,560,69,102,473,998,270,468,94,412,508,921,667,565,920,920,498,984,920,1021,309,35,378,281,1022,846,903,862,505,695,120,561,641,997,326,486,565,453,694,122,470,665,1017,98,226,603,0,361,426,36,124,920,615,574,547,1001,565,402,689,318,539,576,264,698,996,98,105,917,898,106,317,365,846,459,897,606,795,634,49,790,363,206,12,287,759,173,420,573,563,255,433,792,450,597,943,394,926,985
147,987,945,172,170,555,225,190,810,697,807,1015,729,755,392,811,1002,913,496,29,536,138,231,170,929,332,1016,866,824,498,319,658,412,757,747,767,737,766,869,766,561,755,661,129,671,230,565,171,485,194,589,199,991,401,334,814,202,811,819,747,887,671,1009,942,450,370,693,677,206,193,571,747,985,234,977,563,140,307,805,754,254,983,190,820,184,220,811,568,492,562,456,976,194,97,169,630,267,661,183,158,942,811,888,160,679,756,452,810,287,446,225,764,190,1017,563,938,247,837,472,380,882,431,184,741,153,929,171,522,799,380,705,146,738,501,325,690,982,167,171,501,811,409,291,473,732,184,318,382,174,933
28,860,156,781,724,212,677,943,683,160,699,524,382,584,646,413,521,390,352,520,724,327,492,811,832,758,780,552,280,480,189,310,651,454,204,522,140,606,64,731,72,704,588,1004,391,336,571,454,363,204,294,871,378,336,593,84,896,969,513,188,332,132,538,709,913,323,991,89,808,1008,657,962,579,438,2,329,759,82,298,832,75,130,911,844,321,521,329,579,329,731,16,438,535,771,415,904,347,349,945,959,131,210,523,588,107,440,892,714,730,350,432,549,862,921,718,221,991,588,716,240,438,656,348,564,198,712,92,376,817,382,468,1022,691,711,849,444,432,929,464,489,345,522,219,347,694,454,332,720,426,646
396,822,48,19,623,414,204,205,891,558,478,304,83,95,631,699,185,541,212,908,768,516,560,606,519,805,600,818,510,56,493,888,23,105,423,823,369,111,537,341,603,642,1010,513,305,880,800,537,159,521,523,990,1019,127,287,283,713,1009,831,415,217,23,542,784,401,794,556,414,398,324,8,17,928,432,831,774,112,516,91,35,68,516,966,30,996,23,813,603,642,830,792,736,31,361,40,126,820,808,912,17,602,16,86,603,783,784,606,1017,226,111,543,135,113,16,408,279,537,525,880,414,496,322,859,926,6,900,654,808,808,92,110,16,524,822,421,156,854,151,133,111,159,435,289,162,497,27,516,536,791,808
443,547,78,553,307,970,771,837,683,5,277,449,260,67,261,573,555,620,761,791,843,684,461,215,386,412,722,416,866,865,395,7,640,750,845,704,261,671,652,668,569,939,869,354,352,995,387,99,182,650,192,67,458,272,527,255,285,803,524,546,927,253,547,744,199,691,805,908,931,289,722,259,70,390,939,546,130,162,789,642,135,461,781,235,259,652,832,303,689,2,120,899,413,195,906,458,519,965,166,556,45,4,232,719,317,656,260,48,416,896,504,193,301,91,266,610,685,685,162,549,789,939,732,421,748,839,768,298,307,354,147,929,420,351,658,344,519,258,896,674,290,859,35,551,688,696,1002,849,299,576
420,73,774,419,172,1014,930,696,149,893,952,187,226,396,427,437,17,215,465,946,684,803,187,297,254,933,492,734,705,36,71,902,244,902,547,803,228,1006,362,928,377,273,291,988,129,162,902,252,509,484,420,142,151,496,1014,181,293,243,457,1014,901,425,419,242,715,970,804,167,359,956,996,955,483,637,830,636,499,161,288,674,356,895,217,937,858,814,390,801,774,738,692,586,691,445,153,231,652,814,50,802,899,309,748,937,309,159,676,231,150,961,689,998,240,445,886,244,943,931,563,232,874,780,618,441,174,195,229,159,250,331,241,234,426,586,227,683,948,770,348,637,428,134,429,435,652,289,819,1001,225,74
517,736,69,336,900,903,815,122,222,2,733,127,512,192,671,478,5,66,746,320,560,870,1,79,470,515,532,226,376,26,855,907,534,219,4,222,544,350,773,210,274,532,252,214,260,905,537,340,222,684,111,851,566,798,321,21,224,938,31,720,640,247,538,905,869,85,742,870,791,749,789,736,501,862,997,516,791,731,471,375,127,880,24,125,7,162,406,553,178,918,880,583,886,311,656,394,948,226,885,20,900,528,387,888,948,843,282,298,340,68,97,22,793,661,175,153,361,395,538,55,99,556,196,122,119,535,216,407,996,308,855,916,950,980,1006,448,86,113,222,513,233,516,340,30,793,900,919,484,13,868
711,360,139,705,395,147,523,683,905,667,913,855,511,921,925,680,226,723,963,193,507,399,745,284,453,399,331,1001,795,418,908,235,196,921,469,917,684,642,330,399,492,917,399,119,297,62,252,188,643,1001,701,232,426,323,587,397,112,331,18,699,367,644,582,438,363,796,662,234,670,976,889,939,972,628,595,924,912,692,139,238,907,147,899,925,42,402,523,194,311,258,138,578,2,60,201,133,925,974,907,0,154,28,575,922,618,324,145,919,140,792,140,190,865,11,260,645,784,836,281,714,395,688,907,1003,427,150,493,900,140,798,15,639,650,459,1004,634,30,34,136,597,587,1004,396,19,11,201,874,363,440,399
25,718,894,45,1005,686,228,792,477,255,623,95,670,501,732,855,256,517,193,670,505,669,535,5,871,657,509,565,854,221,443,291,949,212,751,960,485,29,970,205,465,197,799,666,396,977,1,853,554,977,791,215,52,285,101,333,408,671,507,627,686,733,735,710,634,250,561,351,721,974,948,333,736,483,239,879,860,254,203,128,972,881,296,590,222,519,31,466,274,29,211,721,690,727,876,784,274,374,221,842,707,252,572,77,404,964,282,476,924,68,690,732,986,209,765,212,1003,197,263,715,113,927,650,338,291,517,453,197,154,864,903,775,733,161,858,960,949,143,767,981,118,391,27,805,996,414,215,855,894,123
24,319,667,309,266,741,993,893,573,809,550,598,243,305,746,590,402,579,781,292,819,934,305,678,903,146,164,899,117,544,185,844,815,661,694,742,501,766,508,805,237,274,636,338,821,217,165,532,788,388,682,576,744,550,105,650,803,259,305,486,947,646,183,262,681,524,17,491,402,528,714,66,492,122,21,582,21,318,738,318,138,316,934,395,285,797,530,275,198,181,149,253,285,554,590,581,675,262,245,919,544,183,988,924,709,364,149,532,713,470,472,70,614,839,434,501,461,732,169,919,93,563,649,579,589,640,39,328,989,524,243,326,916,102,178,444,764,454,253,550,53,319,526,918,645,149,494,984,778,153
404,450,917,4,167,385,910,391,385,1017,38,408,28,350,70,163,417,929,231,597,36,2,836,652,497,288,612,913,515,355,247,204,568,553,196,916,675,4,53,1015,996,22,99,915,577,431,355,404,879,399,600,293,403,545,928,20,903,981,1006,586,7,418,423,897,708,930,171,150,230,376,420,427,49,638,247,7,121,981,568,500,887,931,673,616,577,426,391,818,231,310,920,10,932,837,675,628,448,413,748,227,716,929,612,975,373,500,609,744,99,745,591,11,239,179,708,0,997,966,696,1013,756,660,372,280,241,403,943,976,995,929,519,33,527,608,767,385,920,864,1007,755,423,788,343,552,919,223,666,753,1006,1016
108,858,127,989,886,163,560,694,592,188,490,9,59,214,969,908,846,727,794,790,975,816,116,213,7,608,68,1023,643,393,688,125,862,71,991,948,183,106,744,948,1014,388,20,12,942,115,92,672,212,997,279,364,636,935,764,646,43,348,638,516,734,652,888,6,820,223,923,351,213,45,903,216,566,439,7,680,55,73,702,230,597,853,644,557,7,749,847,245,208,364,783,490,946,246,275,1022,771,218,215,246,640,477,10,51,712,78,84,863,358,754,798,335,640,895,277,6,846,338,75,780,935,605,596,174,20,925,101,923,817,918,68,781,463,710,860,1020,131,550,688,19,277,263,513,135,861,20,534,25,435,597
406,120,290,948,55,589,423,447,553,485,898,504,714,114,378,709,311,738,445,441,417,485,513,722,890,407,138,951,785,537,34,417,754,117,945,226,929,447,162,401,999,625,753,77,937,631,938,401,851,441,965,506,767,625,352,849,386,816,632,565,423,79,520,914,663,629,560,75,418,340,389,329,336,957,999,306,562,439,714,119,818,34,81,279,611,1017,994,107,938,743,583,815,501,678,304,910,503,440,240,625,372,82,115,290,340,627,391,425,937,433,542,594,337,50,311,466,293,848,938,1016,642,637,757,247,35,360,256,496,231,401,114,17,569,546,881,976,952,51,499,205,313,63,938,39,495,625,632,105,418,265
80,799,279,62,846,779,606,894,21,293,780,140,140,281,761,149,547,440,284,136,278,926,265,414,496,854,121,62,576,792,596,1014,574,556,72,574,8,598,543,884,513,893,422,651,36,153,537,926,666,559,553,407,589,799,831,404,389,736,84,525,799,278,57,564,692,779,799,269,795,926,68,468,592,103,300,300,934,128,415,769,373,287,263,789,688,596,606,472,252,276,472,894,409,409,279,27,352,346,813,217,837,543,779,818,650,551,21,64,654,270,7,799,201,515,20,798,63,78,879,775,414,380,1023,130,440,95,251,640,671,231,50,141,415,863,80,404,638,1023,270,535,557,806,541,521,733,862,133,926,779,1001
184,625,526,515,902,793,654,655,484,490,806,772,7,880,745,200,372,916,150,758,712,341,820,822,517,468,648,655,784,686,22,82,391,481,558,623,768,529,223,539,368,926,976,227,593,450,806,273,6,848,389,611,828,134,644,265,329,858,801,225,11,1018,263,150,70,310,48,367,25,286,486,129,399,816,418,965,453,471,382,415,70,168,19,646,149,626,646,176,286,470,914,597,719,271,582,345,435,379,676,328,654,785,319,854,17,728,724,854,485,55,696,388,189,720,881,345,133,665,389,488,273,912,429,580,443,454,499,484,265,712,414,222,329,723,569,729,798,184,820,710,438,794,879,806,20,735,905,271,256,1006
776,446,783,803,574,95,589,270,788,391,746,917,8,906,554,889,750,466,458,578,584,357,75,958,21,111,55,397,104,472,680,77,392,415,387,917,633,899,583,917,853,610,434,729,958,553,311,267,341,96,554,354,335,936,41,264,473,594,74,586,589,906,907,840,403,430,589,61,82,138,136,20,257,244,87,369,125,608,929,733,457,584,408,286,25,460,277,446,376,846,510,135,903,43,440,331,968,953,77,669,270,298,589,774,744,54,462,661,13,453,206,534,323,23,35,522,72,42,226,310,821,77,1006,400,72,523,872,562,590,908,556,946,494,877,861,540,117,462,78,781,312,923,605,637,491,896,262,60,682,774
923,850,469,808,441,226,312,239,85,435,210,387,1021,178,661,559,184,779,312,991,521,1016,683,265,8,947,737,786,429,904,443,659,152,411,209,440,899,594,392,137,898,66,440,538,722,375,584,176,63,530,91,300,37,808,312,187,737,706,658,822,528,731,147,666,898,656,55,171,701,904,927,155,254,659,697,722,920,696,464,404,600,216,83,339,641,181,848,24,132,691,995,973,402,658,155,513,1013,378,720,187,912,547,588,617,83,630,947,443,435,915,951,437,983,903,467,752,386,177,681,538,699,136,400,150,966,745,567,856,671,904,442,923,678,498,625,995,762,312,594,671,675,703,376,185,893,941,155,681,181,602
881,753,695,608,151,268,616,612,96,693,284,515,511,271,726,262,848,627,749,635,140,295,611,415,208,426,427,337,726,1021,250,44,664,360,171,310,205,935,333,1004,621,493,364,519,828,167,247,164,806,103,590,828,288,145,973,935,299,979,263,365,377,292,684,210,214,893,118,982,262,353,685,796,411,236,375,634,106,750,911,287,526,230,192,187,559,234,297,812,9,364,230,380,761,749,831,108,359,377,566,700,802,11,370,621,116,801,497,919,749,622,238,262,909,202,507,237,536,491,215,280,742,486,53,201,1021,243,364,864,284,364,963,630,391,805,543,730,958,767,796,693,22,799,876,891,236,157,524,54,261,417
608,835,699,428,505,800,880,257,987,342,183,837,59,764,496,660,962,154,589,46,1023,808,464,220,781,8,144,330,593,55,368,27,586,599,172,619,268,585,699,519,515,368,880,795,129,139,444,289,611,486,695,267,777,806,919,843,672,266,12,129,183,198,707,256,458,187,35,2,831,155,300,256,699,513,886,553,650,411,134,558,768,417,374,843,524,571,259,175,578,524,656,737,731,516,135,388,151,83,410,77,52,951,905,582,989,1017,407,839,497,651,0,525,471,517,641,843,330,861,579,288,558,645,508,587,726,587,208,177,340,526,156,256,659,880,368,699,226,968,841,743,971,220,994,224,331,557,44,280,373,967
477,943,5,900,71,417,688,202,609,475,950,692,264,841,919,680,149,699,40,598,924,141,145,760,915,985,400,100,734,143,443,949,917,517,913,787,901,84,305,155,44,688,292,3,777,740,444,439,296,166,47,922,148,142,462,644,659,598,126,257,905,935,982,145,990,248,963,672,70,405,506,693,707,151,836,934,688,906,665,822,431,919,917,437,166,100,75,235,991,105,662,46,70,966,832,151,461,898,839,262,7,995,756,788,913,941,433,659,1005,327,969,270,928,446,925,423,479,985,218,966,156,928,55,705,51,8,992,516,598,12,46,917,289,672,439,315,168,919,582,1023,486,704,422,180,345,672,672,459,897,17
104,239,93,518,467,653,587,412,565,636,796,854,18,974,367,479,629,474,91,20,605,781,516,462,313,602,92,513,354,656,934,893,261,470,108,349,93,562,127,478,947,109,332,422,961,731,234,187,601,717,110,414,342,94,787,339,605,748,478,532,626,93,606,170,843,297,52,1022,605,286,333,442,589,994,567,458,989,309,74,461,341,330,469,113,430,477,763,949,430,895,464,752,779,572,692,326,324,142,590,589,287,71,603,781,132,341,781,427,824,989,297,204,188,372,605,468,23,461,478,911,891,603,66,479,982,939,518,29,477,913,603,350,506,748,957,349,605,605,589,605,372,90,233,970,142,351,299,702,546,629
390,722,566,103,476,477,324,579,550,47,55,783,890,897,65,292,478,1015,903,392,854,119,593,856,19,598,916,511,531,944,171,34,468,865,391,700,14,305,979,852,113,814,579,68,872,593,561,23,765,801,782,874,986,182,769,898,785,463,634,559,579,494,846,598,338,136,787,543,388,312,846,832,603,478,320,565,270,271,999,853,572,315,879,597,339,775,13,545,65,327,525,825,572,365,488,46,842,597,346,79,119,390,579,271,303,593,576,81,74,200,1012,751,561,312,579,239,464,65,1020,470,75,908,84,459,912,964,897,878,500,948,833,100,948,704,94,870,629,441,499,503,579,762,724,583,985,71,419,329,457,559
176,934,199,714,979,927,725,267,475,138,325,504,413,943,402,84,794,585,199,3,820,696,28,861,422,48,201,570,429,91,168,198,265,705,673,606,898,197,424,96,464,557,17,714,515,450,198,892,519,736,81,676,218,6,954,483,48,721,230,106,962,904,513,207,564,457,203,48,994,640,904,15,817,720,962,192,735,1008,900,694,80,462,986,453,73,723,1002,29,761,205,473,863,134,384,419,1010,81,367,98,53,260,117,725,236,198,618,316,867,727,942,443,720,329,378,880,378,941,135,735,198,194,962,673,34,457,821,11,566,325,198,341,165,194,989,826,54,437,685,906,706,476,418,160,358,706,484,929,437,653,489
354,555,104,122,82,918,941,300,973,823,113,495,359,286,966,752,456,766,192,304,217,553,447,40,268,946,553,275,548,353,274,432,708,355,73,78,294,561,764,118,313,433,513,545,42,342,640,448,2,558,52,945,262,818,803,73,688,515,19,691,513,521,787,463,21,312,11,465,776,371,937,33,73,803,1,832,178,95,920,759,822,361,818,559,450,203,242,915,945,547,47,547,718,513,191,912,176,817,919,193,160,682,1,3,376,938,594,146,639,761,818,785,84,338,377,562,242,304,545,561,200,969,512,502,977,302,953,32,945,667,73,864,817,82,946,771,627,374,883,739,755,23,486,944,594,867,941,550,516,778
402,672,499,147,829,994,265,294,167,809,707,295,649,541,361,337,519,997,259,92,1017,432,854,825,1016,951,881,1013,35,256,684,37,439,440,303,781,549,944,544,160,180,354,152,213,174,875,222,595,351,54,852,151,629,963,383,908,656,158,48,688,480,915,729,866,99,958,915,147,936,37,297,535,510,542,333,863,31,365,704,831,979,155,7,158,206,369,510,881,729,390,51,735,528,153,304,539,564,243,478,725,749,358,521,856,190,756,414,318,819,258,504,1009,88,162,1009,192,293,346,731,297,126,307,1023,373,274,942,440,448,183,567,601,857,707,297,580,238,629,658,704,766,126,739,465,318,633,945,273,550,917,781
631,585,351,175,515,571,220,982,36,844,31,956,5,758,593,592,35,517,407,886,243,854,893,92,120,341,6,61,168,542,873,118,67,364,870,15,378,467,610,557,497,97,13,37,652,23,513,269,534,481,914,86,630,343,127,593,562,302,837,336,537,533,94,80,630,564,147,343,510,83,572,334,42,582,533,641,337,580,854,71,556,298,99,670,565,558,557,790,875,326,353,519,526,77,535,59,510,533,760,526,449,317,938,615,729,535,71,80,463,350,848,30,852,97,14,382,418,876,126,55,333,739,58,77,537,729,335,428,799,382,577,573,828,781,894,26,790,48,477,399,46,881,950,290,30,339,589,572,446,556
7,289,211,399,83,897,522,778,833,403,203,178,1018,481,458,657,24,664,906,429,833,782,112,485,409,17,824,903,898,662,856,605,729,397,273,593,411,133,129,586,90,231,880,386,907,298,657,970,952,146,908,294,290,845,205,696,176,65,364,25,287,645,890,125,934,915,385,513,266,197,82,819,86,317,81,956,513,8,521,127,177,471,283,812,26,963,657,829,896,981,161,284,84,987,266,395,14,746,431,731,306,923,145,1002,394,911,279,770,956,34,56,656,524,352,787,570,205,733,393,946,389,653,413,426,578,634,897,390,1,259,86,875,906,1,317,581,133,657,529,823,177,749,28,389,443,513,385,23,522,527
40,89,802,592,446,890,624,399,26,476,912,449,641,898,808,901,868,578,152,560,312,846,76,759,588,120,578,285,258,774,477,530,616,587,581,65,143,174,983,982,486,778,294,999,502,494,924,465,768,279,580,616,460,913,4,54,494,780,231,950,986,78,39,737,790,494,303,562,454,7,624,615,64,655,492,578,913,791,284,292,694,582,1017,889,165,586,46,454,854,986,798,130,541,535,967,901,611,165,200,575,217,563,950,686,23,944,598,846,614,555,693,974,582,262,87,892,574,224,520,338,119,558,997,706,239,855,454,469,897,968,295,496,240,870,18,169,809,983,825,226,776,815,303,1021,76,175,937,226,578,582
261,877,284,514,171,418,45,604,11,352,390,858,916,177,12,235,856,460,540,171,389,446,445,337,720,421,856,368,456,682,310,304,443,825,27,21,108,949,43,968,500,780,106,139,38,510,209,643,928,18,4,971,171,189,554,50,394,396,746,976,854,317,495,829,274,498,818,460,12,842,936,160,438,900,44,1012,395,493,1004,977,830,505,37,874,434,427,554,629,276,105,261,189,540,928,725,61,780,980,634,458,56,884,629,916,94,460,48,248,786,42,5,924,427,158,807,669,608,627,491,756,554,421,432,776,752,908,433,2,152,540,12,755,850,107,831,339,349,938,867,608,856,860,960,159,123,973,163,564,430,572
379,99,111,957,1006,900,488,556,453,207,105,971,45,811,539,164,146,745,986,908,950,451,508,246,205,228,744,678,56,106,603,82,104,107,744,166,781,596,797,592,387,843,882,649,962,684,179,115,138,663,169,424,468,710,930,984,956,619,170,200,610,489,719,185,920,215,586,31,205,198,809,604,686,819,1003,445,760,631,317,932,576,133,459,622,996,170,601,431,135,1006,957,132,499,958,813,632,933,431,910,96,521,200,443,184,934,680,299,613,179,413,803,281,184,30,514,770,314,573,495,827,354,742,957,177,1008,189,509,829,225,628,170,60,827,618,477,645,906,185,938,877,936,994,912,357,279,427,1018,592,331,2
38,849,693,511,946,79,276,603,36,980,42,921,131,679,127,805,88,659,561,13,281,693,601,203,490,311,508,527,269,25,303,655,676,515,642,161,690,515,612,783,783,629,475,849,857,394,193,390,260,569,447,307,647,197,282,983,598,265,649,82,602,176,818,934,400,896,853,26,52,1001,210,909,340,263,260,681,346,531,940,494,489,410,274,686,936,3,100,806,303,389,825,64,475,859,692,642,582,613,635,804,703,384,741,822,520,495,829,385,921,42,910,228,666,601,593,525,593,932,159,508,653,515,30,699,282,403,26,950,907,810,259,599,927,691,140,454,583,737,821,576,535,821,855,488,311,865,710,819,529,740
348,232,203,887,221,964,968,989,133,649,347,732,339,989,136,670,646,78,828,644,1006,672,810,962,348,702,24,686,693,169,784,156,144,260,665,1000,181,455,572,214,381,969,203,253,1013,540,455,203,199,975,806,495,453,732,688,316,183,199,975,209,1020,969,648,268,985,664,768,120,509,700,1014,221,254,224,491,94,988,88,646,132,142,481,137,221,757,320,895,680,144,1000,799,63,239,422,254,220,121,141,776,526,272,648,828,352,76,901,952,777,137,803,164,534,209,833,966,716,655,75,983,488,203,782,406,164,311,923,651,449,134,860,339,833,463,697,143,847,972,491,502,92,255,139,192,908,531,450,1003,656,1019,323
138,941,490,396,606,223,90,731,685,394,685,440,399,429,902,728,901,598,858,394,557,494,743,769,829,416,906,906,580,336,437,576,434,4,704,697,423,446,387,671,461,655,528,196,493,961,906,106,830,520,193,704,715,391,920,681,99,487,475,413,711,397,923,218,938,509,378,736,839,637,542,350,938,899,329,356,160,180,98,979,244,420,455,1000,424,434,542,649,522,395,737,1011,325,1010,203,560,399,903,906,323,475,75,837,442,741,353,125,646,816,177,721,719,196,585,8,778,977,987,411,683,160,385,424,763,196,778,984,429,818,263,169,907,414,900,932,520,516,509,898,954,961,482,397,956,411,683,408,365,324,800
419,962,1004,277,991,75,411,971,742,413,364,216,666,957,205,213,1021,977,548,83,124,449,407,893,222,69,895,724,971,710,980,980,318,698,317,143,979,291,548,746,257,410,90,273,538,1015,959,766,946,349,509,354,329,542,110,766,670,349,914,963,692,200,433,929,548,989,221,223,942,1023,460,215,351,775,741,985,962,990,460,821,368,848,719,76,223,657,94,698,830,828,175,704,10,990,974,862,933,996,985,350,762,350,30,829,722,912,22,451,86,543,125,475,668,199,938,476,980,434,1012,945,810,222,386,688,1009,852,766,954,189,445,570,987,922,462,991,457,698,756,475,734,659,478,238,982,638,292,17,227,764,657
4,531,59,831,494,201,587,412,356,702,452,171,910,31,1013,777,111,925,819,924,811,687,97,374,277,35,639,818,684,243,322,412,805,973,674,609,811,15,194,814,862,200,291,243,362,41,118,556,580,356,821,861,240,105,684,458,44,169,797,255,644,524,428,811,546,274,875,255,32,1005,925,873,674,444,268,383,644,814,550,138,221,350,612,844,732,630,427,144,332,179,847,385,879,811,434,804,235,10,532,47,725,654,497,130,197,513,345,733,844,878,200,447,53,875,23,384,689,363,811,61,965,379,15,476,325,363,873,235,299,32,941,93,43,654,10,22,925,493,489,235,591,402,807,10,363,875,14,804,940,847
418,15,144,738,498,34,96,237,500,749,787,46,963,1010,387,451,819,656,450,961,162,822,926,802,664,976,995,428,227,434,572,631,885,705,705,442,658,985,643,538,249,962,224,449,730,473,939,595,26,978,467,757,915,693,364,437,467,821,668,919,503,159,561,220,903,209,794,917,423,812,261,538,563,490,1013,406,226,910,636,373,714,978,42,250,508,1008,983,488,716,254,528,592,450,1013,49,118,650,463,755,387,930,687,440,497,662,417,922,767,1008,916,513,999,83,767,757,977,114,253,1013,669,647,24,488,1013,411,970,760,67,254,151,372,603,592,449,632,340,460,34,500,387,66,939,544,458,373,819,65,970,653,546
49,260,437,550,62,997,761,523,211,376,37,360,630,459,805,997,550,843,464,546,166,562,489,117,10,619,781,340,324,937,213,756,56,632,654,46,300,410,489,586,1010,842,325,537,507,395,288,619,843,43,538,44,339,405,427,518,891,705,28,352,1003,517,120,946,868,558,778,544,872,332,892,190,53,456,263,665,812,383,906,544,109,890,930,533,45,141,732,602,299,510,403,45,931,738,618,97,890,625,842,814,425,344,339,53,730,876,206,623,610,365,33,409,787,278,471,103,76,346,47,59,846,522,98,971,890,664,762,615,602,316,929,165,28,929,339,618,530,847,363,1020,379,96,550,344,265,929,858,1020,34,49
814,60,192,729,420,751,424,698,686,326,859,236,635,897,528,304,470,801,662,744,384,645,544,223,374,767,702,326,407,934,185,450,799,648,556,310,838,437,653,767,412,207,397,105,158,415,585,805,696,365,544,808,862,654,172,698,422,320,696,304,819,366,57,306,422,602,740,685,1017,606,810,739,401,698,791,830,503,86,685,309,653,453,816,557,689,294,740,437,481,749,574,833,184,466,294,830,408,342,280,74,386,568,398,947,480,750,345,774,545,836,758,696,343,673,306,839,756,171,655,822,824,885,746,233,189,377,793,105,414,711,173,898,702,800,833,706,186,240,728,856,390,43,702,751,838,404,719,416,438,578
470,967,240,739,835,426,588,753,745,962,467,423,411,464,467,721,219,771,334,469,811,1007,202,740,603,450,582,436,340,669,987,91,420,970,482,432,971,466,673,77,495,559,480,704,481,483,801,982,482,755,545,294,218,479,404,560,138,489,2,428,798,770,528,962,41,282,592,397,594,976,805,629,755,471,196,867,495,768,928,787,106,546,698,482,101,480,662,442,641,949,514,588,458,629,599,716,394,276,233,387,979,787,466,848,690,559,651,911,983,671,117,891,640,81,977,64,80,858,464,111,472,885,179,661,408,801,197,627,82,561,629,510,741,832,224,18,219,607,218,431,450,386,641,825,424,141,470,757,592,318
926,151,471,390,976,186,135,369,135,990,600,1005,349,5,409,235,658,135,185,150,109,697,322,540,998,390,706,941,109,907,327,766,6,452,993,494,793,411,896,147,12,927,966,415,683,666,534,479,285,828,666,181,141,180,15,413,621,332,861,197,961,398,177,666,264,925,588,486,19,1011,654,398,394,595,428,437,412,486,24,969,495,159,66,917,1005,304,358,946,865,20,911,662,927,680,412,647,666,909,1005,845,937,997,396,657,690,12,251,72,974,542,937,989,663,490,593,392,925,268,141,135,618,681,149,908,912,986,479,668,905,327,403,901,71,244,90,452,604,972,621,563,983,966,531,987,161,550,981,657,299,407
241,564,3,400,1007,784,783,705,500,852,110,989,940,1023,993,564,74,835,999,493,3,663,742,37,426,543,457,735,401,1022,232,719,245,519,837,236,922,665,1015,296,438,1015,507,808,456,719,695,460,140,110,757,814,200,277,367,415,595,238,780,471,37,277,1020,407,327,705,370,1008,255,993,497,724,147,624,725,624,124,907,175,32,255,742,35,878,445,699,430,477,71,900,169,199,275,80,640,734,1004,163,127,751,596,182,599,401,617,213,1007,865,750,707,812,975,178,629,711,49,943,410,745,534,751,547,927,959,82,463,683,804,232,933,203,599,362,335,136,1018,813,79,141,951,564,887,170,916,782,283,1002,752,486,389
309,467,641,658,776,437,503,413,649,317,455,668,673,726,194,146,245,397,982,152,611,168,836,878,555,514,613,514,979,870,308,1,765,549,355,437,445,948,982,317,385,668,35,650,322,292,194,469,395,906,413,658,515,627,351,1006,324,780,396,403,397,622,24,374,594,5,395,555,920,686,52,421,684,110,540,364,350,107,127,30,517,540,1002,1004,531,686,874,530,571,612,853,462,219,269,820,437,540,342,426,26,314,2,330,308,854,860,169,573,531,29,990,778,315,178,549,876,360,538,536,524,952,683,675,322,334,13,666,539,857,654,677,276,536,317,931,833,794,181,938,354,18,672,280,701,196,445,533,305,414,29
201,370,778,335,298,175,284,717,764,103,459,154,331,63,630,274,205,904,797,1012,330,530,14,152,583,641,525,422,986,371,338,580,604,263,341,1006,773,956,742,611,140,333,870,803,286,97,614,242,554,135,79,290,132,263,259,774,117,837,288,1,341,837,924,68,121,79,677,668,700,533,279,624,464,118,576,597,580,64,109,290,192,282,778,325,508,97,696,946,778,849,355,975,995,2,648,956,326,75,79,167,1,454,924,581,66,37,688,286,902,844,402,464,653,259,556,363,732,77,428,909,624,121,79,124,300,343,578,609,980,523,271,331,263,902,597,832,140,523,184,333,819,693,523,316,315,523,874,78,561,523
729,974,679,923,271,876,168,356,17,110,537,584,712,915,271,392,614,393,931,384,299,106,615,55,492,643,460,532,672,829,75,353,594,49,273,76,3,817,236,235,554,925,973,552,78,304,679,809,315,883,503,807,650,269,312,574,879,778,259,688,817,300,851,654,226,664,663,300,903,966,636,12,98,34,525,316,345,346,817,743,921,537,652,912,738,787,341,791,300,966,121,813,701,473,191,297,49,413,310,329,765,556,349,598,615,573,300,755,745,362,562,684,809,248,534,684,551,18,98,206,790,344,1,571,895,813,761,917,663,903,63,310,789,526,137,72,817,108,457,203,614,341,534,636,273,861,237,554,461,551
85,633,231,755,211,258,275,994,975,534,875,522,179,637,591,502,722,8,918,673,186,202,341,404,179,1017,20,269,322,140,225,983,980,996,847,583,345,579,704,181,76,18,529,598,971,399,277,593,780,927,775,181,149,550,181,807,294,871,210,578,574,557,847,838,127,16,591,999,920,121,854,84,998,362,286,719,165,160,884,918,309,404,335,114,333,533,455,841,529,879,237,455,206,164,737,296,287,84,1016,469,939,868,854,707,951,935,385,720,415,212,425,976,716,274,481,398,78,440,631,578,868,662,693,717,19,386,711,836,599,871,725,852,255,548,465,764,724,278,275,75,693,148,588,201,149,996,979,156,167,594
95,910,113,993,402,443,421,1022,147,305,654,194,814,594,691,914,385,497,997,39,738,978,211,61,411,353,769,471,995,674,674,83,308,333,433,506,826,123,697,934,978,400,165,394,145,400,64,972,471,1018,126,448,454,809,250,804,722,336,698,972,635,434,80,931,781,1018,160,579,690,786,464,403,754,690,787,984,592,128,160,978,98,232,656,204,480,670,80,127,808,157,467,437,653,141,471,179,141,625,178,298,77,65,66,305,998,148,727,916,1017,244,692,845,978,990,657,804,984,509,243,961,978,610,507,217,776,507,250,123,149,1,1018,954,10,546,637,123,802,471,599,845,557,763,245,983,465,624,505,947,980,786
386,554,873,22,787,692,866,52,68,815,478,266,819,627,260,657,353,890,484,987,868,801,516,148,682,243,756,658,475,530,701,660,803,763,554,844,532,1012,518,918,945,194,292,647,516,947,825,755,466,267,467,660,318,259,959,553,140,53,903,755,778,7,150,414,158,48,852,873,650,641,146,588,647,140,737,883,769,1023,203,306,662,868,609,238,884,348,852,789,867,517,454,20,899,232,6,819,888,362,875,207,762,813,99,372,641,260,35,118,870,552,327,787,825,840,332,262,243,478,641,532,553,532,980,34,306,300,163,18,48,744,990,369,98,449,802,692,416,902,588,995,466,560,484,641,406,260,692,803,82,793
537,669,915,150,372,377,159,342,284,969,212,662,668,997,950,987,964,411,260,940,275,981,145,617,284,348,1020,846,279,149,563,527,193,579,369,16,275,658,855,871,540,117,662,953,712,883,661,713,336,10,822,964,134,480,257,346,667,273,281,669,97,653,285,792,399,796,607,732,144,279,793,455,17,735,735,17,159,663,164,816,927,861,988,347,57,287,291,363,34,857,327,140,444,345,969,680,18,939,115,260,787,479,470,878,1017,690,89,614,472,643,851,76,703,924,764,12,662,667,283,291,967,685,73,128,273,305,57,926,918,966,930,988,148,672,265,1007,100,403,815,635,252,712,926,275,694,156,724,684,1020,546
140,897,160,967,99,966,291,655,640,930,745,118,647,963,897,929,1015,538,944,915,65,897,482,546,929,848,906,68,691,825,995,922,99,1003,897,914,290,310,115,294,179,116,978,944,289,386,67,452,996,513,286,1011,480,987,928,466,105,73,889,115,934,486,928,513,703,969,886,126,134,214,39,170,944,697,98,640,342,450,32,271,162,34,673,163,162,511,113,486,592,961,1008,854,703,257,233,934,505,401,769,496,854,673,150,836,993,900,249,995,928,241,363,498,695,995,1,499,937,290,779,929,120,406,803,610,801,390,914,920,487,583,289,875,683,166,40,114,934,159,35,522,905,32,553,983,474,496,678,707,691,896
861,61,29,749,172,6,253,343,29,639,326,326,8,711,45,635,984,342,359,966,503,1009,145,540,476,599,540,951,56,29,875,807,785,797,333,54,989,629,54,439,48,36,110,309,683,883,133,885,572,551,1021,349,654,303,559,555,327,907,152,162,45,140,854,436,45,568,905,924,540,604,236,47,39,688,282,246,125,967,151,333,643,599,15,267,934,906,109,592,679,20,351,61,631,409,535,818,326,981,235,628,898,59,163,264,555,990,161,564,454,623,35,44,207,1007,882,967,149,349,29,679,855,52,451,208,7,134,682,879,311,1020,85,750,453,347,543,753,37,404,77,1005,349,535,447,995,123,33,579,724,56,269
610,969,957,127,98,129,136,914,162,98,401,645,868,44,992,368,574,789,751,190,546,885,706,239,930,179,124,581,69,316,775,484,103,965,993,495,751,7,384,995,930,165,567,901,104,581,303,858,870,452,631,66,914,1005,504,304,876,772,1001,367,365,866,507,866,104,100,91,645,119,44,858,72,96,112,927,822,423,122,1007,119,101,28,352,892,781,98,886,557,894,930,727,819,126,52,321,208,310,106,786,216,103,491,833,338,914,932,55,83,436,1023,567,496,892,40,224,739,15,111,420,562,108,612,60,95,140,612,1014,43,510,917,568,818,240,468,0,868,842,344,613,360,860,930,306,294,639,1002,330,955,566,45
833,318,136,379,359,830,838,809,160,678,814,70,682,693,169,318,673,859,532,803,746,606,535,71,830,134,528,491,15,651,176,699,520,345,301,538,24,569,709,867,117,364,441,784,974,575,624,811,582,284,575,881,289,937,644,580,587,55,702,635,831,838,5,85,827,297,825,86,774,342,807,523,141,160,518,1,347,389,166,35,830,635,278,243,512,141,80,425,6,685,831,98,931,814,526,447,936,682,268,520,441,234,377,827,302,333,289,560,827,738,161,953,634,65,625,520,241,814,115,715,114,566,824,313,436,417,589,829,542,529,827,1017,710,390,559,62,761,710,864,810,74,769,390,937,947,589,141,268,59,657
422,227,519,625,719,351,892,40,306,1006,388,615,767,885,545,1013,802,255,842,572,870,185,422,239,624,638,145,893,307,791,741,345,594,605,929,277,359,502,365,486,892,260,804,806,281,481,620,189,316,506,311,432,1012,506,554,971,183,312,167,615,887,502,484,858,412,90,519,201,956,426,672,1021,254,308,422,422,54,632,371,583,810,302,829,147,375,694,442,918,790,299,98,550,424,7,810,661,760,1018,100,38,710,817,101,239,367,827,583,478,601,486,40,365,218,572,167,660,239,992,974,38,340,486,307,572,473,78,789,962,486,827,870,460,688,544,700,550,213,683,829,843,336,163,557,163,545,647,359,449,1005,885
490,424,402,961,548,130,515,3,73,168,745,1003,875,233,528,234,665,344,633,344,328,603,722,740,599,321,555,564,539,691,554,643,891,964,362,549,361,603,402,611,523,971,170,842,715,24,489,606,869,491,745,971,719,758,202,0,537,580,713,406,747,415,236,842,748,735,289,836,833,28,447,415,140,493,331,330,531,429,367,756,439,590,598,689,232,730,357,881,671,745,506,842,490,248,745,212,171,376,462,351,543,27,216,454,713,602,266,884,967,200,847,747,731,204,477,597,748,24,329,63,256,511,521,220,516,939,507,232,170,187,490,633,212,32,178,258,509,425,585,75,762,392,714,512,570,502,411,272,561,415
298,251,320,923,364,903,370,613,771,554,546,363,235,133,21,27,142,343,638,571,505,460,273,129,329,33,740,841,227,492,882,386,939,834,618,903,322,752,496,553,418,427,283,486,892,868,617,724,142,251,585,169,187,915,4,129,874,37,343,873,76,140,432,5,343,324,879,474,133,545,425,498,371,608,130,134,859,840,629,546,185,209,232,258,211,916,752,452,70,133,283,487,303,383,386,740,328,383,455,241,801,403,292,23,242,835,491,740,920,235,440,418,483,106,623,195,253,638,75,1014,377,700,468,37,228,772,860,387,455,739,1020,243,847,203,876,537,595,412,841,889,644,685,360,894,259,880,911,739,873,422
852,626,123,619,826,1011,610,866,122,784,497,590,269,1021,6,1009,25,107,833,603,383,610,726,880,223,918,344,112,608,753,859,949,51,826,273,273,609,851,279,96,397,96,52,77,807,98,736,975,275,594,418,857,945,239,207,86,627,949,332,319,59,983,113,496,442,189,662,187,124,708,127,369,103,909,433,784,960,1,787,884,592,249,602,936,1020,826,653,348,271,753,586,308,40,890,778,405,607,826,406,437,846,756,626,883,221,418,269,824,333,1017,1004,326,971,851,688,663,905,603,45,864,768,610,358,52,784,267,626,1003,119,615,931,268,490,592,864,6,974,265,864,560,241,224,752,832,699,314,609,851,235,477
992,259,980,1003,181,475,112,111,779,299,738,109,299,740,878,429,741,853,376,201,462,379,261,252,126,1003,813,857,818,1012,628,741,173,292,543,818,125,356,269,815,642,284,356,877,409,1004,762,301,1003,117,77,755,577,250,878,174,299,116,10,77,682,789,30,583,746,863,870,356,626,990,766,171,724,900,323,414,148,162,353,613,340,73,371,962,714,938,644,882,852,666,997,430,1013,245,900,1019,392,627,25,990,859,36,701,974,990,229,872,882,652,58,658,762,383,186,125,45,845,894,638,20,853,867,894,237,255,766,109,967,333,333,254,1014,838,319,173,996,203,813,724,169,255,778,894,969,748,742,338,254,201,102
427,749,23,183,381,179,317,370,246,629,438,37,50,154,985,313,0,950,666,220,929,358,843,354,338,159,691,17,867,659,695,603,969,246,310,795,326,305,285,265,138,55,689,402,310,234,465,34,677,750,38,860,833,157,138,369,861,305,154,332,51,107,152,410,275,682,933,305,922,112,157,871,429,860,310,666,885,280,921,683,861,402,857,247,183,923,770,257,158,695,210,636,950,619,283,695,472,557,563,346,950,977,145,254,274,668,987,22,269,703,705,306,379,287,305,657,849,755,1015,224,103,610,111,749,59,146,953,1016,246,759,374,376,916,154,360,504,987,362,34,765,28,246,563,217,897,623,452,712,242,130
701,309,737,285,782,709,363,943,797,383,685,746,838,884,301,886,786,631,285,269,751,36,326,326,184,297,652,975,829,285,149,478,876,534,537,644,829,144,630,267,150,758,188,957,78,287,150,449,496,1010,144,669,671,751,214,300,872,699,568,156,933,264,365,575,311,326,774,752,406,957,757,751,77,573,78,289,273,642,877,829,159,977,733,978,151,572,740,108,246,164,240,480,70,871,285,155,836,326,2,796,733,881,136,669,310,950,271,916,925,572,740,291,741,790,188,688,144,452,699,90,311,352,7,749,267,188,872,614,929,65,890,709,149,133,715,87,270,746,285,937,296,79,845,496,278,586,384,144,528,71
958,525,214,205,728,661,402,409,247,654,666,225,27,277,388,398,702,788,512,240,229,668,789,567,1008,744,700,613,358,477,909,601,735,415,63,402,423,397,958,726,911,648,409,281,904,403,355,361,670,607,412,648,982,573,216,1013,200,658,446,357,668,322,904,157,431,937,482,662,390,732,426,187,973,708,663,814,13,191,405,169,399,13,191,581,931,670,670,220,197,744,728,393,441,920,31,409,658,910,996,101,728,388,499,277,414,252,340,243,808,917,65,483,514,456,949,527,405,336,329,165,732,534,211,918,402,941,66,509,269,242,425,785,158,171,936,409,807,341,399,995,584,224,159,222,636,13,741,431,406,958
747,411,848,290,88,83,708,292,173,184,867,851,821,744,64,690,264,981,835,100,75,635,673,747,74,729,551,66,580,264,284,883,601,925,953,652,322,203,579,793,709,228,834,764,258,667,278,605,0,101,796,630,984,922,871,361,839,256,4,888,797,339,401,586,82,439,459,963,749,731,611,643,833,97,98,27,226,843,578,34,803,206,168,611,439,882,972,322,587,74,717,260,388,25,848,258,621,669,342,228,134,329,83,636,803,282,805,492,648,27,782,915,211,111,170,810,922,411,645,40,264,782,603,44,847,586,365,611,292,795,341,25,791,22,717,123,619,273,100,499,96,331,1000,100,832,967,142,890,92,100
96,265,567,141,799,748,488,108,332,154,247,520,903,759,482,109,795,809,541,61,871,410,154,690,876,127,365,542,1022,64,480,332,269,410,90,799,924,296,539,983,241,771,573,897,332,284,783,1015,539,562,924,147,827,787,802,912,891,971,541,477,32,754,775,1016,6,92,856,53,82,103,603,555,104,81,366,81,247,541,189,667,114,695,539,108,831,90,777,90,888,538,85,930,615,512,852,779,241,541,1015,214,956,101,899,1015,703,159,328,912,256,284,282,864,1017,39,836,860,75,732,362,845,82,860,487,480,823,480,940,179,441,53,773,48,128,64,73,1011,768,567,92,316,296,402,200,338,63,284,544,880,895,310
604,1018,920,490,698,915,239,918,799,570,837,603,787,382,255,10,979,364,844,330,814,659,148,556,681,343,348,692,94,893,188,789,373,635,893,662,595,151,517,1018,697,366,373,87,204,140,223,735,512,133,331,512,853,358,292,127,815,339,278,126,287,335,373,730,382,727,680,149,507,639,349,828,1021,378,728,382,651,862,559,877,252,58,733,834,218,374,72,601,986,80,166,967,380,318,341,329,1022,184,202,396,612,255,252,74,674,92,861,233,676,7,990,538,971,895,843,862,223,892,640,499,123,368,331,508,635,876,274,739,379,380,701,538,771,378,255,188,679,702,366,332,376,341,330,90,28,707,223,957,484,893
847,223,542,341,152,858,0,786,329,494,594,304,600,804,195,994,530,355,195,879,989,861,146,27,200,1005,271,488,136,587,920,790,328,415,787,981,251,725,261,167,948,24,9,871,77,658,295,856,264,488,424,351,659,474,852,306,413,564,610,724,493,342,659,701,516,856,911,264,298,782,146,653,152,152,818,851,219,152,152,346,585,512,741,264,731,728,858,419,792,413,464,735,861,362,739,391,485,996,866,894,186,121,792,853,223,834,889,67,733,231,638,469,933,213,707,319,857,24,347,883,778,312,786,521,242,530,556,448,520,826,51,210,354,728,994,600,402,626,986,146,848,120,494,616,798,773,836,606,349,735
172,280,326,395,730,253,274,284,68,643,870,826,493,269,191,939,819,5,537,162,311,765,574,20,333,345,684,299,374,1000,882,576,762,269,285,268,627,289,659,842,286,85,670,339,532,415,182,370,264,374,258,522,678,928,683,444,375,372,10,83,885,427,71,135,373,395,399,395,629,956,650,171,156,732,810,595,866,168,285,160,280,670,332,928,537,690,892,793,779,538,286,642,299,180,467,299,372,882,696,922,296,882,666,844,193,333,666,827,292,895,202,50,298,821,203,162,173,692,707,344,120,795,193,666,300,193,287,652,541,370,124,307,283,813,5,888,299,330,304,316,317,164,793,1016,706,884,706,883,185,971
707,853,454,686,495,191,437,833,997,417,75,809,351,65,622,315,819,269,582,824,965,156,204,56,988,489,173,206,800,763,15,839,967,893,833,642,687,968,5,593,814,387,908,108,778,450,235,711,509,377,299,85,479,448,70,590,143,476,810,751,512,580,1002,631,709,891,644,801,351,370,451,476,687,81,804,264,168,454,607,973,436,494,128,476,581,327,69,847,386,965,965,749,395,246,208,175,171,476,201,959,28,839,655,783,91,909,69,451,376,364,711,837,264,584,990,327,849,133,592,652,469,239,622,66,595,53,75,424,74,837,583,133,908,405,812,491,199,836,46,581,131,69,200,140,341,223,920,207,1012,207
471,779,320,770,599,336,86,32,540,843,447,8,106,540,977,601,505,383,123,57,478,997,918,603,464,464,657,799,621,256,579,845,771,234,617,985,584,484,734,80,75,330,64,507,619,603,968,618,342,767,350,579,24,593,579,655,609,58,854,473,616,331,529,503,984,593,203,433,486,687,90,26,613,579,479,447,328,469,457,345,217,312,493,729,619,623,621,215,122,322,977,421,186,464,613,74,8,58,584,699,918,472,589,86,330,186,304,473,376,604,328,539,875,34,374,639,558,575,457,160,959,946,410,813,104,34,330,665,984,234,393,599,581,184,378,795,215,538,452,280,456,581,378,54,604,529,952,832,503,984
416,355,628,771,608,615,565,374,683,30,10,405,112,755,611,571,890,623,634,611,612,974,932,501,955,166,260,489,512,518,577,551,871,204,178,260,771,679,1016,903,612,297,529,558,348,554,612,421,330,615,941,807,443,369,677,318,626,736,667,162,613,610,654,579,522,700,561,349,380,549,359,107,561,291,1010,790,638,582,535,102,883,624,92,92,612,464,268,675,622,543,620,289,480,771,592,719,481,34,100,81,42,412,293,657,657,270,352,668,58,579,464,117,996,43,371,275,102,440,352,940,996,182,639,544,91,629,554,1023,614,612,113,19,801,420,18,416,361,682,292,120,731,995,319,635,615,696,620,358,257,108
773,964,951,548,580,797,869,678,977,516,545,582,470,107,677,608,65,964,354,946,470,61,804,970,598,559,487,695,281,246,801,957,672,451,564,86,645,580,226,65,935,853,656,1000,843,371,798,145,623,616,375,110,968,868,523,289,356,474,557,507,311,325,333,628,445,555,366,498,604,617,316,903,290,364,868,543,875,581,37,37,308,792,512,551,475,41,261,354,762,576,515,675,482,65,617,580,373,604,591,960,726,568,99,566,964,143,8,598,552,362,3,370,308,528,513,772,270,451,375,884,545,608,479,160,551,292,517,564,183,96,266,43,999,867,859,790,111,70,324,611,582,961,534,864,110,484,579,405,529,417
55,714,971,411,645,367,647,941,206,965,307,708,39,901,95,955,841,205,116,275,191,55,266,679,813,790,256,265,321,706,817,793,678,435,856,281,685,263,774,983,215,613,796,496,329,951,322,835,456,188,466,375,123,679,204,817,396,944,879,399,307,908,453,725,956,679,679,403,897,674,143,974,933,644,583,192,722,360,647,705,679,727,307,268,682,208,900,845,296,524,325,647,64,529,905,338,439,919,164,395,519,685,743,320,896,258,343,960,706,898,674,452,850,770,361,807,257,476,775,653,261,818,688,427,326,924,685,685,664,452,11,852,232,906,873,86,173,909,235,306,909,0,821,224,838,5,396,896,683,496
281,130,541,607,339,839,394,498,363,616,56,350,354,363,192,351,32,543,872,838,151,589,727,392,787,786,768,523,458,327,83,31,152,291,681,762,835,367,384,840,288,605,416,231,339,277,182,621,540,750,832,594,216,337,516,341,860,872,322,75,616,64,554,335,25,914,774,735,280,680,221,313,475,786,220,893,791,281,355,265,612,337,527,339,441,461,280,797,221,858,448,834,824,832,290,496,281,538,596,719,587,617,322,2,788,623,584,759,580,368,927,351,272,791,395,291,235,608,344,324,789,412,406,141,834,927,529,118,847,538,68,120,146,842,896,723,363,64,921,253,531,339,633,848,875,678,300,219,52,587
520,580,596,618,600,953,494,434,57,461,39,515,236,981,373,763,86,675,474,657,554,946,731,365,28,263,535,697,754,308,664,359,674,92,419,56,63,579,618,704,169,972,564,174,627,930,1015,908,379,474,758,603,782,283,48,379,64,794,850,756,434,166,113,267,394,704,716,624,509,954,453,33,195,58,742,678,688,250,21,504,295,557,537,554,299,77,312,51,771,307,498,332,978,1011,688,706,958,386,675,400,530,669,294,620,749,752,377,373,380,295,1000,729,429,244,752,214,29,185,522,522,510,540,373,754,277,141,690,347,718,930,988,273,509,324,254,892,625,254,67,770,355,907,921,625,646,48,886,821,505,528
234,706,589,582,843,618,334,770,880,258,202,746,445,72,159,429,864,382,405,879,608,668,456,35,844,93,588,986,786,292,73,392,330,842,251,202,523,193,235,164,808,42,629,268,876,943,804,714,804,205,616,623,184,114,431,351,509,606,613,840,466,5,944,859,840,197,584,333,586,483,564,461,84,338,200,434,110,73,618,362,138,618,350,621,620,568,42,855,970,746,332,645,380,638,586,621,104,278,620,449,108,588,370,932,141,475,332,562,336,620,339,845,778,878,895,610,653,339,333,946,852,642,618,687,834,552,618,744,595,49,379,904,365,922,294,151,407,842,895,850,658,270,846,268,622,333,284,108,172,623
154,154,89,459,595,294,44,89,131,79,963,445,944,820,142,989,1001,90,201,277,743,230,683,969,421,572,306,475,218,322,422,525,615,143,143,659,450,378,676,246,667,717,667,837,202,717,414,6,357,906,391,187,539,208,386,560,906,528,489,489,79,178,560,235,743,182,486,489,504,1021,717,404,505,562,67,498,574,747,955,218,570,511,923,950,230,805,230,668,544,29,301,68,409,686,429,658,59,352,489,488,194,743,149,294,216,1018,979,120,66,907,473,256,24,514,951,496,553,426,515,651,525,973,783,707,454,894,590,663,712,123,955,476,661,49,505,946,1001,42,946,504,685,434,460,449,899,98,416,562,427,153
12,611,857,816,446,88,105,810,609,856,659,872,88,562,583,981,854,232,996,12,437,33,625,324,889,622,499,36,108,933,910,226,945,209,414,955,382,646,840,235,963,203,490,356,968,56,486,348,36,901,756,126,188,235,418,36,420,543,59,331,427,836,972,569,136,138,207,58,499,617,54,579,809,11,853,114,41,11,1018,506,79,949,359,235,647,616,972,838,35,926,775,82,915,584,618,104,10,593,910,12,972,977,887,32,865,273,92,118,1016,384,967,999,984,54,499,609,85,265,170,34,972,78,619,60,607,700,348,236,937,60,744,46,106,910,52,692,910,968,454,668,377,1000,492,747,444,937,771,450,120,220
324,862,76,531,456,832,217,362,478,256,235,798,454,670,751,79,496,577,438,438,994,858,142,213,205,499,907,577,806,350,673,253,522,320,128,392,607,198,690,230,374,733,362,479,203,289,63,809,456,465,478,1013,961,490,334,576,985,529,144,734,690,731,330,346,486,86,334,710,694,461,578,438,26,378,456,607,102,333,711,583,90,781,710,132,180,684,591,463,1017,841,893,567,641,456,715,619,70,666,506,460,215,657,473,704,106,1020,326,710,601,134,713,334,454,462,678,192,813,370,840,732,295,142,616,654,224,197,945,832,438,724,437,148,697,1001,577,783,448,656,1022,286,845,653,716,456,829,688,695,149,653,902
121,892,114,443,370,356,372,725,113,255,893,496,351,876,500,195,533,521,666,229,219,504,100,756,250,235,126,756,625,820,715,715,839,126,895,66,504,759,543,370,948,898,731,91,241,450,958,340,380,1018,75,490,553,223,380,731,252,102,221,230,683,959,987,113,316,222,496,641,549,379,496,715,1019,1017,277,782,142,102,510,419,715,991,104,362,388,34,715,827,733,532,283,374,649,140,827,353,958,508,933,381,511,665,539,500,251,409,68,29,93,117,505,932,478,334,229,635,474,91,380,446,430,473,221,403,451,542,531,873,673,54,116,975,668,458,758,318,29,252,170,27,420,731,939,442,234,286,1004,753,929,446
714,294,858,276,782,343,20,108,244,312,631,544,554,46,177,290,78,973,350,348,797,826,206,825,645,668,781,307,877,323,111,801,770,196,810,782,36,313,665,750,1000,622,275,628,799,763,53,463,795,863,236,740,878,20,791,410,54,631,665,92,598,310,24,1013,663,289,599,355,222,820,361,981,812,719,549,212,542,205,181,29,310,396,699,307,739,981,143,148,793,564,463,657,691,291,277,670,316,769,533,668,635,122,148,988,962,279,762,869,808,234,0,292,795,604,782,764,656,340,15,582,740,294,79,788,299,361,677,122,668,92,980,553,795,220,788,892,835,196,358,666,310,917,808,365,667,824,876,15,718,291
105,900,608,127,231,551,615,612,980,604,774,781,909,117,149,900,468,926,806,613,782,464,974,711,501,724,418,518,157,181,425,744,387,157,630,909,1,794,740,0,582,5,750,327,581,518,247,195,315,672,239,998,11,34,134,8,551,608,268,119,772,980,38,358,965,705,923,119,971,15,560,159,1006,503,139,551,671,902,458,570,336,31,295,732,774,15,397,937,574,932,99,557,802,972,682,141,429,354,260,854,267,98,231,694,423,383,341,878,197,469,103,878,551,223,393,736,139,397,75,277,410,301,431,309,752,103,237,499,1008,736,965,604,522,980,964,93,902,449,38,988,4,997,796,103,34,980,932,29,902,137
940,484,802,310,971,623,773,745,702,316,314,839,951,83,511,658,910,2,966,698,685,285,153,147,340,799,1018,137,757,57,829,948,374,495,820,111,792,468,114,842,779,285,253,591,947,603,947,619,759,481,937,464,622,815,260,709,266,668,153,781,1020,62,612,559,68,234,745,369,833,484,43,1014,507,718,1016,963,507,124,310,906,724,569,125,730,446,940,726,906,350,462,178,68,976,468,50,62,801,478,6,799,31,801,915,719,287,78,120,825,985,300,310,148,7,443,734,610,975,378,921,56,62,123,44,990,446,456,595,294,442,116,555,49,406,276,484,493,80,921,298,479,621,555,604,293,79,602,270,364,970,58
843,347,305,48,208,555,677,360,3,285,744,190,89,580,802,621,213,631,492,245,819,530,851,108,624,880,558,61,275,898,584,503,544,178,544,596,946,342,899,549,473,795,748,615,262,899,560,476,520,812,573,564,546,604,588,934,349,231,183,722,482,125,704,109,89,519,816,277,68,514,254,533,276,864,84,813,533,521,859,103,471,307,113,53,585,340,610,419,845,618,315,269,347,631,308,787,99,259,343,299,776,604,647,61,813,798,114,802,667,29,883,338,869,869,85,876,157,817,883,647,387,628,385,773,976,309,311,67,94,628,588,365,562,562,307,84,603,617,386,412,323,676,460,224,318,118,132,587,191,791
159,190,164,924,828,852,780,161,912,947,932,703,692,801,756,859,236,241,668,871,111,42,997,866,213,495,916,476,933,236,674,939,244,702,171,943,446,931,143,793,142,75,172,315,958,702,93,193,45,620,305,165,492,341,270,804,872,975,191,172,319,319,285,487,619,139,201,493,606,427,879,238,828,649,659,780,569,885,721,140,759,237,485,132,18,800,206,813,800,853,948,994,453,302,54,274,461,863,228,171,915,651,804,332,145,431,864,351,741,428,421,718,485,191,238,999,159,707,932,167,476,668,437,739,129,452,420,817,169,688,689,191,218,934,628,238,907,454,191,864,630,206,684,702,432,933,953,171,650,863
45,7,74,75,489,838,264,328,591,434,429,369,517,971,982,323,65,515,34,954,44,976,39,14,44,327,227,794,336,272,265,32,213,90,1017,264,328,560,264,420,39,89,813,855,909,717,35,814,970,14,515,155,336,698,41,60,580,185,520,424,482,160,201,922,12,377,842,3,5,779,1,946,861,907,875,920,578,815,411,885,331,1007,705,373,966,832,42,425,103,337,517,571,372,280,465,340,866,572,536,854,846,934,887,16,396,970,18,73,575,88,32,75,123,41,444,388,33,1006,869,349,517,103,962,13,865,10,338,398,664,32,837,446,322,329,98,592,218,514,123,396,402,376,585,364,48,592,99,2,513,61
202,354,769,1016,642,649,956,927,707,345,332,843,171,274,488,338,149,866,354,248,660,530,913,901,723,24,739,64,779,228,200,866,738,907,303,963,195,419,18,446,338,252,215,640,354,856,773,133,56,165,691,408,514,131,2,477,658,781,798,921,152,776,771,749,520,86,392,271,786,985,899,1019,773,907,378,387,674,138,133,648,251,901,185,78,739,191,664,713,644,697,844,332,287,24,696,21,892,354,984,292,895,322,411,283,993,766,773,128,210,21,823,135,749,132,252,749,408,191,654,280,202,210,729,37,350,741,644,129,736,338,267,432,583,856,259,184,675,66,438,194,690,31,368,714,194,892,368,753,939,768
941,965,503,455,485,695,551,816,475,352,169,677,755,838,256,966,762,297,508,901,612,1010,679,1002,651,846,304,431,445,746,469,694,139,95,318,383,114,487,48,253,176,643,338,689,871,336,327,992,455,464,646,962,493,390,995,444,242,158,354,336,682,700,111,995,465,869,134,338,130,674,947,689,426,625,997,110,260,138,686,478,681,321,235,94,201,431,350,252,646,294,807,258,480,670,701,149,569,160,1011,751,578,563,1020,6,995,300,687,461,667,995,380,373,292,979,343,419,642,127,304,230,157,618,996,304,742,936,437,434,253,624,179,1020,668,264,706,760,999,416,189,316,691,94,781,189,497,280,1008,10,397,303
227,35,181,394,448,971,109,810,695,664,85,664,447,285,861,275,856,356,301,274,936,48,121,976,451,691,911,67,606,920,332,694,957,760,168,618,172,597,266,968,638,430,723,32,924,650,577,243,587,711,898,654,760,116,460,308,18,18,643,139,406,522,10,315,73,734,531,611,680,746,201,923,953,143,422,304,145,760,395,744,249,930,332,806,326,970,697,786,160,928,348,617,357,152,228,237,329,25,822,924,919,738,741,311,667,655,850,698,392,943,697,932,941,290,971,613,266,851,866,276,429,67,401,305,650,984,341,683,691,203,955,340,720,351,555,213,427,546,294,938,936,802,10,84,936,818,188,152,332,131
393,69,607,449,980,756,335,566,840,111,971,243,898,325,213,311,590,475,612,879,1020,71,317,976,876,710,790,39,204,838,660,75,447,837,550,648,293,583,310,924,710,934,966,29,534,871,964,65,162,533,412,632,969,360,622,989,978,998,91,996,662,198,539,198,95,976,957,808,79,193,798,728,822,20,638,71,464,1014,607,171,439,285,607,592,884,802,682,601,89,495,770,758,943,817,371,595,207,480,205,431,509,853,968,989,580,405,595,409,204,398,968,710,21,588,583,468,74,817,71,452,942,262,87,803,470,660,969,606,848,460,285,588,622,589,376,562,713,452,860,926,790,7,944,607,908,989,65,307,583,0
367,182,188,284,527,118,736,221,517,1015,354,798,242,476,172,893,862,972,602,287,380,856,645,870,882,253,636,861,858,1015,742,569,797,879,362,100,107,278,517,134,733,718,191,885,265,371,477,832,385,61,892,68,490,874,74,554,1018,991,935,242,207,748,873,230,647,508,361,826,465,222,188,879,479,791,334,214,408,669,791,511,672,256,845,798,242,183,732,378,443,792,650,355,477,508,567,130,22,67,567,652,188,895,124,966,736,114,655,426,387,264,574,283,691,183,317,581,355,232,758,367,491,371,459,140,182,371,223,700,887,87,765,507,506,236,878,349,893,766,164,831,223,817,235,733,774,183,91,493,133,669
286,106,676,781,699,960,1002,828,601,298,535,884,799,61,924,551,815,964,189,779,180,209,779,356,875,298,281,666,320,228,649,266,343,775,779,81,595,810,346,978,342,741,322,886,659,136,156,987,598,779,228,218,223,784,59,812,802,284,698,147,61,978,324,256,316,122,961,365,88,214,234,460,890,610,685,797,810,154,999,365,859,356,317,273,180,773,907,999,287,723,826,529,666,154,833,338,40,963,939,64,238,661,2,853,144,743,796,42,987,693,218,297,625,790,317,666,320,230,4,666,864,682,374,298,904,31,266,75,314,352,214,26,888,795,807,343,828,830,138,433,343,298,246,824,657,856,602,962,653,815
472,70,19,47,63,63,823,823,521,119,801,427,14,206,27,299,36,9,966,487,991,9,110,377,172,59,848,808,319,628,822,409,556,742,313,412,23,68,554,32,814,428,250,457,940,830,808,476,938,621,37,814,81,939,9,932,247,161,57,795,799,167,294,32,613,288,544,632,45,614,255,830,13,443,934,265,33,264,611,827,964,622,564,79,206,37,844,812,670,684,189,552,809,987,798,953,940,968,119,812,312,420,89,94,972,780,783,43,767,828,800,46,414,108,639,244,568,438,288,249,319,550,825,45,964,804,57,57,161,813,557,825,45,405,525,445,294,187,312,105,270,37,400,556,318,116,833,369,788,257
100,116,957,528,753,934,283,737,734,662,417,265,440,609,229,294,33,860,942,318,180,656,875,847,336,278,887,167,167,100,823,7,226,909,291,363,636,97,923,943,808,317,896,777,936,692,648,880,528,13,137,662,237,22,676,646,389,58,912,951,39,271,97,660,103,694,111,912,700,990,220,58,942,233,652,929,823,699,677,704,943,87,389,700,92,838,951,289,833,756,390,330,825,830,877,610,689,819,625,694,59,296,143,676,951,942,87,422,636,399,767,265,720,666,276,216,16,943,591,284,750,294,55,640,697,884,551,512,110,102,58,944,27,155,700,944,845,719,933,39,815,942,895,242,327,710,272,934,679,758
898,65,890,478,321,713,875,171,83,219,576,109,457,760,769,832,718,339,395,170,19,833,171,705,680,225,863,431,330,852,258,105,227,578,65,92,880,154,194,449,424,747,467,862,712,779,593,452,151,721,967,642,845,977,876,513,402,129,72,66,513,86,845,715,425,864,779,751,715,254,890,202,105,864,866,364,655,783,642,198,276,750,768,226,201,329,928,971,431,194,616,99,983,683,161,876,259,577,134,66,129,107,534,874,577,264,618,880,873,884,70,745,779,943,552,201,257,36,379,267,478,354,846,429,550,990,261,880,862,465,779,876,770,548,1001,838,475,43,858,341,990,711,955,262,836,286,686,888,884,202
790,345,822,555,698,457,513,58,854,316,863,650,430,444,330,349,313,436,381,736,533,629,435,415,522,782,37,737,757,145,480,14,374,944,541,708,668,519,756,839,415,525,82,466,694,758,421,764,297,406,388,381,316,177,686,631,421,380,374,752,358,318,472,694,374,662,438,752,151,137,43,708,137,197,177,1014,358,423,642,444,768,359,722,576,422,793,790,807,513,553,753,121,858,521,894,624,133,917,342,528,343,894,824,727,336,457,892,750,471,1023,151,270,359,793,759,230,446,656,823,422,950,633,884,420,317,713,377,665,141,688,476,185,645,783,422,742,870,489,759,542,992,694,529,148,7,369,658,704,575,892
315,486,900,401,38,900,108,250,745,250,102,163,807,669,997,22,864,327,921,241,150,683,452,166,534,677,557,495,231,100,64,118,932,415,999,493,116,227,740,225,131,578,10,982,676,849,712,7,157,195,708,132,247,24,564,1012,723,868,470,814,534,250,364,112,979,230,1000,751,787,236,931,630,942,480,572,233,679,243,186,641,935,241,458,687,615,187,377,449,416,982,502,71,454,486,70,142,1013,231,208,883,742,908,750,353,784,232,336,775,1014,772,965,831,179,526,486,103,492,247,448,167,632,1020,674,230,183,448,157,1021,10,167,108,625,634,993,108,187,247,172,790,99,304,87,111,787,811,612,580,612,548,200
918,474,7,360,741,732,951,93,109,998,565,970,989,812,453,311,950,364,567,195,45,453,431,524,455,663,419,401,758,476,44,166,918,348,477,675,4,667,190,714,370,721,169,462,685,430,951,361,346,919,761,437,963,481,933,83,446,465,114,438,314,647,912,647,93,442,763,1020,929,748,493,239,719,357,10,445,804,567,342,715,477,908,736,26,401,397,901,182,389,310,1020,938,567,970,421,943,272,268,987,906,378,749,706,763,560,314,716,695,967,107,855,1002,325,396,87,698,268,499,421,417,710,7,441,490,693,562,588,420,717,310,441,109,116,396,912,493,220,946,1021,1013,918,978,977,449,476,293,967,501,473,755
578,410,311,132,452,355,147,128,324,286,478,203,594,941,822,614,497,625,54,629,24,582,197,710,264,156,951,625,222,397,479,189,786,661,534,986,905,213,360,450,626,509,789,549,628,192,799,625,65,782,549,62,78,431,225,230,423,453,720,517,350,479,67,741,870,589,663,518,781,629,553,27,130,437,30,638,229,472,642,425,998,107,598,594,205,982,911,959,172,799,885,132,213,70,455,205,773,894,896,603,742,293,431,249,647,472,959,367,276,758,453,321,595,287,193,466,999,148,213,632,367,195,879,596,850,476,388,347,510,594,453,859,213,71,341,245,212,358,644,197,63,845,596,449,516,38,380,784,384,614
249,206,830,130,895,823,151,648,835,629,251,698,998,292,200,1000,514,243,805,800,771,1016,112,699,698,960,515,658,216,144,270,243,53,213,984,326,181,312,106,360,559,1015,196,241,445,701,243,332,11,664,819,258,345,319,830,931,323,570,519,861,668,692,632,195,768,952,829,491,131,889,208,697,819,323,559,446,447,599,424,390,216,949,25,57,501,772,153,56,774,317,240,828,292,658,490,184,833,63,210,768,36,536,822,693,25,188,798,735,629,29,491,479,290,642,322,697,770,441,656,849,676,698,130,779,319,688,335,594,210,414,1016,831,690,315,295,313,520,989,495,510,865,530,974,486,499,856,39,194,8,774
1018,422,870,396,598,922,488,509,688,60,1014,668,695,685,641,479,699,536,397,922,141,856,1006,353,919,1018,659,22,172,234,447,397,477,648,478,891,855,597,402,909,164,448,223,385,266,607,699,539,185,254,693,180,409,715,333,521,181,621,537,478,488,542,95,600,537,596,409,935,184,325,958,216,924,389,1007,362,133,150,908,174,697,228,477,398,256,239,621,117,641,857,921,447,983,162,926,392,1013,700,89,502,609,625,76,700,917,977,897,895,645,161,502,536,700,967,409,477,29,537,479,150,664,833,17,1009,538,474,117,1012,645,78,476,1009,324,665,413,176,413,993,209,623,313,172,234,538,661,77,922,637,559,921
827,339,800,939,28,46,476,458,202,594,852,376,368,921,715,711,459,920,536,216,851,923,171,254,659,8,172,974,917,974,107,192,928,923,128,803,343,128,727,969,208,219,609,990,283,440,699,962,896,48,999,7,939,715,723,370,6,236,996,846,893,588,967,176,24,747,24,649,395,350,359,723,521,972,89,421,811,984,1016,851,41,464,230,387,561,216,210,896,59,923,480,701,777,96,569,737,198,27,972,208,915,806,667,275,200,614,151,973,387,28,956,107,809,683,275,105,893,156,459,628,539,0,248,195,992,156,696,156,747,807,192,0,990,504,807,75,955,857,194,24,241,1004,864,245,248,635,881,945,480,541
760,644,466,2,989,787,304,301,575,460,639,652,246,132,793,647,348,583,300,192,311,812,581,806,380,199,410,541,514,288,994,551,1007,231,266,402,418,577,684,296,461,198,358,583,505,525,493,463,495,205,75,95,640,502,593,607,635,509,1004,246,124,993,787,775,769,4,583,296,769,816,77,160,279,198,542,644,131,838,553,661,573,514,551,607,678,557,135,780,779,265,491,401,192,461,44,812,993,799,9,799,71,426,18,591,258,860,640,147,745,892,345,639,838,224,731,97,619,533,628,847,627,614,953,809,306,844,997,476,783,844,256,66,804,476,477,465,631,581,781,760,491,418,480,228,503,279,815,646,623,967
330,380,996,554,647,431,163,736,306,137,997,915,664,593,539,561,864,182,50,866,894,481,32,864,104,674,41,261,273,778,321,142,328,527,191,621,841,444,856,303,635,339,571,818,608,101,521,505,544,273,586,722,808,224,159,881,695,458,544,265,840,861,710,233,953,816,741,229,494,538,754,190,383,669,209,655,249,481,549,334,562,265,649,882,462,740,529,423,707,702,521,382,449,322,898,529,739,261,383,114,327,272,329,615,39,736,883,735,831,33,322,512,397,760,50,110,457,353,705,456,350,794,434,437,256,507,706,682,712,441,302,1003,225,890,26,977,343,273,376,161,562,914,479,131,879,593,869,58,450,701
708,915,931,906,292,197,625,982,1022,310,710,923,844,199,874,646,661,300,581,714,215,996,652,712,27,952,184,563,76,62,903,56,485,14,348,36,267,903,700,261,932,81,950,838,167,197,374,396,317,744,70,325,650,357,710,705,710,284,405,813,127,237,944,741,684,153,1,197,905,121,225,644,548,361,462,898,453,686,435,839,496,911,419,229,950,293,420,639,933,193,522,630,259,679,4,420,842,394,739,10,539,25,718,777,460,804,12,876,32,421,919,651,308,292,998,745,756,900,231,268,324,716,862,901,716,714,359,355,735,455,710,627,324,287,889,892,757,39,789,853,711,501,465,187,705,686,388,804,935,421
617,126,162,1014,996,996,320,666,872,508,796,244,636,958,435,229,866,147,508,173,663,389,642,191,499,744,66,766,463,794,740,976,218,260,252,579,796,964,670,3,193,485,128,1008,1013,796,879,747,496,199,555,666,502,626,190,985,430,306,584,295,321,986,784,694,501,448,834,1010,476,956,762,549,826,132,663,484,281,213,245,986,746,706,364,570,991,151,227,371,896,542,639,148,925,229,1010,964,668,250,146,173,693,302,813,133,812,823,345,542,794,741,340,291,173,539,956,229,684,794,316,982,191,458,228,657,340,671,995,461,986,837,874,688,450,771,253,1004,244,524,834,484,722,173,243,501,130,33,954,484,636,513
829,290,790,619,973,682,844,859,420,781,37,277,742,584,173,927,178,875,883,845,320,906,813,860,187,159,301,747,438,582,12,621,302,426,621,299,75,366,308,365,282,769,819,863,809,769,605,941,740,815,877,430,893,264,156,906,590,43,120,749,283,68,551,99,778,171,204,109,612,51,183,1002,931,877,587,787,813,188,987,378,426,866,555,626,581,821,316,1020,300,559,70,599,39,842,811,135,322,977,771,304,809,899,838,8,741,878,138,429,43,474,413,76,11,377,545,153,858,609,121,868,445,746,379,185,316,356,804,809,350,49,734,320,614,171,816,745,953,400,811,452,843,789,813,819,747,12,107,941,768,369
209,884,689,717,520,308,193,139,973,289,963,81,224,108,480,81,866,173,1013,796,706,727,986,992,558,19,461,195,727,453,644,899,929,458,706,449,355,118,720,709,465,345,644,419,53,249,289,931,972,994,565,100,326,424,192,321,211,90,334,155,156,990,355,322,81,165,472,684,496,520,449,98,642,115,459,961,780,642,915,355,648,984,3,970,293,6,706,984,580,109,885,423,973,99,170,975,459,596,196,213,101,724,984,1006,707,320,257,315,538,646,929,678,215,1009,883,668,213,704,885,103,756,227,34,37,79,246,970,0,475,650,225,131,866,231,970,861,1019,964,943,706,88,129,141,326,139,676,874,707,964,196
402,933,486,977,985,632,752,794,952,614,464,976,375,462,331,1011,923,761,691,983,647,138,459,289,502,826,979,407,96,369,513,930,494,311,986,504,479,310,117,811,991,765,154,455,699,466,925,464,984,232,302,110,529,200,249,65,188,990,281,129,441,535,649,479,479,288,153,967,177,512,200,153,239,465,105,70,474,977,318,672,594,514,993,225,878,649,747,967,974,542,153,898,472,615,505,977,743,449,450,842,963,222,486,744,937,464,608,151,696,466,431,951,977,969,65,886,788,234,184,651,445,479,488,508,826,402,738,1009,471,86,608,600,25,578,515,106,984,504,400,983,513,302,721,601,647,446,984,760,985,863
149,62,111,492,494,442,468,261,921,375,384,674,448,999,793,80,897,271,550,895,71,457,2,32,0,375,93,579,294,510,548,454,228,261,964,642,36,597,769,78,263,699,45,426,7,416,455,911,573,905,981,79,225,994,911,741,773,949,672,459,766,909,996,790,841,789,436,933,853,928,102,645,665,172,543,712,358,629,862,326,746,120,62,123,684,932,456,930,931,542,915,704,969,167,1,70,679,76,438,238,422,933,75,207,46,310,932,124,293,666,71,595,671,679,192,667,38,270,663,468,108,409,821,160,5,934,96,974,433,672,440,827,132,167,999,913,966,409,438,899,72,576,992,1019,672,468,164,360,987,455
63,951,430,810,743,127,198,151,73,781,978,738,964,57,807,151,732,991,964,174,362,70,392,160,1015,935,562,935,918,931,522,390,719,508,426,745,82,199,94,196,457,617,149,674,519,502,402,671,197,137,666,422,669,540,702,874,10,954,808,944,816,432,828,245,373,688,107,602,688,807,168,452,249,246,242,639,972,96,784,392,192,163,436,969,717,605,300,106,558,64,452,480,166,828,298,638,288,933,951,682,249,450,972,488,620,15,9,95,694,860,668,437,526,927,488,502,606,525,905,260,630,253,634,384,655,669,237,1008,671,543,432,108,663,587,452,31,761,427,527,220,738,219,931,638,380,534,491,527,185,444
792,795,794,366,224,515,160,346,793,475,792,980,642,168,42,324,83,979,267,538,278,268,751,456,321,867,316,342,30,72,658,311,837,867,89,833,657,538,795,715,701,893,836,635,534,342,780,337,395,324,795,331,522,797,523,23,601,359,160,463,348,783,339,156,91,547,347,303,308,461,160,414,621,586,264,665,74,318,286,970,299,661,347,669,662,714,670,633,788,456,644,260,1002,651,673,467,323,280,105,299,323,376,264,628,699,122,752,305,449,16,700,626,260,320,85,281,9,59,193,222,163,640,712,916,927,1011,965,548,196,122,459,363,957,529,383,249,324,659,264,786,280,105,77,786,662,660,127,330,703,578
200,389,7,887,832,973,973,814,477,970,862,966,653,968,160,967,285,86,487,15,123,122,652,770,333,654,495,93,526,557,943,920,822,320,202,577,22,90,653,974,208,602,44,999,61,724,920,961,70,463,974,107,706,894,654,582,967,142,93,654,654,144,480,78,781,968,1007,239,342,710,140,214,461,442,323,808,607,220,212,974,64,432,74,689,663,981,166,973,78,654,946,781,143,89,79,81,382,122,590,106,990,911,318,1007,310,106,898,250,367,775,889,892,308,461,254,994,1004,967,51,37,8,738,399,198,89,309,1003,640,610,591,600,44,815,653,513,491,984,352,980,981,244,952,34,981,971,79,243,461,276,208
172,357,741,198,976,428,905,682,229,1010,579,903,957,210,165,396,867,172,837,54,417,383,240,760,1003,173,932,189,189,181,129,616,910,104,903,190,924,994,982,783,940,174,172,295,188,893,227,218,768,883,814,610,537,490,74,898,738,335,148,231,989,831,206,156,396,711,710,871,256,165,809,677,968,893,206,829,392,956,691,951,452,209,678,366,585,928,172,587,762,174,69,426,10,140,679,316,639,332,182,760,632,783,899,921,431,911,783,833,936,791,463,239,605,802,220,522,255,415,783,629,379,314,145,374,804,475,109,325,593,614,772,257,1008,973,334,11,338,397,973,270,767,741,677,245,253,396,264,997,783,743
1019,355,562,267,403,601,35,783,292,491,179,111,581,700,891,911,107,595,299,484,898,745,299,113,796,128,728,944,152,367,201,187,882,441,107,152,184,834,150,506,996,353,475,474,510,946,668,760,107,113,968,811,736,964,240,339,856,155,931,491,115,576,763,930,31,857,959,664,368,664,879,338,968,159,217,696,864,16,880,450,187,640,764,272,796,629,610,130,1023,758,765,225,952,131,881,664,482,590,170,384,736,143,701,698,612,720,660,736,378,792,870,19,754,316,664,505,158,525,753,107,438,848,651,137,152,760,1017,594,440,490,500,676,143,886,830,475,479,952,282,292,182,178,271,627,664,423,702,920,593,754
363,662,884,666,375,429,1011,906,753,962,9,164,91,528,639,443,383,1004,986,712,13,125,923,463,731,287,1011,628,75,854,698,643,572,499,506,1010,364,568,761,109,337,51,595,972,594,761,850,982,602,110,126,511,500,124,676,465,124,962,62,725,693,1004,605,88,424,36,900,573,604,122,913,980,451,120,626,109,911,500,684,721,767,24,567,959,509,26,191,98,8,546,607,116,383,197,1005,526,108,858,975,140,323,829,13,36,487,818,892,818,746,953,1012,510,378,594,877,1012,826,1003,75,876,867,604,871,67,450,886,344,53,907,988,124,5,349,122,912,513,604,63,157,565,451,372,602,58,61,603,219,1020,344,601
450,817,804,175,6,135,313,240,785,835,771,296,514,873,885,168,797,868,298,801,788,332,302,476,569,168,851,40,336,802,555,82,547,783,797,262,300,504,266,578,632,564,498,532,485,687,248,703,699,321,266,130,643,690,580,667,331,116,797,594,280,203,298,797,482,682,831,557,40,59,968,555,522,776,280,219,412,32,169,774,503,10,179,843,56,217,578,312,482,440,106,751,775,716,207,658,298,555,875,294,490,647,301,209,756,555,162,105,578,280,336,269,608,312,546,803,365,194,436,565,832,307,194,296,394,696,875,332,234,555,170,363,584,819,82,555,282,118,266,523,352,573,571,886,539,747,2,859,264,557
241,223,936,643,267,959,713,361,864,299,674,143,811,107,136,167,89,1016,46,79,751,667,345,790,72,1016,581,657,521,307,307,744,303,744,378,377,689,109,882,777,134,214,25,810,249,802,48,683,810,72,343,353,286,803,1001,888,89,578,520,651,82,673,225,642,808,473,149,323,734,318,69,337,510,296,110,741,858,695,790,42,224,625,487,609,570,600,505,1012,976,870,363,776,1005,315,318,629,318,303,500,365,307,810,591,363,782,105,67,774,830,300,65,337,526,435,790,681,880,638,1002,744,364,399,174,930,429,361,1002,71,741,521,687,512,810,1017,153,40,689,298,303,547,255,307,906,299,618,11,634,369,195,184
516,301,804,337,828,379,83,82,827,353,817,547,795,945,3,852,47,2,250,457,516,868,227,259,434,296,563,669,260,817,428,580,869,828,897,269,83,1011,253,870,960,204,507,165,778,183,451,194,89,108,593,275,810,259,814,561,388,196,282,917,580,925,609,260,65,586,417,539,502,474,212,194,595,227,747,813,721,755,821,727,792,123,596,540,3,596,100,426,67,400,276,593,588,32,584,810,115,756,250,361,585,330,285,595,820,467,811,132,581,799,853,949,598,874,212,595,976,595,289,990,920,1019,714,260,837,899,819,507,270,387,302,334,596,869,137,146,566,866,1014,132,152,210,283,276,125,83,133,125,101,397
924,495,499,629,673,275,625,543,977,1010,447,754,780,148,879,64,203,435,984,818,881,353,105,385,65,760,590,614,736,447,606,201,991,902,204,992,631,791,298,580,627,197,1014,785,978,928,417,942,692,211,431,930,456,227,417,979,574,816,179,467,434,780,768,954,562,99,984,68,499,617,614,609,1018,940,673,803,1011,992,431,998,643,484,631,991,1011,617,425,742,928,65,964,883,964,252,617,624,19,759,944,417,158,250,433,792,221,241,537,105,552,212,600,252,227,22,955,235,67,968,422,792,614,969,1011,1018,736,1019,804,806,1016,393,558,1018,495,207,434,623,61,481,462,775,1016,844,496,97,3,1009,968,35,1009,1014
117,309,192,1008,657,537,546,84,981,718,969,445,306,542,202,903,264,37,737,340,148,660,346,359,314,309,402,799,521,86,815,48,342,1023,176,611,442,909,158,597,737,807,709,400,803,525,603,646,777,506,673,657,810,573,543,836,148,816,85,537,144,147,816,794,140,438,35,436,909,57,702,834,1001,850,453,741,754,371,876,53,598,786,255,23,290,1019,10,99,506,462,1015,430,818,67,133,405,682,53,244,634,80,320,373,66,842,201,575,637,292,354,32,478,621,20,690,442,93,158,827,529,520,969,581,405,833,90,777,370,450,997,769,810,597,786,85,821,204,146,738,433,791,855,27,22,929,1011,813,627,197,874
733,711,632,309,352,286,293,283,835,408,326,116,707,5,967,139,316,316,143,97,341,69,334,309,134,117,445,833,560,760,381,302,45,834,618,705,902,113,558,782,80,836,835,868,558,643,756,353,953,206,833,864,443,101,779,856,822,282,73,600,751,127,760,522,5,256,919,332,187,842,351,531,212,618,117,633,271,609,352,469,289,326,608,342,779,385,655,666,341,944,894,838,432,611,925,117,353,737,382,33,70,8,793,209,730,705,251,766,290,7,703,517,868,808,79,38,905,803,522,608,256,601,79,675,709,705,64,971,776,213,928,270,47,835,268,75,874,799,931,630,946,733,326,856,605,95,590,856,193,70
10,251,250,465,812,1000,193,203,504,996,714,399,201,926,1000,723,961,816,238,655,969,208,986,233,255,624,713,72,158,91,214,663,115,978,395,398,842,219,960,826,74,963,651,392,140,385,186,137,1003,11,488,662,816,212,205,715,1004,698,193,642,479,964,73,928,904,55,139,921,607,969,219,242,969,87,171,126,399,712,1022,480,461,969,139,686,152,628,986,636,933,82,475,174,243,73,225,586,28,555,581,135,566,198,236,141,334,714,332,201,144,904,688,467,945,449,269,736,464,216,373,39,14,790,653,986,200,480,200,993,1022,496,193,1023,9,484,55,78,401,743,264,426,104,1005,587,944,976,320,226,832,686,431
915,513,523,748,583,974,338,787,70,9,685,182,750,206,1016,750,477,556,270,71,477,65,350,591,857,1019,49,685,401,11,371,945,79,529,250,1014,48,253,964,867,4,113,493,453,1020,969,27,251,65,774,565,775,637,204,6,306,587,520,687,891,278,60,796,1023,7,0,572,448,513,533,302,338,391,330,840,968,155,264,294,669,401,768,605,401,328,519,45,892,278,329,496,535,103,772,89,718,896,512,936,158,845,744,244,198,212,487,813,71,523,636,244,354,768,350,644,93,933,667,516,596,347,637,804,770,467,522,97,807,328,768,72,395,968,677,398,214,484,77,29,811,331,572,443,876,160,607,59,814,772,915
163,414,815,196,396,348,758,946,903,336,892,46,874,358,375,152,55,1014,590,109,918,334,860,497,599,736,73,275,76,994,1020,988,24,545,253,934,873,1011,596,325,864,515,20,43,1003,171,461,869,964,387,589,173,169,196,532,61,119,54,895,1023,604,205,459,59,738,83,588,686,949,331,917,301,748,589,15,173,979,29,597,545,378,1000,375,589,16,479,41,391,643,68,794,326,836,232,973,182,4,122,661,272,598,1017,656,446,206,215,473,0,361,844,590,599,61,126,45,274,907,959,253,127,899,363,917,37,899,76,573,256,535,1016,341,1002,122,385,1018,86,892,909,689,55,99,853,599,66,513,172,596,93,467,944
421,984,508,954,17,670,904,267,630,106,829,262,273,359,766,360,342,1007,617,672,787,37,918,926,518,282,718,72,669,671,666,487,31,361,513,293,383,718,103,914,111,373,334,732,879,943,49,667,69,677,397,291,712,669,287,408,97,338,728,560,523,82,986,696,78,502,618,1022,14,239,735,240,351,94,918,732,764,252,352,100,841,839,270,82,343,736,287,975,38,973,22,268,82,334,101,991,669,790,831,86,583,750,1018,222,992,227,317,950,121,528,252,541,671,383,910,126,159,96,680,55,31,193,845,750,1000,86,402,1008,772,527,992,57,446,748,100,116,942,760,164,268,110,929,526,209,726,527,297,624,622,750
273,419,48,541,630,878,173,534,874,637,350,220,425,249,168,374,206,201,887,317,561,71,188,876,63,942,521,674,585,1012,657,18,782,611,620,175,354,85,221,429,561,381,558,598,212,51,518,255,869,385,657,263,720,46,610,962,613,433,316,285,155,168,206,553,98,898,171,372,445,895,780,566,0,892,301,610,553,182,790,787,787,552,565,35,950,377,612,525,972,541,573,847,814,611,733,432,875,126,639,96,567,4,566,342,62,782,432,311,543,617,47,178,552,500,257,11,71,235,525,909,232,436,644,85,10,109,757,305,759,875,685,404,45,256,782,239,36,726,168,713,757,253,366,557,416,0,721,618,590,41
93,75,648,726,968,712,734,922,808,957,644,800,225,804,891,726,315,184,920,931,949,79,79,650,763,773,252,251,652,379,342,55,1021,286,344,922,844,804,786,760,139,890,632,596,747,888,504,890,812,718,88,776,788,121,393,209,746,453,697,672,143,326,75,572,315,829,217,785,187,319,715,750,139,189,187,143,367,810,893,685,147,127,650,257,875,303,906,383,797,303,586,739,505,473,457,496,30,205,495,29,810,436,75,303,359,291,184,726,210,655,227,198,340,482,902,792,739,800,72,478,376,198,105,328,1015,648,377,724,770,885,473,193,168,184,380,606,1002,202,81,800,458,313,812,623,253,726,808,758,719,633
589,163,151,190,661,822,792,343,39,590,692,711,183,1009,658,813,199,503,366,674,953,473,365,818,852,658,323,350,697,853,956,371,695,903,917,1014,499,1014,501,181,310,816,900,825,820,298,199,30,800,196,272,622,692,955,703,824,959,205,804,39,783,183,214,673,780,692,131,906,438,612,195,392,166,172,101,998,503,185,949,454,710,950,55,698,820,55,694,220,173,908,692,255,820,950,252,376,190,55,750,321,695,899,843,343,821,852,105,427,967,105,423,351,503,947,820,214,167,1019,585,989,181,941,758,756,788,217,390,370,827,998,926,941,128,374,69,782,156,965,502,829,324,665,485,193,820,951,970,349,306,159
267,84,276,670,471,401,332,870,972,756,986,663,670,1016,269,966,988,916,275,660,404,193,691,51,128,435,914,932,638,112,604,410,916,379,965,934,499,1002,230,223,380,779,139,650,568,266,298,709,151,344,368,1010,639,123,653,348,924,640,764,862,91,444,219,175,164,1012,556,51,900,279,760,139,362,113,520,1018,506,907,370,163,250,786,683,462,180,169,17,107,940,999,916,147,900,670,76,934,373,1004,396,855,913,670,660,443,345,659,602,627,387,387,223,97,531,279,667,151,457,723,524,433,900,377,427,351,348,113,267,371,203,705,612,270,1017,544,771,397,910,670,83,132,911,938,756,143,830,283,94,405,177,107
682,894,399,398,206,399,195,715,511,361,95,143,808,88,341,602,831,400,97,220,907,683,30,627,295,449,664,822,465,466,558,974,433,252,465,662,856,318,589,243,825,67,222,472,623,312,929,95,821,159,127,473,312,792,661,497,847,979,222,852,241,319,771,254,989,341,719,449,856,280,997,882,323,231,225,840,105,579,971,785,261,718,200,133,24,878,611,793,411,252,92,233,289,772,283,767,869,968,471,739,241,862,131,719,594,228,807,831,660,783,248,181,237,821,821,321,595,661,228,980,577,104,545,774,212,857,859,712,940,625,72,966,308,433,963,740,852,180,952,485,774,168,385,958,852,720,345,856,174,52
748,472,145,183,961,514,904,273,570,570,526,710,13,547,554,223,955,986,598,902,596,177,65,876,627,723,776,986,425,493,51,412,816,819,53,974,329,954,851,470,574,289,923,800,541,129,185,156,801,544,998,142,216,409,171,935,801,745,225,186,328,992,172,889,810,742,274,982,934,58,441,411,174,566,58,313,74,956,947,630,83,795,259,658,46,46,51,166,481,710,222,81,918,114,173,250,413,946,526,213,26,443,818,889,260,273,430,396,569,31,611,114,143,752,710,737,253,568,682,629,67,59,754,699,351,89,51,881,746,609,823,331,166,561,876,526,522,625,297,758,177,82,484,444,107,143,248,435,818,932
803,873,609,326,127,311,751,819,44,529,208,194,533,808,540,643,653,560,336,275,262,866,332,788,555,136,818,18,343,97,804,872,876,565,340,873,266,322,859,532,485,534,520,626,284,624,790,348,550,815,832,535,838,711,155,526,258,538,406,566,211,855,596,903,585,14,257,916,259,790,209,489,871,980,932,267,516,571,409,316,407,489,198,368,832,308,835,19,58,879,273,380,876,406,149,368,514,406,643,695,367,296,592,611,318,110,25,522,278,27,569,586,534,647,515,647,348,86,209,63,629,586,620,705,706,194,338,631,336,190,39,896,592,788,341,647,849,343,829,41,491,678,870,806,407,604,7,816,875,824
707,200,688,826,16,357,827,701,475,888,498,937,925,1011,198,596,111,1021,225,20,955,198,906,354,993,165,577,146,192,167,809,1003,46,611,43,697,915,30,200,865,166,18,839,652,621,257,809,609,380,808,928,99,171,410,915,928,745,601,72,866,388,198,707,338,913,513,1002,629,860,681,352,14,928,959,171,512,625,992,50,878,32,198,39,343,202,298,640,30,231,320,694,57,637,357,70,797,763,110,939,875,171,378,25,672,59,6,46,867,513,782,441,945,954,915,480,224,106,26,730,369,953,332,736,244,601,242,1010,192,521,189,299,975,937,807,289,226,15,539,26,694,434,20,730,1005,622,48,992,418,63,314
668,267,93,754,973,606,115,693,582,95,1002,95,953,697,227,955,764,1007,40,761,474,722,959,1006,973,243,795,12,173,623,730,749,713,721,658,713,158,312,976,764,937,705,741,568,606,568,113,317,64,91,442,186,922,85,242,669,130,300,163,318,95,462,1019,441,420,952,995,438,99,118,181,504,56,311,478,703,772,668,1003,83,476,1015,932,273,410,751,168,665,599,957,953,665,144,521,668,286,478,585,484,205,456,963,645,424,456,282,716,1007,126,142,741,454,317,474,474,67,40,477,464,183,418,901,923,730,405,458,899,440,474,665,90,61,478,998,441,201,993,1017,961,953,858,308,837,220,213,703,457,184,445,553
29,511,64,991,655,672,1007,233,741,126,47,789,917,193,594,531,709,654,239,393,548,139,1022,884,164,892,12,1012,79,973,174,885,73,469,700,609,442,977,310,770,719,290,439,623,112,841,1012,46,700,387,124,139,955,908,239,16,206,50,464,641,831,78,833,143,462,593,620,531,124,623,300,878,20,366,985,585,770,392,766,69,61,908,46,174,36,317,29,992,993,301,502,759,869,818,772,808,889,352,125,949,811,132,534,907,449,163,4,46,543,4,41,929,636,1006,967,24,147,389,527,201,78,985,1004,432,718,316,476,42,143,654,17,712,473,676,562,558,478,121,960,125,160,687,911,457,235,489,841,952,61,635
419,654,533,856,755,455,180,836,624,507,165,463,542,74,482,1018,1,452,611,132,452,310,194,978,639,871,913,365,833,191,215,404,718,872,641,428,576,900,706,227,801,660,874,896,895,295,611,239,461,698,881,327,529,993,321,614,535,982,759,178,514,143,844,305,615,681,738,492,878,963,448,643,736,503,449,332,321,561,608,614,449,143,880,346,448,533,227,495,190,49,452,179,480,376,610,449,284,177,134,493,135,374,610,925,561,881,966,4,554,217,641,829,629,519,2,195,982,303,139,535,664,978,644,217,968,832,644,619,139,664,468,130,176,986,807,642,221,1008,704,836,208,211,580,967,145,877,257,847,376,463
554,761,15,276,40,400,1022,114,44,224,1023,486,262,406,308,306,228,618,1007,384,1005,798,137,234,177,438,878,502,894,390,755,360,795,993,616,50,14,495,878,89,697,129,526,297,808,680,298,785,404,190,297,748,929,761,438,793,203,549,606,360,282,246,1021,826,111,472,696,380,983,484,438,879,293,105,45,238,580,888,249,241,889,965,411,825,844,7,710,987,143,97,268,460,138,495,13,747,795,750,830,492,628,224,310,788,227,880,164,234,204,247,340,437,567,300,230,185,879,823,424,145,877,217,460,435,163,172,926,216,840,227,249,614,459,933,846,639,991,73,688,763,148,639,896,30,2,394,230,332,801,809
208,458,478,376,809,343,442,186,489,244,841,901,445,965,363,215,502,120,444,949,24,344,470,725,549,392,893,705,739,29,658,467,337,905,777,232,751,97,110,232,231,721,733,555,866,1011,935,913,549,355,764,465,649,355,738,761,498,919,555,569,658,453,995,958,755,912,46,464,733,378,338,1002,809,581,7,705,334,489,151,951,737,705,714,741,494,913,957,781,259,737,613,938,905,1010,818,343,529,983,556,753,465,961,143,755,609,755,525,985,617,230,195,6,90,578,348,107,48,690,881,502,344,1016,946,246,869,381,307,690,709,296,446,957,630,245,242,630,457,150,243,437,982,913,82,446,275,723,981,344,989,227
890,749,187,228,866,607,733,544,938,235,342,62,595,387,661,1000,557,210,521,217,892,1006,924,633,689,396,559,841,505,275,155,999,204,671,106,931,941,627,188,145,1022,364,245,223,589,933,933,821,333,210,876,819,14,282,812,178,196,366,675,180,809,496,674,611,403,250,481,346,222,281,359,563,245,693,172,895,840,525,518,359,750,222,783,355,348,364,104,712,661,217,681,875,414,745,529,821,419,228,332,597,884,354,886,355,516,841,581,617,204,477,169,885,18,971,277,155,833,211,346,133,918,751,217,621,674,300,869,634,995,701,172,802,211,621,870,547,699,867,613,213,910,362,883,490,414,821,669,227,841,989
356,303,340,885,476,490,906,410,450,274,604,868,602,678,637,607,419,380,536,540,287,586,396,62,782,346,842,431,446,578,493,291,729,657,508,692,544,635,732,632,783,506,319,835,376,466,339,646,835,283,759,290,376,733,285,413,757,792,520,701,287,835,274,732,586,130,220,637,757,975,184,31,63,237,447,494,524,357,605,700,253,539,554,462,379,853,386,387,460,578,331,531,157,221,514,543,0,544,852,620,377,853,858,202,435,744,868,356,899,490,536,434,835,314,796,831,701,846,637,910,510,344,210,141,87,348,191,864,601,687,212,388,485,324,450,732,535,559,148,619,602,830,936,379,842,199,253,765,401,835
875,812,378,186,204,711,803,373,651,384,274,239,724,249,823,674,931,268,1013,190,205,364,596,792,849,320,146,897,274,843,70,91,531,531,161,668,101,513,364,247,683,316,76,162,594,64,972,969,357,243,905,62,70,827,243,716,595,50,790,756,890,146,540,543,524,819,290,65,706,783,197,675,901,970,787,220,732,198,508,796,887,563,507,867,711,711,43,198,821,627,736,723,284,362,880,331,349,883,172,876,50,197,58,659,72,911,204,364,106,587,234,506,684,378,91,787,784,205,364,205,579,935,203,796,362,706,659,490,717,782,860,659,82,877,155,339,366,524,729,376,778,523,204,333,636,77,89,318,331,198
536,569,633,636,886,677,1012,366,574,680,311,495,558,566,514,489,169,879,305,700,472,648,680,752,113,438,509,871,380,544,319,927,111,416,326,597,602,955,326,868,124,446,726,273,303,942,574,23,191,1012,279,563,1016,396,848,372,322,446,0,477,649,572,529,604,283,835,36,287,39,435,516,880,239,687,575,85,446,383,613,638,365,575,606,287,30,512,575,569,214,100,480,375,690,369,553,305,254,905,1000,465,805,560,246,569,766,431,380,805,55,117,22,1008,14,189,703,303,27,31,507,463,547,89,895,39,57,120,327,567,1017,559,556,303,446,943,860,603,206,23,744,228,767,814,599,851,598,700,207,598,187,159
965,252,982,484,943,689,184,41,714,423,676,948,338,366,377,926,958,431,311,954,421,55,430,643,248,249,507,839,147,851,823,663,437,938,660,151,878,155,36,697,51,510,703,251,112,833,177,944,177,497,244,51,521,672,247,760,863,826,924,991,510,214,660,252,835,51,689,267,689,199,952,758,693,974,458,112,369,23,190,94,127,953,443,155,306,54,183,954,691,798,692,293,817,836,315,692,175,716,375,794,344,694,64,982,51,818,702,874,695,152,640,693,864,896,416,672,242,836,913,828,945,871,417,942,887,169,865,49,311,661,165,702,159,185,249,510,380,642,823,278,311,880,185,883,820,458,498,151,951,632
590,796,1011,585,951,750,757,138,64,776,336,966,855,471,462,851,249,83,670,868,467,487,616,562,841,841,726,908,967,569,857,484,914,628,905,650,386,650,412,926,881,419,566,317,906,301,898,589,618,796,522,315,478,492,756,459,67,571,38,577,612,517,750,138,650,780,797,239,983,729,573,87,778,366,261,805,540,138,539,175,483,507,841,226,520,338,527,644,539,554,729,566,4,873,769,905,72,414,326,625,923,536,538,11,780,273,157,289,88,462,388,841,537,650,617,790,835,539,854,382,388,740,292,855,780,630,239,542,490,966,581,138,19,287,684,390,14,937,270,663,909,513,625,230,738,739,793,386,577,921
367,327,23,619,206,407,649,201,221,278,144,587,472,590,333,661,133,592,189,417,392,80,922,511,37,41,727,471,872,738,206,855,922,879,964,64,70,584,272,961,890,468,994,814,481,576,872,98,839,900,78,861,5,71,174,550,890,487,206,718,874,367,80,456,669,512,77,576,988,408,424,840,368,105,161,606,246,861,939,34,1013,799,485,872,244,528,610,872,249,225,401,87,495,602,882,180,554,240,425,817,69,80,118,879,485,489,246,342,583,200,732,696,105,879,785,861,166,594,645,434,552,834,37,853,836,1000,733,804,1001,591,511,162,405,668,920,495,780,725,379,49,401,73,206,879,765,480,804,853,488,468
805,329,460,881,31,726,351,20,92,637,556,333,149,582,882,787,870,436,126,133,573,891,868,588,102,826,542,176,351,223,298,169,661,676,605,198,718,724,292,223,798,836,341,290,499,292,810,221,94,401,390,868,277,78,713,637,221,829,516,591,732,141,205,873,590,689,166,827,1017,883,909,612,607,92,437,350,835,318,793,603,861,374,580,215,436,349,133,230,212,884,774,983,486,990,304,292,21,126,835,588,67,76,586,78,69,351,796,972,734,526,258,626,70,349,909,349,654,628,896,974,113,383,333,608,788,221,836,614,422,5,283,190,284,601,333,861,293,602,788,844,219,686,1018,867,175,310,722,883,100,57
30,371,993,286,436,49,517,772,964,471,184,791,791,814,345,832,328,324,298,784,722,847,694,516,629,340,281,88,63,292,789,1022,885,852,514,389,518,859,270,14,300,286,340,817,785,656,23,406,757,51,55,36,814,304,727,597,817,714,280,528,2,85,727,133,375,673,534,665,660,72,606,408,312,116,534,933,5,185,624,828,30,358,214,856,796,598,310,410,789,72,606,28,706,415,654,42,834,1016,694,424,541,813,817,578,34,692,81,85,606,694,16,811,635,917,720,563,228,233,149,110,340,407,873,96,606,567,538,831,91,795,912,30,933,150,529,136,286,273,798,755,528,936,277,821,766,937,754,84,400,174
994,365,19,195,737,929,101,160,865,513,641,851,723,248,161,352,538,993,480,846,697,497,482,553,323,653,833,486,48,401,903,930,945,802,634,256,14,419,627,257,673,648,931,38,690,900,352,930,401,755,620,484,226,386,834,981,134,742,403,358,765,513,368,41,699,290,977,485,497,707,385,1001,849,719,430,766,33,143,929,948,220,865,534,919,819,516,812,477,913,879,257,504,903,677,982,382,403,369,729,697,115,673,649,489,511,360,486,406,904,776,981,384,337,906,951,514,136,737,972,485,456,259,1011,585,365,917,764,646,224,885,384,282,58,398,520,929,191,856,513,302,144,375,418,963,1019,4,934,972,32,128
832,383,832,612,396,775,14,779,282,917,578,832,689,279,213,336,96,380,324,324,266,775,803,945,592,314,167,512,850,153,833,913,942,862,74,75,251,673,822,336,833,575,707,336,623,895,802,341,0,665,132,864,193,256,149,961,988,268,601,635,53,758,78,382,783,0,328,73,896,571,569,330,975,259,902,10,314,512,216,803,651,944,842,859,608,865,578,88,327,75,635,318,288,396,546,523,199,864,1009,640,664,775,17,160,320,399,497,291,536,520,851,153,920,704,639,343,612,52,512,721,837,104,298,176,707,822,500,615,298,208,561,782,906,560,867,992,251,615,0,651,100,871,641,902,176,617,359,807,632,527
242,810,403,526,17,900,538,339,275,338,347,719,157,914,803,497,781,877,287,90,571,154,540,50,682,735,749,896,961,772,814,742,259,60,870,944,117,343,485,482,559,541,497,789,644,102,854,580,955,580,834,42,804,587,551,854,743,794,562,990,59,399,871,521,860,871,509,727,31,620,530,840,803,591,504,725,181,522,767,134,183,36,37,407,604,682,110,884,714,830,100,772,71,660,795,772,7,611,761,700,456,950,341,0,397,897,305,189,804,37,876,155,5,1011,822,820,23,772,317,804,163,877,413,826,228,11,682,306,571,481,269,13,868,62,646,428,557,61,133,772,615,950,314,440,894,804,830,877,411,549
823,984,247,823,482,9,408,497,182,249,951,816,481,399,239,952,809,888,150,498,968,1014,949,804,824,411,497,1016,437,931,132,932,824,987,675,522,1008,193,985,880,249,905,492,255,690,919,953,752,369,810,394,423,447,374,218,254,240,255,952,244,738,203,988,433,232,676,201,888,939,644,677,624,168,789,254,422,569,791,175,122,689,10,1017,177,238,185,1001,181,223,229,137,113,816,893,688,877,870,368,688,584,495,830,826,187,954,816,706,122,966,243,980,804,987,9,678,377,129,196,601,985,958,904,1016,824,287,183,143,129,111,689,224,79,893,664,461,880,689,159,888,127,311,664,267,932,864,537,971,195,532,792
431,773,807,966,395,942,139,644,946,702,811,944,43,255,981,979,972,818,499,552,159,393,411,7,263,589,599,34,4,864,842,559,562,620,275,347,946,973,699,262,912,7,938,797,12,61,750,484,13,119,235,542,247,860,404,940,71,7,84,251,244,982,944,371,948,423,886,244,49,948,916,850,932,50,210,411,732,948,495,166,501,427,56,973,916,545,917,39,531,402,979,949,561,806,110,626,241,951,245,716,413,838,61,989,793,468,492,244,915,871,139,982,171,250,987,901,87,603,359,560,123,469,407,966,972,234,561,598,403,125,69,836,355,142,917,533,686,726,72,196,245,245,978,403,12,394,566,836,237,28
760,592,687,678,971,156,667,129,440,682,666,422,241,138,687,680,383,983,777,424,425,447,991,394,749,32,732,522,42,353,344,527,25,642,112,211,478,415,637,459,976,969,631,522,362,759,1021,922,685,916,668,538,384,496,873,210,281,278,662,317,714,900,257,736,315,904,955,634,198,259,431,353,706,187,920,924,962,946,424,616,842,600,488,687,137,920,650,84,411,404,23,920,419,400,754,334,1009,661,670,202,656,521,679,429,403,610,440,589,274,648,766,936,777,413,601,461,284,471,317,407,306,699,898,405,326,673,592,415,286,401,20,40,224,667,335,284,32,311,45,104,696,117,955,265,585,18,973,88,153,261
923,640,311,522,175,421,958,949,879,276,160,947,809,956,686,602,878,425,738,4,791,233,113,92,734,401,348,290,312,163,810,51,278,294,415,435,477,213,883,940,716,38,38,209,893,53,804,176,748,619,170,330,670,966,196,319,172,883,976,949,673,823,624,160,747,762,843,947,878,194,677,322,747,298,983,1013,227,1014,513,243,308,211,276,906,44,134,732,369,736,172,189,323,278,145,179,51,163,442,690,230,288,290,550,730,773,49,738,804,164,702,932,297,906,835,274,732,615,38,167,44,706,423,656,716,674,676,732,693,247,275,913,281,324,204,166,747,743,908,873,449,241,674,816,583,883,580,37,1023,747,404
813,563,965,1010,957,469,388,986,302,33,783,949,255,416,943,333,102,946,29,797,399,931,671,46,629,693,30,786,419,709,437,424,70,29,469,926,121,156,103,412,306,597,951,957,426,949,319,412,408,418,140,155,650,21,293,906,96,14,781,920,622,920,787,721,543,986,637,419,887,298,229,989,430,735,5,715,434,402,95,157,908,933,430,213,413,33,165,411,910,134,218,130,424,0,30,649,309,448,470,78,370,842,188,631,757,31,670,117,696,1013,252,690,476,937,914,914,99,909,284,791,351,725,609,7,241,502,192,370,783,797,890,705,840,778,854,1021,543,158,797,114,888,69,156,309,927,704,302,840,55,136
256,808,378,380,669,797,845,799,388,141,278,183,28,732,810,278,694,1005,519,845,143,560,1008,48,989,6,330,842,604,324,596,356,517,595,780,661,493,513,778,501,125,878,22,275,477,636,117,266,492,671,45,7,391,326,861,128,599,273,47,781,395,728,999,817,552,42,989,256,829,221,461,298,759,13,261,327,536,808,587,33,15,494,364,809,989,412,221,984,721,942,664,106,441,661,7,1021,824,455,442,558,16,190,560,829,391,606,638,728,636,516,861,365,973,600,971,397,93,768,582,160,20,524,1013,0,110,440,518,566,7,340,543,497,600,24,890,940,551,531,962,763,46,724,54,367,607,494,305,93,865,535
364,183,1014,437,943,944,679,189,937,654,991,215,365,288,567,782,654,290,857,1015,958,175,298,718,318,890,181,114,678,557,631,94,604,461,70,912,488,327,605,605,157,874,152,830,719,503,672,691,346,1023,125,830,172,348,317,128,806,610,181,157,984,976,137,666,480,888,864,986,76,189,74,332,956,518,188,480,766,989,1015,185,511,966,967,247,122,304,381,350,380,828,524,948,715,703,982,319,679,360,970,650,167,813,65,398,429,959,900,807,79,129,592,317,314,70,839,401,519,93,899,135,152,991,189,1015,799,710,283,812,493,780,490,619,702,488,238,175,225,160,800,993,669,583,532,128,583,991,753,703,931,238
676,190,217,656,246,1015,96,149,686,994,422,225,49,404,935,764,813,766,907,812,678,639,706,430,266,20,814,524,619,668,476,868,761,706,751,989,729,906,316,258,646,958,708,688,660,684,474,429,325,258,1007,678,716,707,827,938,301,678,534,731,270,688,79,292,875,676,759,282,941,909,43,256,684,844,844,404,749,192,916,935,723,544,652,733,494,427,993,332,732,747,450,262,812,226,299,190,876,684,881,523,471,314,877,723,942,925,755,235,390,761,921,547,682,716,392,889,713,655,340,857,807,1005,301,132,225,940,141,868,476,717,356,289,836,114,299,244,301,130,973,99,104,931,118,175,676,212,276,749,755,932
157,949,987,533,29,636,844,395,989,91,147,421,626,655,189,93,374,861,613,883,437,476,703,617,706,270,476,857,453,726,997,893,693,609,556,630,694,678,418,119,41,560,855,854,988,789,831,533,86,890,900,574,588,151,565,433,631,541,400,392,550,646,533,418,239,433,978,996,476,701,783,662,143,31,575,203,269,621,814,952,380,369,550,426,683,930,406,580,244,327,95,694,158,143,531,491,573,891,375,860,476,476,688,524,438,739,979,776,529,28,526,54,540,472,646,177,748,599,191,163,28,239,392,29,29,147,560,375,985,232,439,524,425,388,965,859,23,575,401,452,741,319,349,26,855,136,662,822,150,38
374,72,685,182,214,38,0,407,180,926,423,12,293,30,748,953,533,27,919,588,420,278,857,358,947,851,383,476,295,884,720,222,773,455,797,520,81,193,836,12,585,351,198,632,55,564,926,730,755,670,486,542,839,536,376,897,365,110,525,375,76,553,392,62,819,285,667,668,533,941,167,877,1020,141,86,190,865,529,14,149,202,643,479,274,794,515,589,53,247,441,626,581,88,95,556,115,13,864,333,936,926,429,269,349,797,173,95,135,588,478,94,87,328,495,769,1013,754,824,794,222,514,161,209,552,345,940,711,799,856,19,605,269,1021,854,111,853,36,266,33,92,1,262,638,896,961,717,355,220,319,69
333,6,787,902,455,376,567,349,369,119,461,311,482,281,1012,603,566,998,495,500,463,125,423,266,282,559,705,151,1020,412,405,645,698,475,91,674,766,369,102,651,174,912,406,742,507,423,390,983,534,766,198,345,223,989,406,509,716,87,694,967,990,865,449,694,447,938,647,1019,221,74,670,151,742,37,167,721,948,894,267,806,581,369,826,603,918,98,765,919,429,920,914,693,783,719,731,683,946,827,684,211,321,868,1015,996,764,742,169,742,777,740,220,429,236,693,270,644,164,6,314,854,341,838,733,553,276,365,672,431,695,353,266,429,272,33,715,253,556,998,358,380,723,731,193,285,733,971,323,647,129,344
384,720,389,792,159,536,954,890,58,187,977,733,489,123,991,267,156,152,740,989,152,455,82,403,116,1000,592,7,447,209,785,850,652,965,730,842,233,984,834,664,224,938,736,905,970,139,991,874,27,735,210,493,25,577,0,1001,421,408,842,952,644,671,267,7,618,626,447,507,984,920,989,155,956,643,416,994,311,153,24,970,671,669,133,665,222,536,845,536,432,384,665,24,153,260,536,135,57,25,442,408,664,427,999,169,664,408,413,978,533,426,992,522,658,914,139,941,896,266,143,447,416,891,134,824,811,646,280,877,650,857,133,882,989,824,644,1004,650,912,281,859,159,130,69,425,543,10,653,383,978,331
317,827,112,282,206,289,134,139,973,73,620,311,958,863,832,607,38,413,351,242,513,330,369,329,13,581,859,525,452,395,648,172,683,694,872,330,287,297,264,925,574,614,972,271,811,710,129,524,313,266,672,367,840,589,968,320,607,347,973,525,778,525,201,436,653,524,525,328,360,41,960,285,8,909,545,628,0,165,361,32,377,271,664,796,257,972,599,906,352,785,269,649,615,768,525,820,1018,585,704,589,375,300,776,287,614,859,489,796,877,122,432,195,841,408,589,295,334,517,880,792,565,806,663,432,611,371,271,942,628,672,567,871,565,755,795,139,904,168,785,392,819,968,383,281,203,589,992,781,20,974
641,784,878,910,587,1023,972,786,320,509,934,154,32,829,554,812,792,457,137,295,211,148,794,266,405,513,753,833,61,19,372,935,155,779,22,770,791,928,446,792,634,881,785,882,982,271,294,589,273,680,189,189,53,267,797,55,11,839,939,150,838,294,155,204,716,396,24,954,144,934,784,437,835,279,860,858,527,650,919,525,797,854,671,1008,886,874,413,778,976,147,877,452,150,872,675,21,978,255,29,771,902,27,559,920,45,383,645,146,775,970,682,280,980,461,897,577,127,245,285,22,881,556,665,512,47,1,68,845,276,271,52,641,572,15,74,17,910,285,712,520,765,64,415,121,29,797,784,10,588,349
262,672,249,690,704,298,426,132,138,134,308,413,1014,3,138,839,835,407,887,166,119,933,314,269,160,629,684,166,278,672,676,976,314,725,967,646,672,984,59,966,678,295,23,204,528,698,53,163,743,390,85,997,799,737,407,672,450,685,247,130,719,967,972,406,429,498,647,594,970,660,905,505,417,389,988,615,393,53,391,397,512,672,690,887,1022,681,678,724,421,661,925,663,670,851,672,698,1021,5,417,924,510,615,461,804,99,308,416,966,970,614,595,165,674,187,519,439,149,416,630,62,918,155,608,182,990,992,688,143,676,450,459,268,61,1010,162,623,263,657,845,855,845,425,662,389,1015,54,698,145,501,967
898,818,51,745,383,842,494,243,385,512,866,212,41,932,159,365,37,212,431,801,571,513,878,817,366,14,889,228,383,53,813,772,290,733,869,682,899,356,748,610,619,14,41,194,395,362,5,313,331,570,324,808,107,245,41,14,883,25,110,58,559,81,12,174,164,355,185,781,943,751,22,140,366,638,553,639,603,334,556,240,623,890,808,882,790,426,311,371,780,172,877,559,43,296,238,989,416,813,530,495,174,772,809,850,300,293,548,556,809,593,235,302,932,553,855,873,557,665,63,937,41,542,106,684,53,37,37,57,29,41,51,991,302,51,873,304,17,809,329,923,821,850,939,140,1006,239,331,415,772,619
1003,279,620,187,889,137,929,826,233,313,368,153,158,753,1003,889,316,150,127,146,25,315,111,827,784,916,488,847,809,569,105,380,390,146,892,187,971,326,800,292,863,252,757,81,155,316,250,753,452,521,889,161,975,883,652,764,254,830,297,184,508,847,721,189,894,344,30,806,292,327,541,128,763,127,627,92,847,884,19,155,64,16,428,930,643,882,292,516,382,238,310,700,297,24,943,575,93,107,803,156,793,793,845,807,748,881,374,901,134,315,294,1011,89,705,103,168,160,926,190,164,932,252,254,115,161,847,958,331,635,780,639,831,78,172,292,828,107,887,263,100,457,336,799,743,346,812,307,188,967,297
705,515,3,433,351,12,647,451,914,694,708,811,931,100,581,466,461,7,879,332,827,395,131,112,512,958,323,312,11,888,361,70,477,514,350,35,542,867,875,558,112,45,705,285,515,788,460,484,555,518,566,516,129,643,454,988,478,842,560,845,948,84,37,552,566,836,578,453,342,475,212,993,836,804,379,393,929,325,210,948,59,876,933,1004,277,436,875,722,253,266,549,357,43,393,637,413,429,120,657,770,416,966,0,40,585,621,413,357,11,964,69,12,206,583,337,705,632,834,80,475,13,590,516,365,357,514,881,454,497,900,401,1,479,279,1021,963,357,42,836,91,449,440,536,453,326,331,907,460,543,902
161,655,378,907,901,1006,480,725,308,424,697,294,408,184,158,326,9,537,585,534,49,547,674,595,387,613,561,187,722,931,552,967,966,270,945,447,155,362,537,905,482,545,343,279,725,727,194,335,143,585,167,643,190,439,898,898,848,495,752,265,432,705,646,354,713,426,551,211,514,945,174,305,399,611,306,689,149,786,910,200,853,713,614,521,559,462,231,615,14,1011,862,889,10,934,296,521,587,531,182,384,40,270,530,537,561,364,954,721,743,899,426,848,889,376,975,524,399,979,710,402,166,334,712,921,436,334,385,441,340,158,814,149,830,744,664,440,653,340,162,417,377,5,334,393,675,378,713,846,923,873
929,722,578,890,852,521,0,345,770,186,316,322,920,339,323,997,650,763,10,326,643,362,643,341,96,859,344,646,771,339,172,362,4,474,338,819,746,805,773,640,278,356,164,258,724,265,274,444,720,963,323,874,403,356,88,1010,770,563,769,977,428,546,197,356,963,323,555,819,521,437,88,873,778,672,24,900,350,1,675,63,3,325,327,839,132,964,874,774,717,388,565,179,549,21,261,563,771,166,316,344,605,876,58,517,650,925,906,325,152,722,15,322,279,712,650,779,546,285,595,561,874,325,513,840,494,698,15,352,954,579,896,362,92,513,261,710,38,815,169,730,979,847,899,617,901,281,952,338,643,643
792,904,877,921,915,1013,758,248,415,704,461,704,454,95,454,345,925,607,138,751,185,677,138,966,64,504,239,682,87,641,848,411,781,950,250,591,978,925,600,951,441,921,977,720,737,971,95,697,767,462,222,950,704,446,376,464,110,37,539,72,334,149,170,971,848,225,248,448,725,562,533,619,11,414,74,346,344,739,907,925,985,924,408,183,469,925,175,535,704,967,1017,808,681,415,696,234,474,983,151,991,538,57,971,286,729,95,513,988,1017,734,925,984,157,8,148,664,463,695,472,683,997,90,975,665,64,683,470,997,458,940,547,697,158,467,664,386,47,664,27,762,967,189,470,414,967,270,767,697,697,336
672,895,188,649,433,34,214,603,273,967,966,223,124,391,799,709,886,964,158,31,198,896,247,568,652,615,198,326,141,716,164,17,362,133,358,927,572,672,444,819,285,875,174,258,799,172,97,1012,692,371,799,999,871,903,669,902,837,927,973,300,917,859,198,857,278,796,650,913,701,603,938,870,912,375,646,732,578,132,950,907,241,502,711,647,718,57,853,278,942,845,755,886,382,711,670,461,795,269,611,379,823,279,948,918,707,31,845,1021,924,273,207,964,924,690,638,423,644,668,871,17,964,445,718,871,173,783,406,45,209,226,753,911,130,278,1020,635,863,334,150,189,372,590,950,333,740,136,213,894,927,935
