362,866,47,266,832,243,48,1008,496,624,935,35,1000,352,1003,988,960,431,995,352,103,970,411,104,290,623,1005,675,357,605,304,508,1007,999,512,927,387,324,291,288,964,490,424,743,352,383,1001,1004,243,1002,866,243,160,131,515,162,368,325,304,820,24,1002,1004,1004,239,293,680,870,383,1002,788,418,64,382,836,876,1000,331,580,832,490,325,352,240,482,337,276,482,788,994,528,419,128,970,416,196,995,603,420,930,543,171,914,899,42,123,323,250,395,607,103,379,359,64,902,832,896,320,231,1002,876,245,287,626,480,1007,1008,352,368,369,1000,623,624,1018,480,868,296,480,952,997,228,645,1000,372,1003,1000,227,613,359,704
282,127,93,579,84,312,335,612,580,69,608,225,156,320,18,637,580,212,633,376,1023,212,356,613,920,9,259,416,28,276,612,287,852,188,26,440,325,730,1005,21,918,193,323,652,639,201,333,419,844,576,655,988,381,157,669,328,964,580,29,317,335,579,144,28,956,514,589,20,548,941,256,607,320,543,320,325,333,278,317,47,93,1005,575,404,192,356,963,607,29,216,596,980,187,1021,724,581,663,257,20,461,184,727,286,950,926,284,147,672,260,24,276,528,524,259,957,332,648,192,40,512,920,640,132,465,591,649,344,5,981,275,589,28,544,281,184,396,332,451,1021,641,540,613,976,733,637,212,921,580,542,220
715,42,442,494,717,932,473,255,611,894,271,899,208,244,230,948,182,751,728,971,121,894,941,865,963,414,25,434,829,713,878,900,25,221,23,244,929,225,353,844,263,536,988,886,316,577,912,928,1001,745,13,964,221,732,897,957,476,992,771,670,217,739,948,195,484,1009,741,665,564,992,897,960,733,145,641,948,205,1003,115,416,473,921,947,254,734,963,973,203,993,888,663,1020,313,248,318,796,1001,660,896,379,406,460,170,416,927,713,100,207,292,1005,746,788,987,11,966,225,678,422,106,756,412,973,484,166,951,1019,244,935,100,715,158,68,957,729,230,1002,14,111,1018,746,751,318,932,225,379,943,953,252,912,244
565,471,80,132,471,467,93,79,273,752,754,488,82,156,61,471,593,468,1010,565,726,241,729,720,383,57,715,466,613,722,745,570,369,837,9,1009,721,517,452,977,114,121,899,913,845,693,573,893,709,62,506,19,407,113,218,934,843,855,889,183,848,561,978,151,529,505,569,549,400,519,855,420,949,54,551,252,575,570,862,713,570,825,38,610,1015,889,380,608,119,313,313,205,559,723,518,660,753,613,253,73,596,708,473,721,335,131,570,519,385,637,529,752,612,521,328,593,761,158,342,590,529,569,226,854,217,548,550,82,465,532,573,247,533,114,716,759,518,525,500,912,562,92,569,969,562,22,761,521,49,82
959,604,415,448,755,45,212,925,100,941,824,891,1000,1005,206,457,503,462,199,198,173,532,870,239,478,875,892,939,335,74,216,870,320,848,1021,480,232,916,549,8,864,783,864,1000,562,355,137,221,197,148,864,927,895,854,120,88,894,629,1000,741,1000,107,126,140,310,152,463,463,254,80,376,200,127,329,902,157,895,784,471,767,941,320,184,955,1005,562,216,798,965,980,62,867,496,373,221,180,493,761,748,992,210,241,483,942,71,56,455,221,364,493,885,746,576,67,916,482,448,376,480,460,492,622,797,973,788,775,1023,968,485,934,1023,639,157,901,892,231,216,117,996,324,870,210,885,736,803,175,350,227,335,868
706,653,495,72,772,721,69,649,709,746,969,573,217,572,685,99,583,605,239,361,240,852,227,714,98,569,101,759,301,727,717,229,642,463,384,717,107,492,597,552,253,486,528,239,1004,54,740,1022,194,335,969,137,668,924,205,205,204,714,269,159,225,252,1000,549,383,940,72,45,744,351,256,297,200,803,711,516,404,460,199,492,547,231,663,96,770,239,333,96,824,98,374,589,712,905,1019,650,468,1005,71,275,676,653,605,820,728,468,458,777,336,192,229,694,706,717,265,647,198,729,549,719,450,625,495,370,457,0,559,172,202,253,229,754,724,744,914,724,890,610,621,192,316,967,724,495,925,450,200,752,648,762
403,307,787,425,824,962,53,684,480,91,139,435,563,681,795,28,928,684,52,667,272,1016,922,216,59,99,687,692,755,531,531,393,55,761,143,349,40,19,408,211,564,693,667,514,435,41,785,603,660,566,27,568,251,930,438,371,755,201,945,643,408,47,298,671,139,243,416,246,756,669,561,305,99,689,259,331,899,227,660,754,1008,835,213,432,11,563,441,752,531,296,770,684,155,812,803,146,985,675,280,787,536,41,987,416,347,184,272,407,569,249,120,424,379,717,433,985,19,899,75,309,83,150,398,984,785,120,131,297,142,689,817,263,415,280,306,99,948,137,110,987,131,387,928,978,913,257,147,908,11,34
1013,993,464,1022,464,605,917,615,473,492,46,476,858,830,504,321,735,1022,121,462,575,93,993,239,473,914,436,476,186,205,476,46,878,458,575,196,254,916,782,828,254,126,986,703,861,476,542,385,252,845,316,875,278,724,801,141,804,635,909,89,214,478,493,670,444,485,776,746,829,472,876,733,467,669,892,870,1022,121,291,638,474,974,1014,510,398,478,1022,57,1022,601,461,186,1019,84,314,713,918,452,996,809,308,465,476,454,348,1018,955,912,478,346,916,152,478,254,781,865,153,794,387,457,21,894,107,653,429,988,345,861,120,500,783,240,813,601,602,953,473,452,472,176,1020,1022,825,796,254,473,473,483,230,322
948,355,945,955,407,34,668,59,418,802,167,947,887,786,783,242,120,419,421,483,245,906,142,497,299,567,931,410,899,22,580,662,891,501,332,902,427,947,928,432,952,51,899,435,243,1013,23,431,51,136,75,926,12,955,784,94,974,928,951,870,456,438,900,245,422,250,448,1018,942,800,194,181,814,1013,810,834,821,583,870,45,834,279,423,944,451,19,50,58,822,947,137,222,515,307,391,30,38,821,806,947,125,933,398,451,863,827,876,51,586,456,395,853,247,162,168,434,870,989,253,931,909,835,418,915,967,950,976,67,804,832,182,434,913,686,954,418,503,903,802,938,615,162,178,420,416,952,875,222,906,887
349,344,367,713,984,968,799,623,807,975,207,837,896,424,459,267,20,524,639,194,908,975,339,328,989,362,567,593,602,361,199,979,646,716,555,339,395,811,429,894,677,461,618,378,655,802,976,641,224,333,583,841,975,448,267,907,635,351,587,459,797,584,648,959,1023,783,578,439,367,284,694,40,498,340,967,125,779,350,982,424,592,970,219,660,362,459,797,445,328,952,592,381,647,451,489,649,321,714,685,675,925,328,872,760,648,631,555,200,450,463,320,724,587,779,361,459,668,637,968,715,576,627,347,783,310,876,362,432,740,624,799,452,682,535,290,847,456,972,498,344,456,543,472,842,840,419,600,267,527,599
402,466,814,500,694,731,474,73,985,420,397,817,509,996,451,430,921,1012,126,825,473,605,317,756,109,246,1005,1021,637,362,473,1023,1016,530,438,874,555,314,523,1,201,406,992,697,219,748,349,311,897,230,994,415,118,262,819,758,683,338,270,345,365,332,1022,94,471,750,458,418,434,471,321,349,854,993,353,1014,1020,993,423,238,750,982,959,494,382,974,735,1009,1020,573,221,992,332,530,411,385,366,1018,493,322,1014,749,540,350,473,985,311,497,713,981,970,1013,717,297,951,546,238,1018,462,429,566,27,473,254,252,430,972,345,374,542,75,437,994,465,766,462,321,401,245,414,410,76,990,473,713,329,964,478,766,991
692,121,987,732,858,702,553,860,532,715,704,860,412,957,233,74,571,954,73,74,337,253,1022,959,107,890,696,693,553,681,629,94,689,70,839,314,242,115,60,225,985,112,115,984,202,921,625,180,841,732,698,563,836,711,700,198,153,248,405,689,249,225,603,505,832,985,688,696,496,557,761,553,942,76,377,890,202,202,242,542,113,790,860,914,944,825,137,126,891,536,713,314,24,345,633,516,369,153,655,202,560,931,94,717,946,322,329,202,201,88,720,685,660,28,958,70,954,601,89,197,717,558,698,707,679,553,1006,586,572,698,56,161,538,190,570,860,702,249,773,25,570,41,25,793,914,167,116,122,1001,225
992,828,53,33,598,633,858,921,322,692,444,868,482,738,313,313,403,1006,568,958,666,666,633,979,745,700,382,604,858,665,521,805,1006,320,969,582,347,581,114,665,684,290,25,700,29,274,963,811,934,669,650,519,633,408,694,425,821,929,553,985,668,633,918,937,393,285,948,874,433,332,83,669,490,165,382,442,695,674,799,281,311,695,753,634,337,275,36,744,795,62,671,410,681,289,678,1002,262,665,553,746,633,529,961,282,700,1002,279,873,339,528,458,910,406,710,988,978,656,323,1017,802,281,824,970,933,921,378,1002,289,373,697,441,25,274,938,313,431,938,313,668,442,956,797,394,642,892,746,541,298,540,282
345,540,668,153,319,512,967,264,284,592,522,408,349,433,939,416,943,409,1020,208,465,737,400,348,145,604,425,536,551,728,916,720,848,401,277,285,325,304,999,402,512,328,855,355,516,924,923,597,456,153,349,324,798,987,925,988,988,1008,1017,517,435,326,409,212,552,281,977,904,357,721,464,272,607,976,405,88,906,281,305,395,604,222,916,567,920,761,445,922,988,924,725,769,988,1001,564,196,927,297,297,981,190,408,150,796,217,411,337,960,448,732,940,796,761,967,885,345,673,624,917,603,960,905,213,302,219,317,911,135,744,504,505,155,991,961,601,445,1013,913,68,940,859,277,88,313,904,504,321,328,744,409
327,1015,322,359,23,999,254,219,155,759,606,26,775,1015,950,903,391,935,45,149,30,254,411,311,247,240,82,631,730,135,799,699,203,252,726,168,784,115,1015,240,28,1015,996,56,823,28,1015,721,46,242,775,370,324,45,971,946,722,598,62,816,366,814,101,375,8,119,55,248,103,246,467,887,946,82,624,1015,823,423,823,975,851,1008,158,62,247,966,1015,454,571,698,1015,1004,407,974,431,343,1015,58,10,1015,606,101,1015,722,356,28,975,775,502,71,988,450,213,31,967,450,15,862,91,722,982,896,823,212,498,1000,958,6,690,31,346,103,823,158,703,695,47,240,678,834,819,358,703,471,583,883,238,871,1006,18
347,604,383,602,435,694,351,254,451,705,347,526,506,87,59,351,114,115,352,91,859,636,748,571,409,763,20,163,933,90,284,928,624,155,859,958,76,375,795,60,499,638,348,627,636,188,634,576,358,907,638,623,667,403,1008,351,638,335,383,633,443,351,751,403,780,171,638,620,635,876,527,630,560,861,315,638,236,379,622,403,816,731,11,380,854,503,383,338,636,879,379,612,636,780,455,571,356,750,121,612,630,606,475,95,87,707,652,370,523,859,636,763,539,351,88,88,582,236,543,338,88,247,172,380,604,582,91,567,535,618,80,501,351,863,595,351,675,80,376,852,311,470,639,611,347,377,204,748,713,84
804,262,863,327,262,350,854,447,429,344,770,485,846,431,821,550,783,423,363,876,308,662,719,398,383,735,622,391,662,815,882,918,295,783,687,837,763,868,386,666,859,890,383,777,423,838,390,386,831,317,287,639,831,399,870,495,504,783,587,278,613,810,687,118,815,263,262,886,866,262,807,783,934,821,719,367,519,359,742,357,467,599,867,831,462,879,805,453,489,871,802,807,553,947,882,374,838,871,278,659,393,702,783,590,915,722,278,309,47,626,802,507,515,350,851,261,410,863,785,398,367,319,383,686,743,296,870,319,325,399,366,482,390,187,376,126,326,585,474,60,297,839,283,895,786,831,806,582,391,839
36,649,597,62,369,746,625,47,30,975,866,919,989,29,189,56,83,78,78,1006,10,401,446,922,458,338,30,840,457,74,959,502,58,122,58,543,58,399,385,119,650,231,230,750,747,654,698,750,514,33,31,71,905,735,341,797,887,351,41,596,30,746,863,141,611,138,34,127,494,63,535,593,75,90,671,138,892,166,597,497,122,922,765,207,733,41,102,127,935,605,894,639,23,58,815,57,90,753,444,95,638,606,826,392,434,30,648,701,127,317,95,851,101,37,735,763,62,173,95,710,369,637,959,733,46,589,233,30,640,402,56,745,244,31,761,23,869,605,333,93,74,682,725,666,605,826,90,125,592,313
843,497,695,442,395,686,179,698,1003,879,635,371,506,1022,891,747,775,43,350,1023,984,1004,819,1004,502,47,250,426,826,790,86,204,891,111,780,864,1020,1019,934,1005,463,863,623,698,25,891,315,459,875,826,250,447,58,670,139,763,418,1021,454,98,143,698,1003,363,839,395,419,7,879,354,186,1003,219,994,178,698,428,392,954,754,667,89,1004,406,444,993,994,979,829,498,1019,59,1003,442,681,490,875,658,1006,459,189,89,951,235,27,337,315,411,250,87,402,443,458,1011,891,418,11,875,866,186,107,979,490,458,363,923,1019,872,891,242,994,561,563,823,782,59,207,250,439,747,1003,1003,483,358,701,682,763,763,651,891
164,953,163,170,827,419,968,811,488,683,270,321,663,563,871,58,935,974,132,939,191,3,483,1007,677,835,650,344,315,673,408,643,353,270,585,703,697,313,931,935,907,959,339,271,291,904,419,489,163,940,819,931,473,788,673,836,211,420,978,399,432,904,935,591,170,314,959,468,986,706,302,170,687,282,451,90,468,929,446,771,898,770,167,515,483,95,344,903,458,172,931,851,87,775,74,969,153,678,163,272,487,378,291,490,903,940,805,171,942,675,611,641,1017,827,775,419,302,294,929,138,366,975,943,810,353,366,938,937,163,393,520,904,828,820,138,83,392,936,953,935,968,410,906,803,931,975,931,770,835,399
19,54,501,305,910,313,788,456,52,51,51,720,721,689,59,732,241,124,766,676,243,940,693,48,48,712,673,124,746,115,339,6,50,831,371,309,819,271,868,145,920,28,604,933,516,112,12,405,54,676,187,121,756,548,572,51,414,120,296,437,946,915,37,36,380,411,468,931,972,21,356,86,340,247,77,92,179,445,327,127,444,304,101,756,957,229,100,34,59,953,48,49,696,16,683,113,52,325,60,540,124,289,997,910,483,100,697,380,60,726,28,680,259,231,817,302,689,644,862,124,9,693,305,48,757,803,302,796,408,457,694,765,368,940,438,502,436,447,757,697,817,509,945,52,414,309,713,41,466,805
962,400,126,895,713,836,245,116,221,226,212,715,121,225,887,682,124,692,696,889,685,698,618,413,88,996,609,57,916,636,570,159,642,697,364,697,216,248,381,61,255,505,692,41,562,226,242,74,756,63,103,55,112,233,242,699,569,890,112,766,1023,5,240,577,740,856,885,123,600,991,80,698,546,244,669,244,867,511,413,196,120,744,156,527,728,642,218,752,53,255,196,248,184,697,836,185,608,121,250,700,954,838,832,460,761,521,668,113,210,198,568,84,696,248,208,197,121,697,255,60,104,120,463,576,15,210,751,721,218,86,729,747,244,56,218,123,189,125,120,664,32,445,630,82,953,225,242,823,242,179
443,840,847,783,115,38,111,344,731,788,599,70,345,335,878,855,343,449,735,723,723,966,98,323,939,584,323,351,347,675,859,375,56,151,347,334,110,863,783,751,159,847,142,267,126,589,879,863,355,838,386,390,360,78,159,891,477,358,855,875,776,619,725,341,334,1011,135,779,470,422,647,718,471,934,788,343,271,878,591,75,363,991,594,340,474,107,344,142,191,431,588,805,342,878,478,939,457,699,863,334,732,447,350,726,150,930,980,985,731,142,862,958,462,119,334,926,735,86,345,326,891,456,715,19,56,691,96,685,841,351,980,326,582,939,478,303,334,68,112,987,70,991,494,827,117,416,591,795,67,463
744,681,41,34,38,884,788,913,260,581,797,564,309,933,481,476,625,360,542,37,371,579,635,85,934,101,533,36,212,91,757,222,717,120,312,919,259,675,310,108,665,265,96,571,1020,262,382,61,797,699,43,742,188,420,45,169,533,537,353,373,529,692,555,933,185,120,680,1020,1021,981,774,17,789,373,125,436,676,533,209,574,682,245,519,373,986,533,845,293,209,373,89,534,683,555,341,550,510,820,122,191,458,814,537,692,277,601,43,643,8,724,428,888,644,555,420,692,657,69,702,134,51,722,43,485,282,640,102,534,392,1004,37,121,513,492,69,420,258,821,259,572,513,810,553,181,345,278,629,427,172,288
85,567,914,914,155,871,216,713,880,996,912,530,763,885,690,164,87,804,1012,878,659,528,263,564,171,577,150,133,130,180,631,688,148,688,535,39,727,749,50,640,112,710,599,854,660,118,164,132,530,915,199,829,912,852,366,152,179,670,535,644,183,126,147,39,143,55,645,300,959,308,670,646,616,83,635,183,124,933,830,317,764,659,659,317,656,935,813,164,532,824,564,761,512,5,643,439,3,599,288,562,535,116,957,884,222,676,53,731,151,183,151,638,319,616,615,151,756,663,703,155,790,948,141,918,1004,8,923,190,528,196,1021,511,211,933,35,307,646,735,236,183,667,646,12,919,188,571,904,552,148,368
640,789,200,311,842,1016,833,946,357,227,676,951,572,951,964,119,588,479,10,492,918,834,949,364,355,632,805,975,60,209,99,172,293,772,263,903,637,518,262,444,972,485,0,47,1,7,65,16,775,407,677,352,450,71,118,325,510,85,27,22,981,309,812,645,37,95,407,58,709,296,780,673,82,460,60,370,854,611,197,933,343,932,823,12,484,5,844,611,325,803,226,506,746,29,930,5,47,716,525,333,769,773,261,870,52,327,357,673,838,871,277,512,74,696,343,22,256,435,928,932,951,58,696,298,673,246,442,309,132,183,838,261,937,343,981,914,343,310,12,251,624,21,773,324,341,261,6,288,780,202
288,116,834,472,266,858,813,242,269,43,809,217,790,852,601,905,848,769,500,497,64,500,413,141,492,911,927,25,605,340,31,404,894,857,840,773,125,333,780,773,812,834,845,209,832,692,655,857,957,828,646,500,838,788,88,925,344,34,413,857,476,921,362,81,433,769,258,853,152,75,33,305,777,54,285,768,344,775,321,18,773,818,596,710,1001,884,707,326,316,781,57,916,917,905,769,460,765,849,145,78,298,876,810,852,580,236,766,105,834,500,804,867,380,465,670,909,510,171,835,248,780,252,401,852,641,788,38,63,820,234,157,581,286,778,510,286,908,268,500,326,346,877,773,57,229,301,606,820,256,504
432,830,99,560,739,985,758,311,598,634,879,365,182,567,738,995,435,361,759,436,398,621,425,758,507,442,498,548,1011,991,373,382,783,260,641,940,1014,510,313,691,91,379,444,444,567,574,710,813,436,691,812,762,502,498,344,994,996,499,438,224,503,378,442,495,417,762,214,330,499,180,502,502,994,311,508,758,883,490,1003,945,499,487,451,739,879,446,441,945,500,444,432,490,502,375,419,759,767,428,392,311,418,437,425,436,415,96,755,499,443,621,1020,335,501,719,962,436,630,752,597,498,437,286,567,343,386,438,1011,734,962,428,916,371,326,585,979,761,355,435,977,497,821,510,390,892,118,425,503,418,269,193
853,567,586,625,582,530,563,719,253,978,618,572,843,845,125,1007,736,103,855,208,464,599,691,503,696,253,612,375,558,696,235,637,1005,464,518,637,680,567,545,1009,421,429,573,593,891,599,839,717,323,600,978,343,843,585,419,483,880,471,757,581,712,359,423,503,498,422,389,442,304,321,965,61,500,727,577,628,37,412,225,485,338,629,855,398,997,550,540,624,275,369,507,881,404,565,386,523,481,231,469,438,624,123,470,833,342,398,981,405,851,594,882,509,682,607,629,359,599,624,498,451,610,604,406,498,269,439,853,231,418,229,199,503,752,765,765,262,530,567,375,455,679,890,766,437,886,418,22,552,594,368
868,668,187,565,861,373,845,505,440,703,651,316,893,497,855,477,285,1021,845,440,295,1008,94,447,863,778,808,879,436,623,28,820,328,280,733,900,515,825,699,44,440,952,989,748,412,413,764,95,696,697,92,557,319,699,824,1007,364,109,846,1017,889,605,437,799,879,661,491,85,428,365,108,380,830,911,885,300,297,1023,267,860,3,341,29,441,229,707,367,683,303,317,398,720,863,627,415,352,954,475,277,788,60,29,1001,1020,412,343,404,870,922,606,1016,895,444,829,206,444,991,563,303,765,824,445,152,882,412,879,339,341,842,341,338,1005,791,284,510,28,677,861,1004,856,286,824,477,858,863,797,293,1023,890,878
109,720,594,193,674,74,738,769,469,85,90,858,965,216,889,794,961,835,181,976,25,970,81,941,80,560,850,192,861,42,192,850,113,728,341,949,58,90,961,951,720,81,728,949,786,1021,3,122,913,39,941,833,66,609,46,785,981,968,960,317,872,722,81,977,976,104,852,680,106,600,920,720,722,531,61,705,218,353,58,153,935,116,530,536,144,567,266,976,66,117,74,89,49,865,210,22,794,328,82,976,913,458,717,96,597,408,200,649,880,848,727,962,113,706,80,106,1016,962,93,720,961,592,920,466,80,848,26,56,858,21,86,49,968,794,690,666,634,497,992,60,60,589,982,737,118,298,769,428,436,976
410,610,323,304,559,175,203,122,59,547,960,544,11,299,983,222,611,774,688,382,592,225,454,951,616,87,563,222,562,742,239,710,113,236,104,188,590,946,131,572,435,1009,32,105,670,805,610,599,111,34,553,683,162,566,550,519,676,532,553,367,500,105,39,574,754,763,531,43,254,274,579,706,550,726,811,425,990,560,84,800,552,566,191,211,243,768,379,635,251,625,539,90,548,352,183,546,756,485,357,448,253,731,795,622,70,582,612,340,886,827,203,963,634,544,454,566,548,638,252,227,550,552,506,748,723,410,753,55,834,241,631,227,114,979,246,754,758,92,551,811,418,125,531,787,419,142,420,553,546,212
965,100,669,578,972,645,93,771,733,106,647,768,583,543,676,606,647,653,74,16,109,707,659,62,8,43,460,71,234,237,590,668,669,707,13,653,826,685,748,534,381,670,974,192,839,706,218,295,589,943,142,46,988,599,922,139,168,43,43,8,759,13,695,664,69,811,669,933,543,237,583,577,821,584,968,573,34,133,782,829,947,3,16,975,693,64,775,950,1014,37,462,13,972,782,659,718,69,647,693,3,109,69,495,635,947,9,782,84,254,972,775,110,967,775,734,434,576,43,1004,657,669,906,770,136,206,18,14,162,116,99,796,432,60,99,200,40,768,67,78,659,973,208,12,22,1005,670,809,657,50,32
127,560,674,254,653,184,569,393,252,112,698,41,764,661,642,45,260,632,38,96,944,369,655,757,553,68,668,557,952,762,641,408,461,688,239,77,233,345,397,656,762,149,253,239,722,431,432,242,421,310,594,593,642,760,141,661,589,380,504,574,184,328,553,185,254,668,65,560,152,36,165,653,252,161,657,398,255,389,222,376,124,665,491,165,882,572,824,613,613,396,693,387,112,112,572,152,413,252,570,701,993,91,529,654,591,945,681,689,415,193,644,113,400,373,188,726,689,181,33,152,817,553,165,698,184,0,197,692,213,655,561,731,173,653,535,888,116,665,689,254,817,441,552,220,317,314,621,376,188,376
981,414,809,483,366,877,989,591,209,890,144,209,869,821,4,262,864,511,1019,351,502,534,446,872,462,583,507,110,962,455,681,462,266,313,783,3,634,324,340,865,266,815,862,98,341,125,823,444,268,804,431,390,257,348,978,708,293,393,666,483,880,849,977,602,415,351,615,839,676,387,869,997,872,857,86,583,852,266,350,201,451,198,546,559,287,817,430,879,874,866,863,770,647,918,1014,894,109,389,258,450,580,807,350,843,95,991,818,342,820,568,849,518,355,725,452,43,373,854,438,722,818,986,182,53,662,90,874,741,407,85,860,186,795,201,559,854,287,386,434,734,836,902,418,276,239,126,398,475,456,36
9,44,668,587,917,165,1007,244,193,665,764,748,604,44,746,492,721,523,163,146,572,1021,12,172,556,661,649,158,980,684,723,604,44,929,224,527,835,463,26,12,28,712,715,88,10,766,747,72,244,11,11,113,769,688,959,847,590,357,498,149,70,483,651,700,73,235,75,239,710,172,649,174,75,37,60,475,184,143,158,246,472,654,44,962,11,277,27,147,591,591,588,147,559,267,778,84,732,1017,908,621,688,21,723,105,965,124,165,44,168,652,13,715,660,187,27,659,45,108,1021,840,9,699,786,732,12,885,732,839,627,523,485,955,251,337,71,781,252,25,709,700,729,78,778,19,504,253,997,582,805,140
369,105,836,861,737,200,232,701,91,612,1020,653,878,868,744,974,994,773,776,753,197,562,201,829,352,748,65,625,872,73,243,201,165,740,612,340,356,61,77,929,840,549,900,834,910,169,836,837,212,765,208,582,213,804,969,25,283,41,229,232,257,846,946,859,103,516,301,1001,721,209,69,803,328,338,77,162,504,900,773,291,874,1004,909,876,458,659,640,992,172,354,381,1018,208,1004,492,179,868,581,227,995,980,233,723,965,80,839,953,791,748,722,638,521,226,656,1022,180,229,883,193,106,832,635,446,210,742,354,921,82,492,452,852,978,637,820,33,109,545,736,868,864,237,66,241,156,312,992,364,109,228,736
944,736,870,879,594,367,886,207,246,958,821,295,480,483,467,805,819,947,803,487,939,487,307,307,994,490,688,997,870,679,358,471,998,262,939,830,480,816,482,887,230,262,326,887,496,162,51,743,112,741,822,480,22,870,1008,748,479,934,226,659,892,235,499,478,678,478,906,874,66,495,198,739,287,876,379,874,358,595,999,294,642,734,746,578,494,307,582,463,230,374,239,502,594,363,234,874,736,817,901,634,800,819,659,723,802,519,315,750,466,236,714,37,362,371,800,806,994,883,416,432,120,426,499,691,467,170,488,738,838,573,239,998,304,831,495,934,907,6,741,230,306,491,298,883,504,875,435,999,190,608
858,484,806,957,209,910,801,936,463,78,925,221,449,428,948,228,82,956,1004,549,996,942,392,894,408,752,430,1005,765,901,165,225,842,367,394,627,990,501,501,936,890,845,424,296,749,394,943,990,476,877,41,213,808,373,446,461,390,943,63,205,495,299,988,843,943,741,466,163,222,504,1022,904,1022,748,229,245,413,147,117,175,149,207,238,395,446,299,847,1020,957,868,798,741,943,426,528,92,798,126,991,819,837,1010,379,92,536,691,749,956,164,416,1020,126,815,470,258,742,103,888,1021,456,236,63,741,990,408,427,876,256,509,424,1008,476,301,1002,159,895,997,997,1022,142,79,1020,958,968,1011,748,407,299,1021,910
557,833,504,805,905,487,808,928,386,133,806,204,808,232,758,944,1004,491,424,503,698,547,972,496,563,504,250,916,816,121,188,482,461,122,500,616,691,449,103,992,80,172,67,909,759,483,744,803,496,488,624,872,576,105,507,636,483,503,801,256,500,483,72,480,838,123,1004,488,247,801,915,850,986,362,637,815,864,736,182,954,349,874,819,59,248,1,481,833,214,660,224,336,106,249,86,231,752,880,207,887,488,255,98,352,346,947,387,976,959,480,684,964,497,689,983,476,935,255,499,496,137,480,808,983,881,995,892,202,355,488,945,1004,240,202,496,888,810,504,480,858,486,233,480,752,864,385,982,111,497,487
579,329,702,990,798,434,414,935,605,352,30,646,90,300,92,315,877,606,862,198,995,121,603,507,330,336,70,174,499,314,412,959,713,333,412,934,126,523,469,1007,100,475,229,956,970,351,56,511,350,719,371,819,920,984,586,935,981,941,48,701,666,619,123,648,1001,974,703,910,833,858,301,890,472,819,794,798,787,973,191,152,698,510,714,458,595,327,94,623,426,990,136,348,778,474,790,442,247,891,1010,83,1020,279,493,416,63,606,843,606,637,721,767,126,349,101,587,942,940,928,51,887,607,179,844,178,606,661,695,229,337,125,786,887,595,672,903,70,603,349,906,200,24,605,606,442,463,350,975,856,600,894
99,106,341,468,778,325,192,393,86,76,48,550,683,75,1016,373,342,316,993,901,813,339,75,344,403,204,750,819,464,561,68,867,623,696,600,196,241,177,561,856,873,241,893,83,460,168,359,711,452,337,334,871,880,1020,376,172,336,776,892,80,75,847,240,98,145,812,998,191,644,860,909,591,73,456,905,47,885,196,319,788,318,88,449,197,158,842,496,858,897,490,1,988,840,996,875,211,683,230,393,1012,98,939,910,137,924,351,154,547,714,376,929,865,231,1008,508,19,330,993,1001,888,63,578,161,52,210,908,652,84,865,868,68,11,152,543,147,773,783,914,776,395,206,83,457,207,761,103,248,67,891,804
710,611,748,423,666,489,798,630,498,293,131,38,727,615,582,27,316,21,830,482,135,326,991,482,733,470,245,225,515,28,519,303,519,19,482,6,68,738,623,38,623,879,774,615,35,622,678,523,70,564,615,605,253,204,679,582,349,692,276,319,722,618,785,502,615,166,853,162,735,134,54,247,771,679,628,276,166,267,623,31,38,694,146,516,554,262,161,580,623,710,555,582,799,47,38,54,546,6,358,22,627,24,1012,603,869,47,612,38,647,523,546,610,518,686,795,821,230,290,326,610,417,626,646,38,615,619,418,610,876,617,660,559,38,423,598,324,171,169,418,735,38,545,657,610,796,633,546,485,39,69
567,573,683,344,384,24,951,306,635,312,928,26,762,813,286,336,171,562,793,575,267,344,170,70,350,818,413,710,190,86,553,315,314,574,550,710,728,280,272,789,327,831,787,692,527,941,287,114,733,88,310,570,64,422,634,325,186,984,92,795,88,826,121,93,573,373,267,830,626,685,1008,498,297,600,201,949,510,190,680,125,312,160,951,350,793,728,715,256,262,83,383,792,309,51,74,94,96,114,142,246,376,123,570,557,63,293,190,315,554,326,574,568,1010,298,118,635,734,109,619,787,77,312,327,895,631,91,733,58,90,795,829,863,511,797,829,88,830,984,962,450,795,317,386,811,955,403,347,827,325,742
455,457,886,854,811,107,139,903,431,647,440,386,168,75,396,15,130,516,206,146,534,615,111,462,135,575,414,257,130,521,391,453,385,491,526,790,118,417,541,400,470,534,694,175,391,981,535,943,385,658,654,207,579,197,630,774,563,129,748,538,626,141,419,298,443,844,67,258,435,513,847,591,529,153,542,902,130,385,116,756,397,262,393,433,396,67,826,210,579,774,543,135,777,789,313,425,834,809,534,257,626,908,555,561,498,67,641,398,955,176,512,326,801,363,955,550,402,284,252,66,111,159,431,157,174,443,135,388,246,2,850,16,45,413,256,392,641,820,616,413,45,85,332,65,778,803,895,174,398,518
534,783,810,744,728,805,531,735,290,559,316,170,720,459,623,698,287,444,317,783,289,557,506,250,392,267,783,212,559,440,1000,783,866,919,863,807,312,303,794,262,719,938,954,807,802,753,430,787,495,815,938,312,978,279,262,856,702,863,943,443,264,285,815,138,788,382,264,402,734,303,992,557,570,143,870,814,767,319,826,423,868,294,222,399,827,316,714,510,775,831,751,86,868,313,563,143,911,38,718,189,287,854,237,571,298,787,22,787,406,383,543,850,946,441,11,59,871,317,788,190,968,505,756,495,394,876,550,911,431,300,303,362,903,776,550,315,778,317,274,911,410,287,215,318,815,762,954,316,301,277
665,872,56,432,1023,172,248,937,185,530,760,568,409,569,379,1003,178,408,70,632,241,192,563,566,612,248,529,25,920,157,634,1016,444,604,19,540,56,315,312,569,505,817,888,356,830,888,959,412,136,792,576,873,1012,504,760,697,656,857,296,472,360,247,1002,36,214,875,760,568,996,636,378,984,540,285,600,808,1018,704,284,347,733,250,325,235,1016,904,1016,942,890,918,760,649,699,312,539,956,440,444,184,999,657,591,314,511,184,888,1023,21,264,142,491,932,467,540,104,1020,459,248,165,890,1016,532,760,346,977,929,56,56,995,186,152,993,192,880,362,1018,216,888,522,345,484,760,766,413,135,336,1016,218,696,542
930,633,276,174,96,382,494,1006,254,234,110,991,174,991,517,382,117,619,542,265,181,47,587,636,338,206,306,757,614,381,626,583,126,251,629,622,1006,246,639,387,570,78,893,107,427,908,637,707,422,564,1005,338,1017,628,239,551,591,619,630,525,637,222,191,1006,999,59,123,505,893,203,220,633,889,375,255,626,65,435,281,249,895,375,251,733,98,994,452,767,710,623,1017,322,99,756,344,302,750,568,510,1003,667,528,783,751,334,614,1006,734,375,580,626,492,45,665,633,586,614,581,945,58,126,609,110,609,782,921,484,37,636,403,637,189,249,921,126,417,812,306,870,109,631,158,558,629,573,638,974,175,205,365
907,316,202,409,137,145,469,11,400,900,862,870,909,502,27,120,724,29,157,128,969,26,770,61,842,785,875,840,267,892,149,405,845,996,792,735,133,827,800,407,922,644,534,537,473,868,217,62,782,128,304,830,413,473,216,894,440,384,190,273,17,56,401,813,969,481,774,189,769,189,889,197,768,400,74,153,145,403,429,894,845,874,360,776,893,205,100,792,685,144,25,147,861,384,436,17,128,125,476,1016,262,206,145,494,661,582,832,774,345,144,469,38,792,278,481,192,865,798,62,845,190,153,198,10,512,812,854,204,846,56,89,11,90,411,900,437,846,280,952,880,515,728,842,665,678,846,248,94,401,860
366,659,111,1018,298,334,762,794,46,326,874,270,794,399,655,755,771,10,454,43,415,287,3,569,706,11,1011,751,354,792,299,79,878,381,40,0,362,450,2,274,646,274,234,664,10,0,734,900,32,33,39,322,58,490,523,67,446,0,802,326,322,835,1004,390,875,322,763,410,458,354,259,942,151,266,999,43,1009,671,531,920,536,687,7,267,775,419,787,662,955,647,223,931,922,384,520,776,771,867,211,751,836,299,8,13,290,1008,646,317,555,256,1011,932,158,767,415,239,683,668,354,1023,641,55,266,376,518,771,288,783,40,147,266,770,259,266,232,655,874,706,370,259,555,872,419,8,770,410,519,666,840,331
661,762,725,679,735,793,181,583,67,574,606,286,981,913,318,599,18,663,954,369,234,542,319,775,533,315,410,50,661,953,127,599,322,151,534,334,179,242,119,222,540,29,609,759,535,278,39,629,661,85,286,449,533,29,535,500,678,29,68,279,7,275,122,19,777,534,366,303,23,542,23,101,273,615,2,658,85,533,730,21,9,23,533,1006,479,84,238,202,3,311,605,759,2,926,901,45,2,353,29,353,361,72,807,535,533,10,102,13,1014,658,213,629,566,119,662,961,666,754,966,311,534,559,10,977,765,314,29,592,21,386,222,934,548,613,450,598,1006,991,119,71,562,16,130,597,311,102,113,605,378,554
338,563,578,412,508,151,29,968,209,287,548,213,715,700,871,627,564,404,276,87,580,892,636,694,351,400,335,380,658,893,273,149,430,700,359,584,92,149,799,542,975,658,881,51,557,746,661,351,843,364,947,871,212,436,380,884,87,551,440,848,90,444,583,767,535,556,316,721,20,1017,589,340,127,116,116,429,691,913,999,332,940,599,479,346,93,324,973,535,500,432,300,141,85,95,214,688,721,535,157,124,364,78,810,588,633,840,747,572,338,415,540,959,922,692,544,540,421,627,696,574,758,660,869,935,348,671,825,815,876,221,444,589,581,149,728,756,444,871,871,444,425,92,407,680,87,540,283,303,7,711
249,941,473,216,520,233,217,797,27,844,783,109,110,245,505,125,533,125,90,285,211,245,947,240,590,144,112,477,317,109,853,61,216,558,746,792,254,201,799,94,799,456,472,229,975,461,796,221,989,965,189,659,107,187,966,217,215,969,848,477,117,443,89,93,505,603,661,2,204,763,576,244,149,83,12,637,813,141,1020,632,621,606,424,1022,536,708,851,170,125,473,168,604,984,176,969,845,941,853,901,860,124,220,856,976,976,127,152,928,1019,137,477,181,221,1019,111,168,138,201,860,984,254,461,872,73,988,861,802,595,981,219,732,154,585,223,89,536,976,120,207,984,994,152,595,520,476,821,238,344,565,309
530,598,644,955,532,362,18,639,700,698,154,317,269,587,329,438,304,290,143,138,317,266,566,10,118,573,703,143,825,611,731,602,474,568,102,697,937,703,587,932,675,378,694,362,58,413,642,755,586,955,534,307,411,187,410,280,407,402,178,377,671,262,678,210,703,317,223,410,534,210,253,875,18,691,703,283,186,250,223,26,443,458,202,91,401,91,575,805,786,1005,698,9,672,678,872,543,921,954,321,23,153,575,270,698,53,169,667,245,267,572,671,690,339,329,303,667,342,539,410,633,531,959,698,649,731,157,223,229,175,26,618,314,400,986,18,647,698,585,2,243,698,889,700,955,200,410,528,959,678,641
603,116,74,530,1008,616,636,360,721,998,971,688,881,684,744,450,277,883,104,635,888,138,624,869,96,608,682,228,997,73,624,708,576,538,417,213,1005,749,461,544,204,165,569,48,980,616,1007,616,679,785,884,205,894,255,76,736,1013,760,461,1017,589,184,621,608,111,868,201,280,944,617,102,1005,233,422,87,716,526,56,921,108,919,846,217,269,160,916,769,866,218,873,173,815,249,638,13,149,878,137,105,202,112,636,742,614,889,112,869,616,217,770,1018,204,169,904,753,805,828,614,778,173,162,250,781,149,250,204,589,234,885,217,121,175,838,693,112,886,220,381,624,928,252,747,878,441,581,200,205,879,580,532
930,186,231,672,963,660,532,672,11,55,999,781,692,583,862,663,186,696,391,663,182,258,207,695,284,920,0,642,512,279,489,514,422,640,172,167,694,702,654,26,58,308,24,35,306,360,578,738,994,692,420,682,218,162,279,99,930,169,608,536,615,444,166,629,39,855,342,642,469,683,71,642,135,515,386,930,491,486,354,166,468,975,498,610,659,469,216,198,687,492,973,303,674,511,959,711,162,314,179,167,626,212,450,233,710,194,674,399,363,966,225,660,680,629,431,178,51,234,423,369,655,654,928,209,190,950,1001,686,608,951,753,627,944,689,434,26,946,162,664,619,177,690,701,68,753,702,631,281,852,615
793,988,873,787,122,88,444,220,888,790,1004,497,697,852,457,500,968,301,831,57,508,508,984,779,363,494,701,444,185,489,844,984,365,408,235,812,772,508,810,399,425,712,628,587,139,328,884,57,924,40,187,186,984,632,303,873,372,487,873,568,56,888,431,891,28,766,235,685,863,777,265,60,508,743,892,24,75,868,322,991,446,778,984,505,444,1008,233,186,948,509,636,963,617,1020,315,781,746,808,176,847,265,960,156,840,313,444,489,953,169,889,984,875,983,413,457,801,20,797,664,888,793,847,880,881,797,984,506,258,84,94,873,248,1019,633,249,172,984,1016,1023,19,105,571,276,792,391,362,255,633,20,700
949,874,27,730,413,81,771,422,242,941,266,1003,315,890,694,890,698,433,723,594,762,1019,502,61,434,650,445,785,546,642,62,803,947,437,115,226,410,166,214,1017,819,26,717,0,353,17,191,906,906,913,378,171,747,58,646,3,297,697,114,164,50,6,810,370,442,438,178,883,438,817,446,787,945,445,75,437,683,785,941,951,285,410,891,285,386,774,434,283,1010,587,897,947,0,285,747,835,26,19,74,822,346,891,43,699,271,285,915,883,700,413,447,674,891,417,256,187,74,817,49,2,788,661,283,950,729,314,216,445,125,342,378,707,143,286,1013,730,509,27,283,447,19,562,627,443,966,58,699,210,1011,938
790,341,219,633,356,281,776,369,921,441,898,900,377,10,433,18,97,202,357,161,993,1004,572,742,329,912,261,924,132,998,929,156,337,197,796,598,305,261,336,989,199,934,124,921,324,917,673,320,276,81,288,213,924,999,484,924,433,241,357,97,452,392,72,545,918,199,796,143,774,972,448,357,34,344,613,917,281,942,706,921,1009,417,996,244,148,459,380,308,356,469,341,937,960,154,293,921,924,352,899,923,849,918,153,462,199,980,220,742,209,356,284,772,921,921,329,250,425,813,337,940,616,919,244,185,256,485,900,889,345,233,281,596,980,1010,897,377,326,992,674,372,936,261,764,924,661,21,364,900,677,900
210,70,9,199,996,73,702,238,59,837,1,39,175,818,622,971,815,585,651,718,907,138,809,4,590,542,653,815,599,522,196,580,38,353,135,140,684,143,738,524,171,750,817,174,558,354,793,665,170,620,802,1001,217,910,743,140,655,396,648,42,143,41,962,736,781,206,244,420,524,121,538,660,1001,587,153,966,12,174,747,564,651,11,2,73,254,807,773,694,657,804,201,705,2,537,130,102,622,683,204,679,126,104,942,121,631,654,593,1003,407,137,54,996,154,567,143,207,617,78,894,910,724,718,847,73,19,994,745,140,780,839,894,697,143,508,994,87,486,206,426,396,843,219,58,15,706,785,398,53,807,396
939,881,923,97,181,355,98,932,369,978,335,99,359,257,813,159,626,931,390,724,355,290,110,611,869,884,382,103,374,1014,286,699,99,354,352,562,963,22,322,601,75,263,482,854,852,323,374,370,115,739,384,811,821,375,163,118,912,886,774,86,139,211,347,110,91,366,25,723,321,854,27,375,870,916,811,131,97,357,917,262,276,354,81,99,881,855,361,662,567,847,86,214,367,606,660,609,853,793,90,343,97,595,710,670,827,266,940,355,643,1014,77,707,353,838,337,374,222,569,658,310,309,210,211,369,239,649,623,859,375,635,386,853,182,667,366,623,27,274,792,107,305,213,539,285,353,963,753,611,881,503
871,877,385,441,608,633,875,909,1016,269,582,197,634,465,127,1017,397,817,891,1011,869,973,197,853,389,657,401,149,982,1018,985,768,398,377,613,871,53,824,189,125,746,421,154,449,512,189,266,827,889,924,843,613,393,358,476,305,846,472,962,422,313,89,668,654,857,578,1017,848,115,792,533,412,398,633,384,1021,143,825,601,30,921,397,857,681,362,868,581,595,395,615,857,130,908,921,467,389,730,300,481,981,58,197,300,425,133,425,982,104,938,793,313,936,517,563,84,17,120,889,895,512,1021,576,384,214,931,837,348,486,864,101,1018,421,639,673,831,653,697,851,398,721,90,923,1018,842,877,465,650,857,660,774
147,11,980,876,554,972,528,832,146,892,881,460,23,60,135,27,171,60,931,338,471,784,569,308,570,195,587,20,843,42,48,895,63,775,803,59,343,576,212,48,868,18,26,347,971,839,916,615,48,343,842,912,602,203,775,914,583,167,960,171,400,843,978,924,92,796,778,59,827,27,566,538,619,232,875,307,839,883,839,1008,964,27,738,2,58,879,255,82,171,248,194,772,615,175,803,140,784,144,211,847,819,221,540,80,643,891,201,840,320,914,819,583,946,836,836,862,976,599,592,892,144,848,240,770,883,968,880,465,864,58,711,939,883,32,543,146,778,235,951,371,531,967,868,43,560,679,983,11,843,80
3,554,126,327,199,385,42,506,221,13,542,577,7,412,227,130,546,13,78,42,33,647,766,69,625,2,497,554,318,637,362,635,870,497,289,14,5,829,766,721,641,125,387,531,789,483,7,658,914,395,15,901,619,896,569,478,150,554,761,853,206,209,997,3,666,62,675,1,542,613,739,1003,294,725,5,341,334,542,1009,3,523,554,390,498,200,291,765,34,391,771,6,682,686,262,105,1,0,878,526,3,87,45,1,891,899,632,691,658,14,388,245,486,563,391,520,330,0,97,918,437,647,742,1,133,333,737,814,387,2,286,3,374,794,481,513,512,746,254,897,505,1,342,909,488,510,7,206,494,654,399
1009,617,150,314,714,14,569,758,636,586,473,46,121,593,628,633,7,601,159,589,470,583,785,510,670,86,593,29,970,607,663,775,596,729,609,794,638,522,859,775,762,293,573,625,602,602,787,638,708,132,817,897,878,793,553,793,662,601,201,78,972,153,537,590,273,244,938,780,590,21,537,542,619,639,791,596,159,996,590,798,628,605,590,132,219,207,36,553,860,535,587,793,84,926,622,780,523,93,540,809,317,918,37,502,284,580,93,347,122,788,520,29,586,173,791,788,25,585,128,796,148,817,765,713,588,907,151,151,557,541,746,726,873,617,39,273,846,573,993,600,668,246,458,474,796,670,582,798,890,340
383,66,838,355,150,595,353,259,958,963,942,859,937,1010,102,851,846,322,61,982,65,985,674,119,917,995,701,262,195,885,198,259,215,979,281,601,98,98,46,950,352,835,355,222,98,335,946,870,725,953,353,79,598,710,155,75,98,280,365,300,299,371,223,380,1019,937,121,334,826,227,609,882,359,627,366,1013,985,481,198,998,214,118,67,274,507,375,134,594,299,298,74,99,374,195,611,250,99,875,369,97,585,883,145,221,852,331,939,979,261,273,459,225,212,875,111,244,67,1011,969,321,582,49,329,115,193,323,1017,69,765,106,594,259,863,219,230,353,66,942,865,878,369,517,710,342,627,67,727,98,608,934
907,633,388,773,405,381,90,405,433,613,234,776,1021,134,794,405,1001,426,405,380,625,156,407,817,956,896,173,1009,531,898,345,632,409,533,405,854,110,226,913,771,401,424,593,931,922,808,93,774,810,396,408,765,797,856,361,194,902,499,837,446,977,856,698,845,454,586,792,921,313,1017,889,414,508,981,426,366,473,909,464,634,404,141,893,471,901,476,1005,794,413,984,72,605,632,393,921,828,223,961,920,390,473,425,543,812,184,503,981,426,400,386,921,971,585,505,956,403,1021,782,910,863,792,796,462,393,768,445,824,613,517,505,788,398,717,601,726,1021,773,1014,595,765,477,394,518,857,89,812,428,680,137,390
842,964,210,890,2,987,560,401,4,66,51,16,460,830,880,883,212,852,387,216,0,332,16,202,831,59,235,971,350,343,502,930,786,616,816,895,58,852,743,82,80,775,983,843,1018,827,830,587,220,850,890,944,543,330,588,48,44,219,32,66,946,18,816,314,152,84,252,627,867,472,48,704,23,586,803,18,960,732,135,157,215,203,786,528,423,212,608,548,850,818,562,816,3,308,29,819,330,23,183,546,855,852,203,956,16,887,515,407,828,20,843,379,670,234,156,946,787,378,48,852,521,354,48,410,250,571,610,361,855,707,10,890,42,706,20,163,482,832,840,243,64,276,892,444,80,983,276,587,204,203
35,989,27,2,763,946,850,873,387,402,30,221,327,222,783,771,389,35,3,102,113,334,2,289,11,929,563,837,387,165,522,78,462,513,522,541,641,18,1,385,6,525,5,993,29,391,742,325,325,87,6,3,222,842,398,556,58,465,946,530,512,665,522,257,513,775,542,231,553,833,198,333,770,225,771,153,323,998,145,548,903,678,578,399,557,13,290,902,2,77,89,523,125,550,525,1,558,7,3,385,558,515,515,322,762,31,1,646,17,583,1,321,290,100,317,753,3,2,390,30,320,579,475,509,643,529,333,769,613,483,158,638,3,950,638,125,24,297,3,746,6,610,395,71,638,590,22,654,829,323
861,30,474,598,583,505,409,541,42,785,492,920,814,441,553,529,590,580,145,219,664,256,578,366,586,809,29,897,648,529,273,904,303,582,449,601,998,808,632,93,729,147,607,621,617,454,726,586,612,580,601,849,212,313,457,580,524,922,526,60,257,294,441,216,750,25,493,89,638,665,798,526,573,317,639,25,505,630,23,128,588,137,583,203,382,10,601,788,590,98,296,584,92,797,269,84,25,593,60,785,1,825,269,847,42,185,791,25,618,317,23,879,509,654,140,1001,797,317,238,593,153,409,148,673,45,541,580,30,236,297,636,520,21,615,791,593,345,297,17,796,711,586,297,683,603,1017,669,596,540,86
991,857,466,271,315,927,505,680,331,297,552,902,308,312,530,443,319,335,744,296,488,367,330,455,452,672,671,104,912,287,699,874,531,456,774,72,550,472,699,827,872,946,296,283,839,840,262,334,488,330,370,328,283,634,467,689,306,482,388,383,842,364,583,527,967,426,855,744,946,266,104,271,715,516,259,594,863,315,742,360,304,180,510,303,479,845,361,322,872,403,287,751,840,575,456,263,443,483,72,352,285,367,108,543,360,298,579,335,767,602,656,484,735,328,612,168,672,403,663,523,509,488,483,267,991,904,847,810,839,527,682,361,811,891,361,311,264,744,810,471,863,394,259,786,519,679,478,540,938,744
348,449,965,486,172,869,356,262,492,100,806,967,556,196,354,900,337,617,69,1002,933,356,902,117,346,378,453,23,963,876,977,189,502,420,966,245,502,596,196,864,348,898,732,997,460,805,492,992,965,4,353,969,348,740,280,455,236,426,876,612,633,377,177,509,378,607,868,900,741,405,485,466,313,341,553,620,325,837,964,693,277,484,214,621,391,860,900,964,98,499,620,636,100,532,969,837,465,964,354,374,261,157,329,364,1020,150,682,596,492,501,953,969,332,972,300,569,698,374,262,988,868,956,378,236,1018,236,394,966,26,368,892,942,970,913,74,457,721,457,868,684,12,332,449,369,277,721,995,200,965,492
880,823,123,575,114,325,779,383,841,598,514,961,623,426,853,838,255,243,513,630,906,567,562,82,233,339,242,575,882,244,954,167,370,562,180,338,1010,118,1015,627,627,950,980,578,580,378,612,123,247,631,586,240,433,511,178,882,635,562,379,946,334,562,959,758,343,87,428,379,503,593,769,254,246,246,65,321,68,311,253,950,594,1003,880,567,935,931,274,546,854,785,623,595,321,1015,445,934,605,595,546,246,598,744,639,772,150,817,578,598,941,498,122,283,166,631,846,118,244,157,950,18,962,565,637,283,387,335,579,1019,527,254,274,859,583,413,937,957,627,661,157,36,827,818,639,523,29,946,872,562,598,565
576,688,781,684,528,546,157,302,125,717,168,708,705,701,188,773,421,420,413,701,166,693,329,285,713,767,587,573,452,543,36,685,658,701,874,680,712,396,749,674,363,429,626,902,524,240,172,556,461,492,385,732,266,710,428,511,539,757,172,184,213,356,769,546,535,805,664,397,383,253,702,228,637,348,589,733,168,638,700,138,172,741,436,143,285,540,541,51,607,732,692,13,573,557,406,626,694,765,710,794,172,584,536,254,153,232,268,584,457,420,556,693,560,648,240,439,109,145,496,765,765,683,545,292,524,381,552,1021,317,45,182,172,414,921,637,374,589,171,628,172,285,496,573,628,765,556,708,253,285,429
215,155,646,511,837,50,27,218,715,799,711,147,195,248,48,646,194,731,848,735,1021,871,710,966,813,971,642,834,706,215,881,447,618,1019,599,789,242,816,666,666,242,705,47,855,203,26,227,159,219,559,530,395,155,590,708,599,578,596,414,607,18,823,767,49,710,823,154,50,689,600,242,975,527,202,877,683,215,592,477,665,724,658,559,465,599,188,512,688,735,223,150,571,663,176,607,635,595,599,685,658,705,735,251,814,863,690,34,804,1010,833,962,344,584,690,623,114,710,658,241,415,662,70,799,659,217,146,298,218,999,82,777,838,888,990,591,599,138,698,662,596,233,463,499,990,998,55,685,113,706,129
196,938,15,703,527,510,495,494,893,486,253,687,758,157,434,680,680,86,770,125,749,422,659,38,685,133,847,575,173,167,749,577,870,758,174,574,202,558,277,878,701,201,486,434,0,686,621,809,462,750,173,738,702,418,758,621,174,578,398,669,430,621,429,396,22,66,46,535,330,546,206,236,970,239,103,106,717,284,743,844,683,129,736,802,770,400,68,454,174,29,694,690,84,711,685,58,93,108,742,778,746,449,394,689,161,421,264,669,97,199,113,1,680,29,893,561,557,563,638,814,86,989,193,679,646,106,701,874,864,456,783,490,40,502,399,232,46,218,430,718,453,33,877,758,865,449,433,46,685,627
667,221,705,499,913,656,184,132,548,347,509,625,232,645,96,528,97,593,221,218,760,209,853,345,104,664,984,608,933,397,212,768,221,643,54,464,221,224,216,769,349,359,664,232,656,683,875,267,725,551,512,857,61,563,18,209,356,93,663,97,423,576,784,316,616,696,40,212,213,65,667,471,624,560,217,346,379,187,637,664,679,26,104,374,196,125,417,680,812,529,881,135,432,220,254,57,78,127,221,528,205,359,209,155,369,775,404,203,124,91,693,572,663,120,285,625,667,627,103,880,369,772,328,872,217,677,81,353,664,222,903,85,93,487,216,232,357,742,91,141,293,699,140,645,437,688,118,5,765,7
188,178,290,845,99,770,565,500,219,554,361,802,36,935,135,564,220,683,19,35,519,602,204,591,175,551,801,97,176,394,209,17,48,36,17,347,1012,920,164,554,708,515,539,775,39,1008,105,169,21,180,39,1012,810,84,290,779,786,262,48,4,51,49,7,58,73,544,946,797,550,551,209,608,787,308,321,145,172,251,36,361,668,927,258,412,48,880,211,48,112,769,160,555,55,962,223,524,48,544,279,709,592,145,328,18,1,50,928,825,977,120,99,49,248,711,211,554,807,599,750,771,98,512,257,775,160,554,594,49,204,420,71,262,682,676,428,700,516,555,555,168,160,1003,940,554,41,81,944,788,18,689
461,685,19,759,763,880,727,894,759,248,679,53,5,820,954,945,620,1018,759,804,616,221,605,787,923,307,782,949,162,925,942,631,907,23,956,759,84,127,498,248,685,249,247,31,377,935,629,252,505,120,116,84,953,244,88,759,755,756,777,696,890,244,448,172,957,484,556,940,247,185,869,906,17,949,33,500,927,942,151,743,180,672,500,933,935,972,184,676,215,503,244,932,595,787,15,948,714,991,956,486,247,669,506,445,919,116,357,244,500,729,880,751,304,221,928,741,956,288,891,300,934,760,962,187,732,736,732,213,647,907,849,900,773,250,840,731,560,845,116,903,701,166,89,152,811,992,506,152,253,247
630,876,288,289,701,647,673,695,408,727,670,191,133,965,10,26,692,676,922,887,697,780,874,1013,180,398,72,285,794,906,909,134,758,233,150,604,680,42,904,650,626,782,670,909,694,326,367,26,132,583,770,330,260,701,751,646,897,602,908,312,911,896,1015,291,77,114,585,243,694,941,312,373,303,79,470,702,905,396,551,690,158,991,15,661,13,762,647,920,916,863,178,734,26,754,1013,588,726,956,298,287,60,684,713,148,670,709,926,700,431,117,1011,892,684,41,690,602,130,695,175,146,703,877,873,384,906,906,937,895,959,306,693,189,410,679,175,695,926,839,436,576,473,328,140,685,76,671,277,432,703,880
357,1008,593,806,321,352,424,98,357,416,40,325,384,224,41,361,368,992,34,34,371,104,20,497,26,850,384,277,0,37,641,96,95,452,101,114,327,154,753,374,325,352,738,166,102,34,584,485,285,992,68,552,402,9,357,160,33,870,520,673,33,637,109,869,1022,403,766,550,670,655,800,704,738,352,310,332,296,213,228,38,901,629,870,357,97,419,102,405,621,549,638,802,690,293,128,832,675,289,613,614,298,34,753,37,76,670,335,16,678,600,614,386,606,224,424,33,616,210,45,597,113,869,412,293,869,739,145,229,411,661,992,840,700,358,305,32,646,528,38,617,613,549,640,900,85,352,128,762,351,424
314,953,277,643,645,540,268,828,669,642,493,538,348,29,444,924,537,269,317,409,350,665,564,302,829,718,765,196,665,538,445,173,688,316,340,61,350,319,857,921,954,670,888,761,405,542,476,351,557,34,292,860,861,63,466,813,345,254,572,668,702,317,61,556,569,415,316,188,572,337,397,683,638,653,572,642,281,148,670,692,428,158,429,410,446,349,290,630,413,260,543,866,482,1022,788,692,532,862,788,308,636,34,445,461,852,738,570,871,346,414,44,156,445,666,964,765,700,802,644,671,297,665,317,332,125,732,644,312,1021,60,706,61,340,50,414,636,286,702,948,58,670,410,226,704,921,500,425,329,33,28
388,505,499,656,531,474,644,985,329,474,345,656,742,702,340,94,823,21,512,214,446,467,257,987,686,438,403,442,466,1012,746,473,306,589,729,807,301,539,217,691,377,587,602,649,215,818,544,944,1003,430,632,221,259,1003,555,640,658,742,745,819,151,433,498,43,599,521,737,448,884,696,523,557,738,728,409,374,458,219,424,521,658,948,461,440,750,445,473,466,658,382,661,307,713,695,721,729,815,523,218,443,526,418,153,416,592,432,506,409,766,598,469,350,640,813,957,559,627,206,746,459,416,659,555,791,371,459,797,601,782,1008,411,22,418,445,274,427,418,429,401,354,555,974,441,95,763,982,210,747,172,209
482,746,240,803,743,200,654,834,354,802,695,5,96,86,240,291,231,684,362,812,818,793,483,451,961,227,742,237,790,113,65,544,848,251,991,814,888,866,515,124,237,930,805,803,752,84,229,986,252,67,336,192,742,963,743,901,211,562,85,82,960,481,19,901,794,755,1007,6,212,44,296,107,691,519,834,735,254,647,676,743,99,80,227,704,113,789,216,785,682,873,6,221,674,34,73,1007,615,296,330,236,994,792,679,27,800,302,129,678,502,74,44,421,1006,616,720,931,223,608,753,733,895,690,802,181,743,480,738,997,872,804,1013,336,176,376,680,449,311,876,124,776,608,815,548,249,810,46,686,211,67,42
111,688,618,16,85,17,878,79,46,543,233,455,366,30,755,234,650,648,588,623,612,556,862,649,531,29,317,74,70,498,454,151,802,37,50,298,47,253,332,712,612,21,709,13,781,21,202,486,554,64,538,810,618,334,549,552,71,918,200,218,614,415,559,37,748,14,408,15,734,405,8,207,790,874,504,20,31,854,303,236,19,29,596,367,636,29,965,30,916,542,741,29,238,613,23,80,38,77,58,559,16,13,7,853,39,807,690,602,65,1002,69,6,763,13,824,629,141,306,675,744,654,586,105,534,506,239,29,860,986,201,44,685,838,651,30,79,810,126,22,839,554,622,320,453,339,825,765,829,3,658
403,317,720,873,467,342,281,499,859,500,888,857,544,736,757,89,590,869,968,405,180,941,504,33,3,932,821,151,950,809,465,545,777,469,848,441,262,771,505,447,468,934,421,895,793,777,55,208,776,472,835,249,962,884,951,349,953,831,288,782,893,418,860,927,933,782,871,16,933,511,474,127,869,604,524,865,947,704,297,684,408,777,869,500,405,500,888,63,910,32,709,245,997,457,638,259,881,469,834,364,720,792,719,759,880,820,131,496,511,464,761,588,832,937,12,756,678,69,844,425,902,777,921,311,499,528,876,857,469,405,204,895,897,723,497,924,545,465,463,551,488,469,405,193,457,773,764,916,752,889
957,325,265,507,445,397,328,808,281,314,256,827,980,306,829,937,62,310,830,307,634,757,612,312,708,880,1012,306,421,511,453,956,670,536,314,233,806,58,957,285,11,256,378,698,565,953,890,388,490,266,426,830,793,1016,697,55,569,312,281,809,1013,267,808,309,826,553,579,505,152,306,279,699,997,319,432,427,937,958,170,859,318,802,388,953,635,826,267,266,959,434,437,326,443,186,445,307,1023,696,305,947,232,733,57,954,970,312,285,458,522,552,257,266,408,27,445,38,645,561,831,157,10,825,827,250,561,63,1014,280,634,582,763,677,836,881,817,314,809,309,316,891,955,280,184,283,701,496,10,810,962,937
286,426,262,651,726,575,768,486,458,136,523,386,347,145,979,553,647,492,777,74,642,225,506,465,908,404,138,177,754,198,728,266,873,138,415,497,1006,917,591,658,588,170,538,650,502,691,422,508,490,989,457,604,484,641,519,34,455,133,642,458,586,361,503,510,713,302,593,754,424,608,649,713,269,243,596,413,972,1009,457,970,1021,1017,906,276,579,643,689,701,386,458,1012,209,475,537,812,842,649,416,456,991,650,884,960,203,262,500,759,567,649,285,641,605,457,458,360,315,329,314,974,729,476,680,971,979,493,653,394,905,905,139,519,198,400,202,900,650,1000,713,309,909,490,451,394,937,1005,988,964,586,430,489
700,716,439,112,644,398,441,561,350,1013,236,162,180,417,414,424,724,352,545,382,180,948,164,259,907,548,596,236,311,820,436,483,774,908,950,957,566,979,480,192,417,115,296,180,304,981,436,443,164,577,420,816,121,652,243,546,699,443,427,424,944,561,660,449,52,248,387,99,225,192,84,394,716,408,430,604,1012,657,96,476,816,580,341,339,419,420,552,893,484,540,334,948,297,420,1,620,596,609,548,420,227,439,166,555,242,224,483,417,20,443,414,432,719,500,658,688,820,661,556,499,433,447,227,628,952,416,693,757,436,692,641,225,659,162,633,52,948,752,179,472,916,417,432,688,202,245,432,291,468,611
871,262,51,885,254,946,250,590,666,225,434,166,871,954,938,454,807,1003,887,829,871,682,435,938,74,472,567,687,778,881,97,250,498,816,954,551,617,622,34,375,801,1,823,359,462,629,943,449,201,619,707,150,335,453,993,7,954,242,480,800,932,995,441,627,879,881,70,547,234,966,490,874,205,878,807,394,382,778,666,871,226,202,450,871,929,234,497,630,865,229,353,753,199,239,786,3,883,47,782,997,911,466,830,426,211,922,487,495,871,215,551,621,453,771,114,570,871,894,115,441,879,643,810,810,910,433,192,857,958,391,308,974,438,718,793,973,410,442,5,631,871,14,995,154,791,26,794,499,876,6
422,526,91,259,91,557,42,806,598,40,26,60,187,492,44,556,266,259,58,410,58,620,699,272,46,314,686,520,483,954,59,508,19,76,296,492,60,62,572,42,44,672,2,540,126,639,45,811,386,986,609,355,45,316,950,116,590,262,319,611,44,802,1006,62,312,509,447,555,532,111,494,697,820,683,816,95,652,615,492,729,688,684,259,942,111,27,308,171,237,60,359,298,815,59,96,537,332,46,316,986,27,10,52,189,879,312,806,588,621,623,977,627,527,263,547,48,91,610,52,12,319,556,108,559,11,58,316,99,42,46,579,111,57,436,99,912,560,427,427,268,495,684,684,731,623,71,109,304,672,117
961,1018,763,979,708,612,982,867,3,186,730,507,225,1018,131,227,761,168,714,457,478,180,890,990,168,155,778,826,1022,235,1022,61,718,915,179,504,493,970,731,977,748,832,754,387,384,138,387,13,626,858,90,762,200,887,1011,458,979,3,82,387,1018,337,666,192,494,994,897,107,731,107,758,887,724,2,731,130,123,438,107,824,922,743,638,506,186,103,475,1018,1005,622,1021,134,201,974,207,1011,177,821,58,775,970,1010,122,3,261,107,846,139,1011,858,87,977,385,987,997,111,987,178,987,762,180,634,989,1011,762,896,11,193,3,267,637,470,978,3,733,58,179,293,299,211,195,214,978,986,211,690,67,718,966,23
327,101,559,856,152,153,232,219,171,1019,360,59,710,272,32,54,923,619,352,676,806,571,432,163,743,672,963,758,845,694,162,1011,67,73,911,453,366,362,138,361,906,170,420,178,145,884,955,172,944,32,638,239,571,390,123,707,1019,330,608,11,684,806,134,957,571,132,899,391,945,155,1014,749,147,623,417,163,582,545,1016,344,70,710,55,905,161,42,736,690,632,867,187,388,37,336,875,869,931,186,1003,577,616,675,172,47,368,301,147,923,125,250,1003,1019,872,158,162,755,297,630,982,380,407,592,746,132,880,321,568,851,207,48,805,632,742,955,144,288,750,745,685,253,418,990,722,200,42,35,35,966,733,573
641,1023,90,150,315,326,199,438,352,887,886,829,375,793,110,888,886,315,824,891,671,502,23,407,302,763,150,993,991,854,190,663,887,382,184,988,892,98,796,486,834,262,300,512,895,351,6,542,662,155,825,452,687,270,790,264,988,726,168,339,159,886,511,379,958,988,315,510,703,348,604,383,283,831,9,956,822,350,222,580,708,807,260,332,440,120,443,328,702,894,166,256,334,388,223,342,951,93,30,302,310,118,419,957,287,848,436,850,286,470,40,75,315,151,832,891,854,275,999,833,71,796,1019,248,891,402,92,350,63,955,918,408,136,200,460,280,251,414,287,283,127,573,542,862,599,238,994,263,1019,478
40,544,224,235,535,78,38,471,267,978,870,631,490,681,333,43,55,138,475,241,329,984,464,728,51,523,75,224,873,75,856,720,265,479,280,1019,294,62,254,366,1,872,427,24,539,975,311,316,393,460,249,875,252,567,617,587,787,174,228,932,331,759,538,43,211,52,523,171,634,638,159,715,990,459,92,204,976,75,984,224,619,980,779,323,24,136,669,977,712,289,549,171,34,81,700,17,939,343,248,779,771,636,476,331,555,635,963,59,647,622,24,842,148,377,464,36,20,638,1003,873,203,974,348,633,465,631,873,109,731,190,139,67,72,980,753,631,685,299,835,938,864,76,602,43,208,984,454,1003,612,171
127,371,170,647,1011,36,783,688,912,785,4,468,195,759,906,520,564,3,183,739,181,656,641,771,55,771,105,903,5,913,35,563,592,468,798,307,112,739,51,119,155,923,882,48,772,301,688,67,235,32,1003,676,311,530,752,435,641,809,610,172,728,915,595,740,927,192,915,4,81,64,701,111,835,195,903,647,928,769,745,897,923,851,42,835,978,756,643,219,3,528,58,801,1007,643,192,195,80,192,931,1,32,111,16,923,673,803,400,919,465,12,67,812,32,113,897,160,909,912,714,83,155,692,874,695,739,175,925,903,96,179,919,233,218,108,194,279,643,977,1021,976,200,151,944,923,215,225,51,99,867,658
281,844,892,466,306,267,563,345,699,293,535,548,646,328,513,309,548,328,311,341,159,258,565,364,257,869,940,745,87,557,629,337,700,733,869,284,469,97,884,292,692,707,855,749,501,559,0,698,650,533,669,285,119,804,433,256,739,268,535,287,81,620,334,469,280,697,636,587,343,25,534,2,416,538,543,44,85,8,629,536,573,267,853,565,63,879,629,285,615,396,925,501,267,507,746,750,789,268,535,401,113,300,339,57,482,280,540,332,79,557,285,351,45,271,338,610,626,872,524,0,300,280,288,643,695,279,437,441,503,863,307,716,501,629,272,325,146,348,480,609,381,538,103,328,508,471,857,614,87,904
543,926,922,718,1021,558,395,295,474,845,647,410,926,687,1022,643,900,666,1021,174,989,659,927,710,678,26,980,656,975,363,413,1015,926,766,907,0,915,861,457,913,811,669,190,976,703,654,962,1018,926,954,286,654,394,651,469,607,1018,29,378,938,651,397,259,368,711,728,798,358,40,918,925,637,395,429,909,981,775,614,120,914,599,774,445,435,400,977,977,900,410,810,465,992,83,794,855,287,771,936,983,671,1015,278,942,403,445,898,515,640,664,593,782,355,1022,669,666,63,926,597,654,479,774,407,382,429,1000,912,1022,392,926,960,718,666,1002,798,431,680,267,411,858,319,688,730,651,670,659,423,378,186,191,894
750,1003,582,518,546,494,379,152,135,654,198,739,578,352,227,739,435,206,1012,134,738,483,516,483,644,99,226,483,244,648,750,234,547,234,131,491,244,258,422,243,232,650,891,228,227,639,227,639,498,178,743,163,694,258,263,554,705,711,202,759,675,680,385,706,739,570,167,539,241,197,335,511,227,452,579,227,236,551,443,706,169,194,599,379,595,282,728,99,303,672,199,247,167,132,650,195,759,708,227,112,475,241,162,390,647,177,200,796,131,248,180,596,723,738,682,418,224,578,873,381,291,209,706,603,145,227,372,129,500,235,270,583,711,238,226,723,230,579,238,751,230,216,602,644,155,5,538,226,223,263
467,783,894,112,983,124,132,426,6,341,95,818,893,821,746,798,467,991,191,155,1001,122,351,983,156,989,464,354,356,941,959,82,267,799,991,95,351,859,300,991,861,106,76,107,476,339,270,95,287,52,973,818,972,851,44,197,1002,303,105,859,735,825,875,29,840,106,925,777,107,150,772,232,104,338,27,232,4,147,104,747,260,183,345,235,271,970,888,184,906,910,988,360,925,8,8,927,287,833,143,360,125,169,467,509,12,82,986,298,233,58,86,50,884,112,349,261,860,871,106,732,112,666,927,978,892,383,133,125,799,516,850,581,60,3,927,989,936,464,360,266,479,285,883,107,517,127,461,264,333,494
80,772,755,829,228,129,789,1012,790,753,89,905,476,132,827,529,927,772,658,489,525,788,100,779,787,819,301,851,304,835,779,854,786,843,786,992,730,291,432,398,772,770,339,786,159,385,789,371,926,670,606,828,403,789,860,499,276,788,707,1014,90,481,790,931,585,857,395,547,772,68,602,720,615,850,281,782,850,110,846,779,914,729,863,530,500,331,309,961,385,563,516,854,850,883,925,782,850,793,211,373,788,566,259,979,858,955,600,982,876,744,49,405,784,618,390,464,757,834,9,681,958,330,723,563,725,854,337,606,773,304,679,211,310,273,809,728,592,601,720,938,167,261,478,322,657,850,946,353,73,846
118,900,816,1010,302,192,337,1015,781,141,536,265,764,194,571,796,306,10,232,32,272,106,298,313,777,744,298,755,962,164,896,925,825,171,322,563,324,328,842,872,377,826,59,818,299,886,240,634,338,317,958,201,328,114,377,102,34,37,866,96,221,938,317,52,564,376,335,464,557,938,269,205,269,290,107,318,952,630,348,800,1003,323,920,939,116,827,313,861,832,322,61,635,785,867,376,962,50,222,404,195,64,42,811,365,166,287,524,103,508,357,313,322,297,349,809,267,827,488,930,811,141,361,102,348,504,352,793,240,120,785,320,261,326,973,688,978,676,960,787,217,883,274,167,123,11,829,830,304,297,888
472,794,360,754,372,510,266,730,307,760,487,990,82,27,659,122,658,500,662,308,475,914,475,598,467,338,446,696,743,491,222,887,1022,490,282,766,1022,602,850,36,314,274,728,310,414,564,835,277,658,414,666,580,618,743,759,776,577,734,290,602,267,754,715,927,310,423,603,312,491,471,506,612,2,440,472,790,747,446,637,786,740,4,475,475,469,51,178,668,671,370,879,560,315,1018,918,434,637,792,215,738,752,734,745,742,667,888,470,338,741,312,306,279,639,510,600,594,371,205,767,259,840,657,503,66,991,363,18,339,655,491,667,307,638,567,875,356,724,776,266,666,56,595,360,647,564,484,266,723,747,658
518,540,1014,838,727,263,948,198,301,310,399,927,262,912,393,1007,1006,1018,847,233,546,318,309,1010,469,810,518,846,314,1010,49,887,288,570,310,390,326,693,934,790,278,127,982,269,1011,303,30,279,359,260,276,331,175,966,838,273,277,791,301,783,361,266,535,310,994,1007,197,978,45,279,273,502,306,303,277,53,895,309,434,456,298,232,836,870,43,260,676,298,525,309,903,305,263,994,975,279,881,262,282,646,989,910,897,553,276,265,650,318,28,521,273,309,260,202,629,373,935,999,61,790,996,914,1010,906,914,913,607,277,838,382,70,463,262,293,837,783,457,14,110,786,618,512,1013,310,823,644,775,797,546,775
587,568,554,27,94,555,158,26,116,948,639,922,538,323,8,9,567,568,740,13,116,833,4,604,339,747,280,733,27,427,4,720,556,138,737,532,532,359,538,539,284,642,17,429,417,16,17,536,156,723,383,74,786,778,534,0,75,583,594,778,584,542,920,557,794,256,547,540,567,746,780,683,79,24,152,688,1020,28,82,584,545,1010,532,633,946,286,176,311,888,835,560,565,602,1013,536,490,727,567,624,727,172,57,535,444,152,575,444,704,305,625,569,448,603,424,568,562,798,553,532,577,9,792,448,566,756,562,693,55,446,542,798,732,428,535,894,682,500,275,939,926,536,941,577,444,493,616,532,560,163,215
415,307,938,923,536,236,618,882,852,650,592,790,940,493,43,882,794,410,451,405,310,878,320,28,492,83,502,502,274,412,282,858,387,498,732,414,811,811,858,859,507,728,794,848,31,856,884,433,402,440,307,859,344,71,452,851,223,220,516,720,986,720,848,276,924,415,502,916,670,766,280,468,870,467,346,397,376,410,335,387,408,858,760,311,483,600,725,788,31,403,722,899,28,611,863,406,767,296,306,786,259,480,251,434,86,691,538,7,398,794,387,794,435,915,372,88,604,502,384,854,527,832,412,505,473,221,588,851,858,52,91,488,1011,879,438,451,434,410,889,856,88,88,387,776,604,868,291,852,90,1008
163,227,549,363,950,83,139,368,587,574,244,59,630,220,356,1006,78,558,511,782,872,865,943,636,828,324,907,255,619,360,198,193,50,67,794,878,728,616,44,111,379,990,236,214,624,827,206,376,207,886,126,22,59,990,576,186,170,843,237,630,824,447,174,6,868,383,45,875,751,154,63,886,443,987,634,828,47,870,403,826,941,115,78,61,846,248,229,47,443,55,54,827,356,809,1003,622,787,886,132,630,216,31,219,55,902,838,515,576,123,876,863,974,888,246,447,44,886,175,5,31,787,51,622,301,843,47,128,635,163,558,911,242,15,632,179,880,48,623,495,636,142,824,175,59,840,847,253,886,188,557
416,356,419,417,32,958,544,681,383,11,34,369,931,305,294,353,398,38,369,239,494,291,263,337,907,449,678,427,711,299,115,547,742,870,482,447,938,226,299,394,291,80,417,942,412,418,934,166,707,935,689,422,707,533,359,331,679,291,426,305,369,899,742,546,518,358,491,34,550,428,177,353,815,286,803,397,995,379,96,293,291,231,555,237,299,310,43,91,364,278,993,866,237,417,483,979,419,390,14,1009,289,747,933,851,987,678,994,115,928,416,310,678,295,931,939,599,907,348,939,774,299,976,554,961,81,299,318,11,398,291,399,291,294,47,294,931,366,996,286,190,549,874,70,1005,278,419,445,427,802,942
876,373,349,213,120,538,303,705,732,824,312,375,379,589,27,49,845,285,837,612,204,645,536,604,524,370,692,576,936,376,952,861,9,905,393,579,629,352,975,789,593,757,588,185,624,513,12,440,605,941,283,256,599,782,563,972,543,4,984,136,827,664,285,641,605,585,597,456,596,277,783,65,414,789,941,14,777,645,824,844,856,543,589,843,848,924,783,491,301,525,242,216,80,436,219,491,524,634,604,859,919,612,812,863,106,155,859,392,9,156,787,941,533,660,621,504,588,464,521,436,660,685,598,853,64,780,565,584,557,512,375,928,749,348,436,0,681,491,0,360,25,895,712,6,937,407,556,984,300,645
606,510,485,479,466,215,174,509,871,607,757,967,478,82,943,302,903,962,927,869,445,290,279,408,756,846,670,487,946,243,66,253,606,350,7,343,866,1005,245,429,167,741,373,439,55,785,495,375,478,335,503,302,383,665,414,502,397,569,22,999,342,481,15,414,346,693,855,428,382,375,386,601,449,949,999,473,879,853,600,351,350,503,375,897,606,223,199,466,389,834,391,503,510,368,887,125,866,746,887,221,511,681,959,499,154,463,862,615,333,154,31,16,82,150,848,94,117,352,418,510,605,397,346,493,414,503,431,405,502,717,605,350,996,453,711,367,375,375,588,77,478,498,103,462,300,398,922,384,30,857
720,132,743,708,339,580,740,818,963,139,772,128,128,679,188,513,691,897,846,78,965,64,169,132,524,65,913,731,164,686,934,134,132,134,526,192,740,646,742,964,671,809,655,729,231,83,129,154,644,702,125,775,196,710,0,194,768,198,83,141,899,155,137,518,54,992,197,707,91,729,995,482,991,1021,772,646,773,978,131,974,774,723,132,715,796,819,907,132,863,646,134,646,196,66,36,707,163,246,744,646,139,179,811,230,644,939,53,596,203,739,128,646,134,132,128,524,35,198,85,545,130,963,166,851,164,758,745,134,132,804,655,900,738,134,744,996,1001,452,705,132,70,998,160,139,190,998,561,10,14,198
358,672,619,465,26,290,146,710,541,582,571,675,38,294,682,606,418,98,802,53,676,581,53,677,372,986,693,283,866,542,522,728,105,236,36,672,445,136,662,34,678,484,696,215,38,629,18,638,814,674,629,702,36,255,826,733,9,165,304,646,677,5,730,850,101,675,480,41,965,692,676,737,730,288,708,757,430,202,38,208,418,617,288,38,34,93,303,733,49,166,547,122,542,821,862,610,478,870,642,162,354,164,824,672,49,707,777,640,802,573,849,633,582,377,93,116,36,434,900,960,560,81,866,741,52,257,862,557,702,640,125,621,870,797,30,230,701,692,573,5,998,541,1011,813,48,27,813,385,676,501
799,864,367,258,1023,798,867,858,29,366,328,282,206,1007,338,876,815,549,939,11,811,236,999,234,624,284,864,348,1003,928,930,224,654,870,803,383,876,467,70,276,979,303,1007,1023,995,495,376,239,383,906,993,1007,584,807,934,107,870,495,3,239,719,226,875,867,303,275,376,819,25,380,930,954,796,811,851,875,931,226,226,872,916,414,267,284,999,806,933,1003,778,280,655,874,287,887,926,375,92,107,870,875,787,239,899,362,841,238,678,47,382,902,252,330,262,20,300,986,287,807,154,310,307,35,368,234,999,815,815,272,362,28,499,990,291,462,787,307,99,26,874,1022,599,802,340,364,907,895,266,783,927,471
362,397,256,402,698,663,746,18,626,591,15,371,710,791,578,449,207,196,582,273,71,822,81,609,497,271,410,453,686,597,594,254,654,222,706,522,326,618,296,754,567,450,586,450,441,453,582,258,594,586,743,843,439,490,511,673,286,711,331,527,591,618,331,437,856,337,585,719,598,390,778,87,458,419,610,302,270,398,682,674,329,706,593,930,354,510,818,79,715,595,10,74,422,587,471,562,474,570,452,439,751,618,629,358,234,853,290,3,709,618,570,206,338,626,143,202,586,124,705,594,213,63,826,740,258,436,335,3,530,493,507,854,482,629,297,159,610,706,194,479,398,194,627,970,859,423,842,381,457,706
9,599,300,730,358,471,583,580,727,285,528,276,11,64,599,735,455,27,591,621,194,63,453,855,291,367,839,34,118,592,335,624,839,579,55,663,751,735,343,287,727,280,370,511,299,491,767,425,400,736,607,489,443,331,358,587,359,34,743,344,599,839,614,631,575,71,279,675,961,296,583,562,294,275,931,556,456,711,711,370,543,727,540,128,47,998,64,69,322,271,732,55,294,428,813,376,352,32,380,75,591,63,383,479,477,520,518,327,855,724,518,338,84,735,735,294,672,348,547,843,444,60,312,87,639,546,6,600,767,412,711,69,685,828,303,103,624,928,596,482,586,87,64,477,756,730,711,358,83,735
142,988,894,1022,162,125,399,184,782,700,531,793,605,293,412,451,281,219,180,341,797,509,996,20,862,342,220,1016,158,974,349,196,925,809,148,93,477,478,381,216,925,184,861,798,673,476,786,825,945,338,892,468,909,698,1021,277,804,340,820,985,901,127,797,79,888,124,889,956,344,399,796,786,159,948,816,800,336,91,479,638,700,222,977,797,477,281,735,291,476,605,927,254,353,729,927,825,405,478,975,224,1023,546,828,998,804,956,985,93,126,349,355,793,331,733,91,912,636,188,254,460,926,188,925,867,164,958,781,462,920,860,787,862,477,461,222,164,926,899,461,221,284,142,605,926,479,787,786,828,701,155
607,559,538,1010,591,108,751,170,975,557,28,28,373,639,558,188,796,789,962,780,830,19,809,192,823,279,830,175,52,815,780,173,780,335,517,991,286,695,6,990,258,175,119,320,353,540,782,64,608,979,951,537,828,28,175,90,1004,174,960,952,960,31,831,495,284,383,283,149,393,375,519,810,844,284,121,975,44,783,826,281,341,792,410,54,335,351,879,207,830,975,538,778,682,799,508,911,800,287,71,943,335,15,63,780,348,282,774,275,326,697,325,339,759,830,98,372,52,30,132,780,6,327,653,989,629,818,975,825,27,287,700,991,282,505,12,28,984,826,974,123,219,590,428,50,127,574,29,430,814,826
666,663,925,230,534,133,155,542,283,534,218,660,669,153,155,860,697,238,74,414,670,539,670,528,791,694,283,661,145,152,920,926,414,622,214,526,534,55,696,145,278,529,262,237,949,126,73,221,900,284,241,479,765,542,539,670,913,666,529,342,940,414,287,686,262,664,283,609,142,218,953,150,690,155,25,795,695,728,1014,618,51,954,156,287,158,528,211,534,920,369,935,670,934,569,347,534,141,554,414,151,922,597,134,539,348,85,270,819,278,147,730,675,542,208,342,405,1011,286,550,851,339,144,534,763,389,617,414,422,513,337,304,955,153,135,234,214,408,240,440,158,370,158,146,958,188,434,531,358,948,856
797,996,826,999,868,1004,39,17,821,829,200,489,473,712,699,954,919,138,713,322,1003,857,201,733,441,201,858,457,20,40,614,420,138,67,42,11,138,322,0,842,729,840,816,1023,346,684,9,107,192,407,198,762,728,730,472,962,839,985,847,138,580,996,51,270,45,627,890,719,853,837,183,872,840,349,751,203,994,905,881,843,396,114,815,394,568,354,971,141,811,584,174,648,368,866,688,139,687,857,329,363,138,345,404,138,910,185,901,591,1003,809,971,340,578,772,17,896,660,8,489,404,182,353,818,856,843,813,778,106,477,100,70,971,9,11,824,870,11,820,25,34,862,489,860,58,258,1003,322,1002,913,410
554,548,39,211,35,13,42,263,11,542,439,19,631,583,586,548,116,526,593,718,151,33,803,583,166,782,188,676,971,219,772,146,87,647,782,263,579,534,531,163,462,196,30,19,550,558,542,178,439,190,551,620,466,419,531,551,452,158,551,462,174,208,516,663,38,235,4,704,524,499,583,612,49,930,951,371,795,544,775,6,190,529,63,263,558,41,7,38,806,166,7,242,7,293,4,300,192,639,132,535,50,177,231,6,584,519,160,688,418,54,82,54,20,599,363,171,779,647,692,275,798,163,134,289,18,673,785,227,772,628,183,164,554,11,526,958,166,951,726,772,139,219,321,188,204,276,594,166,551,14
443,831,433,120,356,66,664,730,382,446,847,507,488,790,891,578,440,76,1016,834,887,440,888,734,782,223,239,534,744,276,866,115,66,370,300,206,507,883,290,430,45,42,377,975,359,111,633,162,230,1000,504,335,870,439,491,308,867,879,239,231,43,888,628,856,351,192,1000,966,455,15,507,424,219,632,748,891,889,854,491,79,312,490,975,500,622,463,483,207,322,459,806,1003,1007,975,903,174,510,46,506,207,276,419,364,495,788,608,767,488,636,399,22,950,335,422,60,793,500,238,507,711,610,271,507,442,894,68,264,495,239,1006,999,74,251,409,384,100,494,992,458,466,708,659,143,399,431,91,430,418,438,876
704,670,218,815,610,86,859,687,154,91,47,207,706,200,79,95,150,526,854,534,205,761,893,200,86,223,862,670,226,687,851,1014,851,239,754,705,975,91,71,603,662,150,207,1011,1002,771,576,683,858,223,86,1017,207,1022,729,6,1011,230,975,83,348,687,246,374,721,742,139,22,665,203,1022,734,207,676,999,223,731,920,91,766,166,102,351,334,848,758,235,998,755,533,671,852,995,226,230,591,841,42,54,223,685,806,90,86,982,95,583,603,243,79,1018,639,249,991,610,711,166,152,207,214,219,95,789,75,949,659,593,91,722,238,662,207,729,91,347,999,294,755,241,662,6,629,527,47,806,95,809,239,842,722
138,255,690,175,573,1022,229,903,458,287,991,291,674,303,906,168,998,489,289,167,1005,486,561,389,998,477,471,797,70,421,957,742,674,353,549,941,170,583,741,423,111,695,514,566,61,930,973,133,215,957,815,1016,167,181,766,166,903,77,210,230,561,1014,266,982,811,946,681,239,485,815,685,269,879,998,270,973,973,5,998,850,562,594,210,1023,676,1001,253,490,225,686,450,874,294,1014,969,694,786,678,1014,970,351,1014,743,165,815,551,720,373,763,843,470,943,941,391,165,591,248,194,950,701,881,279,295,1023,945,741,165,55,672,423,310,210,999,561,703,557,480,630,998,138,261,658,815,173,389,466,295,701,266,693
915,614,716,359,332,295,330,21,315,840,708,71,993,328,214,1004,533,967,166,108,163,207,1013,295,47,994,1016,930,610,131,702,96,6,639,39,415,744,893,938,262,900,245,988,24,144,1006,232,100,908,118,996,509,248,460,64,909,968,618,203,95,985,598,330,938,24,26,106,55,481,995,743,800,161,679,908,961,773,876,23,156,168,930,616,132,143,481,429,129,411,147,742,961,139,904,167,616,931,202,42,749,951,636,541,8,618,856,162,156,765,934,140,972,19,543,1021,874,999,997,165,143,701,247,264,0,991,705,869,642,96,835,540,579,138,98,927,938,249,975,386,616,1004,992,706,969,452,181,938,62,667,1000
51,757,720,563,375,408,355,289,527,997,687,999,738,1016,888,659,646,583,288,670,712,64,56,940,888,944,903,1001,611,456,832,288,418,952,497,816,282,3,592,864,993,824,400,867,910,854,954,803,355,181,144,368,80,273,288,243,611,418,312,954,880,408,862,320,336,255,336,584,311,432,343,888,792,470,846,448,334,256,107,975,995,318,419,369,10,947,888,881,272,291,860,737,703,323,291,274,1012,824,561,882,1004,1008,726,944,336,104,946,994,432,955,928,592,332,260,497,632,354,562,250,35,576,318,97,688,259,351,851,656,354,888,867,641,372,272,945,268,577,738,963,897,358,104,880,97,264,883,372,245,819,959
117,101,189,763,386,752,693,968,1013,549,500,117,0,761,762,752,97,381,84,661,85,749,254,736,117,759,964,1006,680,756,1009,736,755,118,752,116,761,752,38,752,182,597,1012,757,592,854,13,205,712,1013,628,183,755,752,117,752,661,900,68,781,736,879,756,53,120,1013,148,104,757,245,391,885,674,96,188,759,584,400,127,184,759,236,740,739,740,733,564,755,712,92,869,853,741,539,381,85,495,951,752,853,947,112,949,212,496,13,752,693,771,49,119,231,656,375,0,380,186,756,349,866,628,641,183,550,752,548,948,121,247,765,1012,736,948,53,16,628,299,596,505,240,1021,253,436,709,213,102,680,360,868,736
232,361,365,300,556,557,556,542,551,525,695,496,61,295,93,481,760,456,205,301,525,346,303,678,62,957,556,300,49,777,545,303,471,84,518,719,623,366,170,461,690,815,63,35,190,523,327,259,241,301,304,295,807,366,549,122,526,430,701,515,545,399,175,687,694,434,45,686,237,773,300,175,556,238,762,600,558,444,556,941,173,947,297,380,46,301,558,958,407,111,682,124,361,524,94,366,691,284,941,535,527,934,43,286,794,166,213,716,105,559,335,414,487,301,301,239,682,558,237,301,525,444,35,146,551,247,478,446,110,750,39,439,202,463,717,175,366,303,266,943,557,290,47,369,906,419,543,567,681,478
440,514,461,529,786,601,376,514,690,456,997,398,261,608,139,1009,384,163,696,430,157,553,706,898,285,994,928,898,974,450,280,456,360,321,450,416,450,177,925,993,441,912,1009,723,513,1010,689,1021,969,269,168,425,925,642,484,915,774,516,456,1022,928,305,609,844,424,294,701,641,658,833,723,13,464,393,457,449,379,854,926,529,393,1010,369,487,352,912,322,378,997,421,265,393,638,837,705,602,977,961,698,716,898,961,798,393,433,990,968,916,393,430,689,897,258,357,834,290,1000,925,290,456,460,616,705,680,1000,897,456,261,625,976,450,425,896,285,449,802,1000,1007,1021,717,72,600,983,926,925,913,401,385,457,203
53,739,460,539,634,731,537,486,158,475,606,467,297,283,434,563,468,603,163,190,248,331,385,470,690,394,19,162,229,360,634,898,858,469,50,435,921,590,248,482,854,621,185,764,539,601,469,211,873,57,426,574,630,660,859,405,377,462,490,594,636,859,429,595,470,753,890,260,537,546,502,766,472,889,342,347,889,784,14,582,603,546,985,546,593,290,857,470,766,546,1021,718,986,633,51,603,728,62,549,386,281,313,282,394,526,489,54,835,328,890,233,858,755,763,889,526,499,398,730,275,606,617,574,859,539,82,282,859,874,891,354,601,845,306,354,848,603,181,130,473,117,377,130,860,987,634,635,51,857,50
335,30,156,92,116,899,783,996,990,904,279,3,784,970,708,260,668,31,532,837,1019,1003,25,332,939,20,924,92,371,124,20,246,20,670,447,93,923,252,132,1016,63,989,708,995,903,220,660,991,384,796,585,20,814,656,732,76,228,204,660,964,655,8,31,320,640,60,669,409,775,28,796,1020,25,829,147,30,975,896,855,31,275,6,605,100,507,399,676,88,782,800,92,77,584,591,116,799,92,214,28,590,911,200,509,971,901,372,412,47,57,852,164,902,348,959,212,328,148,79,1000,64,28,388,660,228,0,668,224,11,331,19,83,195,412,75,93,780,733,81,961,975,16,252,901,164,957,460,28,655,21,987
243,204,185,152,765,23,432,893,1003,243,184,984,661,553,732,328,748,211,57,168,0,1016,656,251,415,121,96,16,753,533,188,617,85,544,949,84,931,720,57,147,916,892,889,824,96,768,495,589,569,893,211,697,184,541,915,188,925,1008,189,190,640,216,415,177,672,179,185,308,189,969,210,627,134,960,796,876,103,412,976,0,885,216,524,237,41,176,47,28,281,176,976,920,705,649,904,556,249,575,208,757,636,736,549,69,761,121,604,157,305,63,977,665,207,133,181,831,224,424,319,672,497,159,334,99,713,920,113,216,213,187,520,176,176,129,760,440,921,223,867,764,393,412,883,736,413,576,60,753,633,896
480,220,787,890,94,475,85,364,82,914,936,797,313,862,277,293,806,178,863,935,925,941,795,101,79,53,389,927,782,763,308,357,1005,730,980,802,940,88,87,909,58,337,371,133,389,108,839,168,911,909,155,930,658,98,443,799,625,162,796,923,922,370,13,941,171,267,927,816,394,146,779,505,139,92,466,778,903,154,906,207,369,783,930,413,351,61,148,939,955,145,671,394,1004,652,57,57,116,45,1023,824,363,384,254,391,635,763,40,5,263,126,475,814,937,120,372,92,115,917,223,802,138,398,145,794,1001,109,795,108,747,938,57,795,935,717,357,201,83,654,176,116,626,914,242,715,473,860,184,46,808,914
180,522,606,702,406,366,131,18,649,686,887,958,191,912,446,903,897,830,814,271,55,183,567,55,702,703,567,112,437,38,702,674,428,346,189,602,58,887,638,94,935,952,174,108,702,375,57,862,202,244,695,62,247,702,711,54,442,37,759,243,679,183,679,670,759,4,661,71,114,951,114,494,670,631,62,71,153,62,78,183,190,678,12,82,231,694,37,121,679,55,570,297,309,887,394,190,43,125,892,887,46,150,685,318,119,694,902,350,667,670,112,2,411,678,190,390,368,951,951,958,702,702,720,759,743,243,538,887,556,686,958,830,366,127,947,62,831,702,671,825,413,647,50,685,119,58,370,183,686,45
471,425,361,295,623,753,580,566,326,22,708,284,420,547,260,324,879,260,866,196,747,706,424,680,547,33,852,292,494,745,688,546,547,559,550,375,698,251,830,596,269,579,867,876,729,401,291,550,726,368,864,686,430,486,953,425,233,982,324,936,958,1000,871,284,598,316,254,663,793,1003,473,298,444,432,684,772,548,316,369,482,260,614,291,288,521,882,557,937,810,1002,817,345,769,336,871,143,736,940,344,276,292,812,953,363,553,580,486,825,298,876,765,308,705,369,318,401,164,588,548,297,580,514,278,268,486,541,882,303,876,393,534,468,301,303,164,290,357,517,292,420,297,432,556,293,268,957,528,286,337,537
355,117,602,771,117,324,391,123,592,507,540,87,535,589,487,975,312,4,100,756,554,581,525,471,580,320,307,15,601,364,661,903,59,559,832,77,334,720,101,965,587,95,40,98,80,348,328,503,884,475,214,371,120,340,723,84,615,503,628,88,112,838,24,67,723,636,436,611,612,332,632,388,971,547,588,112,611,81,311,4,116,661,117,538,83,192,156,608,707,263,819,803,574,654,518,747,408,8,977,267,95,552,302,611,516,645,116,67,673,348,775,308,20,260,776,363,644,628,80,526,544,728,843,269,587,77,396,339,457,19,728,205,503,507,839,127,604,560,16,78,99,781,275,707,124,615,388,340,104,392
341,276,880,710,604,15,1005,657,66,811,469,92,597,80,528,111,734,884,31,880,853,666,38,73,309,624,684,752,258,885,246,951,604,117,405,368,149,724,661,213,348,464,341,981,343,731,599,669,20,744,725,597,722,597,326,957,325,597,307,469,594,345,457,981,475,643,453,705,592,27,848,168,368,716,598,336,54,677,853,451,585,632,660,862,168,82,597,781,696,354,344,437,976,853,24,1005,84,796,821,368,149,662,853,893,540,92,656,322,853,357,287,460,556,621,624,821,724,476,725,56,496,598,808,341,116,981,604,94,176,882,362,84,709,597,469,339,478,468,598,612,664,658,276,77,169,299,53,720,476,710
82,438,465,389,461,314,221,165,258,421,581,305,416,554,794,198,86,298,273,350,430,998,429,461,330,311,742,391,237,399,269,734,527,424,406,990,399,959,385,863,481,938,289,238,749,439,279,327,397,762,431,878,269,510,391,413,604,534,175,727,214,618,398,849,419,242,554,106,1012,31,288,139,263,533,399,47,426,654,997,687,271,298,415,463,682,175,687,977,423,713,831,817,688,581,490,402,990,812,559,173,704,391,550,958,797,926,311,951,970,506,343,269,395,534,711,394,355,618,161,831,388,210,225,559,406,711,749,711,861,661,387,84,448,738,685,471,761,1002,391,255,143,399,302,557,556,140,554,318,304,337
561,725,785,756,53,369,125,750,405,101,1014,999,55,497,600,140,560,1012,897,499,269,298,604,26,37,670,606,848,50,562,2,226,1009,504,448,382,369,739,565,308,483,272,357,494,749,277,525,568,493,33,848,837,369,614,872,625,37,542,752,542,945,17,520,897,276,320,590,656,654,481,373,877,561,786,956,737,313,112,685,37,3,147,993,102,873,126,305,801,288,621,638,113,112,101,24,128,48,482,3,98,39,376,612,898,307,680,305,470,243,1005,659,238,976,483,115,577,638,933,256,539,117,525,627,738,102,307,545,627,688,852,994,625,373,30,486,350,932,525,372,750,1006,375,690,55,953,326,993,306,755,627
517,212,127,196,179,928,514,352,834,177,98,317,880,512,208,468,834,577,849,191,980,319,834,891,868,936,517,119,392,292,604,604,95,818,833,872,127,368,890,625,936,890,539,903,197,236,387,217,896,432,628,579,869,352,234,865,320,976,223,516,852,887,982,893,196,933,177,520,959,197,194,247,10,194,858,834,139,577,615,893,385,636,23,961,639,642,33,637,231,802,961,201,612,92,895,919,964,202,96,897,468,898,130,867,609,863,464,482,89,196,100,64,112,711,160,194,212,957,832,962,613,802,7,130,208,817,844,892,788,352,844,527,352,701,116,204,615,98,352,453,890,802,903,209,196,160,509,1008,192,113
59,75,551,290,962,0,386,19,429,940,940,123,54,420,56,812,936,515,158,288,903,935,697,757,35,594,199,599,32,345,547,821,877,891,790,275,331,941,936,305,423,524,674,3,944,807,168,271,424,972,933,902,278,810,875,979,115,568,25,923,795,288,22,372,952,141,290,803,676,72,887,376,812,288,238,66,44,62,891,544,902,645,574,302,1016,781,522,75,563,934,515,40,86,722,43,205,375,104,897,830,831,1015,231,888,902,918,309,672,38,547,273,811,91,5,307,678,183,935,272,428,22,935,941,306,414,1006,473,785,954,104,1011,958,805,933,919,117,1015,374,937,371,972,988,676,768,672,958,69,38,805,371
324,865,837,869,976,774,838,964,880,836,304,649,109,340,805,512,485,892,308,71,339,878,411,321,324,368,137,857,332,660,453,804,832,204,875,892,429,442,196,919,429,893,449,125,273,297,961,179,445,966,964,836,496,838,270,323,321,390,64,868,649,1006,723,469,325,323,432,304,340,196,763,822,517,324,356,100,196,129,332,840,1005,7,77,320,432,324,257,760,439,332,324,187,341,652,877,720,71,629,189,856,453,665,805,723,337,128,820,868,172,875,329,784,113,626,845,880,571,641,358,961,933,323,391,389,67,176,653,289,838,107,269,429,331,428,963,215,535,387,149,343,728,5,197,275,804,351,290,580,805,709
741,911,198,212,692,214,194,743,191,445,208,212,463,950,980,887,765,727,979,203,495,986,357,616,758,244,621,614,620,500,198,503,556,615,744,464,219,208,525,194,999,568,612,998,243,180,228,543,191,755,608,622,907,720,1005,743,244,200,999,566,514,895,668,767,903,134,764,468,993,468,52,957,287,948,252,549,285,375,199,743,487,628,206,247,324,211,749,568,47,750,620,224,750,980,189,319,245,979,959,997,690,628,1019,724,17,759,442,175,208,108,635,705,692,741,524,360,366,255,964,905,503,211,486,998,436,214,980,455,490,737,751,664,692,212,621,1007,11,104,756,381,519,464,764,762,59,212,246,101,616,764
626,448,476,452,83,176,676,552,17,521,528,809,635,1009,96,335,197,704,506,327,647,200,372,450,227,51,460,604,558,69,601,415,523,118,655,100,57,628,422,455,414,307,620,412,798,566,604,963,540,92,372,106,324,463,585,69,540,119,814,581,348,820,695,460,529,542,260,263,451,246,651,798,982,358,116,415,787,403,669,183,956,798,676,599,660,528,340,482,740,356,70,458,793,494,804,678,455,387,748,85,799,796,505,457,92,528,450,556,110,531,531,331,520,794,336,719,531,531,677,452,528,334,451,834,207,26,535,463,16,455,783,784,596,614,582,699,467,528,148,858,441,938,107,3,602,497,402,304,630,84
252,409,831,252,297,8,789,945,913,8,398,48,960,492,353,842,508,409,543,926,255,297,433,412,788,92,395,811,281,319,72,7,415,321,488,808,681,1017,318,1008,831,108,1020,96,1020,233,620,330,745,323,796,410,0,332,392,76,87,187,520,71,811,441,60,108,387,184,389,251,504,240,520,296,415,411,946,233,336,684,264,508,195,447,436,368,1001,423,64,937,69,315,935,5,7,30,172,25,49,536,316,440,8,773,788,74,552,380,27,52,316,511,686,1016,1005,437,712,940,772,665,12,844,847,852,777,284,360,76,915,60,959,350,300,13,8,233,3,475,788,1004,60,1001,673,412,824,396,75,460,27,907,27,424
154,595,605,64,363,806,230,78,578,550,387,198,518,247,582,582,990,195,514,202,67,102,934,514,285,78,516,98,856,518,593,514,769,67,518,928,514,934,833,579,659,784,198,844,98,579,518,769,176,976,5,582,989,134,3,989,718,73,851,903,587,907,122,115,576,65,769,100,600,752,578,118,72,66,577,94,75,611,64,70,1,603,833,101,195,527,977,946,194,274,83,518,198,89,905,723,548,850,833,592,515,861,555,179,835,546,575,65,963,843,850,630,830,35,515,349,849,582,101,86,85,536,990,905,166,899,523,630,196,517,67,515,66,579,651,93,103,550,519,190,838,845,518,971,98,644,75,983,605,643
280,147,852,484,102,151,915,971,1,1019,278,663,1020,565,914,278,1009,990,697,282,849,358,148,883,539,266,662,1009,276,532,283,958,915,785,354,338,978,986,927,658,528,922,54,947,41,863,977,931,845,338,23,304,1000,988,664,826,950,286,1003,230,1019,268,272,535,916,279,219,16,30,276,794,722,716,304,660,346,945,118,173,1018,1011,631,818,276,977,274,969,870,854,951,986,920,785,1018,804,378,275,542,1018,914,18,922,407,276,859,855,406,849,186,977,975,849,321,979,697,897,883,921,906,310,892,979,916,496,995,314,707,115,994,930,336,11,863,857,288,961,347,814,916,267,311,1017,275,309,20,263,274,795,924,446
110,334,130,734,601,187,356,379,609,625,502,636,957,281,346,338,422,226,597,606,570,715,601,26,119,444,436,489,602,601,185,83,601,598,702,599,566,214,796,592,270,115,561,76,922,282,535,491,638,154,367,673,86,159,87,674,346,121,94,126,605,153,410,38,510,149,251,601,572,180,602,142,391,601,94,337,252,129,950,311,1019,107,2,351,345,130,606,95,183,249,30,948,990,599,204,23,87,607,58,761,601,337,435,631,602,574,537,961,359,361,601,91,286,133,345,101,658,94,57,345,700,113,123,513,716,542,678,666,413,602,465,593,594,25,461,987,406,502,594,84,379,106,86,604,26,494,375,93,25,572
455,452,13,580,190,912,164,304,576,187,761,684,449,407,361,612,486,754,471,472,563,347,763,568,219,151,739,579,829,184,754,522,740,89,187,282,701,821,739,7,315,132,179,713,219,171,615,190,714,91,232,820,539,179,884,562,199,125,168,613,169,403,479,189,882,637,467,787,688,858,191,115,179,196,446,34,436,834,424,755,132,620,603,400,179,633,109,403,155,81,240,739,831,840,400,183,891,186,152,456,409,242,864,637,1005,829,594,739,464,815,628,559,627,299,895,439,426,696,729,880,544,905,223,880,616,199,16,688,407,671,112,355,243,87,269,820,288,739,308,728,760,251,890,400,275,188,617,174,443,179
976,915,667,833,433,967,506,496,7,484,933,174,84,484,467,422,776,357,454,840,83,236,303,485,860,30,782,160,115,496,980,435,871,438,902,941,354,900,941,227,552,863,499,901,467,859,920,1023,1011,252,87,968,934,486,96,51,403,496,805,967,915,100,937,243,268,878,872,871,455,30,965,247,71,376,72,243,971,229,65,358,324,358,627,281,99,222,243,135,988,839,900,446,627,968,1012,69,483,255,240,863,16,432,774,336,487,339,172,848,967,769,372,498,838,48,793,167,483,838,83,229,230,782,94,94,770,454,455,71,968,975,992,851,869,142,422,962,998,66,860,229,419,373,869,832,62,937,899,161,315,919
14,772,265,769,1015,394,7,1,908,149,360,783,27,302,718,743,3,137,874,303,76,986,711,711,716,1020,809,391,903,945,0,519,966,571,333,80,941,522,974,3,39,809,282,961,775,12,967,964,196,561,684,15,334,209,105,15,937,175,1,107,657,907,9,401,3,1022,1007,321,785,215,796,457,271,871,171,943,71,105,12,779,686,796,712,919,136,24,154,487,300,12,775,747,643,796,319,76,807,143,427,910,4,12,666,896,15,399,44,119,323,508,182,594,910,116,263,316,14,9,649,780,586,204,251,233,1007,327,55,15,660,303,520,7,938,412,120,532,24,65,819,937,513,14,988,775,775,906,282,583,374,906
98,576,195,871,775,325,890,574,580,865,514,656,212,678,100,770,834,452,868,588,213,903,604,221,549,348,65,975,581,122,970,452,373,880,821,66,268,193,117,814,405,960,140,844,960,136,868,36,343,576,117,676,140,322,455,65,210,855,871,78,530,0,524,65,64,992,64,55,224,588,194,580,533,884,801,840,836,620,842,838,100,856,835,513,855,577,812,58,1018,6,193,844,85,8,712,582,576,884,594,860,845,217,861,436,53,901,290,381,75,866,204,87,856,842,448,892,557,605,26,85,628,577,375,866,578,345,1,18,832,312,69,804,800,216,844,858,522,908,268,576,343,860,579,952,66,85,586,169,833,604
725,207,559,725,693,949,543,393,70,707,624,272,336,307,281,575,624,560,184,208,79,760,911,543,269,921,245,355,597,172,318,675,784,448,45,925,547,786,117,215,665,345,537,117,536,533,112,992,536,277,560,38,166,624,112,721,535,127,509,985,959,632,533,319,949,668,80,208,125,303,533,405,560,557,72,533,752,927,183,667,564,175,200,757,758,744,535,463,725,109,313,275,117,144,377,984,48,264,560,704,529,16,535,279,249,629,504,212,752,515,536,193,48,397,915,500,560,1016,177,531,557,160,312,227,212,617,99,947,213,44,35,565,85,736,624,720,112,921,72,656,592,640,704,501,355,864,469,565,511,592
989,135,464,546,491,944,594,672,245,105,420,946,43,638,291,157,115,231,528,564,773,596,349,617,934,656,161,432,525,186,381,36,560,11,249,423,995,77,672,243,480,244,327,349,1013,692,799,173,298,464,16,26,238,909,436,220,622,4,547,492,464,543,390,244,746,702,248,336,1,942,660,1018,995,696,94,1007,664,560,131,534,940,696,685,240,952,421,133,694,480,77,932,794,480,764,331,624,239,90,608,69,188,528,82,696,560,568,142,592,626,492,413,528,984,428,998,172,493,595,696,656,292,909,223,656,968,352,221,429,480,164,528,515,949,293,692,301,685,928,564,29,166,355,116,981,1001,2,621,74,354,151
221,103,412,110,196,462,207,127,756,894,634,718,314,60,105,121,150,730,670,318,448,195,527,456,204,766,255,316,207,574,961,382,46,110,614,75,672,318,682,319,719,628,346,554,238,318,65,524,638,972,312,30,314,259,120,314,541,73,78,914,308,626,190,607,546,313,342,318,255,22,158,492,172,634,819,90,894,11,855,965,902,850,217,271,567,634,239,591,153,350,1006,382,146,767,207,84,14,687,68,218,146,234,190,1019,810,127,903,201,508,447,638,411,184,254,255,79,574,111,354,638,455,631,1023,767,174,84,110,767,367,326,280,34,314,91,568,379,505,317,222,754,351,122,190,91,111,108,705,758,991,74
642,961,375,711,907,533,445,428,896,682,357,48,203,960,136,897,508,624,429,767,29,333,511,412,970,699,679,693,332,903,920,360,723,267,352,933,969,319,745,413,676,460,925,904,993,281,700,357,729,355,660,637,677,431,145,183,972,1009,1005,572,924,8,25,980,977,679,353,444,640,459,968,127,212,479,349,361,635,368,404,633,591,3,575,925,497,1008,909,912,348,920,135,348,797,938,216,728,655,56,20,261,460,989,1005,714,109,405,807,729,60,941,940,525,956,961,621,921,1000,904,917,940,828,281,985,960,935,961,977,192,980,285,807,897,287,992,260,900,207,301,383,425,645,317,704,301,456,456,353,512,380,940
4,916,931,740,7,148,980,768,655,582,900,903,935,615,783,875,887,850,212,23,238,212,536,244,212,98,802,767,647,215,234,271,923,46,11,55,783,845,943,866,785,650,713,141,759,32,668,936,243,104,263,899,930,145,34,647,16,255,695,127,788,31,936,887,1005,1006,495,238,884,770,283,618,46,630,591,759,238,434,234,887,967,966,7,655,210,199,232,430,225,866,664,228,136,238,740,255,799,30,503,258,70,226,214,459,416,328,135,744,840,147,162,577,151,235,775,184,181,222,239,836,175,970,461,792,334,1008,176,775,746,640,903,578,650,663,239,52,930,514,151,47,102,875,804,235,455,427,911,197,916,586
378,539,516,771,586,467,554,791,63,827,537,763,178,399,615,763,527,987,460,683,143,520,872,290,415,543,522,527,575,430,173,522,631,90,783,520,74,394,676,812,503,604,790,523,813,527,547,108,522,159,394,360,731,815,522,292,522,778,331,475,415,632,824,677,298,310,503,522,782,444,532,571,521,618,392,515,547,522,260,634,527,563,178,778,487,650,540,531,527,784,516,493,778,795,155,827,556,783,558,274,522,976,832,577,740,190,191,10,956,952,565,441,136,507,542,522,520,315,392,11,284,634,543,529,442,527,397,274,539,291,264,11,759,337,698,522,783,539,531,138,152,408,795,535,522,872,539,394,259,378
723,456,945,663,747,683,849,529,849,230,764,500,881,730,537,832,751,464,452,721,944,374,825,484,508,608,423,902,806,820,505,945,506,420,245,401,624,445,836,529,785,484,762,512,882,775,932,916,939,519,811,544,734,484,421,375,853,538,886,666,921,565,211,977,321,496,275,337,859,793,745,868,757,987,488,321,460,892,506,13,682,475,329,17,849,273,466,713,688,529,721,64,832,694,857,409,834,910,784,870,714,770,531,540,508,817,529,896,889,518,859,580,811,516,817,612,696,400,881,833,505,889,601,787,370,240,434,652,465,489,541,517,858,388,871,401,593,348,628,452,777,20,948,937,793,892,481,881,361,799
865,293,557,301,48,125,687,984,399,624,248,330,319,364,636,329,581,40,621,124,504,669,268,752,655,937,780,269,651,120,621,820,307,268,872,301,344,943,582,308,360,663,357,344,892,82,204,864,877,623,628,583,828,541,581,29,811,749,292,891,303,295,683,463,359,15,616,765,877,396,52,751,892,357,412,854,328,861,855,364,589,845,588,775,779,114,829,264,332,616,264,224,749,348,372,300,699,453,72,648,524,623,508,755,744,588,620,171,604,773,860,517,501,232,331,332,866,888,878,873,332,941,751,639,357,311,556,285,88,124,344,608,636,11,104,800,741,325,78,325,328,651,461,356,948,11,6,362,439,608
507,397,33,653,375,271,654,799,596,791,552,839,1015,217,778,290,754,799,267,263,371,958,859,317,384,195,47,650,159,346,786,266,457,648,759,493,568,519,655,324,474,309,9,309,1,393,809,1007,859,666,263,646,403,773,911,362,261,259,339,375,42,997,773,922,22,263,234,559,488,212,874,293,1,55,533,661,532,728,479,770,775,458,402,672,393,157,396,289,265,772,407,908,93,799,515,646,791,581,346,874,514,20,284,970,442,1015,654,785,338,367,473,710,257,290,44,554,874,298,922,409,275,759,61,279,159,418,993,259,1022,247,352,361,390,789,766,791,603,27,681,407,307,345,257,343,399,15,51,547,926,373
675,904,742,767,907,831,530,979,996,919,4,984,414,790,902,774,198,550,902,9,166,815,887,268,587,213,933,248,887,342,144,611,54,209,340,527,891,414,1023,918,404,348,215,774,326,792,977,629,917,516,788,254,566,438,935,514,289,774,648,967,916,965,915,902,523,870,6,544,515,470,486,510,973,203,765,1009,774,519,339,518,534,494,919,717,279,679,914,471,1009,501,547,774,904,902,355,813,262,635,203,120,918,907,136,920,956,260,934,1006,531,757,177,168,405,9,518,315,790,198,342,583,899,419,952,404,22,636,582,558,918,740,6,870,763,1012,251,3,927,915,199,165,798,919,915,550,278,950,851,902,187,326
963,49,1022,998,982,895,310,899,909,831,998,254,182,763,115,747,957,458,763,899,903,118,243,566,252,195,102,104,926,926,236,503,948,111,1021,556,199,1015,618,978,992,318,155,387,62,895,115,768,843,99,883,311,127,236,224,703,867,919,60,887,995,251,960,240,3,323,740,538,992,624,647,759,251,502,254,111,55,246,879,109,235,764,256,954,646,1022,987,751,944,82,103,119,109,919,876,670,872,179,1008,200,643,910,635,230,231,896,109,867,206,918,483,431,646,902,62,209,924,891,854,867,175,220,502,503,69,895,1,1020,1022,175,382,886,254,230,239,356,763,206,919,207,475,877,120,922,227,254,333,219,7,756
526,500,615,174,943,334,646,206,144,166,21,653,287,718,313,299,530,569,900,667,992,333,526,519,269,104,206,215,381,764,239,654,247,196,727,198,719,686,519,654,159,795,649,900,683,389,911,157,232,574,166,75,224,334,560,115,16,683,525,655,686,719,526,151,734,259,559,163,613,269,432,150,648,307,975,103,174,526,254,999,299,284,174,660,526,147,926,501,524,566,740,539,86,286,348,207,303,703,340,648,526,560,520,560,334,766,669,62,174,174,306,654,654,396,94,270,662,134,737,647,29,398,898,462,38,2,142,1017,460,116,198,136,676,206,302,338,910,270,718,284,333,351,198,998,622,535,687,287,560,271
166,232,320,198,441,621,320,494,542,484,625,152,520,708,569,617,747,506,505,425,246,625,462,425,488,845,394,569,424,426,366,365,616,576,704,537,575,621,361,408,678,226,164,705,426,149,13,517,601,237,625,225,743,717,621,634,70,170,243,104,241,289,751,236,57,397,646,969,525,424,658,41,809,577,625,618,397,717,608,811,237,648,325,610,425,410,736,609,461,633,621,424,1001,196,674,429,1,872,397,387,12,361,96,137,589,485,726,617,1001,640,586,481,682,325,612,706,722,877,456,569,878,818,890,199,461,421,364,520,201,125,674,401,241,422,33,686,705,961,429,618,536,537,727,717,644,250,425,673,480,505
925,586,74,94,27,335,638,511,541,848,174,190,8,64,851,458,858,346,986,639,591,799,30,354,871,722,363,943,16,474,602,238,94,28,766,94,796,50,76,924,334,894,350,14,500,580,448,346,66,858,206,538,74,942,74,583,23,731,367,492,631,56,505,596,984,766,351,118,63,235,577,574,364,13,103,627,63,844,894,143,30,610,861,10,221,78,862,695,639,220,452,844,335,339,23,221,346,186,639,199,111,89,832,871,74,50,12,346,64,614,990,855,615,839,632,337,91,90,94,236,871,30,30,855,639,615,599,23,950,199,767,428,179,202,476,94,887,584,341,39,6,92,3,863,967,91,727,463,638,935
398,735,965,173,13,157,204,221,525,173,285,533,153,554,535,494,794,862,813,793,120,981,582,447,321,820,202,173,728,73,832,685,774,13,375,605,910,554,540,213,197,637,173,220,477,125,846,334,317,889,446,416,917,221,522,424,445,390,206,846,380,178,493,221,861,156,900,621,357,239,111,485,372,733,554,444,794,842,906,648,57,583,364,133,109,13,862,334,445,893,265,192,29,848,12,105,637,125,557,773,465,836,818,268,201,284,266,929,789,588,636,493,236,159,202,462,470,125,870,819,326,893,829,797,820,125,170,806,445,413,61,1007,327,525,794,361,807,810,541,445,90,469,29,4,618,829,494,842,554,207
511,728,581,44,809,722,178,308,467,677,162,672,182,137,948,652,125,233,545,228,556,141,484,858,553,644,457,289,76,476,585,644,547,170,36,644,483,553,548,300,865,551,213,386,173,128,660,161,234,809,396,553,553,137,95,605,217,810,412,43,405,553,95,561,460,414,166,932,132,585,555,804,164,173,44,76,949,553,396,84,554,221,468,122,482,749,865,677,84,716,433,686,447,509,813,577,493,420,713,172,809,524,180,441,672,553,173,474,700,452,141,658,38,100,569,73,692,861,933,132,812,716,553,172,179,292,172,92,986,172,687,83,569,553,160,681,244,449,483,716,165,437,804,560,489,801,297,681,180,705
833,481,681,474,841,643,457,467,212,769,726,743,867,807,862,121,214,854,884,457,355,651,468,211,469,276,250,819,726,462,787,785,822,996,84,867,723,714,105,192,867,110,470,737,867,470,238,716,459,894,102,470,214,727,886,377,868,808,483,852,886,852,990,872,806,355,885,822,641,438,828,202,326,870,806,251,883,880,819,360,814,458,193,461,323,721,340,890,1,282,869,447,470,166,449,451,358,711,289,861,171,705,814,110,853,785,215,867,769,84,211,883,794,918,418,52,533,470,475,786,108,209,566,467,769,852,330,972,323,705,684,726,867,392,470,212,564,278,556,801,94,450,885,881,731,451,812,996,416,53
902,935,81,881,276,698,945,726,938,945,662,277,51,918,247,677,215,182,754,716,6,550,394,109,703,1001,713,606,366,406,550,342,670,598,102,126,295,151,73,11,757,181,404,631,750,604,373,174,428,301,765,757,724,152,569,145,279,1005,37,197,707,277,632,7,125,948,873,764,361,949,211,214,765,564,351,765,183,165,693,803,174,145,539,131,281,733,425,183,996,177,767,935,757,533,95,863,574,186,703,1,517,263,677,775,742,12,33,566,725,70,138,147,750,72,761,150,401,563,549,435,560,940,139,445,694,99,662,878,785,742,509,732,949,350,242,186,22,677,169,643,412,150,406,185,158,150,182,954,321,406
849,839,256,277,122,810,962,1022,386,194,239,36,834,996,319,974,718,782,812,218,662,950,995,327,39,727,174,867,835,35,998,995,149,420,450,449,838,255,183,868,225,992,390,963,512,909,788,960,419,287,896,836,869,997,366,966,547,968,404,98,921,902,968,960,902,22,615,392,833,487,912,759,1018,6,375,551,74,582,1014,408,40,839,239,1005,670,979,376,994,231,642,999,967,900,78,992,659,1023,117,34,199,352,298,889,839,849,255,119,871,871,135,804,130,326,96,995,961,6,899,1007,900,354,994,482,358,218,843,996,165,351,37,181,302,834,866,998,902,974,866,451,987,994,963,1007,999,167,2,963,959,931,642
612,558,943,324,235,47,168,226,431,751,180,614,1000,759,628,324,751,615,760,367,948,540,47,1001,358,111,358,717,119,900,652,636,463,95,204,638,568,612,374,123,715,612,122,558,569,610,429,207,191,739,431,751,596,187,108,574,167,559,180,727,320,548,45,253,603,184,47,763,511,172,568,568,47,138,138,590,372,781,255,628,450,623,638,558,419,175,351,619,108,623,605,111,328,632,167,623,231,382,604,211,514,70,299,614,872,64,216,558,358,623,844,767,206,67,546,375,1015,228,189,169,91,12,751,623,614,440,55,615,628,844,620,475,615,219,159,582,239,168,120,440,56,939,445,686,623,308,54,751,897,294
820,145,1005,198,469,153,811,6,118,414,1,516,246,521,532,133,781,642,467,162,801,606,513,830,52,598,521,134,521,1,26,294,133,528,989,62,100,992,137,109,832,978,788,524,993,559,778,293,916,401,770,781,993,24,70,532,774,13,772,566,822,190,962,986,609,133,868,134,989,981,272,598,1,484,971,545,609,989,473,461,790,557,89,12,197,153,461,996,86,132,979,966,806,582,1011,772,981,36,598,269,973,121,14,580,582,636,230,598,580,566,445,2,964,6,790,213,121,879,390,456,605,54,740,535,982,515,845,598,218,385,183,570,54,823,1017,512,788,226,161,228,557,148,889,103,836,645,662,729,899,796
566,566,284,310,272,498,406,309,588,581,635,503,393,307,499,883,434,821,440,545,396,947,532,987,980,945,433,306,951,439,483,521,569,884,437,1008,293,931,944,439,286,321,562,410,503,939,436,548,492,415,821,884,587,711,306,947,311,467,564,145,791,440,497,500,440,741,723,894,91,712,501,582,247,940,886,323,497,934,439,964,820,561,995,566,808,962,379,315,156,304,945,326,272,54,954,433,908,931,135,930,374,447,407,503,439,311,425,881,276,467,423,411,301,506,404,951,945,759,721,835,272,307,833,756,305,368,892,435,806,566,503,444,321,748,547,499,940,446,957,782,154,483,363,823,892,566,307,424,940,405
711,411,815,798,313,223,82,635,24,158,706,61,411,721,51,670,680,587,477,939,634,435,378,551,411,554,470,763,797,294,1018,634,763,802,520,22,271,555,283,745,831,388,223,859,51,59,25,927,51,939,586,58,435,570,683,840,267,409,1018,827,553,711,761,314,626,671,903,815,947,795,150,562,635,699,53,874,283,275,408,927,698,58,715,452,256,554,49,321,317,670,554,383,830,704,683,443,795,634,554,27,666,2,50,314,706,986,637,771,670,523,799,904,395,762,90,390,920,703,683,399,313,923,708,826,49,395,659,391,879,811,411,768,550,863,27,379,786,670,631,306,687,404,19,798,755,575,359,383,123,756
360,852,985,788,342,814,406,975,214,982,70,16,495,16,69,494,427,950,779,797,460,401,990,854,46,38,215,478,895,452,2,81,1000,993,40,66,453,766,454,747,1023,219,242,744,968,494,361,516,460,363,393,246,397,1001,861,29,23,78,821,710,750,502,425,296,399,105,300,460,211,462,876,748,1006,510,391,999,354,806,206,1001,334,583,40,837,410,832,189,462,487,839,406,508,1019,1004,337,450,371,814,990,98,438,462,214,334,198,408,998,206,968,763,214,393,855,779,627,214,210,473,206,270,173,552,271,214,1004,1006,1021,1006,59,214,1016,847,790,1006,450,429,749,863,726,336,573,406,726,1000,734,877,493,491,887,816
818,95,646,30,822,822,27,915,24,912,747,912,564,446,859,374,206,508,276,664,150,564,180,531,44,86,702,19,291,820,351,395,555,25,51,690,562,607,543,344,532,2,93,790,918,235,822,701,754,1012,344,543,967,318,820,95,627,38,126,130,443,822,524,907,574,487,304,791,254,861,134,214,85,71,552,699,998,665,788,28,143,83,13,786,156,155,700,786,788,894,891,539,386,665,540,852,926,29,296,404,923,796,534,414,88,797,158,134,913,307,30,556,701,644,828,288,155,237,347,692,998,675,532,315,407,27,796,790,820,925,799,399,658,564,84,99,427,647,78,460,820,670,86,5,278,562,22,166,560,815
230,930,870,878,771,227,108,583,620,128,878,96,420,218,227,979,133,61,20,170,484,894,565,80,164,476,164,288,873,379,619,122,842,1004,608,840,100,594,836,224,228,234,229,1012,637,109,851,38,234,42,800,100,870,160,996,230,247,419,740,877,618,161,625,22,181,993,38,224,168,173,64,42,104,877,839,728,102,516,996,7,157,546,358,858,546,6,1004,152,97,781,842,567,96,365,834,232,142,480,583,245,911,1014,212,934,98,582,548,295,116,45,586,233,106,181,38,736,240,37,320,576,992,751,633,230,615,173,608,163,163,45,901,34,562,173,501,1014,601,832,945,161,225,157,146,892,149,146,166,72,102,38
148,7,345,44,1,233,851,915,616,17,25,778,791,802,158,12,33,725,54,862,790,540,139,950,631,757,919,652,950,152,49,792,916,646,783,970,772,280,531,1,470,1015,591,3,917,530,980,1017,791,600,148,651,858,126,4,9,652,1,154,17,7,22,837,795,898,778,796,179,41,600,817,255,925,158,950,879,858,167,115,228,997,30,581,776,918,55,218,921,583,29,224,51,14,769,286,641,790,999,651,918,811,177,276,724,1,225,513,727,916,150,830,120,2,941,5,119,522,9,647,15,524,662,265,543,984,51,822,927,156,18,16,657,64,892,860,942,543,687,150,158,905,951,183,83,918,159,22,886,18,55
592,57,630,189,859,685,953,176,856,425,770,626,25,157,765,731,770,841,668,5,949,134,936,597,232,639,792,899,883,387,23,368,890,928,528,384,269,535,530,789,134,624,203,136,674,893,392,171,344,194,178,19,285,213,706,213,528,189,795,138,728,243,517,907,624,476,794,523,584,771,45,393,773,523,264,162,153,796,145,704,52,284,148,579,301,768,798,709,32,8,947,128,619,398,121,587,233,170,702,978,306,833,212,136,530,24,145,218,241,139,533,243,893,902,773,877,248,795,149,627,949,174,339,949,950,233,930,148,286,827,705,895,792,240,531,914,172,397,57,18,602,156,371,384,181,963,536,172,800,2
525,800,286,789,929,171,104,792,437,123,169,458,663,185,168,488,1000,296,329,880,328,477,41,911,890,840,42,289,458,884,490,256,859,927,181,301,939,392,328,944,264,182,879,668,920,799,300,316,201,783,793,776,790,954,377,324,175,834,818,791,29,74,274,424,927,107,176,424,889,456,950,170,823,812,366,932,601,856,856,122,890,826,792,817,920,303,168,870,298,490,379,104,48,880,429,841,122,181,121,424,821,904,811,86,488,826,821,929,648,89,816,920,301,173,825,50,454,98,989,168,185,930,344,837,419,776,369,339,954,42,424,189,779,315,449,107,893,8,300,429,89,902,303,139,840,842,885,249,889,175
112,729,569,477,961,969,647,589,102,104,792,685,216,89,106,646,201,72,160,97,216,564,720,80,600,522,102,71,338,514,184,393,118,981,968,868,592,112,200,72,64,218,934,226,994,670,118,562,544,73,205,584,969,520,584,861,712,103,725,712,664,775,65,841,968,103,776,576,626,217,864,209,872,209,781,752,651,732,96,869,205,652,648,855,216,64,856,651,73,109,718,70,203,857,195,205,712,697,719,652,201,872,313,240,872,240,40,595,79,68,106,704,696,984,728,968,493,414,584,79,795,200,845,985,591,729,976,205,825,84,165,585,668,889,649,70,73,835,127,585,830,536,973,105,885,216,999,184,932,717
454,198,635,396,463,239,272,834,559,970,500,620,786,250,236,598,838,327,626,143,995,286,576,711,499,66,679,880,586,206,751,747,498,523,594,343,466,730,551,995,287,979,566,603,239,330,242,778,632,834,536,995,508,746,378,479,611,944,235,227,424,751,762,103,984,431,319,907,878,232,810,250,48,239,242,268,799,507,747,392,786,224,396,374,455,496,234,498,706,612,497,507,359,491,747,243,755,362,962,515,228,226,499,962,592,832,154,630,322,215,747,726,838,944,786,611,398,436,730,496,168,384,967,233,355,239,178,303,592,523,304,242,235,939,860,291,527,596,502,478,98,330,363,370,623,810,888,862,867,234
151,915,347,1003,296,208,13,363,835,919,523,11,1000,676,19,156,289,789,215,560,337,948,17,340,137,908,867,269,924,277,17,913,947,16,213,21,916,351,661,277,461,893,915,927,836,405,336,4,352,276,784,308,321,792,405,948,315,38,913,307,905,512,326,609,214,237,324,784,920,84,491,797,358,16,792,981,158,854,838,340,16,396,689,790,267,301,264,803,113,351,799,21,767,325,923,147,261,887,919,116,468,711,277,595,788,924,565,915,427,135,949,916,788,87,651,27,267,188,211,155,808,828,325,736,343,533,829,948,340,51,404,791,912,797,927,435,20,772,96,286,979,117,776,273,3,192,852,264,328,768
442,944,639,958,655,836,699,954,699,747,927,555,83,632,340,868,308,859,680,74,703,310,310,443,703,68,651,311,743,287,58,603,110,338,47,149,916,286,136,692,239,371,443,766,307,594,996,1000,26,1007,122,684,276,975,750,669,328,696,405,92,895,690,251,247,443,825,614,965,368,315,950,800,77,117,611,790,931,312,43,739,116,1002,895,308,642,692,72,297,702,927,308,841,702,719,846,127,299,584,703,1023,708,340,948,107,746,407,316,799,950,693,316,633,740,338,79,333,647,490,92,708,373,406,328,415,59,298,754,238,446,764,614,51,404,679,347,195,295,427,636,166,248,670,892,68,635,83,306,944,918,628
67,321,56,270,212,529,212,24,66,212,208,578,255,338,309,664,82,20,463,429,755,835,755,592,331,80,82,344,727,80,662,332,72,211,784,67,590,466,244,75,67,369,651,721,336,19,726,931,344,323,592,80,664,536,67,671,578,980,80,416,594,195,83,1016,155,91,752,659,87,661,664,876,192,104,446,661,67,325,755,416,1008,194,850,591,144,199,728,328,83,70,55,207,825,92,323,112,687,472,698,64,74,1003,66,56,758,72,53,330,687,919,209,210,82,912,659,1007,757,333,701,528,198,888,392,3,325,234,729,984,855,72,194,611,322,543,504,120,616,16,1005,51,343,55,867,67,339,64,1013,31,67,516
209,222,196,387,62,975,234,733,797,958,673,669,896,132,229,807,128,643,47,971,30,1022,661,557,128,192,460,208,223,670,637,654,8,658,134,36,670,203,231,898,674,862,129,982,803,195,37,222,13,960,976,670,767,859,155,229,896,5,130,266,136,853,143,851,978,222,104,589,653,367,720,222,771,909,411,19,135,173,1005,661,237,212,990,729,749,976,640,762,499,239,130,933,670,921,198,813,229,630,404,195,576,196,241,192,672,691,964,74,667,217,967,975,477,228,1006,104,712,219,900,150,130,698,734,980,1007,276,202,223,685,222,475,763,270,808,657,796,785,844,286,839,202,819,212,586,702,122,990,226,680,695
605,530,809,192,808,157,664,746,952,378,346,561,616,159,981,154,736,32,964,571,64,500,762,384,809,594,579,993,952,338,548,939,193,778,953,931,788,528,906,480,265,833,575,288,318,469,847,550,920,413,664,283,592,318,27,771,574,638,747,685,493,312,372,154,240,928,520,281,929,412,545,146,560,238,866,943,910,733,537,458,981,470,465,288,446,347,909,983,986,351,469,546,513,989,33,218,64,317,152,542,958,937,964,934,574,497,606,597,289,602,584,975,990,933,66,132,575,7,410,927,11,464,918,1012,776,821,907,732,196,741,949,520,833,670,974,564,915,521,594,668,547,150,758,334,926,779,521,541,600,82
802,884,916,834,833,485,87,417,749,163,226,85,119,869,8,79,353,69,545,92,627,21,92,1016,930,373,64,578,420,83,133,776,993,468,540,197,24,833,814,612,546,468,567,85,546,189,866,118,899,81,545,636,151,787,98,568,882,87,949,127,95,824,895,343,893,324,964,866,531,514,849,914,402,884,785,195,522,783,113,131,903,323,616,418,482,113,712,81,291,797,802,194,579,545,258,226,756,76,546,887,826,976,352,924,757,216,440,960,547,92,241,111,980,85,988,991,866,824,787,851,476,87,865,192,983,16,530,450,196,705,684,435,1021,215,95,514,930,609,903,231,565,884,3,355,215,609,791,962,673,794
880,888,1000,929,828,809,624,880,882,502,480,357,512,284,957,485,492,752,88,454,308,636,696,341,882,753,870,369,613,884,189,625,453,373,86,378,864,757,597,85,501,49,529,593,893,504,854,694,489,412,102,64,89,853,838,498,816,488,861,373,85,565,480,449,373,870,477,56,733,773,496,624,181,398,273,877,965,509,373,112,161,1000,725,373,60,746,413,359,1017,113,96,496,893,299,882,597,566,725,312,517,421,634,865,184,389,369,869,853,265,891,366,597,325,824,504,59,853,878,853,649,309,824,891,861,381,828,880,120,450,497,736,880,114,481,101,493,894,333,368,826,481,181,357,481,888,867,310,369,745,426
541,561,647,579,0,3,83,570,913,430,891,739,450,130,124,739,810,888,450,278,1011,135,250,199,678,9,522,9,155,669,577,60,449,198,643,786,14,769,810,112,791,4,69,353,550,1,142,835,44,193,150,846,739,433,538,385,352,875,810,896,11,722,779,3,144,550,794,385,641,438,92,113,888,3,671,90,786,135,94,829,65,154,190,598,826,579,72,6,27,428,130,813,368,149,771,195,640,263,7,4,843,158,775,451,64,150,790,643,903,410,644,400,64,826,131,526,411,301,643,538,422,151,775,866,223,19,657,1022,444,126,403,832,575,204,641,807,573,822,3,38,75,556,135,497,131,67,458,774,131,771
50,948,834,268,578,723,720,1005,663,949,499,124,593,359,734,662,268,817,846,980,767,894,589,531,390,1020,756,727,1008,445,459,730,263,306,437,514,600,835,83,324,651,462,898,411,436,66,839,819,482,762,692,439,757,980,951,445,783,691,83,1012,342,472,315,524,434,109,663,739,780,317,866,732,699,535,822,490,465,440,1006,635,837,113,470,798,653,807,362,1014,726,339,1021,1022,86,694,692,333,946,919,478,952,124,968,390,467,1000,742,510,471,610,757,968,438,390,886,1022,787,339,471,386,756,471,48,599,742,474,889,386,449,612,766,1012,373,657,617,958,994,614,890,712,125,263,742,116,1012,471,546,551,594,386,618
493,952,620,975,636,614,509,722,592,816,624,391,24,681,752,208,792,112,1013,321,55,176,501,205,552,720,616,632,176,209,609,764,120,558,565,626,568,67,552,815,712,54,712,757,497,691,570,112,741,696,178,981,135,701,65,96,884,721,106,626,65,99,771,563,375,286,291,40,24,712,616,661,103,833,496,45,710,616,115,0,209,504,952,624,24,258,498,709,19,24,242,21,110,35,558,944,272,661,693,594,856,594,145,624,872,41,144,373,600,60,709,596,45,888,120,545,809,497,184,117,466,894,389,292,52,97,248,752,716,341,872,69,854,353,597,813,725,352,600,816,629,691,864,69,97,26,913,625,88,912
264,94,248,279,924,786,798,373,284,1009,805,1021,444,494,224,828,236,610,209,728,463,971,336,871,248,918,1016,380,60,968,735,749,444,742,344,373,572,996,720,930,728,336,968,728,1002,744,1003,424,660,1020,924,296,268,284,934,968,469,286,725,380,60,1013,40,373,461,333,661,935,717,870,808,317,936,707,764,808,492,883,1000,1021,158,744,918,60,965,221,1010,993,1020,1008,333,920,728,380,124,1016,283,760,1000,56,1016,478,693,821,312,349,341,1003,334,879,479,37,1013,1004,293,976,688,380,464,341,431,662,917,908,236,924,905,333,725,956,350,597,852,373,1020,597,765,321,508,984,667,772,212,952,1000,541,21,236,150,333
618,808,298,264,539,693,649,466,166,470,866,233,281,136,938,819,640,905,409,138,9,788,216,558,453,559,542,625,9,809,265,366,46,285,154,672,177,849,194,177,808,682,265,43,1,912,477,681,53,690,317,190,239,776,162,278,736,265,821,698,329,194,81,532,690,145,148,456,601,90,938,277,938,942,13,696,93,407,1001,385,613,239,783,556,173,680,9,64,177,625,809,514,168,561,686,463,0,298,386,434,128,490,467,601,698,261,665,457,870,265,537,148,154,101,552,410,930,193,810,665,802,177,257,265,939,409,887,69,160,238,155,689,617,403,128,73,182,457,73,945,534,364,177,194,273,559,190,523,778,188
496,678,495,370,879,891,722,200,290,302,160,1023,571,757,113,618,785,762,207,811,120,241,1000,858,544,321,215,661,499,288,350,920,402,432,362,815,274,417,1010,815,102,979,707,498,634,128,459,827,879,139,370,793,1023,48,634,1018,425,16,770,507,442,470,370,207,970,891,396,802,90,368,831,975,786,343,922,298,985,809,890,399,1019,373,416,827,791,338,378,210,663,799,1010,441,639,610,831,994,375,379,832,891,299,424,984,466,374,207,506,203,152,779,40,629,123,331,167,188,75,922,859,815,158,338,882,727,346,427,379,232,187,783,1010,975,538,362,502,860,264,719,218,885,399,25,210,850,328,272,913,786,916,782
89,309,957,697,18,963,163,700,614,230,545,38,466,179,387,436,746,177,422,422,909,246,953,462,57,618,309,850,629,149,961,526,926,353,68,442,357,246,179,1002,23,151,374,421,437,584,550,441,713,442,387,806,238,227,438,897,551,924,106,206,113,438,46,483,421,287,81,200,509,693,230,422,417,437,90,1008,147,447,483,235,56,443,437,420,401,446,950,233,433,230,933,243,943,130,361,402,105,816,166,922,234,857,471,204,870,438,631,446,230,921,982,822,558,901,396,387,387,806,817,446,409,490,354,485,682,447,231,333,985,237,287,83,403,490,371,654,89,689,234,878,415,921,958,933,862,441,89,32,243,689
686,235,677,838,324,546,601,230,609,489,309,357,502,404,660,4,291,152,297,161,166,205,798,285,464,305,209,622,549,130,295,452,196,566,565,128,677,293,567,549,305,100,351,547,213,410,649,21,469,226,805,865,149,294,473,181,933,738,607,302,286,180,494,230,534,577,623,548,801,346,198,482,217,582,453,290,293,209,341,469,190,177,108,418,386,510,860,294,806,294,561,293,911,229,227,593,129,673,825,398,36,357,644,165,156,33,774,121,137,390,140,674,6,598,117,125,185,385,597,46,388,175,839,803,151,481,132,161,290,229,551,930,622,277,81,625,473,305,595,358,974,166,161,385,333,163,495,282,309,802
611,926,827,424,682,720,831,499,530,1019,175,558,587,868,394,138,174,650,300,156,314,507,575,305,970,942,586,711,162,430,35,637,626,1019,760,396,414,683,654,571,616,63,571,131,424,306,563,777,599,149,995,571,635,546,880,396,376,777,184,535,1016,735,811,398,857,194,809,158,718,507,547,695,18,495,810,639,595,846,169,168,178,926,59,168,34,942,3,462,270,26,811,907,763,963,526,210,207,821,571,30,574,138,572,911,220,775,59,205,811,566,1012,59,489,377,807,158,188,914,564,884,430,315,634,683,963,611,554,1002,875,868,219,940,554,266,586,546,268,247,141,500,547,155,547,781,404,563,938,820,1019,567
587,662,7,740,356,116,117,420,792,134,214,64,245,23,551,783,76,318,116,518,483,614,117,753,220,638,627,567,900,550,206,547,122,220,973,344,558,88,832,136,580,854,981,773,216,238,69,380,534,979,522,1016,615,214,852,32,624,198,238,840,277,967,614,368,142,642,151,911,838,213,492,736,764,199,989,613,862,283,248,558,638,239,181,578,536,311,800,372,448,216,349,192,1004,523,194,233,355,419,486,611,967,85,160,109,198,255,614,142,294,183,64,984,254,85,250,582,37,981,792,116,106,593,479,1019,520,221,180,839,549,544,44,748,100,550,248,198,86,229,799,774,154,832,774,156,518,120,990,967,120,432
652,900,152,112,816,176,292,146,207,843,128,247,165,804,690,276,897,163,172,315,164,794,172,423,60,563,847,33,152,164,388,239,152,948,833,888,790,152,148,175,48,588,796,574,416,514,172,172,556,811,740,722,167,164,234,188,167,816,152,447,143,170,476,903,207,591,172,679,554,414,995,888,233,973,484,175,167,924,567,12,552,392,813,598,175,1004,123,170,892,551,882,559,956,111,224,646,180,11,548,176,911,792,420,833,948,19,140,557,513,305,172,703,173,153,141,557,844,152,559,128,428,241,192,866,844,307,472,140,242,114,916,275,551,679,172,139,880,415,456,852,845,785,549,172,820,240,643,860,520,659
180,3,351,129,996,971,181,7,117,344,886,193,1,180,17,155,947,344,0,208,288,935,823,301,856,187,219,163,950,480,868,448,307,813,278,423,113,1,177,813,308,208,400,827,299,939,566,128,0,187,77,36,190,896,296,25,973,416,160,542,711,817,213,577,925,608,24,339,183,808,160,876,416,193,981,897,196,597,859,769,109,800,1,308,128,5,427,491,136,813,176,176,443,215,872,172,102,116,804,417,971,983,133,824,339,152,164,188,183,689,535,815,135,213,723,215,1023,208,160,492,204,1003,935,168,907,999,136,128,183,785,764,996,904,179,556,618,513,928,1,332,845,231,898,808,420,860,638,5,23,929
424,155,894,219,556,990,861,219,731,332,889,550,475,63,530,1019,627,76,540,142,575,582,527,899,483,475,525,256,606,574,216,471,459,853,518,738,222,422,192,655,332,860,12,232,518,196,602,606,486,88,83,1018,676,1007,106,449,763,490,479,582,598,491,588,479,171,541,651,442,129,94,524,739,742,326,335,686,65,478,580,55,131,588,585,131,267,203,479,767,459,684,699,632,479,171,138,579,762,336,111,855,97,158,737,715,535,540,766,602,591,511,599,835,111,739,588,495,574,617,760,860,585,294,596,879,912,991,639,731,332,699,743,731,206,134,464,554,895,459,446,602,598,987,235,571,606,859,463,576,635,283
437,650,750,642,129,237,409,537,178,371,658,722,14,266,125,419,802,361,946,69,178,186,441,538,436,329,214,667,21,902,642,385,681,354,341,567,43,953,226,409,209,529,212,749,265,721,73,30,137,594,151,435,461,457,694,174,217,473,698,269,321,642,681,673,334,493,625,528,619,176,309,109,626,686,437,658,50,562,466,946,130,25,681,743,530,924,317,528,350,902,385,345,377,258,286,525,730,455,898,75,374,338,229,594,51,757,417,107,465,50,9,205,142,666,642,560,289,242,359,649,921,562,698,14,179,691,409,137,923,985,528,562,898,181,538,690,339,770,722,530,898,78,538,998,434,657,658,435,447,561
802,804,454,284,610,935,466,925,411,28,805,239,113,588,565,444,477,1019,956,140,620,565,940,825,557,1004,945,425,947,700,754,769,237,940,448,513,557,108,273,488,441,683,226,505,453,381,481,463,495,272,689,823,640,411,37,420,868,445,603,500,309,265,827,388,484,695,29,571,302,830,717,645,493,748,814,686,508,444,380,660,393,562,796,188,612,284,419,252,485,236,428,656,494,226,440,861,108,537,881,652,502,370,383,796,308,857,953,561,828,144,388,572,569,641,935,835,829,436,441,370,955,156,557,809,565,348,487,3,818,444,831,949,495,565,508,636,367,379,193,1007,899,946,373,796,486,474,495,513,537,188
589,908,354,273,998,935,928,266,267,269,331,817,610,706,363,689,282,914,1016,1020,995,114,960,271,753,225,578,963,393,257,564,880,298,305,1020,376,352,993,384,1017,351,894,480,962,769,351,738,641,320,289,459,253,907,288,337,963,993,737,64,727,455,999,650,497,357,505,1012,865,845,155,722,590,999,742,655,609,338,290,646,323,617,610,1003,320,620,388,565,699,1012,708,928,761,610,956,1023,286,324,288,1009,229,963,881,1008,1009,361,884,948,354,993,880,638,320,419,291,322,103,323,643,865,945,391,498,267,593,722,748,769,959,1010,769,993,392,642,680,504,338,448,721,976,993,578,963,323,497,924,978,785,785,317,801
946,949,964,186,417,801,504,424,420,511,631,946,542,177,413,502,172,500,985,247,426,433,984,391,819,156,182,698,472,170,433,410,945,236,434,304,917,489,953,946,886,70,177,300,1019,447,52,170,52,986,424,828,954,444,185,390,775,423,307,548,818,177,921,840,844,153,537,357,145,402,511,401,980,948,178,820,952,244,160,507,881,1011,134,170,92,927,433,501,921,429,884,186,500,222,865,228,921,134,225,874,442,156,927,828,510,57,796,816,952,170,1022,246,801,369,161,228,409,444,641,693,945,977,916,922,486,825,831,217,924,956,447,945,369,177,504,945,948,959,982,794,866,388,828,895,566,473,923,393,790,831
157,179,160,158,775,721,1001,673,672,657,540,329,673,97,771,455,132,132,959,795,233,103,763,84,577,160,156,612,942,135,804,246,154,91,163,896,772,645,772,704,97,704,135,388,309,714,324,128,136,912,492,1018,637,960,1004,473,420,800,664,964,103,423,20,985,132,814,688,359,324,778,328,131,1009,883,323,392,904,524,804,169,782,379,793,620,72,433,452,772,935,772,130,772,915,156,46,484,363,135,938,391,573,131,811,4,745,420,967,500,752,487,112,515,912,132,700,593,135,360,136,800,165,684,23,1023,529,420,980,864,980,481,131,745,32,598,156,889,883,720,880,891,940,148,196,785,772,1017,939,508,745,772
209,332,74,595,566,550,740,407,484,399,254,780,732,594,457,442,214,441,454,438,726,70,730,607,62,578,422,732,652,93,519,854,796,449,734,410,363,849,162,588,844,850,879,844,740,386,482,396,202,979,393,223,385,300,226,607,422,226,813,390,420,140,591,358,426,390,649,303,432,650,418,507,655,594,497,870,519,414,220,975,225,396,580,599,978,396,431,740,977,291,780,447,590,975,12,341,604,415,211,983,332,624,569,865,430,198,199,226,330,844,607,710,982,572,82,386,343,351,718,154,554,385,822,544,35,214,482,975,422,742,130,738,778,423,751,317,833,450,853,719,348,839,221,820,198,438,534,598,614,159
908,910,42,446,167,750,671,245,362,110,558,437,367,297,9,122,674,753,998,358,281,855,302,465,1003,434,603,362,252,300,62,714,606,841,877,881,577,547,921,207,446,1009,159,290,722,1006,718,885,962,362,206,929,329,203,313,428,86,395,765,745,583,610,302,946,1020,393,817,126,977,307,627,315,745,302,363,140,286,303,311,750,121,868,1005,492,927,299,911,414,110,273,1006,996,290,428,446,312,715,301,696,382,458,33,31,26,839,290,423,673,364,185,611,1,59,314,58,907,286,1015,374,142,31,159,478,953,469,377,206,366,969,742,545,151,358,98,1020,364,302,854,284,1003,109,129,163,102,313,220,97,363,1006,969
417,821,298,874,786,434,408,501,992,425,773,929,258,882,927,683,936,546,495,770,357,450,949,1001,310,939,939,867,358,546,411,994,491,932,741,322,260,754,683,739,667,263,424,1003,773,878,385,429,275,425,355,962,934,1013,427,951,448,55,514,270,171,491,483,545,716,721,746,418,723,263,974,270,419,882,922,359,430,327,322,763,581,823,875,835,459,833,647,798,386,290,946,482,27,959,569,514,290,514,736,552,616,507,290,487,832,286,2,865,866,1003,865,1006,913,552,316,260,659,763,546,278,287,552,645,296,770,898,864,450,898,322,935,696,956,923,496,705,162,490,569,1011,263,322,290,971,917,914,1000,522,471,910
299,932,583,754,837,590,301,612,96,551,6,624,242,437,623,45,338,660,485,82,727,321,808,806,7,549,688,543,807,394,1,589,132,463,415,272,627,133,755,356,832,578,563,753,490,406,690,864,803,994,775,262,626,778,243,309,391,473,658,147,306,423,261,634,736,421,437,627,54,399,72,155,297,224,451,868,706,214,270,455,294,615,399,326,637,790,580,430,205,495,320,744,627,783,679,461,645,118,389,632,586,287,758,879,141,502,806,627,637,778,322,498,307,710,548,738,803,228,534,389,494,726,471,300,303,230,863,934,296,784,255,430,630,869,288,741,560,421,613,960,805,413,487,544,541,494,837,518,447,836
528,152,6,904,914,821,999,787,668,150,1,144,703,33,146,952,668,925,688,147,688,144,40,653,929,769,6,640,37,176,53,69,177,128,451,160,387,144,544,7,481,801,67,805,879,569,559,136,108,689,677,936,856,726,815,14,836,140,970,85,175,632,688,163,564,692,53,856,977,848,130,685,477,184,5,592,417,702,156,37,866,97,608,47,545,997,9,601,69,656,169,867,53,399,41,147,941,147,664,949,53,37,661,803,41,821,184,1003,53,808,914,560,851,957,146,41,933,37,984,51,159,707,901,1006,728,126,848,920,995,5,577,817,83,108,130,37,982,56,53,83,79,129,1001,773,560,773,480,584,661,523
1021,638,677,153,73,289,969,33,22,812,289,929,33,865,21,1016,545,72,416,528,718,972,657,229,217,37,865,353,929,457,357,86,789,962,646,961,948,228,916,161,424,1017,746,204,705,165,108,353,809,470,105,810,673,929,356,353,805,1018,953,214,985,225,998,547,52,793,422,294,357,117,246,49,560,72,116,673,965,491,549,644,353,28,990,529,121,127,613,965,293,694,961,924,736,865,806,716,204,929,214,809,806,5,294,25,998,997,676,761,20,996,996,668,185,185,202,549,524,694,762,136,278,361,900,289,932,65,162,84,822,353,37,353,166,644,765,1001,364,777,245,1014,692,494,160,230,49,979,49,1020,341,704
188,279,873,159,373,516,772,947,50,976,576,891,663,755,147,188,54,83,155,482,155,186,275,47,35,583,324,439,920,499,98,192,851,47,581,563,159,1015,410,451,307,418,235,816,826,242,224,82,599,263,272,444,658,682,799,495,715,752,504,794,194,288,595,755,555,967,167,738,555,98,599,640,12,603,541,588,555,386,323,483,147,755,607,578,147,512,66,834,56,587,347,114,594,283,352,715,257,132,51,576,514,359,736,282,992,578,28,267,123,794,514,514,148,506,770,555,144,760,410,855,587,576,716,271,828,834,602,416,824,304,224,865,403,816,307,130,224,523,66,580,304,171,499,439,834,499,587,20,316,416
881,8,53,29,976,22,532,814,16,53,912,528,851,16,423,579,710,17,368,534,710,17,18,18,396,692,242,584,55,29,212,592,400,71,16,720,597,933,20,529,17,528,532,773,896,822,924,819,917,515,558,71,855,403,528,534,77,705,252,23,579,49,69,72,549,86,572,753,8,1,148,531,264,531,1008,677,405,773,354,21,531,776,1016,532,16,593,1001,49,137,842,573,112,558,130,558,645,799,143,822,837,1011,784,833,581,920,85,166,371,215,439,19,274,5,786,513,528,24,16,976,551,593,853,248,614,269,582,254,742,177,560,5,18,569,48,588,640,612,198,777,5,776,788,540,544,16,531,735,149,11,17
965,904,549,713,889,499,750,907,853,717,981,751,674,949,958,861,325,341,335,725,585,908,855,334,522,350,910,858,901,908,563,490,329,381,714,879,284,665,464,461,894,915,906,520,490,511,904,974,843,653,458,846,335,202,845,264,333,634,462,559,540,498,288,587,925,549,459,910,377,325,728,542,77,474,907,472,335,331,530,648,365,381,242,318,343,1005,523,990,737,990,490,461,79,584,750,373,547,989,517,521,846,132,352,586,458,215,908,587,957,303,743,645,487,990,909,517,1006,581,667,557,922,732,374,485,495,979,445,473,328,383,1002,644,533,968,598,741,204,311,591,751,307,632,557,525,335,911,311,906,458,352
252,822,514,422,599,695,695,433,344,1017,743,459,761,425,175,761,418,420,628,439,432,685,315,432,935,694,496,642,417,446,679,35,80,759,599,805,531,402,514,449,554,446,487,837,178,551,289,809,563,305,803,790,197,155,852,75,432,951,273,688,891,882,359,385,26,306,442,467,445,261,699,628,839,529,658,403,445,438,1019,121,183,821,859,294,315,306,775,693,34,511,663,693,769,243,439,131,586,800,82,144,1008,769,802,452,891,678,567,439,656,509,119,52,274,832,760,273,1011,467,403,561,949,751,470,586,578,561,477,274,503,694,479,882,295,548,691,886,182,1015,634,306,402,273,30,182,471,805,843,756,790,806
521,522,525,765,860,478,541,13,582,288,150,873,3,30,211,221,202,514,522,642,767,807,398,521,221,215,1000,534,518,700,334,535,622,537,537,622,492,906,191,590,531,871,803,846,814,261,158,514,270,293,126,1001,617,538,591,521,522,170,346,170,989,263,394,793,566,805,533,671,621,42,13,606,13,787,93,47,171,13,515,525,140,637,622,525,78,522,771,687,846,335,1007,533,143,331,908,897,543,521,21,50,525,538,25,521,874,527,527,174,64,399,713,334,267,773,641,525,959,920,781,249,566,533,522,334,844,829,846,5,699,524,541,395,375,166,624,591,204,134,522,189,143,302,49,524,179,26,262,394,643,158
308,265,441,104,314,1008,483,1015,953,970,114,297,377,163,303,920,975,312,789,559,594,980,606,399,989,1009,440,946,543,1007,504,256,193,413,287,48,1008,674,968,452,72,938,1008,946,34,695,416,1015,40,167,570,631,290,186,41,146,443,673,544,447,907,377,923,47,575,440,317,559,440,629,929,560,350,349,564,896,680,313,688,182,682,672,162,694,556,115,313,179,312,240,948,599,31,695,951,1015,451,119,633,936,991,948,443,801,984,1023,955,948,327,418,408,163,872,310,553,928,957,444,508,697,680,292,735,269,408,682,930,572,1023,729,353,188,959,759,515,1010,975,559,36,679,973,587,938,569,277,936,936,679,266,279
649,693,166,594,373,442,690,213,630,761,36,228,516,339,968,437,709,863,311,820,516,133,48,999,396,693,964,148,180,39,437,549,645,504,562,702,174,168,343,228,46,245,117,574,599,329,164,53,246,756,233,294,502,949,412,558,743,485,341,678,242,693,37,962,1013,68,550,437,436,668,582,501,8,563,496,440,378,757,428,440,718,343,22,547,246,651,245,665,869,178,162,580,586,519,695,565,522,554,569,693,933,557,661,1021,84,724,213,230,696,437,776,439,650,163,260,293,240,52,197,711,556,43,549,49,673,254,500,159,174,899,380,375,675,432,605,696,52,53,240,183,340,328,278,914,648,607,53,572,750,572
12,768,806,819,260,256,22,3,107,806,259,1015,260,782,963,780,230,60,839,246,832,866,60,848,743,155,15,227,598,775,891,263,822,51,628,422,119,988,806,115,458,259,1011,866,550,755,61,282,3,275,244,867,914,592,10,847,891,127,852,54,339,831,3,20,39,768,995,791,294,51,371,919,348,3,882,515,852,203,917,336,899,1018,831,38,898,368,36,59,259,52,13,3,379,611,256,568,769,727,643,774,790,0,644,262,12,338,255,902,338,899,875,426,924,975,626,802,650,850,1008,227,20,362,782,804,220,310,858,193,794,807,992,348,116,651,855,662,38,36,3,0,59,884,391,32,32,12,196,855,420,259
449,417,64,872,295,874,979,576,152,875,356,611,35,281,819,706,343,282,704,228,320,579,799,806,866,840,488,799,771,552,946,469,278,376,732,727,872,890,365,429,815,259,799,41,768,948,610,18,423,802,787,768,870,960,456,549,555,867,225,790,227,832,883,418,770,966,360,874,183,291,35,983,170,864,775,800,270,723,518,232,540,327,996,315,344,872,976,800,1007,356,768,424,438,599,806,490,771,895,751,452,200,210,806,714,408,360,439,740,1000,741,748,431,72,770,917,821,812,290,507,807,177,436,823,360,10,623,835,355,888,227,19,469,704,808,232,360,471,256,172,787,379,832,643,808,488,867,848,355,721,743
871,495,807,361,358,800,484,885,361,64,627,143,932,892,639,380,867,360,741,742,885,518,905,869,836,101,277,500,453,99,848,244,477,676,484,213,260,610,317,613,548,359,995,787,379,310,772,241,198,304,756,869,254,357,415,264,157,743,744,800,581,201,836,506,500,883,877,614,243,647,469,630,1003,614,368,893,866,164,925,931,865,167,69,867,1011,415,903,760,228,165,803,324,352,877,326,861,644,799,836,743,897,268,111,109,254,839,163,621,675,869,1008,100,621,347,900,892,160,613,500,792,897,311,805,65,908,406,495,64,895,451,883,166,996,356,355,228,336,834,797,896,615,869,925,922,864,941,869,356,369,170
107,831,552,294,413,893,295,164,808,414,890,894,288,32,300,312,312,956,820,692,892,891,720,882,893,61,1023,59,811,316,784,685,445,864,820,232,856,893,52,936,413,892,808,124,443,636,845,765,292,957,275,552,295,492,108,808,811,193,927,885,309,296,285,300,826,1006,829,829,688,312,360,805,892,72,363,295,845,684,701,414,496,296,115,511,68,125,697,1023,817,709,491,845,400,368,286,894,263,691,845,309,299,421,829,441,483,700,291,172,436,428,885,163,580,424,287,862,826,319,808,421,840,168,573,894,296,499,290,817,288,164,413,312,808,697,421,509,312,309,887,287,813,765,861,381,236,415,892,309,488,145
895,222,1004,939,850,104,479,491,459,865,477,438,302,353,858,499,758,615,475,326,467,764,747,369,481,753,880,302,103,893,629,453,246,862,633,766,459,154,491,609,438,741,883,6,107,321,885,417,327,507,118,777,26,630,964,881,323,988,369,1011,922,478,478,383,949,865,886,505,1013,490,115,297,26,372,693,721,177,633,234,890,1005,1001,395,342,353,750,326,917,1011,357,451,633,378,662,364,796,723,422,211,661,1019,882,99,14,5,886,734,886,712,566,314,988,331,630,417,1016,729,483,230,99,708,350,373,313,465,900,718,1022,964,390,773,326,380,503,374,6,734,382,880,463,1001,270,430,880,293,355,747,102,745,659
839,716,344,411,786,850,365,482,338,785,90,146,690,351,799,786,787,468,51,534,210,606,144,658,346,882,722,850,657,348,462,859,404,463,498,778,915,790,246,367,871,306,411,512,473,826,849,786,855,397,715,811,851,786,434,306,786,370,451,434,785,322,452,82,777,727,345,375,339,469,810,911,685,383,786,852,967,860,602,461,351,610,341,81,338,850,437,601,209,659,281,592,384,872,144,542,983,815,594,87,724,370,209,535,607,657,626,349,678,337,685,319,340,114,370,82,598,85,338,320,799,352,274,255,345,897,370,565,746,723,567,594,579,732,850,850,467,538,817,460,850,976,354,786,727,82,963,486,449,480
533,50,816,830,304,170,463,936,432,688,484,452,383,345,301,433,335,296,690,18,929,778,688,394,308,497,272,374,189,462,285,310,292,932,440,434,930,944,507,315,940,624,528,432,676,315,930,459,344,661,336,699,54,755,930,314,669,143,504,714,62,314,434,848,728,736,317,618,699,756,930,722,618,245,676,731,824,297,662,911,1007,175,291,507,696,313,767,50,443,794,692,931,816,936,50,498,428,433,511,904,688,702,810,814,946,736,928,709,315,250,125,14,800,310,113,303,685,800,499,469,587,255,685,656,637,48,461,540,254,28,124,633,688,380,302,289,441,954,711,374,8,525,753,435,944,786,176,32,1009,712
309,149,543,646,537,287,744,530,298,465,988,93,687,601,73,567,46,637,1010,670,924,93,645,543,511,314,169,721,574,590,1020,510,759,238,671,721,334,953,786,461,478,751,284,183,575,172,569,943,478,572,302,158,767,150,466,573,690,137,709,374,900,286,444,328,589,382,543,230,645,472,727,657,201,471,469,463,95,53,604,741,797,110,543,79,644,687,645,74,816,729,669,375,661,290,306,477,458,718,590,638,530,565,169,1007,487,337,943,785,467,682,398,153,733,181,722,165,567,281,285,515,693,670,261,752,552,573,745,686,950,261,119,284,529,550,183,751,370,670,944,383,725,539,466,191,471,465,382,746,687,479
195,768,809,472,608,195,220,384,913,57,236,227,499,904,907,232,921,15,147,643,478,377,960,932,216,995,59,216,815,363,152,386,915,601,952,232,217,418,228,511,995,232,208,416,232,209,441,960,687,487,209,243,694,133,465,400,154,384,937,216,1019,921,936,239,675,839,995,233,245,896,403,58,921,8,385,68,392,931,227,217,147,851,416,392,884,224,658,849,196,676,959,220,208,496,71,211,779,613,251,852,808,837,179,416,945,83,237,484,409,420,936,193,824,384,1007,176,741,803,224,145,441,56,928,40,351,195,209,223,471,473,858,655,928,395,1019,95,801,905,244,288,339,651,464,896,995,757,772,417,39,235
521,847,969,86,155,603,813,263,202,155,74,601,713,783,899,5,906,419,74,905,129,523,204,167,108,410,645,843,830,805,481,207,517,78,649,153,78,969,137,467,986,147,889,479,409,776,901,172,650,147,846,410,775,307,769,524,524,253,210,164,187,930,202,479,717,474,458,239,117,474,731,1023,235,146,491,403,346,762,77,223,890,969,182,457,771,419,679,897,421,666,711,77,856,774,227,783,845,774,498,678,429,470,410,254,485,898,143,775,467,1021,713,653,149,960,138,811,386,771,905,905,780,136,908,323,214,170,780,410,970,581,795,972,471,931,483,163,903,440,843,411,13,173,958,771,905,697,129,569,794,781
382,309,0,596,665,606,283,709,438,537,369,753,277,653,428,891,639,834,245,298,286,778,284,922,20,972,350,329,668,14,350,630,289,188,537,531,339,841,694,731,278,259,500,242,279,598,565,316,985,342,118,657,908,337,537,433,297,17,764,778,22,649,705,300,547,286,595,345,841,502,741,542,722,369,837,261,413,979,122,252,428,439,662,705,862,299,627,609,1011,606,358,350,15,709,363,825,721,415,101,921,906,389,348,707,276,658,18,764,292,724,714,634,710,633,658,390,734,762,721,185,212,710,774,799,963,337,478,428,405,214,564,914,748,308,214,795,533,17,101,342,324,300,302,714,596,30,403,86,341,473
113,507,248,363,622,698,630,691,953,796,829,54,703,614,494,123,894,972,934,242,872,411,251,251,619,950,505,726,828,577,637,137,440,584,236,1022,7,73,222,186,637,1003,374,822,354,697,978,12,701,391,698,955,703,310,814,203,251,374,827,796,475,569,28,841,566,559,550,4,379,631,698,742,757,891,1010,626,602,156,566,1023,31,630,223,176,743,641,228,57,190,173,907,626,916,187,114,164,1023,445,622,827,428,248,542,427,635,281,218,566,62,822,780,819,342,315,817,173,735,250,55,1014,216,1018,1022,883,712,231,699,232,1014,827,175,54,7,255,632,254,988,585,450,871,454,338,252,761,251,271,835,636,502,477
547,809,298,10,719,680,739,238,303,469,466,433,949,387,44,568,806,747,425,883,525,328,830,358,826,1022,491,297,179,67,841,749,552,526,811,803,905,830,157,42,939,779,233,774,818,979,843,723,289,681,745,434,448,536,859,816,739,719,578,354,395,419,830,428,866,270,818,803,246,161,800,803,945,34,491,260,162,866,35,939,771,178,427,489,655,921,987,420,70,298,806,3,851,529,32,843,807,403,681,866,237,11,444,520,34,802,75,297,299,417,427,747,742,802,813,489,824,417,882,131,434,805,34,472,440,928,226,422,811,835,819,855,42,795,393,848,470,434,805,302,286,297,830,683,297,806,32,820,822,188
679,1014,784,1011,109,137,1015,915,359,1005,798,317,29,935,233,877,309,173,68,196,642,770,540,342,271,1014,301,463,429,162,309,181,898,370,173,837,930,899,156,134,685,909,832,877,487,42,295,262,165,778,199,907,23,306,486,689,143,164,179,135,317,790,632,71,93,190,137,175,181,811,667,175,426,805,797,278,512,739,813,457,173,1007,298,320,323,414,314,925,134,233,790,931,269,205,861,813,138,495,421,349,992,303,1013,401,15,797,935,131,710,309,671,519,621,494,917,343,169,495,866,429,783,814,334,22,90,931,647,377,470,794,336,199,489,134,1011,348,83,1013,866,832,693,358,308,682,669,532,137,128,358,1007
974,225,390,341,759,798,551,816,504,335,359,421,404,927,503,887,683,639,683,1000,402,77,994,967,895,754,759,755,856,743,663,672,100,235,291,22,102,171,633,773,552,459,855,869,751,329,682,439,599,802,199,603,599,558,262,815,343,672,690,977,664,410,6,901,724,858,671,87,600,667,307,227,805,874,378,996,356,337,755,531,279,676,0,583,794,810,834,622,846,871,1003,967,207,715,238,596,197,236,234,853,34,759,743,823,38,247,666,772,730,258,238,334,974,242,454,373,591,101,555,74,801,102,982,613,578,678,149,1015,558,327,847,486,345,344,763,961,67,983,313,232,651,481,902,98,37,663,284,852,90,759
287,841,706,793,989,706,237,642,962,202,581,12,143,512,924,457,34,793,576,589,172,5,30,705,192,201,393,876,994,380,449,836,247,850,797,7,253,834,722,823,640,360,906,237,45,960,202,413,810,140,255,337,40,180,196,194,457,249,833,841,520,130,205,770,845,706,12,706,192,962,274,138,194,379,286,970,226,490,399,126,18,981,1021,70,810,835,999,815,466,194,786,196,782,142,714,197,47,162,457,865,4,654,15,850,708,875,92,79,397,1007,237,706,878,616,985,840,705,837,840,274,26,973,402,961,746,807,274,450,850,109,669,252,993,989,984,862,749,802,938,1016,173,234,708,306,997,354,317,869,875,77
776,972,720,645,160,201,896,177,940,234,296,739,485,492,901,421,985,947,312,820,508,621,757,265,675,716,891,419,657,531,647,296,718,460,683,311,653,869,235,291,293,959,955,941,372,771,687,952,719,699,297,265,647,288,824,324,904,408,867,301,308,512,261,488,304,421,312,905,823,260,305,372,936,872,667,908,386,544,956,299,708,432,673,744,282,37,423,389,301,844,961,827,905,967,955,776,462,661,940,327,142,328,553,921,259,905,643,812,905,383,725,324,905,321,959,391,936,424,905,727,297,396,457,575,941,952,393,533,705,872,847,833,485,644,744,297,717,664,941,301,760,872,297,679,759,937,44,917,321,391
661,769,542,776,348,101,662,661,83,918,48,744,176,923,450,424,898,814,645,425,395,641,465,676,564,559,384,898,499,389,155,791,919,125,108,708,641,609,81,634,310,619,344,551,429,628,85,395,773,713,19,796,963,815,913,110,572,993,924,912,75,972,529,748,777,406,824,429,628,777,940,739,657,411,901,405,535,929,778,244,338,642,662,63,545,849,384,476,640,868,309,537,733,767,26,270,625,113,132,789,149,908,645,913,85,356,905,919,62,700,367,930,389,791,609,401,261,406,84,620,279,105,641,100,270,52,769,520,641,718,160,641,640,796,126,709,261,84,308,212,286,391,904,924,913,684,643,898,391,532
848,649,51,134,335,123,358,354,341,872,319,144,123,476,816,217,818,283,326,127,274,121,697,441,363,883,90,815,326,998,835,337,430,354,342,278,383,838,86,888,113,123,319,921,124,717,374,891,57,365,783,370,356,891,378,267,775,616,340,296,1018,297,1017,184,378,125,31,881,334,344,704,754,236,996,50,283,953,367,971,895,187,344,89,367,366,133,313,368,344,361,827,347,361,897,869,1005,589,368,353,873,1023,875,274,446,79,665,258,114,993,734,205,148,50,361,1016,192,992,272,856,256,48,873,787,730,882,889,185,862,1018,446,585,142,283,152,440,238,789,894,1002,123,1020,1018,398,365,862,72,829,1018,313,150
255,350,344,560,955,511,731,691,638,199,509,955,356,511,779,888,510,1011,378,423,487,132,442,895,775,941,872,758,26,224,511,511,923,510,4,125,422,378,875,475,376,223,508,792,987,898,504,767,287,767,871,760,496,948,511,511,584,571,400,511,957,111,432,504,397,831,632,846,567,648,767,455,943,871,715,124,482,368,982,711,490,772,890,1018,756,215,683,473,1002,760,944,248,523,862,916,1003,891,347,894,378,560,551,818,667,509,920,504,890,7,935,347,1018,503,932,141,255,846,508,956,975,957,509,344,831,407,943,882,902,504,478,539,493,718,350,879,711,767,421,392,376,511,735,486,890,1022,472,795,770,511,219
133,285,985,578,579,233,881,623,86,757,375,784,932,536,594,931,496,863,593,227,621,327,981,252,819,624,840,582,201,501,243,131,684,115,1016,647,620,490,744,592,759,528,323,567,389,687,456,599,603,390,549,547,733,431,224,558,509,549,237,200,955,240,588,629,407,890,635,142,499,639,635,521,630,139,536,608,723,505,353,551,720,813,413,997,129,565,414,211,472,149,331,479,184,476,456,196,973,280,629,624,461,580,934,283,179,667,292,583,539,743,136,737,683,746,531,652,621,743,344,205,293,950,266,501,621,635,556,896,467,720,504,501,547,361,83,758,326,293,537,969,581,577,604,280,745,472,622,607,445,708
506,95,336,501,214,340,580,562,918,626,854,799,990,434,351,506,194,662,614,468,328,164,514,687,199,671,466,351,210,468,404,337,464,498,598,476,279,650,418,415,455,287,500,598,1013,748,455,498,607,411,772,402,726,913,539,478,214,489,464,463,868,454,787,754,351,210,498,661,599,458,438,348,305,682,260,562,855,336,431,879,982,498,847,699,309,458,103,386,21,690,437,490,409,500,471,583,532,488,499,402,863,327,495,321,695,502,554,415,754,181,338,720,463,606,850,562,354,94,582,82,500,1010,239,279,466,583,507,465,607,847,555,863,145,19,583,498,582,808,594,982,950,434,530,402,317,726,472,431,462,455
469,373,169,142,906,170,453,990,397,797,13,141,991,157,151,138,218,254,79,713,476,584,718,402,158,18,458,557,213,766,658,357,894,718,846,457,690,158,105,965,658,735,527,17,714,942,301,798,426,269,242,157,143,141,441,1018,658,793,617,788,642,914,23,399,65,878,151,151,370,269,718,335,873,194,669,969,169,403,203,645,131,798,370,876,145,169,733,792,549,414,110,454,454,969,158,367,389,173,366,474,863,718,965,911,765,642,666,314,323,268,874,351,780,222,893,158,405,693,686,85,522,134,804,1017,93,974,1,869,759,847,349,363,714,757,403,172,704,85,106,534,370,682,478,70,213,402,1020,366,397,938
583,219,206,704,378,332,726,482,930,686,714,735,980,661,766,988,725,736,714,223,142,700,782,249,204,194,236,84,614,665,831,749,208,528,994,86,606,194,702,71,277,126,910,71,85,549,142,71,990,750,93,341,266,84,734,574,33,949,9,335,670,12,1018,734,192,524,1023,988,175,998,532,709,359,92,946,668,238,859,875,839,473,322,471,185,141,14,192,14,334,247,82,750,734,990,542,732,833,78,992,95,654,640,985,212,763,223,697,1023,207,62,469,75,910,225,63,14,994,665,929,654,57,495,124,743,188,894,979,994,822,238,732,60,888,979,962,937,62,868,94,908,455,654,862,322,289,985,103,645,983,974
954,966,742,399,966,978,1023,993,806,1011,78,214,934,799,909,967,261,92,496,501,991,998,471,565,434,925,1023,1013,967,998,337,965,53,79,501,918,978,981,404,482,925,415,981,614,973,501,521,333,949,221,869,978,983,468,266,900,583,330,900,586,806,484,876,628,721,333,90,501,277,372,977,1013,957,245,249,209,494,937,321,253,477,918,630,934,998,712,796,205,557,630,840,852,173,949,575,509,954,492,668,965,356,710,100,37,503,98,245,966,821,325,974,614,925,408,40,343,630,929,454,246,489,964,506,189,981,541,969,285,87,1018,569,317,806,966,236,338,477,494,202,966,978,452,582,501,509,485,246,490,225,22
459,67,313,954,59,630,819,602,913,23,786,847,291,503,473,24,419,37,730,137,504,339,510,507,894,952,59,392,878,719,100,53,430,181,139,395,754,707,583,371,505,814,600,475,727,418,379,23,763,800,40,192,802,317,695,794,507,843,780,988,651,967,491,376,803,634,955,190,86,506,506,959,693,1015,944,697,889,800,43,871,71,459,419,240,433,480,819,822,762,34,761,348,815,568,763,979,166,372,1000,739,373,632,227,85,828,800,491,507,506,399,347,803,505,556,139,143,666,626,887,188,492,348,946,235,443,792,788,655,327,48,11,802,341,534,624,794,812,506,26,154,760,507,489,331,688,505,377,827,403,371
795,729,379,791,413,783,967,394,799,511,709,415,1006,384,646,397,918,799,335,239,779,288,912,927,799,799,9,920,923,781,488,413,896,425,27,394,285,796,408,847,671,157,15,29,335,386,1000,1023,319,668,903,367,952,449,16,668,575,431,27,377,939,396,925,1020,477,465,717,920,1002,799,56,1004,447,462,950,390,205,844,655,63,351,792,334,463,582,287,711,644,415,408,298,927,744,589,425,1019,462,920,399,910,935,970,31,413,487,120,330,932,412,635,398,415,799,1004,412,479,351,20,463,507,495,925,168,415,476,396,797,971,902,719,399,43,785,765,780,955,796,179,887,384,907,895,289,395,408,399,799,927,404,864
668,875,120,493,239,236,233,841,860,836,140,663,860,452,623,620,507,663,1004,748,239,671,484,556,643,542,788,104,860,72,111,830,204,1011,956,243,735,151,240,949,680,108,92,845,204,28,972,79,205,204,559,773,500,97,692,995,809,995,716,704,770,72,588,575,724,889,840,196,84,640,1001,105,124,236,445,95,684,330,104,1004,188,237,777,239,595,99,632,599,4,589,1000,492,970,641,204,756,745,96,869,801,445,243,635,887,796,501,111,845,812,684,239,735,207,815,41,428,875,204,874,172,933,507,584,201,812,489,232,717,938,460,840,524,507,565,540,732,524,681,204,204,725,588,1004,425,808,843,268,195,204,83
217,571,159,127,863,938,415,405,953,982,545,158,938,535,162,826,933,406,925,550,435,49,671,33,278,397,1018,407,946,178,415,997,669,947,653,610,159,571,597,405,53,676,38,989,997,610,988,934,475,861,446,405,479,157,669,406,154,338,465,663,977,412,644,983,671,574,914,471,513,254,190,918,554,703,405,902,938,866,660,365,729,918,157,946,365,554,1021,145,482,85,724,159,661,159,863,668,362,710,405,415,983,957,521,946,863,962,537,984,260,79,781,449,742,910,482,946,185,554,514,151,735,386,661,517,854,265,914,953,46,648,955,249,190,819,861,726,961,982,886,266,930,918,6,517,994,921,945,858,85,434
46,352,389,334,548,599,123,608,39,72,896,281,792,101,871,928,358,404,645,88,581,162,231,940,531,96,396,253,68,299,696,841,615,532,392,364,44,596,71,132,812,322,515,151,903,357,551,40,555,66,569,35,13,76,940,647,321,581,576,869,579,40,727,96,885,142,547,14,39,39,663,198,165,379,548,103,4,858,352,480,360,524,582,885,935,512,198,231,907,288,692,32,279,526,535,783,436,389,439,359,188,7,526,523,927,838,39,214,641,854,200,503,791,581,229,328,388,997,846,72,533,520,216,96,582,44,958,49,552,181,199,140,590,583,106,37,328,215,523,520,131,423,359,582,791,109,552,43,280,7
280,685,703,318,574,21,46,678,749,692,317,558,42,29,561,572,442,106,112,661,663,102,61,673,573,932,40,302,102,306,305,322,654,535,700,645,666,654,51,659,301,426,682,765,676,693,689,575,25,733,665,705,961,317,664,558,42,298,518,57,765,562,957,734,310,205,461,14,798,316,671,118,729,692,881,508,42,206,126,433,338,654,538,685,24,705,48,558,62,26,269,929,700,277,314,29,805,642,698,40,574,58,653,665,110,765,510,40,62,21,461,232,829,445,501,673,789,562,642,126,40,440,306,679,313,302,341,705,558,29,333,57,65,573,310,685,671,758,682,113,622,674,823,305,78,654,695,62,475,927
319,499,502,461,254,977,638,471,728,506,101,235,6,752,471,887,1014,501,464,105,1018,688,1018,629,254,499,462,484,177,293,501,200,999,762,730,98,442,231,467,48,977,486,170,619,237,725,17,466,895,671,165,1014,801,453,250,454,765,831,165,305,191,466,238,787,487,760,350,261,977,466,468,54,663,145,378,111,453,103,413,933,103,500,478,185,250,447,456,530,9,464,161,255,966,169,945,855,490,186,330,650,23,664,231,530,767,17,809,102,562,185,912,650,509,511,464,877,762,981,103,807,979,497,178,466,243,439,466,742,503,148,986,778,182,649,457,853,693,305,318,723,1002,825,765,814,454,1009,210,856,895,465
415,532,547,380,296,141,755,215,898,657,356,536,349,653,660,428,191,673,961,216,593,282,527,777,486,148,401,389,11,92,58,543,404,13,541,315,161,793,897,12,852,537,860,140,745,998,97,223,223,20,533,465,132,136,777,443,514,538,522,681,539,575,5,477,543,852,125,537,543,918,516,783,537,220,525,536,898,468,783,191,671,172,520,621,1,445,702,781,291,186,521,462,521,13,525,132,345,918,28,397,340,596,351,937,140,532,570,521,654,342,231,215,880,98,897,928,669,215,538,536,897,515,548,781,538,522,532,333,525,59,20,525,190,74,551,598,95,521,185,650,555,584,468,430,664,491,550,291,527,25
268,942,190,157,446,157,783,185,783,139,401,126,406,157,497,310,923,143,157,866,190,547,57,158,98,177,983,138,506,160,124,783,989,190,495,861,447,157,189,446,958,866,492,570,159,403,370,570,935,156,1022,890,166,145,443,127,991,830,935,819,922,479,505,919,861,927,182,278,927,47,409,466,447,941,152,571,897,65,924,66,927,461,138,847,402,991,825,177,278,318,442,481,154,995,605,873,48,855,890,117,402,159,930,908,286,503,155,984,865,310,446,159,986,223,443,76,93,318,317,895,879,927,1023,159,908,993,553,185,326,189,311,158,49,79,182,290,944,927,1007,495,815,242,958,118,157,314,891,988,495,923
21,518,521,0,742,534,531,950,557,339,278,614,572,567,52,2,282,659,527,211,90,566,325,666,288,15,19,534,9,166,484,406,83,93,982,534,86,119,484,193,301,401,674,572,89,117,337,743,559,501,19,766,466,457,277,762,1013,85,635,264,966,550,605,53,523,6,641,540,65,978,342,663,765,100,162,353,130,97,406,535,306,97,531,573,735,279,497,522,762,678,755,546,19,278,505,447,268,473,90,882,801,534,97,279,117,120,397,495,612,100,646,394,231,108,20,4,22,674,452,34,22,637,519,466,580,892,333,753,548,568,85,546,122,646,86,541,646,117,566,517,518,341,738,582,81,982,574,93,21,278
101,749,77,749,190,637,62,830,94,797,684,1022,33,124,338,763,284,605,663,257,986,509,621,766,605,701,1015,258,419,1001,190,760,733,263,77,357,59,412,703,703,493,991,754,994,908,317,236,247,422,397,770,1016,153,753,1008,345,346,302,254,654,926,754,254,420,56,300,829,983,717,199,333,92,694,438,281,684,418,31,1016,893,797,798,153,2,412,971,741,430,926,792,796,762,86,564,221,517,906,245,382,241,28,678,852,858,494,788,89,300,797,112,743,985,7,743,63,61,95,669,114,933,602,26,845,684,224,983,261,925,734,746,58,681,763,725,712,222,650,832,116,739,232,739,417,697,686,453,27,653,899,41
799,928,483,932,228,933,572,95,743,746,527,119,744,695,98,107,679,1012,751,810,18,661,367,39,909,679,0,741,199,640,543,43,91,113,207,520,197,764,77,556,103,200,175,44,904,108,927,199,773,125,109,31,709,745,367,886,1005,115,807,274,749,106,84,1018,617,163,8,112,86,703,814,145,251,565,683,328,763,673,557,956,554,114,934,67,750,792,994,98,684,809,111,105,666,554,115,1009,884,1002,678,95,867,932,994,847,665,658,7,889,160,864,159,904,148,114,84,85,241,111,200,703,623,168,752,99,738,298,689,752,807,751,666,753,811,231,738,874,643,193,467,604,815,954,96,615,881,815,545,372,993,257
154,81,704,942,2,899,974,779,135,153,74,78,7,899,89,39,84,524,39,899,228,78,78,694,107,53,1010,620,146,142,931,527,18,814,448,131,468,165,462,51,1019,179,264,2,75,802,42,253,743,950,21,154,635,823,643,232,86,260,153,3,978,946,515,946,88,250,775,327,386,978,533,115,175,129,533,139,21,85,850,907,686,986,654,721,950,386,51,790,3,77,770,897,578,258,16,1019,563,802,402,6,899,18,811,939,859,82,951,986,183,904,90,820,875,980,994,322,146,74,86,500,533,5,770,826,866,468,980,631,263,91,986,919,10,22,194,810,815,878,146,147,279,89,863,910,88,108,250,14,771,22
1012,896,878,218,393,686,201,459,79,726,845,893,737,419,788,1010,729,221,189,729,265,418,555,193,733,530,43,21,142,503,654,814,720,198,937,467,918,238,238,478,149,142,589,1015,869,636,149,532,999,134,59,629,741,769,203,237,971,883,246,227,753,639,473,239,670,877,887,683,465,198,558,187,1023,729,534,251,450,555,757,213,122,478,585,15,999,619,105,891,39,238,404,622,980,500,750,942,505,720,990,14,286,6,1015,583,867,878,151,622,868,990,496,459,615,58,478,297,825,670,676,779,222,476,814,212,149,874,987,196,1013,41,203,222,155,469,67,141,847,157,146,30,558,789,814,887,35,149,455,830,564,553
208,200,114,363,868,954,771,223,696,795,867,725,791,915,792,672,11,72,771,683,792,515,906,771,427,11,107,944,796,1016,536,772,644,959,518,547,895,458,146,164,423,3,255,779,798,635,528,400,940,422,782,834,34,643,203,516,13,79,39,907,930,994,482,167,33,755,203,22,643,828,231,907,255,43,707,228,162,912,799,644,175,667,166,727,25,970,572,48,1003,971,171,240,182,900,50,200,802,592,843,772,654,8,184,747,43,947,672,644,162,230,770,242,64,995,63,795,244,770,551,3,670,755,923,794,931,530,946,235,294,4,907,31,28,771,651,107,843,10,214,179,80,203,611,416,34,28,312,240,771,347
93,475,627,611,769,491,382,676,497,122,812,202,753,763,192,455,763,936,763,97,672,931,657,737,1006,732,12,690,645,1011,496,742,123,611,427,199,767,673,796,127,747,504,401,764,743,452,763,243,115,1013,27,668,799,641,479,707,647,491,764,43,743,379,811,752,617,795,891,507,758,43,624,746,112,554,106,319,748,803,683,611,891,11,306,18,929,475,459,201,984,756,300,359,766,763,874,679,699,811,751,689,19,196,96,890,963,378,120,78,763,474,555,756,347,114,122,112,376,454,370,498,892,27,449,1008,757,115,146,856,673,678,448,123,258,679,236,127,994,764,238,710,454,383,703,251,196,639,811,219,759,767
887,328,267,606,181,265,19,362,275,681,989,74,365,990,426,891,349,262,325,889,714,754,587,361,649,41,261,612,338,328,582,633,351,833,349,322,458,10,595,608,362,117,626,349,595,667,1022,300,973,631,265,182,109,10,618,848,86,582,623,539,309,858,264,297,41,620,841,54,256,928,330,354,578,607,618,362,512,608,618,162,514,594,296,682,590,266,42,108,106,614,37,633,74,203,42,719,346,681,636,623,601,339,74,269,981,222,617,623,560,16,266,54,328,726,715,728,214,725,10,562,877,677,74,38,376,336,418,64,130,261,130,303,79,619,746,88,649,29,838,92,746,199,111,874,617,834,6,93,109,591
679,596,899,486,789,980,408,365,164,916,939,173,773,759,808,967,214,182,877,230,773,800,930,777,841,540,773,103,739,547,21,204,205,790,966,971,963,748,236,853,807,628,864,508,9,805,187,60,1022,974,926,891,1022,636,27,616,421,999,860,334,763,477,37,653,77,527,1020,251,188,813,246,871,118,913,108,230,30,124,775,38,980,768,599,254,1022,126,940,35,474,206,876,176,191,725,322,186,971,108,982,437,246,872,620,798,924,871,39,169,998,96,247,617,229,972,917,660,547,777,1008,158,1020,929,716,295,14,796,677,1015,1020,923,687,252,181,419,404,229,997,582,60,240,188,206,519,871,965,60,1004,188,966,236
409,975,1005,600,392,171,213,469,64,960,655,472,429,200,976,220,844,31,832,857,389,413,89,741,96,480,336,197,412,817,675,453,401,847,352,14,1012,472,12,163,997,494,431,517,9,497,809,852,504,583,460,873,400,767,979,841,448,863,472,400,376,448,853,977,328,412,761,592,960,269,604,830,968,1021,351,979,448,463,403,653,463,716,947,128,965,327,960,732,1012,544,1017,309,553,159,389,485,965,808,348,17,431,12,873,894,26,131,16,926,159,808,750,272,448,720,845,813,823,963,825,460,236,221,907,429,64,401,472,69,997,901,5,313,403,491,467,809,387,1021,712,824,472,968,979,159,508,344,584,809,69,880
480,791,549,935,674,722,705,258,339,678,16,416,51,721,755,259,530,762,291,386,325,741,5,434,403,387,275,682,695,750,723,963,371,755,275,955,707,514,102,690,339,895,400,946,258,416,679,317,750,295,542,3,18,287,530,295,1018,282,175,262,351,386,735,786,899,143,805,746,703,274,39,32,674,386,306,51,130,891,647,274,531,722,177,503,580,287,316,35,743,283,528,482,722,395,387,422,744,733,287,947,492,315,738,37,286,714,994,930,740,339,896,55,120,482,298,715,633,387,455,414,23,503,1012,75,167,135,544,339,285,988,795,304,300,338,440,449,290,835,537,737,640,706,145,739,204,391,1015,391,16,194
721,692,925,181,731,541,692,564,759,885,625,29,828,693,804,565,487,55,179,247,3,193,299,756,36,218,280,20,59,813,173,572,5,443,463,177,52,191,829,93,87,213,36,601,829,81,988,294,704,572,925,429,157,815,799,171,181,45,789,185,964,61,695,164,628,820,181,375,29,52,211,164,317,189,245,689,689,405,693,548,756,425,828,48,791,413,813,534,255,295,216,251,692,87,132,500,822,61,252,214,139,43,693,917,333,189,181,6,177,93,292,451,561,850,36,80,245,151,806,759,28,717,753,981,954,919,657,561,431,598,625,636,817,820,692,964,292,116,93,791,341,564,52,812,725,820,308,727,189,93
541,406,508,960,61,557,709,29,367,545,636,526,347,352,615,598,990,798,542,589,406,288,973,106,182,897,20,529,278,794,525,636,861,223,670,429,773,278,358,13,278,621,865,988,333,116,288,985,23,405,872,860,598,986,1014,309,981,601,989,498,796,941,597,574,844,486,508,966,380,770,648,545,279,223,678,611,709,173,961,422,397,340,473,29,621,655,624,403,836,372,409,944,409,461,1005,575,527,476,436,128,275,864,709,592,253,841,395,571,609,621,935,536,589,424,406,589,126,724,327,409,916,607,372,719,577,731,358,437,822,781,924,458,239,618,189,519,975,501,352,599,282,461,608,868,915,431,775,404,24,349
164,925,517,550,133,265,769,916,406,885,438,301,906,292,676,845,1012,819,298,156,779,93,430,401,586,987,553,933,2,226,134,841,614,831,270,580,824,94,565,21,777,436,409,891,253,610,400,785,774,957,57,186,952,793,933,284,786,849,713,189,825,186,178,428,784,145,806,177,186,433,778,294,806,398,422,234,838,572,942,91,892,238,825,827,861,1017,201,52,125,912,636,16,5,54,572,890,1003,458,202,966,518,32,770,756,777,851,372,14,182,59,785,892,796,837,518,868,889,236,870,778,657,222,86,188,188,892,878,22,853,606,1008,606,787,1001,533,294,308,508,257,485,159,520,787,212,132,806,786,245,540,248
104,617,584,882,50,609,477,127,877,958,608,877,413,413,150,253,126,712,750,684,25,650,701,10,61,55,45,750,736,517,394,702,702,370,361,13,750,710,769,554,737,610,173,33,952,289,168,136,148,399,110,349,365,461,618,106,121,335,877,104,106,621,617,518,381,361,182,626,93,629,801,726,101,305,618,525,360,59,14,109,733,617,690,101,618,513,576,234,618,320,32,618,95,97,62,477,74,98,957,34,328,906,585,72,578,24,5,9,622,74,123,602,49,617,258,45,113,746,9,368,370,42,306,257,104,633,576,449,701,357,341,84,389,77,328,697,55,305,44,253,496,745,10,121,398,617,946,110,586,623
880,119,424,602,841,144,393,278,132,677,929,905,672,130,810,44,386,161,257,322,386,413,746,160,899,937,12,393,643,545,232,279,564,681,649,282,398,11,778,258,259,520,386,387,394,750,319,354,2,906,1005,781,802,762,169,21,322,378,544,129,123,935,314,423,352,164,132,304,810,15,91,812,863,789,800,397,281,833,970,704,164,684,871,420,397,929,667,227,202,169,97,394,569,398,721,407,927,830,751,708,641,977,552,417,1002,779,925,645,671,569,144,899,272,934,1001,810,808,425,668,313,1018,111,162,290,1023,170,736,960,671,324,346,721,890,33,817,394,744,826,137,394,783,818,780,13,232,451,156,876,386,396
132,443,839,131,547,754,388,212,396,649,423,530,399,340,728,140,593,547,483,759,893,685,689,760,852,545,828,757,609,212,699,220,194,116,833,187,936,205,244,849,841,637,347,833,404,301,740,228,596,132,929,55,21,716,820,493,120,136,699,968,683,629,688,551,707,902,565,600,20,752,113,757,388,23,567,740,851,231,551,757,628,357,792,561,513,121,119,911,199,685,880,549,736,395,145,549,4,373,854,855,708,586,750,740,218,244,136,202,196,909,836,574,647,935,759,701,21,631,679,483,949,132,701,95,195,557,228,695,548,85,429,935,314,132,949,120,573,583,291,224,196,676,148,67,675,725,677,544,467,112
127,806,471,695,419,967,489,791,155,479,360,355,365,352,534,590,360,696,343,274,194,374,759,91,823,575,950,216,420,350,142,560,534,532,479,571,443,532,918,600,487,767,571,560,550,339,571,231,532,389,111,380,230,630,392,379,511,439,6,571,549,307,264,159,871,267,479,157,548,544,259,432,9,1007,479,563,660,565,933,599,381,503,534,548,952,261,373,555,675,568,475,276,570,493,951,655,124,263,7,69,421,580,208,550,517,759,358,591,760,647,571,303,967,568,86,786,805,175,350,175,692,436,576,239,482,382,767,455,70,95,363,563,53,372,375,271,1019,423,538,532,147,847,811,167,567,80,742,647,560,582
475,885,337,183,216,207,711,589,475,843,886,594,995,790,332,341,986,924,366,83,160,414,1016,26,628,334,956,374,927,61,853,251,339,737,341,85,606,108,813,342,467,411,151,467,334,26,606,347,924,988,976,472,475,603,789,915,460,1013,964,851,403,894,210,987,995,993,24,987,509,476,358,451,323,1019,861,336,477,152,761,410,960,515,345,467,258,474,107,346,241,286,213,987,323,100,665,245,467,920,337,467,588,69,867,816,540,334,304,25,220,919,985,477,323,926,466,1011,912,551,1020,888,371,339,280,224,949,375,71,985,989,876,892,936,234,630,920,298,1021,85,89,104,616,1019,731,465,473,326,811,79,593,579
135,69,856,468,890,964,271,408,960,275,539,539,314,1016,819,143,828,919,356,999,128,727,794,87,280,872,904,871,75,972,31,632,823,317,271,890,855,34,991,282,268,1016,871,778,842,194,264,39,814,311,895,474,250,888,220,511,922,727,322,56,411,608,103,467,467,95,352,87,264,395,583,902,772,359,780,200,378,472,268,927,810,148,792,792,898,672,252,842,267,922,526,916,783,219,154,787,776,385,81,87,362,90,658,511,345,186,479,660,399,915,258,226,960,174,896,408,479,826,232,135,258,83,18,995,466,776,896,796,0,320,94,860,282,904,567,797,794,991,852,103,476,826,335,776,410,99,137,794,799,802
289,931,737,209,267,789,273,997,971,120,875,1001,126,408,273,313,1000,860,369,99,90,273,268,921,297,231,733,166,268,349,913,1006,431,382,364,373,970,889,113,213,369,962,969,504,775,377,860,981,196,876,121,905,404,761,734,360,980,906,748,1020,436,927,240,165,602,988,14,468,489,500,792,626,260,106,258,972,360,876,105,309,168,970,505,276,602,988,40,273,92,870,364,81,1007,888,982,1006,121,997,947,117,929,964,894,371,1004,383,1020,417,930,989,1006,867,69,309,363,369,1020,966,267,370,869,120,1009,886,603,229,497,989,293,761,1002,127,271,145,836,988,109,969,267,972,295,881,836,997,305,988,113,923,993,142
768,256,469,693,661,586,554,801,66,513,155,754,475,472,257,155,642,35,771,257,533,406,174,642,550,275,273,770,642,43,806,972,413,866,658,306,621,791,690,260,275,643,642,256,667,594,515,181,626,665,315,178,771,422,64,114,256,934,158,670,474,642,751,963,34,515,754,919,162,282,683,333,515,674,166,664,135,171,546,862,363,289,850,150,963,317,152,566,579,515,391,771,771,856,530,524,450,674,771,962,531,882,310,974,635,497,630,643,642,390,158,530,739,414,275,705,166,546,386,259,335,590,706,832,864,531,309,518,522,518,678,896,515,670,166,686,531,646,192,658,768,498,730,667,715,1006,514,635,987,886
81,418,662,391,727,918,551,640,963,622,535,599,285,687,173,285,282,770,775,861,390,397,479,542,430,1011,87,287,690,407,699,259,532,780,287,844,650,562,1018,407,793,403,151,543,1010,287,262,18,538,730,286,794,305,571,864,286,539,503,790,407,359,479,640,279,703,927,279,394,919,895,434,858,860,919,633,538,369,287,545,390,919,863,895,983,698,385,474,534,535,983,794,419,666,287,991,397,295,541,266,534,760,541,400,386,621,312,245,391,528,480,720,533,695,686,836,592,287,282,983,541,430,631,286,439,374,439,995,151,869,674,359,271,304,416,311,534,286,543,183,535,786,795,442,403,342,610,538,122,439,663
528,527,816,428,335,316,943,624,575,955,700,826,784,356,400,823,439,31,161,439,273,824,626,831,339,631,963,441,592,174,816,829,573,794,580,640,599,527,630,435,991,826,413,635,252,956,183,431,55,38,143,319,966,183,495,543,283,351,880,38,178,591,854,406,124,124,815,844,826,947,785,949,32,343,608,951,794,502,955,826,822,794,631,503,267,951,830,887,896,351,311,269,319,286,890,368,411,190,986,260,330,431,111,759,343,920,442,319,963,267,607,863,182,554,271,823,886,559,445,686,967,210,942,912,834,815,1004,167,850,322,474,255,815,942,863,490,370,300,836,368,821,960,799,26,927,947,562,287,410,823
251,445,391,370,416,403,834,856,447,417,468,994,709,391,397,402,818,419,387,1019,379,174,370,386,344,45,743,439,439,386,66,390,451,454,751,720,715,1007,962,402,142,466,574,429,602,466,384,396,1009,407,629,626,503,754,760,938,450,718,34,533,178,760,241,315,210,668,311,102,384,610,399,403,1002,62,354,695,845,79,482,174,766,869,1010,498,767,147,923,757,482,818,602,289,626,821,1013,418,211,487,428,703,398,501,551,119,178,568,832,753,483,386,402,762,754,309,306,117,693,499,551,299,866,317,766,1010,246,455,578,558,146,1002,626,1014,1006,435,577,707,514,802,642,241,475,433,469,704,471,343,242,891,624,996
312,547,318,474,905,639,328,344,948,817,688,825,972,433,23,332,989,376,936,731,635,373,936,267,403,561,881,357,697,298,347,411,429,344,920,344,433,969,428,749,376,701,836,269,344,861,317,427,628,720,838,874,1019,820,337,710,964,657,457,4,600,1019,113,856,538,344,939,951,633,605,792,446,989,481,764,54,422,891,569,1017,472,276,380,921,701,311,1015,840,34,312,689,902,444,997,27,856,329,1001,445,433,825,369,958,797,312,641,693,697,605,424,692,1019,957,445,382,600,945,861,330,953,277,496,298,994,285,1003,632,433,922,924,648,260,280,501,956,979,694,177,693,701,968,505,728,408,1003,1017,924,953,961,861
683,39,935,674,68,955,801,654,261,263,587,74,571,486,1002,48,562,58,565,450,2,301,35,163,883,938,893,880,1001,390,462,1022,676,809,339,870,189,515,955,259,942,330,934,363,966,712,426,682,24,948,994,555,811,873,906,987,802,77,945,295,574,930,817,61,773,344,514,313,283,50,299,677,1001,184,421,546,800,242,693,547,957,974,567,958,238,747,551,290,906,1,675,130,83,875,194,870,266,416,35,481,326,394,560,563,330,947,962,34,276,27,11,985,36,56,515,284,514,467,360,71,75,423,686,62,2,162,49,939,240,973,933,266,110,162,67,339,686,35,547,3,514,834,395,0,398,356,381,298,779,883
62,514,634,342,384,652,179,706,51,687,319,534,191,436,447,480,437,699,318,447,99,248,566,670,756,150,998,184,924,687,303,326,639,944,958,188,869,678,723,655,32,691,54,212,653,744,190,107,703,248,727,531,846,444,629,128,507,527,443,819,506,340,447,632,934,442,206,184,432,408,505,8,190,61,960,141,224,446,574,176,656,186,62,838,191,230,510,163,318,255,623,863,447,19,666,441,251,414,879,655,390,999,655,411,705,446,239,639,954,379,631,735,612,559,148,719,727,162,26,302,510,185,911,410,562,11,62,412,764,726,303,56,390,63,702,764,313,83,439,440,384,436,631,435,867,638,719,307,664,748
129,812,165,269,8,385,102,448,680,430,232,970,407,578,639,616,394,100,641,450,732,361,96,168,120,793,40,248,73,457,719,477,673,434,8,876,397,877,713,847,718,456,757,68,961,516,113,882,221,50,12,392,457,101,705,448,432,205,264,853,73,46,114,66,402,640,98,840,360,642,57,713,873,29,456,40,452,126,20,449,524,714,450,392,173,58,424,153,908,425,1010,840,507,402,202,458,520,704,964,108,753,901,106,330,448,109,946,14,248,409,14,64,101,893,674,898,986,347,73,47,136,484,418,397,812,417,130,562,184,452,713,435,408,833,936,106,73,108,469,704,129,459,478,520,397,511,30,908,450,142
454,330,919,171,922,493,361,947,673,419,813,303,814,687,941,366,942,807,782,917,271,718,778,778,271,687,291,803,558,78,789,811,581,286,849,526,105,685,361,810,1005,738,363,329,998,335,581,283,814,831,233,814,9,281,330,147,878,265,623,702,813,69,29,1006,334,342,801,737,81,809,342,268,354,334,329,366,93,41,125,42,580,590,334,700,705,669,685,815,103,173,815,483,266,822,943,729,41,162,714,535,1003,93,974,829,111,33,718,985,35,1021,41,750,878,526,109,14,941,431,15,334,270,845,683,57,807,357,940,874,978,303,806,905,689,902,974,815,803,12,916,878,650,655,266,830,777,357,938,655,637,799
105,169,84,737,615,856,107,123,451,752,803,392,746,104,675,138,232,127,7,1016,72,135,1013,872,754,107,80,3,714,103,234,105,1023,394,823,713,619,95,124,88,331,586,624,681,502,88,124,408,371,872,583,8,649,200,1008,522,107,744,30,583,1007,504,96,39,611,49,215,537,492,584,71,58,93,392,618,832,663,428,803,16,499,511,745,494,508,8,111,1004,759,104,104,127,48,714,159,872,362,539,1015,395,671,167,747,618,44,616,763,106,355,540,17,9,40,984,123,367,923,434,503,1001,200,372,452,363,221,675,22,1004,135,880,74,120,739,44,73,755,231,763,8,628,748,9,843,751,200,751,23,491,919,40
614,657,646,660,175,632,742,414,518,71,622,864,10,663,486,40,264,611,738,608,3,823,70,116,262,1023,259,323,292,620,292,271,742,484,483,564,756,692,875,871,916,22,847,302,375,567,550,294,622,864,619,258,486,71,39,482,759,302,296,359,464,550,283,962,770,611,24,742,70,803,891,614,547,750,612,610,663,815,786,775,619,787,870,327,611,804,742,742,86,486,740,792,795,502,759,4,462,331,814,679,551,631,614,686,22,631,78,600,611,134,611,39,547,866,484,19,728,896,695,889,740,583,116,612,739,695,610,696,24,259,38,615,291,854,111,935,584,682,803,499,298,260,622,679,742,471,643,302,6,86
383,761,44,262,666,948,24,737,532,597,705,27,376,161,672,737,249,515,144,713,719,382,795,644,420,667,280,532,140,316,59,260,65,656,656,726,475,84,313,257,685,291,357,18,772,554,543,283,320,356,345,953,289,512,60,144,641,572,947,440,836,266,927,857,721,489,964,375,798,741,271,668,439,571,289,276,577,267,959,19,572,527,633,316,333,323,776,293,724,529,176,106,889,802,300,788,261,665,525,925,276,645,233,701,531,286,636,212,852,499,761,147,635,220,262,891,345,28,169,764,292,27,699,691,312,516,769,507,347,329,708,214,333,849,262,324,239,313,506,341,547,388,641,668,380,665,392,89,284,572
784,857,723,76,584,543,501,697,407,529,980,729,656,847,89,521,332,912,932,323,308,401,79,336,265,28,753,713,784,911,496,527,285,995,464,992,496,329,996,761,258,341,800,440,916,982,521,155,883,931,962,311,383,784,408,687,291,95,988,482,448,500,821,84,415,883,83,681,179,87,264,992,177,79,943,982,276,335,851,913,769,404,467,475,405,403,345,532,977,960,328,729,862,1017,390,241,79,83,784,279,285,45,883,949,543,383,949,752,222,912,273,979,960,991,498,371,87,695,950,332,992,456,415,328,965,729,768,912,345,100,944,560,755,403,867,152,473,345,62,83,144,168,325,627,262,659,293,849,963,304
280,960,999,982,204,318,261,990,844,306,772,262,958,838,418,514,454,605,634,839,770,406,911,800,549,348,900,326,372,618,923,71,967,308,915,390,960,471,815,407,839,910,632,302,1007,663,383,835,407,148,903,567,390,627,305,206,263,376,455,910,466,478,652,69,886,334,496,266,455,663,446,871,903,374,151,998,632,859,647,474,468,394,470,870,519,351,774,455,474,905,906,190,894,389,735,37,644,918,392,406,388,330,960,298,951,341,366,982,382,634,886,584,846,922,979,334,935,464,548,608,197,596,903,900,612,903,631,376,920,836,266,62,603,376,391,775,312,136,448,391,199,839,798,905,348,634,299,905,95,870
375,918,347,678,799,359,387,83,340,341,966,470,278,198,611,670,403,326,822,1014,806,534,531,340,947,432,51,403,43,438,302,327,791,140,343,11,331,48,839,945,982,340,826,726,680,917,208,583,326,340,410,382,934,915,855,790,706,944,893,950,918,639,566,835,324,647,707,726,798,327,326,759,263,977,343,342,336,260,775,811,795,7,374,62,919,327,694,329,262,331,390,654,40,966,366,644,790,539,652,202,816,543,326,979,54,950,803,340,756,535,815,984,774,49,275,324,278,211,799,814,778,791,533,979,142,371,327,38,616,871,184,919,565,1014,403,62,974,772,328,355,515,647,563,395,51,651,967,774,526,68
728,130,250,192,1008,773,815,195,1022,403,599,778,848,45,739,316,47,335,787,398,1018,792,335,800,83,93,787,294,859,794,851,502,96,1018,71,410,147,342,158,263,784,152,230,47,856,79,784,730,799,814,589,794,862,344,623,271,67,327,979,859,1004,592,0,840,591,1019,579,323,912,1010,773,830,966,47,115,336,83,784,339,927,263,777,303,205,822,71,902,924,1018,483,851,35,7,859,822,333,711,851,123,367,250,935,666,471,327,331,413,379,199,90,912,278,538,715,320,813,242,798,784,1014,795,0,366,807,794,323,75,333,787,898,995,747,338,798,199,133,154,30,787,967,963,86,912,926,79,17,320,257,395,778
486,254,414,402,83,411,867,658,674,612,548,430,888,846,878,21,390,224,631,960,791,774,399,446,198,732,895,584,397,888,11,487,230,358,717,707,253,117,276,247,715,702,551,667,939,439,859,839,992,21,622,330,149,610,407,307,711,390,277,83,454,354,104,847,887,791,38,614,631,691,337,275,988,838,86,535,123,71,23,665,647,455,203,808,727,75,83,880,23,279,647,870,10,112,710,234,880,56,273,542,971,284,254,635,279,455,469,199,711,407,555,104,332,222,730,453,430,674,744,87,581,206,126,70,710,646,343,831,704,508,286,2,301,798,647,358,704,820,775,707,40,586,885,333,486,391,284,360,412,431
223,255,990,446,700,640,531,111,573,668,821,664,698,11,637,539,634,71,246,109,269,337,79,895,693,533,335,122,237,359,893,335,570,416,763,544,295,570,65,560,988,44,359,527,250,719,350,543,103,866,87,250,455,344,851,531,72,94,380,671,824,638,351,445,127,248,365,15,15,894,95,750,800,570,671,87,671,574,853,141,697,670,300,602,415,634,79,563,1006,621,108,568,122,30,339,592,574,87,381,573,382,30,399,527,446,51,717,415,423,558,760,655,696,573,819,84,557,667,801,205,556,119,620,574,572,541,571,127,405,0,96,183,573,638,765,232,93,346,699,762,666,895,87,767,572,438,563,85,765,522
538,205,393,566,38,833,64,390,251,958,9,514,549,542,867,828,765,166,834,867,297,577,869,807,519,42,767,323,736,47,827,544,526,558,353,533,548,515,867,43,763,9,387,819,518,267,698,740,638,869,469,800,46,310,271,546,555,319,515,71,609,293,806,34,15,867,869,550,266,865,559,574,834,634,185,331,293,269,753,145,267,26,335,289,753,373,715,395,257,157,550,813,263,270,38,515,166,257,552,897,803,9,716,42,531,137,202,704,181,559,405,758,18,426,467,176,775,869,544,386,546,532,521,843,35,514,401,891,293,11,318,332,546,228,341,331,245,529,411,533,47,825,842,15,970,299,36,43,807,870
102,95,31,127,1023,383,954,1010,919,605,1023,138,62,439,148,407,158,14,1014,132,657,910,319,958,158,668,825,798,919,319,831,670,29,671,81,908,863,29,775,639,158,667,218,830,314,42,46,919,287,911,934,351,22,767,38,785,162,954,150,954,427,796,911,922,69,145,399,735,602,313,1010,30,174,735,897,937,31,922,938,922,352,326,134,95,215,159,1021,285,25,1023,639,670,506,31,70,66,958,358,543,826,701,1006,915,33,313,121,191,205,701,611,799,654,222,63,29,638,45,46,190,314,190,63,684,338,294,1005,690,63,910,121,28,667,253,638,158,378,176,655,141,653,830,95,314,286,911,896,816,46,114,134
900,921,847,704,32,576,21,935,587,580,588,19,981,119,102,152,0,631,628,359,991,119,463,591,327,960,228,20,180,535,915,179,159,880,116,948,432,551,130,88,143,832,919,70,708,218,142,31,139,1002,179,471,792,730,833,899,600,33,635,124,704,807,656,832,839,160,62,64,55,583,576,588,5,522,71,501,200,936,107,936,627,102,119,631,119,552,179,136,887,125,295,632,648,167,996,832,36,69,71,84,579,506,192,112,920,871,900,900,576,37,526,899,996,85,576,103,28,87,588,640,983,576,21,871,711,138,895,71,776,940,920,908,917,631,588,295,119,590,121,148,143,151,543,422,93,615,952,166,198,598
904,357,137,716,1011,675,480,292,622,900,908,914,305,395,896,356,421,113,956,507,16,1005,915,294,1019,605,300,597,258,992,709,484,299,300,455,940,57,300,936,743,552,383,936,997,150,424,555,57,611,845,503,35,76,150,424,904,944,767,143,606,534,911,79,877,193,918,865,78,943,150,453,101,339,563,686,846,97,188,936,935,56,936,957,83,1014,903,1015,80,453,484,1007,936,664,937,1,188,753,21,936,875,263,743,623,925,956,949,100,231,940,912,160,896,296,48,364,988,220,339,612,176,188,975,1003,932,736,606,880,940,949,612,892,573,17,948,487,973,959,352,909,357,300,719,559,422,751,1019,675,300,53,945
885,602,707,237,982,709,725,237,661,797,154,455,973,820,868,371,813,965,112,975,723,422,128,975,1000,618,453,448,974,109,813,712,1018,76,73,245,316,728,253,670,170,713,711,190,330,661,678,117,709,972,669,501,645,719,405,743,496,640,1005,155,220,1005,462,132,629,893,773,327,1013,70,994,175,648,479,205,884,789,233,196,196,79,173,704,708,525,949,72,322,886,707,972,117,973,540,794,140,645,118,452,964,453,842,653,13,259,743,562,716,170,617,109,666,102,772,759,786,245,876,1013,793,404,329,933,647,371,700,676,237,768,957,780,190,216,993,585,109,324,485,21,782,645,666,661,618,797,398,676,1019,933,309
989,553,10,991,869,162,697,439,947,917,429,852,142,100,383,887,582,653,1022,970,535,442,618,823,95,247,306,90,406,287,47,777,415,531,538,410,127,925,391,477,799,778,812,567,254,754,615,226,298,783,154,823,28,898,799,438,90,326,414,601,286,41,369,831,797,346,941,314,95,252,438,326,246,275,442,418,953,895,799,702,252,311,206,28,62,799,702,917,429,638,418,446,534,442,430,988,173,446,823,413,559,253,126,87,375,254,286,432,89,543,301,898,439,556,973,215,1022,541,960,214,511,650,839,429,427,509,254,723,999,175,717,50,346,393,818,574,554,885,864,407,343,758,192,330,453,31,414,186,310,384
915,396,872,799,384,792,408,921,827,477,32,858,899,865,897,320,799,496,414,156,220,412,336,189,293,925,320,154,464,788,209,800,380,181,426,509,924,61,816,925,926,399,264,796,925,320,25,149,853,15,903,184,799,31,445,882,128,287,61,208,510,136,796,445,256,9,997,125,28,189,253,21,149,947,829,186,369,927,423,895,925,48,138,829,253,236,152,896,37,29,272,271,921,177,805,437,921,921,799,400,149,191,252,149,296,926,256,793,163,824,464,285,864,896,236,909,796,349,869,424,413,139,149,981,931,922,893,191,440,510,221,366,29,917,452,797,925,280,184,917,57,797,280,849,30,309,463,368,921,690
821,214,164,158,925,760,6,277,208,71,892,199,760,613,194,689,693,949,484,22,693,949,668,836,71,0,324,126,914,0,649,568,150,689,680,190,949,920,168,143,300,689,953,807,148,149,668,971,943,981,649,864,272,228,909,920,951,936,177,8,849,306,2,39,881,100,902,343,185,844,944,957,852,399,534,377,230,649,22,868,247,881,888,855,693,853,550,855,342,354,101,954,43,356,693,948,684,825,939,73,156,49,169,526,661,297,870,944,916,248,693,902,292,0,807,87,661,1013,796,843,844,139,855,46,825,909,693,716,103,396,111,39,38,952,855,967,196,1006,125,174,949,711,870,841,823,68,292,910,943,742
193,323,787,524,618,614,620,800,556,779,598,780,879,639,936,86,913,963,268,179,612,813,960,748,492,521,52,412,241,44,962,619,883,161,935,1004,32,800,768,966,967,771,899,171,235,620,191,296,539,547,796,36,256,107,89,188,768,643,788,195,398,780,582,923,195,184,955,711,677,876,225,161,769,937,540,903,885,40,238,799,883,7,875,236,13,225,798,684,550,699,582,516,558,220,534,671,163,132,164,161,0,243,584,645,236,802,515,531,970,652,127,864,595,163,932,246,819,192,928,627,724,588,1000,67,771,132,675,175,233,97,241,128,668,582,195,1001,529,614,179,675,772,115,921,844,176,896,627,885,235,628
966,109,826,571,771,218,591,56,241,111,32,146,906,174,558,217,571,824,666,103,446,570,161,58,846,226,111,565,911,123,926,507,15,899,574,523,523,564,318,566,559,917,200,158,951,605,158,988,955,547,808,806,602,222,643,173,571,315,197,523,591,10,205,238,99,299,63,698,134,3,30,195,561,242,3,394,174,806,299,6,766,622,422,815,222,573,582,907,993,799,313,306,30,127,259,771,846,170,761,158,658,539,190,825,667,582,38,571,845,569,922,766,142,46,117,43,739,238,190,798,220,173,134,52,778,827,899,411,824,62,566,555,555,532,912,619,310,562,850,571,50,294,577,558,669,474,539,54,558,814
605,429,751,17,529,472,672,550,354,721,485,353,581,224,871,65,536,269,529,582,307,867,343,392,534,427,621,44,119,456,581,553,560,501,523,608,501,225,57,873,712,612,342,669,554,455,759,428,224,611,320,224,399,736,81,420,352,695,500,424,496,631,248,288,184,352,727,392,331,225,114,845,405,99,736,328,672,352,366,9,894,617,497,707,440,205,420,255,573,557,372,543,544,114,96,760,552,173,97,203,390,497,550,583,763,244,487,287,823,218,573,480,532,399,240,352,380,712,672,740,761,23,352,880,608,112,237,447,398,404,429,714,232,173,288,761,987,736,266,615,484,419,717,173,400,581,481,535,427,548
467,531,162,718,542,241,589,253,97,678,238,577,378,546,203,135,674,973,947,753,227,139,873,201,972,972,746,677,237,142,97,462,103,249,522,907,156,591,236,782,656,969,558,35,431,878,415,551,801,744,205,285,143,198,269,557,579,203,787,937,240,938,978,97,539,356,45,235,243,486,583,227,235,360,775,897,961,223,230,389,380,775,647,674,207,940,494,808,541,289,210,381,169,253,237,235,722,69,67,250,228,238,615,242,993,295,55,182,627,229,253,244,541,296,783,611,207,117,141,490,237,577,139,157,485,653,797,583,710,866,517,355,350,723,618,162,618,759,426,98,258,483,1014,623,983,547,158,880,242,582
648,739,410,31,240,613,357,155,43,118,762,865,617,17,250,45,621,738,360,614,656,674,99,99,611,359,198,33,511,1,582,150,95,609,290,250,483,610,585,591,742,353,634,623,454,559,240,455,175,545,98,37,486,362,419,327,227,381,767,83,98,127,870,224,168,767,703,103,150,742,35,591,87,858,399,38,738,455,98,37,743,705,229,345,98,381,621,240,116,43,230,570,31,599,421,843,42,85,327,615,597,97,18,642,602,179,812,583,323,240,360,993,17,47,98,111,637,107,386,519,617,144,35,962,933,865,738,242,589,103,63,111,399,47,743,101,98,950,759,97,230,118,610,623,127,578,415,623,657,583
699,1016,977,1017,1,57,582,14,749,750,976,858,463,860,682,269,58,107,1006,529,973,545,848,74,687,157,623,652,794,907,971,1019,740,138,571,782,977,54,748,824,619,696,536,41,974,506,296,49,379,571,211,489,697,621,963,973,778,315,655,51,193,798,19,704,9,1012,745,13,995,843,779,169,571,374,970,397,629,101,651,8,430,994,650,488,491,40,973,57,683,687,910,123,74,8,961,76,481,654,579,533,59,131,154,1003,953,673,778,715,1015,51,40,473,551,1003,142,217,235,835,745,975,551,591,47,707,203,793,251,974,297,1016,781,209,909,42,214,107,173,958,708,719,375,215,46,778,655,811,552,461,765,184
289,35,609,272,983,675,931,227,211,692,552,284,289,290,390,51,291,417,23,360,168,291,90,263,891,425,880,278,60,373,304,818,364,225,953,933,300,538,69,374,505,526,931,882,354,949,298,50,943,877,399,528,42,437,12,946,668,647,298,514,710,633,738,669,561,314,951,309,976,930,60,626,892,677,448,364,609,303,40,938,766,463,48,625,890,209,354,797,600,1018,931,439,890,690,260,816,801,627,1004,517,298,785,898,192,611,498,882,321,370,272,755,872,492,33,115,290,596,538,250,669,894,866,801,634,456,546,1018,546,817,1009,633,455,192,289,770,844,108,960,563,854,391,314,625,852,784,640,970,357,286,562
759,664,418,359,837,669,354,322,990,202,631,66,346,474,387,983,676,586,731,318,483,72,988,520,939,345,846,706,955,91,307,343,638,579,66,338,989,962,478,475,806,322,774,382,728,475,467,867,613,3,771,259,322,756,986,403,332,469,330,639,379,659,648,458,963,359,579,595,659,792,840,327,923,506,787,722,331,859,976,366,706,50,475,595,683,710,580,323,358,464,262,674,475,612,791,734,931,834,723,519,933,326,466,709,382,795,101,723,327,482,787,325,989,723,723,659,734,1011,640,611,664,870,462,146,867,327,670,723,328,331,369,610,659,659,723,446,714,514,322,659,35,731,645,945,536,967,495,614,711,262
990,457,405,394,586,466,862,493,902,121,1010,704,856,348,897,745,510,569,749,382,506,777,461,947,918,981,819,508,990,775,981,406,971,470,507,857,821,225,702,843,94,822,926,863,481,623,463,863,1018,506,64,419,734,121,867,463,329,379,125,27,813,486,913,835,863,751,902,22,449,965,886,506,555,902,790,200,350,287,43,345,876,492,453,535,842,438,819,493,911,203,790,454,436,444,893,894,237,918,433,833,618,465,948,863,1017,230,18,1014,1010,466,542,754,842,232,22,950,430,982,510,756,861,769,86,773,93,982,894,720,863,263,950,987,950,990,493,481,872,1019,85,470,918,250,444,198,982,950,863,505,893,918
500,553,256,753,952,220,145,1004,908,84,977,40,840,912,425,1008,210,552,720,994,545,623,68,1009,593,704,984,847,455,594,205,865,849,335,960,904,651,209,579,899,305,719,72,749,920,476,594,481,401,630,84,209,689,650,601,640,265,580,656,0,671,808,345,593,474,920,217,209,913,705,576,561,222,497,920,342,706,674,758,161,963,464,970,717,313,213,659,286,236,209,229,231,222,145,843,936,537,664,209,594,724,993,993,81,658,212,787,849,196,465,896,840,673,987,209,64,976,882,224,220,52,593,722,593,857,810,593,437,264,968,209,593,753,977,206,225,467,469,156,530,1,476,849,227,577,92,704,453,210,959
260,287,162,251,904,390,190,390,166,770,391,743,158,130,931,76,928,176,519,709,251,178,390,581,396,870,518,656,644,519,368,67,179,523,179,931,163,904,547,258,371,153,903,942,270,176,934,151,220,962,164,267,691,608,512,225,30,900,512,243,798,147,128,775,262,567,772,307,247,179,942,48,867,160,92,388,243,289,199,929,16,664,790,11,611,258,137,959,355,956,663,184,206,176,900,371,900,259,323,772,261,693,528,228,190,764,166,516,263,775,772,646,902,136,254,657,678,147,908,581,102,217,276,441,147,443,107,142,773,811,942,731,166,204,138,144,16,144,942,798,219,209,898,2,741,243,374,678,899,619
248,944,543,759,335,495,40,731,939,952,206,259,950,219,898,80,847,943,884,431,951,334,515,426,952,915,45,840,1003,920,920,426,824,330,497,779,682,674,712,784,415,203,99,66,715,280,51,472,361,490,489,939,937,203,811,672,826,709,848,395,842,252,352,399,955,267,788,352,396,270,948,405,463,795,726,47,879,267,940,816,727,266,611,810,96,27,976,824,266,425,940,1007,520,460,927,952,922,432,938,568,824,703,356,411,998,266,327,457,820,394,848,358,736,611,795,970,399,135,854,984,398,480,290,810,3,946,908,767,674,395,56,920,460,59,768,5,360,416,431,603,412,395,448,945,922,903,784,903,266,591
814,296,831,135,820,99,352,0,830,531,551,1004,42,100,648,292,459,336,120,40,359,338,300,928,514,859,547,191,955,879,72,750,6,106,319,683,531,143,659,995,435,443,256,699,551,543,539,490,920,579,534,518,546,192,946,534,943,262,764,396,955,704,460,815,864,547,810,547,404,336,464,692,628,271,535,763,362,367,856,187,759,19,874,923,268,792,232,695,997,535,421,879,3,872,955,614,360,546,818,28,380,362,548,319,1023,70,1004,739,575,814,812,940,700,99,646,104,367,567,344,819,440,1000,292,123,87,814,416,552,135,655,522,46,889,939,89,223,999,820,942,42,949,744,724,302,715,702,458,759,940,820
610,436,244,481,180,959,834,951,888,573,130,733,628,193,141,629,631,208,637,244,368,584,775,256,441,481,240,167,191,689,569,892,695,169,240,752,244,148,501,616,628,851,244,767,244,361,417,240,248,513,247,244,738,32,231,1013,101,184,396,202,769,733,469,449,517,673,733,247,244,180,647,258,1018,106,511,1012,818,240,609,513,190,164,773,628,941,672,245,210,498,63,885,481,779,597,626,54,503,621,498,723,805,511,361,248,596,265,628,974,532,542,737,421,916,962,161,188,253,245,1005,873,572,180,817,680,688,188,499,252,135,545,183,50,198,180,176,735,244,532,865,724,922,941,754,247,554,244,252,276,434,184
84,806,342,476,802,46,325,741,447,550,774,229,1007,517,758,399,471,334,874,525,311,138,341,662,269,405,89,863,38,737,410,223,951,386,527,455,885,277,286,173,774,245,214,135,720,518,473,655,810,514,545,543,478,415,735,15,165,982,893,962,70,789,567,354,512,582,726,341,494,271,130,188,831,558,165,1001,505,519,63,519,69,69,293,218,269,490,331,477,417,342,287,882,936,583,406,808,477,446,157,886,485,805,829,602,662,944,341,470,340,476,269,278,525,284,543,389,932,389,567,485,862,245,973,557,473,401,41,468,557,649,460,406,409,485,314,549,982,495,303,269,133,210,119,741,226,245,805,575,519,389
108,917,792,917,53,806,921,492,940,52,893,781,825,403,926,173,865,916,70,477,916,44,881,868,861,953,773,801,346,920,207,23,349,903,177,14,181,792,333,88,393,144,147,12,110,914,82,348,781,867,283,149,344,914,349,301,152,838,40,280,240,405,410,322,824,838,877,773,111,426,933,296,152,461,792,231,498,918,893,940,783,501,88,463,396,914,270,443,185,439,273,797,408,254,269,792,226,453,951,773,816,872,820,277,496,837,303,207,272,229,145,346,913,110,927,909,70,115,926,348,226,906,333,849,914,69,391,154,469,206,862,995,389,421,869,404,792,949,173,168,386,69,397,432,557,472,500,812,833,504
805,804,160,693,364,677,932,967,814,285,445,517,19,843,453,748,33,97,646,564,808,37,33,526,191,998,804,999,774,136,108,392,948,100,260,433,545,887,509,957,155,135,788,676,36,779,925,819,876,184,37,123,182,817,915,407,804,664,648,289,173,423,37,208,135,529,332,763,903,139,645,904,103,965,189,659,317,19,1003,183,963,179,51,37,660,829,187,388,331,172,688,707,740,656,935,667,55,159,523,567,711,44,142,49,52,679,447,667,253,763,56,317,520,565,641,647,55,157,500,292,44,319,149,37,327,167,35,645,327,144,293,712,748,129,317,804,160,148,68,678,934,288,728,523,376,805,308,548,183,503
529,799,871,50,156,422,48,844,119,793,825,946,859,545,796,439,413,260,883,788,156,308,401,499,788,24,793,8,770,790,930,408,845,51,387,500,402,96,129,50,247,1,157,792,8,792,579,384,405,218,1002,244,792,1004,773,850,404,370,791,875,976,823,27,386,388,228,16,188,435,772,595,876,945,44,977,1020,308,833,386,189,993,372,500,891,594,1007,94,257,819,1018,436,897,49,337,50,564,1012,466,21,921,177,241,188,135,372,436,768,791,21,68,776,594,834,21,180,929,44,688,217,772,784,794,940,866,201,784,225,372,113,177,481,337,339,244,833,1010,323,407,834,532,144,318,40,979,230,984,146,432,306,946
510,427,187,152,962,158,177,450,743,609,305,989,189,352,98,578,592,942,162,489,546,450,747,481,978,4,161,172,993,610,290,474,746,378,473,360,166,744,706,733,419,160,624,161,716,915,694,221,162,285,994,674,967,705,310,354,867,494,33,34,178,182,226,670,130,681,538,645,611,594,169,546,549,306,716,742,278,951,226,174,482,388,482,738,420,448,364,861,177,671,290,162,881,999,229,433,561,929,743,356,807,535,132,578,160,322,177,226,898,619,744,485,161,865,197,232,197,162,491,180,131,152,506,609,429,405,809,129,240,544,234,818,418,588,246,1005,321,494,638,231,419,1010,557,616,599,418,597,197,152,610
882,240,415,1023,807,568,248,773,864,776,117,569,378,829,796,442,421,506,489,346,671,240,387,504,768,543,865,432,773,547,650,58,408,891,948,488,84,668,226,873,163,878,557,826,760,134,118,82,775,372,175,66,442,814,368,698,107,122,117,666,446,254,434,497,890,122,647,693,85,803,592,440,690,831,442,120,547,132,1018,407,747,1001,818,440,869,383,71,58,231,906,884,133,901,893,795,769,888,66,186,322,767,433,434,623,675,740,697,594,642,105,820,29,891,888,376,322,890,819,762,127,763,671,83,504,46,569,719,834,250,682,744,244,383,658,765,821,812,675,438,123,811,250,561,242,792,894,811,580,180,837
938,752,931,107,377,200,840,163,485,910,842,841,286,988,905,99,102,835,974,230,99,262,747,227,124,33,110,959,757,867,1005,9,227,520,917,323,808,233,870,123,909,41,99,31,1000,205,1020,33,709,843,66,320,29,920,179,992,710,380,172,907,870,489,873,886,127,864,776,771,229,265,100,169,971,896,734,994,900,38,43,963,841,111,547,896,393,45,135,361,44,997,509,276,160,198,798,430,233,842,936,101,915,15,300,115,107,101,515,70,149,801,100,195,451,944,101,124,808,102,904,645,156,492,767,41,962,665,238,848,482,99,841,841,393,76,102,224,237,912,120,1,102,744,413,812,815,656,11,716,43,494
350,470,980,977,350,578,955,921,494,23,982,214,796,721,54,983,877,205,971,215,990,406,354,974,226,453,987,815,157,925,849,342,470,289,897,845,229,982,891,1006,977,960,350,863,976,277,863,891,875,769,470,987,478,638,443,214,566,886,118,973,71,860,558,983,150,927,838,990,563,848,1003,1022,411,215,94,973,850,358,200,984,350,238,982,990,344,927,198,849,54,287,814,91,1014,915,638,286,406,854,454,274,320,853,636,221,929,977,976,209,1006,211,851,222,471,921,189,246,81,409,589,119,222,928,348,1003,150,54,507,215,273,262,589,215,327,86,6,982,211,502,347,977,210,279,94,627,334,294,982,221,790,582
496,774,374,523,21,782,785,133,769,262,104,524,1,114,18,104,560,784,890,308,773,173,465,833,777,982,701,832,720,769,216,82,808,90,584,851,516,944,136,121,465,136,561,602,614,438,539,173,581,320,624,840,898,783,520,812,401,797,597,771,601,610,267,769,772,601,592,814,654,833,516,846,274,804,817,337,410,326,584,169,342,200,155,716,977,704,108,517,985,538,93,557,347,808,770,776,673,17,209,245,338,185,872,105,978,473,37,774,85,796,910,606,65,98,526,794,769,944,357,892,276,775,978,384,810,401,869,105,540,784,65,821,398,90,25,785,365,773,11,80,985,81,689,345,632,769,778,777,769,778
920,956,45,975,919,165,109,655,835,887,143,23,732,152,539,140,46,779,27,799,11,919,745,847,552,671,134,782,187,172,26,134,727,128,189,729,987,158,911,142,143,668,911,927,983,140,844,845,666,854,904,158,654,358,795,152,152,388,899,891,392,31,911,847,651,141,987,16,911,471,59,798,635,774,440,75,782,748,576,151,129,243,35,771,957,799,952,108,956,958,419,95,252,727,904,23,919,755,140,183,158,735,927,129,105,190,910,95,664,451,959,814,142,767,588,849,603,95,159,84,667,975,151,799,766,923,671,253,190,131,526,654,62,52,653,932,689,62,32,142,909,891,187,666,16,836,652,143,7,975
360,424,932,756,769,409,704,417,480,168,276,837,357,509,888,357,173,619,565,705,779,885,821,554,680,476,496,213,616,672,661,616,589,648,341,437,309,245,533,173,390,496,346,667,684,776,347,540,385,629,333,426,717,413,296,489,685,0,440,390,709,515,377,672,45,507,427,617,33,853,198,368,1011,629,513,421,601,1001,808,245,385,729,121,349,57,341,944,48,524,321,91,197,440,705,655,621,614,245,181,557,248,838,833,427,645,709,310,277,351,549,1014,704,672,617,680,301,813,683,1008,825,325,450,589,693,840,269,480,601,657,424,363,501,374,86,598,598,517,568,680,513,661,945,589,427,45,730,737,768,597,890
659,676,962,807,467,295,775,883,452,499,132,784,455,280,448,379,792,198,736,196,386,149,240,172,452,870,791,328,31,871,23,694,408,88,812,876,867,440,675,352,920,174,880,424,238,807,1015,791,472,398,59,427,515,501,134,792,644,454,806,980,671,46,517,876,819,553,900,621,39,550,174,197,478,886,104,363,535,623,68,147,65,535,360,499,663,668,763,660,362,334,279,962,366,727,94,438,597,795,816,791,816,671,191,935,1004,173,791,657,149,551,665,30,199,844,424,870,788,822,252,622,878,549,146,807,331,118,831,947,679,840,571,431,552,551,134,360,332,147,926,461,880,620,349,950,844,226,311,80,845,842
870,504,332,859,768,603,450,823,583,484,779,338,547,995,338,322,771,640,331,618,374,803,280,644,936,479,832,250,331,836,72,888,706,631,328,170,504,427,334,554,242,531,887,344,742,386,811,876,576,360,322,451,843,557,352,783,617,352,547,784,338,360,322,868,382,324,692,450,502,650,523,107,603,426,32,394,846,611,763,327,544,363,823,335,810,459,520,555,457,866,240,882,640,327,760,489,552,940,322,848,779,259,352,360,923,396,834,890,399,367,42,547,835,454,847,505,587,227,363,684,823,628,363,363,895,844,327,338,471,783,531,450,289,299,298,835,383,322,455,327,844,368,834,706,554,322,635,355,876,343
312,738,663,676,222,558,728,742,703,259,472,227,42,276,248,784,62,738,668,739,751,288,478,879,695,264,763,102,696,494,759,899,487,100,766,736,20,1012,736,995,367,30,230,225,134,2,103,375,760,270,38,548,96,295,694,503,967,995,242,594,995,904,755,471,723,522,411,614,167,744,87,707,799,702,932,382,482,79,660,866,559,484,392,724,727,898,52,98,519,1019,733,108,699,323,990,480,623,327,998,763,606,480,39,172,686,136,611,675,994,743,79,360,350,486,871,659,740,906,692,734,763,558,75,395,1003,230,493,751,172,248,1002,972,994,298,394,675,713,151,551,739,334,280,135,99,302,866,391,731,883,1015
375,276,343,73,907,260,271,791,982,706,288,19,115,808,809,391,256,350,895,327,128,631,6,215,735,17,144,976,55,770,273,355,379,159,342,277,827,899,81,593,887,827,294,636,795,949,1002,820,587,794,1007,479,206,806,652,273,273,277,821,895,336,887,854,574,149,992,818,789,304,260,875,341,471,272,795,352,268,42,273,552,146,347,792,815,81,233,331,336,147,991,283,371,827,910,766,273,27,786,123,586,995,267,83,660,960,145,572,827,371,775,32,135,269,976,44,984,324,908,1015,731,354,791,345,702,12,975,54,28,827,339,919,63,267,389,383,326,809,320,282,35,657,863,354,144,978,119,817,789,460,119
526,341,676,326,62,690,21,133,281,393,657,560,657,322,750,697,673,321,676,56,645,750,152,161,436,272,312,701,518,55,536,329,260,689,334,261,640,653,517,48,304,32,669,746,640,32,657,641,583,297,690,657,669,27,637,917,372,560,61,564,518,424,676,348,273,640,15,318,461,264,874,256,329,288,269,722,865,676,544,741,328,381,794,668,657,288,664,400,260,56,974,364,108,544,416,728,555,702,17,627,238,648,656,689,445,392,544,334,268,349,564,53,264,542,355,496,337,145,670,856,645,458,648,640,56,691,224,689,670,544,595,517,545,739,45,192,260,690,262,669,654,50,289,673,573,544,280,344,369,16
885,842,225,899,387,421,865,909,834,256,770,802,69,642,619,513,890,994,5,2,541,514,261,849,265,993,570,837,327,1019,463,526,870,518,871,693,999,547,390,285,839,357,333,854,898,484,734,517,521,839,889,207,66,735,717,327,226,213,898,724,353,78,41,262,436,197,565,527,867,325,463,971,855,591,401,705,262,634,993,633,589,457,570,587,527,913,2,619,268,231,874,575,623,513,1019,915,362,46,327,962,1021,770,265,319,582,978,854,340,85,871,995,636,257,578,997,325,522,790,906,68,235,5,1015,519,330,279,71,518,301,985,279,778,967,66,903,993,839,1018,343,514,527,1001,325,854,458,230,406,885,31,855
808,1009,532,887,560,433,1001,313,707,815,501,433,349,864,409,404,885,302,570,821,445,578,631,305,417,802,436,887,432,1018,629,693,743,511,1016,947,505,500,695,351,701,436,355,444,500,260,693,452,693,979,752,589,886,628,432,825,800,433,892,349,562,812,821,800,396,391,303,1019,325,437,886,804,437,60,815,840,433,846,401,753,281,689,671,512,709,701,442,693,127,632,404,548,1020,281,928,969,437,885,340,436,788,517,1009,1015,401,821,593,693,546,802,339,958,380,949,829,885,1012,294,349,444,404,556,420,881,393,447,628,176,972,319,375,829,452,801,800,997,981,887,689,446,689,812,821,376,811,429,885,394,437,221
370,241,890,421,937,998,358,501,482,876,921,282,437,482,933,416,213,326,741,842,421,874,502,1014,928,311,258,34,354,871,195,755,482,194,422,957,377,469,418,994,311,98,490,2,177,383,998,418,170,434,918,597,623,997,853,241,501,997,967,422,770,258,1018,194,249,933,362,461,458,98,510,498,194,918,992,122,894,309,341,617,720,934,621,738,186,855,997,102,591,358,285,997,373,995,832,382,42,986,138,918,981,517,160,482,997,482,418,746,362,172,649,373,333,245,247,213,1017,879,639,901,34,490,957,725,149,463,214,1014,469,486,937,873,714,761,150,245,245,490,997,885,493,813,950,997,1001,877,442,106,1010,848
932,354,376,352,1009,987,213,974,964,963,1010,134,970,990,964,589,980,73,763,532,590,510,346,143,734,350,450,534,893,606,78,471,349,78,247,477,985,340,1006,77,988,1014,252,470,346,242,353,958,468,854,333,862,669,605,337,1009,305,1005,212,45,718,378,981,982,958,509,314,212,829,982,324,963,251,829,89,991,985,957,737,234,477,981,569,933,902,473,602,510,973,373,556,973,605,349,991,1015,969,77,1020,429,102,1014,222,221,578,532,974,893,1020,263,577,1022,701,256,548,947,797,333,285,537,49,990,477,77,988,479,222,327,988,509,637,994,957,980,1012,534,855,864,981,189,926,305,926,478,895,198,532,127,834,974
759,960,181,863,761,363,721,506,578,313,784,520,492,543,367,527,280,276,278,308,166,524,527,515,560,562,669,757,540,169,349,795,239,41,733,464,63,808,513,467,863,364,539,600,567,815,858,594,341,460,259,532,284,796,723,599,316,631,268,540,885,380,344,908,352,840,20,908,838,939,112,271,539,527,327,584,844,367,275,273,309,376,524,834,559,722,344,603,856,275,355,798,844,426,600,788,288,748,592,209,415,561,592,789,263,540,519,299,740,19,626,584,140,856,287,584,600,376,147,670,274,543,647,279,588,41,360,593,275,540,391,308,403,817,543,735,561,773,593,275,666,124,857,927,670,536,379,847,315,453
682,968,633,982,104,309,473,586,744,554,680,962,106,144,682,243,970,425,666,680,160,1010,681,658,200,352,685,269,108,616,216,144,904,42,609,225,525,511,32,810,297,680,493,925,857,681,959,37,461,696,842,921,687,635,486,1001,696,990,762,251,136,481,676,800,673,952,86,104,648,285,601,318,665,378,637,158,672,701,674,728,985,597,616,664,653,750,759,700,213,549,681,761,701,370,197,154,1008,601,546,840,169,168,125,1018,90,169,525,666,1009,938,472,1008,341,594,157,170,938,209,702,489,765,561,200,912,554,149,233,584,229,1017,857,345,666,590,782,121,146,226,324,234,677,659,974,938,921,941,90,709,702,426
664,65,626,337,639,637,758,41,626,689,197,560,583,582,638,629,758,1,317,534,625,127,450,114,638,820,310,436,101,639,309,590,247,638,1007,287,590,649,630,386,1009,626,49,240,621,578,526,441,471,723,1013,758,562,240,101,626,601,434,529,306,62,308,257,370,561,353,182,372,113,353,629,654,365,67,230,361,57,353,310,1015,624,626,588,114,305,821,626,742,630,867,438,113,638,869,593,52,89,69,78,489,343,1009,305,1011,182,51,737,625,593,444,638,52,108,629,1015,849,466,1009,665,357,993,337,163,1014,37,593,981,598,297,247,110,629,113,638,352,119,374,446,625,162,626,598,630,180,626,113,488,364,905,373
949,983,934,544,928,817,361,669,944,832,98,566,560,1002,782,48,32,732,794,882,593,19,784,566,568,994,954,165,392,962,262,953,808,158,616,110,403,422,641,144,114,98,366,849,920,644,565,621,298,157,289,208,513,958,842,157,33,134,925,613,45,561,592,192,33,372,365,465,619,32,0,1010,673,290,0,176,227,677,783,301,147,865,831,994,173,912,161,649,139,96,541,979,56,354,31,87,176,609,171,327,561,561,795,888,688,34,105,824,59,626,185,34,1,883,352,400,613,566,163,605,221,33,485,794,104,808,528,913,909,4,993,97,728,795,601,818,360,97,33,624,977,110,137,32,48,784,290,993,896,813
539,506,891,328,771,360,774,498,885,472,504,362,932,948,586,35,747,398,955,464,29,629,343,874,455,720,360,830,717,477,763,478,586,914,731,395,904,829,873,966,475,55,419,675,423,498,475,95,858,951,612,471,629,496,1019,907,1015,91,731,504,817,376,464,467,419,458,710,458,876,951,377,422,733,474,792,995,890,455,723,951,251,983,63,536,461,792,808,799,843,614,472,895,731,114,551,328,771,799,321,477,792,346,819,536,940,795,959,508,879,434,890,507,635,947,948,378,680,835,731,567,168,899,723,728,909,355,626,475,834,859,507,507,772,367,475,477,866,453,835,948,635,623,415,458,406,626,927,740,475,595
603,607,465,517,585,721,687,609,649,1,721,597,648,725,977,613,551,359,604,593,729,312,11,532,583,95,282,292,45,896,284,89,299,305,380,721,859,496,87,936,124,744,520,512,460,289,124,412,281,632,641,607,736,153,628,331,581,585,61,620,27,536,279,724,745,712,728,283,465,381,95,661,267,756,744,896,312,380,621,616,591,29,296,561,701,679,660,185,715,380,648,127,633,649,487,93,95,284,675,281,1021,603,725,491,457,292,301,27,668,40,600,796,189,519,593,604,77,744,465,41,1,599,104,625,641,593,59,595,551,317,643,617,729,745,77,668,604,604,228,669,665,279,744,953,929,89,124,113,588,728
825,160,365,73,438,290,585,1022,825,900,201,236,297,265,956,807,396,1009,393,1016,997,805,9,290,149,393,201,226,785,521,201,1022,433,250,382,265,14,474,9,960,242,1011,265,201,960,32,201,356,335,768,249,171,1001,325,864,244,194,996,329,179,777,905,683,315,923,160,426,265,841,287,766,994,416,265,841,235,984,329,99,392,164,398,180,369,64,346,754,810,401,1004,960,268,969,929,857,268,9,937,906,201,313,1011,416,809,392,843,775,389,800,910,687,302,119,41,306,270,428,257,430,288,108,778,265,987,915,297,41,297,813,371,14,947,176,809,940,418,393,287,495,32,200,506,676,123,384,952,788,227,902,929
159,511,127,897,938,898,907,139,205,174,791,910,333,399,401,747,970,785,824,131,206,463,410,451,22,790,799,204,479,782,142,415,450,127,142,142,42,206,130,830,774,94,27,239,974,72,973,465,462,123,177,949,217,151,143,411,113,206,782,455,819,853,798,943,479,462,711,1003,924,951,141,542,471,962,930,834,53,1005,333,142,490,214,194,456,973,917,782,139,439,896,783,774,916,513,121,782,879,450,206,390,201,890,143,183,986,205,782,70,783,399,782,334,107,783,398,526,530,902,880,71,411,78,451,849,834,497,785,151,878,126,193,462,897,93,913,797,818,578,785,219,457,871,910,510,895,223,600,527,142,130
59,992,768,96,235,259,384,981,994,566,936,917,825,811,827,317,16,1021,17,892,629,751,624,251,741,995,938,234,772,994,983,357,993,227,139,989,983,198,706,961,798,963,249,240,629,786,184,906,673,637,193,704,677,611,992,987,750,866,350,806,241,107,173,713,966,942,715,136,921,517,683,226,217,756,667,677,201,867,992,1000,651,986,160,992,32,255,1019,858,827,240,870,994,761,160,827,132,435,17,283,984,875,187,165,1002,224,739,70,833,611,867,741,193,253,816,579,608,994,1011,242,224,241,170,165,761,612,744,990,204,388,1006,779,892,173,223,232,888,233,370,1010,869,301,241,127,197,92,895,995,662,372,738
666,667,364,65,1020,375,820,861,511,1007,120,1009,538,212,495,999,299,996,308,936,221,232,994,242,8,992,1000,997,781,342,112,921,888,780,377,615,217,604,548,93,334,939,260,281,252,869,346,874,1004,715,1003,368,621,890,515,492,741,797,629,311,876,1004,507,415,97,377,1008,616,793,124,841,731,365,349,985,800,753,281,479,1019,1004,932,123,312,289,943,240,601,539,940,122,966,233,240,125,598,614,457,501,731,998,376,541,81,366,59,379,511,1019,1004,825,923,221,510,254,339,364,379,925,539,379,1020,999,195,1009,476,480,348,995,120,1002,103,284,986,998,4,462,996,944,253,377,473,343,92,487,141,1017,997,308,855
504,240,389,57,141,533,17,1009,58,149,1008,953,35,257,496,999,84,252,963,464,765,502,997,437,741,848,110,33,408,154,944,288,296,1008,436,400,1008,417,893,945,624,408,341,30,248,120,97,988,280,1009,880,944,932,145,496,248,30,241,124,232,246,9,939,805,48,886,865,817,848,929,1014,754,1010,424,760,1010,53,821,756,1016,925,929,821,252,916,88,508,961,873,744,412,188,304,72,684,960,16,913,238,941,417,981,1007,946,53,867,933,54,445,176,35,790,1012,837,764,1009,756,427,629,1000,241,981,437,243,82,993,413,12,801,885,956,1020,988,814,22,838,841,438,33,213,180,624,148,242,84,208,436,772,885,501
733,208,163,640,61,77,712,67,330,557,745,208,882,205,461,197,306,758,102,459,576,891,534,339,885,437,825,658,117,8,650,295,404,340,459,887,418,621,704,845,339,490,331,618,455,69,156,348,291,333,885,73,365,592,582,656,364,858,866,67,92,13,339,713,295,885,821,862,493,301,501,99,541,787,677,881,874,955,709,45,485,299,384,25,20,325,166,1021,333,388,268,925,380,215,582,885,221,887,111,455,832,580,45,870,416,709,361,893,60,552,94,389,807,868,869,879,877,102,756,363,120,845,674,365,365,836,973,875,81,866,234,100,871,64,471,301,715,580,333,618,723,918,339,267,836,803,275,685,493,256
525,926,411,282,226,101,645,151,662,326,383,914,778,799,669,917,354,58,421,1023,693,665,529,731,125,237,265,269,1002,411,981,701,539,354,738,251,1002,268,402,66,191,287,688,538,914,930,265,749,670,338,343,837,669,962,757,978,158,285,406,762,669,61,903,338,146,227,445,665,845,437,766,330,212,405,411,66,162,190,738,541,283,287,907,941,409,670,21,321,670,421,711,771,727,67,663,567,208,409,405,59,818,727,366,222,557,87,525,778,659,727,5,654,404,1018,145,418,767,541,251,290,671,898,202,659,751,345,771,66,703,55,833,83,90,494,281,380,681,2,669,913,795,290,250,916,539,913,274,274,951,26
616,235,456,632,758,240,628,598,497,206,14,142,757,188,627,142,136,608,218,232,986,190,59,139,4,760,246,327,178,983,491,246,163,242,246,181,611,242,190,491,178,630,984,616,503,611,150,184,328,191,131,690,886,448,203,231,520,498,299,284,411,990,436,630,47,359,639,107,582,948,543,762,900,498,619,214,498,619,629,615,894,647,383,598,229,155,501,444,246,437,983,119,979,71,952,255,662,639,407,654,626,179,36,512,342,395,227,287,558,991,752,196,370,232,367,215,86,616,643,591,466,399,215,511,823,206,480,244,598,882,142,467,756,190,625,120,15,506,882,619,398,437,979,1019,243,547,624,374,626,179
293,597,616,335,223,767,282,251,977,333,326,290,95,118,349,328,774,736,323,111,539,864,755,287,352,435,746,169,374,149,1018,120,161,667,921,554,173,666,325,973,987,357,90,762,729,591,662,917,602,667,356,163,859,360,261,122,280,85,341,365,845,858,122,79,621,868,986,195,970,294,626,671,749,118,458,890,522,66,335,282,211,565,677,266,869,706,869,367,442,83,615,1008,37,218,299,612,354,626,229,291,1018,637,664,665,644,639,37,848,346,357,873,614,383,806,90,671,874,1023,882,317,859,212,821,666,293,971,379,749,347,927,617,351,194,332,597,973,218,249,373,972,249,346,874,426,91,194,326,342,294,762
583,619,561,897,818,427,885,161,418,654,787,819,917,918,357,802,471,944,850,473,482,956,955,906,227,931,827,935,299,882,875,534,175,562,306,516,911,227,945,673,930,270,674,818,575,641,175,226,299,639,902,769,672,852,718,450,162,419,946,262,482,930,947,167,292,993,497,982,497,67,686,678,907,827,803,565,249,534,530,195,497,609,921,203,194,818,953,467,302,571,459,417,420,943,923,531,198,403,944,993,178,189,278,49,435,814,177,855,827,909,530,787,418,531,463,971,289,563,673,933,10,253,445,417,482,531,161,825,570,578,241,358,405,140,673,954,419,251,327,991,231,815,531,434,819,290,1011,206,998,653
861,754,557,645,449,945,189,943,389,686,765,301,458,265,443,701,369,687,377,146,381,210,926,605,737,689,167,954,513,702,8,633,554,657,182,125,957,381,513,941,178,193,182,169,148,265,202,257,910,281,406,285,701,385,297,769,690,941,190,315,513,958,421,624,281,650,373,522,913,689,419,946,433,266,201,929,111,61,774,952,797,1000,688,957,262,666,958,413,757,413,432,318,349,363,426,433,369,190,241,264,938,399,952,4,62,437,696,685,257,315,522,661,433,152,378,497,57,283,944,658,522,696,657,229,258,954,429,674,802,669,945,574,298,454,689,401,61,481,461,62,399,301,422,412,701,342,753,137,920,408
303,377,874,301,1000,437,781,650,149,126,826,115,286,376,821,954,941,830,579,962,789,45,293,269,909,917,159,967,45,72,906,326,245,45,504,656,95,687,828,439,121,668,665,366,306,446,317,853,829,496,985,376,445,318,863,358,911,888,365,341,867,357,917,807,306,881,501,861,359,829,673,861,267,954,830,952,538,847,1001,120,358,376,682,85,114,569,266,211,789,303,376,925,957,154,992,158,842,965,931,93,350,496,545,317,819,264,318,941,122,102,1000,165,938,97,126,78,824,917,134,301,306,341,232,376,920,153,277,233,98,138,341,172,941,350,93,264,684,104,995,104,549,824,446,56,818,547,413,175,841,809
38,907,841,496,985,450,238,727,852,970,363,822,730,430,969,478,717,646,846,815,502,775,246,477,731,975,590,87,590,854,993,591,223,902,809,238,628,462,849,902,815,910,466,466,237,462,253,450,386,490,587,341,207,847,851,199,489,836,472,897,477,572,495,684,241,652,144,954,847,814,220,492,765,902,764,598,510,646,494,975,498,860,993,511,861,838,745,783,990,430,685,832,74,324,477,910,937,811,271,51,492,239,973,841,491,861,138,903,764,841,316,106,491,498,708,953,424,847,922,909,500,510,478,642,702,888,391,841,239,971,909,493,778,716,651,235,462,971,930,865,479,591,793,460,479,161,65,779,265,254
982,47,973,980,495,698,9,198,109,710,76,112,736,822,684,505,704,534,604,74,720,77,44,869,390,44,685,729,724,57,687,972,588,781,113,9,998,793,469,50,819,729,204,44,166,707,28,633,742,716,421,736,763,29,71,76,293,486,6,76,704,82,21,798,462,233,450,44,74,486,197,929,28,938,205,982,204,815,1021,195,137,156,729,220,89,21,579,138,813,43,108,201,195,93,496,271,428,22,1005,138,726,424,780,118,936,728,458,135,713,726,721,177,62,661,345,742,704,448,589,136,758,41,488,761,45,114,76,59,152,301,110,71,877,987,579,729,5,76,718,18,729,510,997,486,485,397,277,62,198,213
2,921,488,686,675,312,936,294,499,676,575,451,952,932,319,687,994,232,614,255,358,1003,619,491,316,255,995,640,947,938,676,483,959,419,619,451,941,316,382,451,938,689,545,384,942,746,442,177,568,594,917,671,643,451,278,1000,559,686,304,934,939,479,401,976,938,483,588,682,942,273,688,572,451,676,450,165,459,899,312,63,368,624,673,996,909,817,954,526,319,937,264,420,588,305,547,696,486,314,260,348,680,871,938,579,390,687,964,582,424,387,331,303,674,643,280,166,401,395,472,861,299,481,476,892,966,944,323,408,515,950,499,963,348,189,491,497,577,829,312,0,963,387,490,714,640,355,632,995,691,933
415,118,239,385,941,379,504,189,785,299,998,199,509,502,130,145,275,373,871,927,216,913,997,1023,999,1009,232,175,799,416,371,506,482,1014,231,355,1009,170,970,1007,303,359,929,352,672,174,927,495,382,887,871,263,174,161,433,997,178,258,1023,377,863,181,479,417,263,362,503,1006,565,43,487,302,502,839,156,984,1007,271,167,923,281,95,884,293,471,487,501,894,238,889,807,991,479,967,174,750,250,909,783,475,870,499,767,791,62,888,859,887,369,255,239,871,639,249,370,856,174,874,207,1007,942,867,230,234,135,352,498,103,628,970,1000,487,783,679,839,586,942,145,975,361,126,999,199,495,421,175,383,218,501,487
143,545,464,675,489,736,492,291,395,127,715,314,455,663,466,300,623,787,890,636,894,677,451,925,453,696,328,355,360,505,876,875,406,1018,367,884,958,569,459,473,715,161,547,504,505,264,907,483,696,636,923,403,614,35,464,447,490,785,913,842,441,701,932,591,618,937,288,720,450,296,363,427,64,415,351,267,724,409,488,511,360,710,327,124,490,504,550,680,495,528,491,912,328,425,483,609,217,464,665,953,500,808,294,876,445,786,509,763,984,292,715,784,778,476,906,778,232,668,764,381,712,788,486,657,511,720,872,67,684,838,842,472,1004,169,905,323,616,492,252,374,363,271,399,906,25,895,504,945,915,804
934,118,321,965,1001,569,83,862,3,847,273,594,854,1011,330,101,387,474,885,405,46,691,477,672,552,428,503,774,921,420,470,177,745,974,88,590,678,387,774,437,1016,389,332,94,694,126,853,832,774,37,803,424,834,128,997,278,865,24,169,416,723,374,672,166,342,846,853,182,14,94,278,66,890,374,282,853,266,265,78,149,870,1020,830,231,394,594,272,261,283,454,500,54,881,1013,789,858,31,197,387,667,378,857,393,833,937,278,179,862,86,894,470,472,574,406,522,342,460,1011,434,853,389,83,894,1,869,438,895,197,384,395,424,833,318,670,321,704,398,854,873,598,802,288,259,85,979,645,322,981,322,853
823,38,979,350,294,315,335,618,341,603,22,908,962,568,202,355,614,822,1016,879,454,918,85,341,606,662,734,82,285,595,646,550,947,978,604,598,465,774,201,842,198,937,849,993,571,752,605,374,857,118,534,710,436,87,662,703,574,857,697,449,966,205,857,896,237,896,741,193,821,627,954,192,512,976,198,11,961,358,18,949,798,888,909,518,1009,530,608,966,973,627,198,363,591,96,383,581,540,575,375,513,193,358,192,575,792,635,952,561,33,678,448,371,601,896,597,11,925,866,513,577,535,579,376,550,998,605,255,934,83,961,582,961,193,338,961,574,332,900,86,434,606,115,314,571,121,918,378,579,254,82
83,712,202,744,866,1017,381,448,889,874,612,968,613,1018,888,893,488,991,889,1001,794,722,749,844,877,621,623,495,413,768,829,430,888,887,717,223,109,125,418,104,1001,389,473,717,895,893,893,207,645,570,430,361,893,840,842,354,776,869,105,732,452,966,736,354,265,893,397,456,1005,813,217,457,928,805,405,906,734,859,857,589,861,647,480,56,488,513,1000,894,889,110,418,569,37,448,613,416,900,202,788,291,951,824,936,855,797,682,829,357,105,450,647,843,110,862,300,204,100,424,608,734,978,362,244,114,156,360,421,334,1002,705,589,845,672,474,455,119,430,3,1009,253,269,1002,659,964,736,143,717,740,477,61
337,627,219,417,329,338,890,617,295,397,897,834,264,546,840,391,984,393,562,889,359,562,58,296,861,322,279,462,587,539,34,289,525,784,20,291,788,370,51,818,287,946,770,546,35,509,818,566,288,889,573,57,304,571,274,801,822,514,40,942,562,566,510,578,258,53,763,32,290,633,557,439,232,361,718,459,914,349,545,329,354,337,537,278,862,270,867,345,385,312,807,50,818,50,32,438,514,61,539,354,339,938,818,782,302,350,370,290,833,226,560,378,57,289,560,331,537,810,315,562,261,206,677,253,419,57,566,562,32,54,823,818,489,825,304,277,929,566,562,253,818,569,322,125,1011,527,33,624,245,334
483,248,632,636,639,53,671,663,511,609,761,959,630,895,213,878,137,80,99,37,785,784,343,1008,553,700,315,85,891,591,839,82,140,967,633,499,871,639,895,82,871,399,140,230,838,821,215,822,763,636,927,785,827,511,776,80,639,887,757,827,95,732,223,402,13,143,495,511,828,804,856,119,1013,252,1007,374,961,635,895,191,802,820,224,301,780,495,797,965,826,467,226,887,500,761,511,63,817,443,383,29,611,127,57,226,881,783,784,891,607,846,116,373,79,511,818,226,441,892,895,782,831,157,641,121,895,813,511,785,372,847,912,642,464,821,85,952,346,855,505,845,768,658,767,843,840,633,636,215,37,82
614,901,242,379,128,349,710,923,306,550,374,835,349,541,327,525,806,124,291,231,875,91,415,304,742,547,288,4,963,821,451,355,371,534,423,619,363,561,10,387,334,6,701,416,180,194,398,832,682,134,941,605,554,875,891,251,615,471,35,512,609,225,326,554,899,475,226,878,690,562,466,928,121,235,912,798,3,928,832,906,899,337,224,163,931,210,947,3,822,259,290,80,419,291,302,358,131,291,675,507,561,163,246,315,863,672,950,294,131,900,291,3,548,748,291,898,299,323,358,678,670,452,288,270,283,558,107,118,231,291,611,899,621,301,239,68,362,547,722,289,38,901,27,291,90,562,266,869,554,298
218,214,182,497,16,381,722,163,64,147,210,350,669,248,310,674,526,164,717,868,625,129,79,982,302,947,242,211,531,707,902,679,109,817,660,769,137,331,161,885,941,203,664,149,135,121,802,212,688,724,139,251,141,66,194,194,214,150,221,796,891,285,750,33,563,659,758,630,945,1018,126,1009,450,747,147,356,545,276,787,241,661,233,827,654,661,662,278,222,690,758,977,230,787,594,756,787,158,205,505,2,65,627,210,595,610,194,1017,658,607,210,243,507,305,161,241,145,541,49,241,70,720,1019,687,142,578,214,658,201,566,66,212,203,241,366,342,726,577,593,194,733,209,901,190,203,129,962,251,640,545,658
732,935,615,944,9,727,74,39,599,606,10,461,287,767,715,942,111,559,596,703,552,784,170,80,559,596,812,714,96,529,487,803,408,61,718,243,36,7,751,827,675,79,977,10,538,965,8,839,199,719,9,95,831,524,55,8,539,616,107,71,497,9,615,446,975,547,698,39,651,543,8,935,33,255,10,172,840,43,1008,616,39,91,459,332,559,593,10,183,63,80,559,107,202,44,88,145,751,263,540,558,153,687,575,527,45,636,463,296,124,735,3,719,165,287,943,17,959,360,17,682,131,591,91,11,210,613,207,589,456,15,727,39,807,528,39,528,559,1008,172,599,586,10,339,575,622,547,556,529,10,11
165,727,854,112,277,9,159,155,134,405,432,957,171,934,372,118,348,712,462,1015,770,75,1012,102,135,1000,898,960,650,540,83,643,1008,656,664,1021,796,135,68,1014,899,124,407,975,464,574,656,816,792,179,1005,112,932,136,1011,278,934,706,188,168,124,188,111,944,23,990,111,272,169,976,23,989,907,286,37,772,16,254,131,904,979,168,959,133,157,779,389,136,653,246,916,701,669,404,964,664,391,992,982,336,3,902,399,662,1014,904,1011,997,13,135,912,1008,135,133,830,900,200,641,222,674,389,912,769,95,932,111,997,305,141,963,196,711,408,15,629,389,3,992,997,507,407,976,596,1012,608,627,909,773,399,279
588,876,479,852,329,839,833,722,545,450,479,863,464,595,275,863,415,620,359,384,425,403,904,860,487,330,452,252,452,855,355,552,787,849,848,681,159,323,675,863,647,671,329,699,135,452,633,585,326,470,1012,768,787,355,479,905,544,207,803,655,839,623,784,699,764,598,860,363,656,698,835,464,997,323,327,320,886,770,351,332,578,858,799,338,848,420,479,847,422,866,858,348,330,479,335,426,854,355,720,455,322,635,112,732,326,615,844,836,592,615,859,799,708,257,849,619,354,479,787,280,676,463,643,359,352,902,860,476,411,327,508,454,335,479,620,794,197,320,350,328,776,863,674,434,452,812,467,587,362,867
236,219,220,953,916,574,573,687,780,237,820,441,617,273,548,573,425,265,796,17,295,210,229,666,188,676,577,203,556,180,173,546,685,192,629,532,110,548,43,597,524,963,829,172,572,160,530,100,190,557,210,585,573,585,693,460,12,657,277,557,530,553,440,166,60,458,40,996,924,121,425,220,365,788,141,741,175,142,41,653,115,286,546,222,164,524,223,650,17,850,169,425,300,125,572,568,58,658,318,589,188,201,56,269,524,637,681,41,174,169,109,457,248,42,939,221,44,69,444,204,514,573,170,700,188,573,251,543,265,952,553,185,397,212,604,405,232,700,561,222,749,222,953,188,589,156,558,956,476,767
111,102,618,587,619,591,106,109,99,115,617,97,115,499,554,644,107,610,904,102,355,13,239,102,614,364,30,368,971,371,115,777,909,99,489,747,98,239,100,751,611,490,353,591,761,652,620,675,659,17,760,485,290,13,755,694,109,354,339,99,632,19,373,724,96,742,115,673,106,100,77,96,35,616,76,290,515,99,99,619,232,115,531,342,740,557,177,172,751,99,842,303,126,40,115,614,514,79,96,969,66,596,115,650,61,491,36,578,867,99,92,684,107,675,739,107,112,107,15,645,148,494,761,931,98,18,495,626,19,610,32,62,739,356,578,515,515,951,483,99,740,616,867,98,43,611,461,621,752,99
296,157,321,849,841,546,792,193,261,893,753,165,314,645,778,803,387,272,661,565,498,262,189,794,841,257,293,642,574,326,753,786,182,658,746,277,771,150,390,54,260,842,431,195,23,831,400,826,250,1,801,762,774,513,738,478,385,163,829,515,407,721,586,858,910,854,822,879,250,593,342,643,508,323,562,829,890,942,833,622,618,157,257,19,886,387,378,165,573,826,154,410,293,562,622,17,519,285,978,405,931,794,778,252,874,58,858,538,254,402,249,722,393,281,389,521,464,401,763,388,385,58,876,806,257,17,794,522,405,969,305,175,405,794,785,762,966,389,705,195,293,1,518,261,393,378,826,257,389,329
234,706,411,443,16,611,398,739,1014,202,99,732,192,677,576,98,64,247,194,199,198,732,67,732,503,883,579,478,639,95,743,394,247,282,320,761,608,736,330,366,247,129,635,720,247,631,601,868,472,764,615,743,451,499,714,231,735,567,215,211,613,483,495,187,530,147,252,169,604,355,635,487,243,198,325,531,424,28,288,103,194,307,756,726,778,119,649,24,302,33,466,730,542,706,467,202,39,354,268,755,320,244,481,247,639,606,159,726,453,138,468,510,307,687,91,743,491,743,490,159,607,751,151,583,103,225,636,628,154,194,175,246,298,1002,143,359,739,609,639,322,708,480,481,748,451,547,863,483,674,194
96,130,7,649,51,927,620,953,220,697,643,755,198,65,823,691,857,440,40,655,227,182,155,153,53,719,844,206,820,693,385,953,867,153,635,766,701,393,254,943,249,63,57,441,181,66,876,49,980,924,192,764,57,849,756,996,25,192,217,447,188,177,149,48,925,952,828,550,886,696,230,252,246,445,433,819,227,550,820,321,867,190,816,247,190,1008,1023,244,697,195,864,116,160,909,647,50,649,25,140,43,99,228,412,196,206,25,760,909,247,944,745,17,441,826,569,174,308,769,772,130,358,801,48,868,176,249,240,753,415,857,243,754,970,713,201,957,415,757,1009,676,958,409,57,627,249,253,308,896,546,324
85,468,336,210,373,481,80,486,952,493,965,949,897,154,244,912,918,964,173,181,918,101,946,473,504,92,228,917,98,372,906,432,343,925,336,309,176,149,48,258,177,941,190,981,887,912,599,836,505,259,917,917,974,110,946,905,53,479,640,929,718,212,845,240,469,372,177,482,933,946,905,273,706,981,913,244,574,151,420,24,641,561,944,913,21,967,949,309,946,917,920,727,432,918,879,336,195,920,81,354,209,918,226,159,873,368,1014,917,336,955,881,16,212,830,912,370,496,194,945,924,213,197,1008,120,381,960,112,946,956,938,23,496,977,117,216,980,465,303,613,406,690,394,820,896,102,596,113,914,905,216
258,474,588,1015,612,481,857,399,464,426,426,296,168,834,829,794,860,548,632,597,426,441,557,389,109,287,490,298,763,696,824,946,384,1007,539,113,1018,300,682,334,682,336,298,395,542,347,589,392,391,591,176,747,759,581,282,964,550,698,444,264,578,262,72,835,840,441,368,786,825,642,996,426,426,394,763,578,946,652,443,518,836,296,989,447,399,963,518,1003,952,440,547,330,936,541,858,181,299,442,833,850,262,557,570,744,432,938,788,264,530,315,555,445,811,304,631,410,747,683,474,797,777,346,418,747,542,635,431,404,304,548,611,947,442,427,426,398,606,951,173,590,258,128,550,441,797,269,573,986,1003,611
872,373,616,251,217,28,102,877,767,172,652,264,910,92,619,129,467,585,557,232,879,927,58,3,101,460,844,76,880,887,77,904,93,799,23,83,136,966,512,453,69,140,140,628,801,396,973,524,180,907,892,556,367,892,365,348,29,223,639,76,255,1019,181,548,587,52,884,140,324,216,29,524,892,109,93,235,212,901,201,908,335,167,507,552,528,556,52,135,396,47,429,543,1000,159,789,464,845,140,68,325,203,137,412,140,535,555,915,464,839,65,201,924,255,908,117,13,405,415,851,555,45,242,116,1015,5,625,93,895,340,904,44,140,629,252,840,260,97,671,1006,872,159,783,702,67,75,94,68,396,64,12
360,588,297,682,757,740,744,656,172,637,509,735,541,335,232,108,635,427,718,430,749,8,611,193,360,884,291,616,164,180,757,245,634,724,200,360,613,676,365,620,421,515,477,479,829,511,501,555,684,361,756,485,236,676,619,272,736,269,576,239,554,461,482,413,692,223,241,292,253,877,611,759,616,292,232,687,612,656,891,296,244,380,172,461,416,445,556,555,698,128,604,763,528,639,93,721,136,617,260,626,668,568,625,539,636,335,617,844,416,560,676,748,637,616,341,632,622,684,632,465,468,735,540,428,863,541,746,59,457,469,213,824,520,576,747,485,402,532,47,611,531,483,621,616,633,676,612,57,232,584
674,457,749,98,378,875,230,665,665,329,755,467,552,473,483,546,841,470,158,489,394,745,237,762,596,591,868,505,247,752,457,742,762,381,577,577,460,229,353,833,877,738,626,611,569,521,606,891,309,534,329,557,582,410,653,228,868,579,685,493,451,458,260,737,681,356,297,35,757,353,33,995,523,449,101,888,470,425,387,100,249,809,504,750,750,367,406,650,227,611,421,516,494,364,251,416,589,973,665,163,741,553,226,542,610,385,656,711,689,582,809,870,748,713,579,533,646,750,765,484,748,257,102,970,241,566,359,558,461,734,541,674,1018,18,739,458,82,298,110,226,553,801,788,101,581,679,740,472,649,1001
366,252,265,370,252,84,585,593,623,95,380,926,516,404,796,569,95,351,517,388,375,191,514,521,348,415,337,215,486,212,0,688,476,383,380,509,336,23,412,880,625,155,733,412,988,886,91,342,0,749,260,220,105,15,222,412,433,558,572,458,642,220,220,477,349,751,381,380,413,700,353,369,991,338,388,470,239,228,562,4,221,124,348,362,340,91,414,247,222,568,220,626,548,380,348,572,538,325,255,252,803,233,317,924,572,380,705,153,155,142,988,215,101,316,42,682,961,989,726,703,573,373,641,340,438,644,223,333,349,388,252,269,412,605,93,650,516,751,372,810,340,668,991,611,220,650,220,557,355,508
474,326,419,1009,102,211,974,266,778,883,117,207,1010,835,1003,932,413,677,261,477,292,119,829,482,376,739,463,556,546,971,498,866,961,706,415,770,877,1013,471,874,758,1009,585,882,874,178,815,386,369,706,629,158,437,463,79,437,847,943,783,835,450,751,882,890,834,130,826,461,219,962,255,551,881,969,555,155,845,43,517,171,411,770,843,371,857,450,839,763,962,747,984,130,855,983,464,713,554,449,754,885,594,194,857,746,381,747,337,626,971,705,194,130,869,973,114,332,855,345,370,709,214,106,585,84,673,407,842,633,117,258,685,834,618,1019,972,1005,930,482,642,979,362,835,211,975,1009,521,130,770,99,386
372,267,414,887,658,398,452,392,791,132,921,933,520,468,72,72,995,859,577,156,798,530,788,842,916,457,530,419,158,388,926,222,446,172,521,850,771,703,338,918,658,938,139,7,157,802,235,137,521,794,835,827,411,207,362,782,143,924,86,137,159,414,881,157,835,394,786,254,202,140,158,695,123,665,343,266,202,139,552,679,897,363,265,665,423,920,159,772,27,383,418,394,774,286,750,146,394,409,808,520,667,158,778,794,830,852,331,716,209,458,617,777,635,147,395,514,211,830,618,207,928,146,170,776,26,16,267,602,75,450,638,145,286,777,661,395,155,223,914,886,151,216,242,329,522,920,151,286,874,574
627,432,14,315,203,749,336,487,470,308,258,1022,324,707,454,231,948,207,1005,708,464,1012,870,962,964,371,532,212,468,347,507,532,404,975,964,323,395,508,580,902,942,1011,273,3,384,968,747,469,411,948,385,275,574,199,911,960,944,173,451,467,387,439,454,545,470,960,324,327,560,980,251,967,443,388,151,448,451,469,219,900,711,347,717,212,971,203,699,337,323,453,333,468,332,453,975,478,257,356,454,645,308,135,966,326,1007,152,461,989,1021,756,509,594,353,404,331,710,205,453,389,215,144,150,1000,960,600,261,438,8,815,597,803,231,452,283,984,470,710,998,1021,979,390,739,627,452,8,891,988,323,958,223
604,724,579,24,628,731,351,91,91,19,683,1003,942,84,704,905,716,212,594,140,348,924,665,950,603,215,7,992,714,939,27,732,654,634,275,219,351,732,99,443,500,202,364,620,267,620,153,219,20,193,579,720,266,601,347,607,635,731,89,339,716,604,856,729,185,728,273,604,718,699,730,949,902,670,24,991,595,719,371,209,875,363,491,83,433,364,723,83,768,412,590,83,607,859,723,620,716,729,236,595,716,655,735,691,367,719,943,371,73,19,899,434,687,433,19,291,627,219,952,78,363,338,1016,571,607,147,587,367,14,136,620,220,595,668,553,836,607,63,340,732,723,628,1007,947,603,115,729,885,716,682
302,309,430,445,662,697,436,23,533,261,670,271,778,801,277,454,266,934,436,482,309,278,41,894,21,742,886,310,290,229,817,660,47,775,1023,673,842,276,355,406,947,802,265,695,278,853,641,817,657,951,965,305,271,929,277,840,933,311,311,790,404,437,770,406,966,439,697,271,788,819,814,412,1010,1015,68,526,293,821,293,305,889,822,308,913,289,262,34,392,678,368,293,276,317,854,316,266,805,15,706,5,886,889,537,661,886,457,311,713,273,270,92,401,438,454,86,378,413,665,278,289,817,371,936,370,66,406,406,85,409,743,278,860,287,789,663,817,773,935,662,297,437,827,319,1012,314,791,390,790,95,417
146,465,70,222,891,470,542,982,421,17,813,162,409,153,98,337,1021,129,959,146,470,325,274,337,443,446,405,977,796,1021,63,290,923,30,81,930,878,394,919,182,827,159,913,827,153,894,346,658,223,494,271,873,146,233,546,281,153,342,316,504,791,782,780,379,861,385,858,1011,945,860,22,2,853,910,257,313,829,257,190,765,268,63,283,879,654,153,675,978,420,783,989,978,46,110,90,343,657,5,157,958,919,127,10,354,347,132,505,349,266,212,62,270,813,207,783,303,315,299,283,886,209,157,778,187,910,222,996,677,471,686,699,925,398,508,193,434,889,182,853,870,154,334,214,474,415,361,425,981,919,891
648,460,384,809,807,705,944,669,669,814,742,130,958,4,176,718,940,717,880,57,552,5,556,661,397,93,236,132,239,664,670,51,414,343,836,653,556,939,798,839,57,494,605,678,808,296,413,409,542,742,943,173,189,810,612,971,77,34,1,932,676,697,806,808,100,747,940,32,738,189,750,717,797,808,970,792,669,181,944,936,831,942,399,413,840,7,72,177,122,760,413,747,717,936,405,652,290,539,402,836,189,456,576,575,184,713,63,757,838,888,432,41,13,808,957,779,221,797,1017,447,708,640,797,133,1012,843,909,212,804,801,187,1021,445,480,299,747,882,846,569,159,684,402,669,769,779,642,919,948,492,940
570,656,464,831,834,318,765,859,405,403,767,759,263,505,450,971,599,154,731,277,651,763,667,528,778,660,480,648,404,648,656,671,312,399,758,776,860,678,596,400,916,400,599,722,622,315,906,546,535,384,313,658,448,874,756,405,819,338,360,405,0,235,904,648,139,879,212,469,540,303,687,153,456,399,832,308,539,384,256,416,118,388,800,632,1011,536,148,889,621,913,687,820,800,896,736,575,388,47,1016,927,416,637,400,384,852,739,640,924,835,829,221,711,221,770,136,386,401,400,392,534,620,400,405,489,774,797,451,603,553,776,360,223,554,564,848,631,914,59,309,447,296,256,635,916,773,912,640,735,640,351
173,750,322,581,457,661,48,458,290,456,80,204,452,154,290,109,905,988,548,420,329,329,644,321,266,34,220,870,461,738,637,968,613,295,125,197,95,21,85,557,442,977,892,700,290,241,486,458,868,613,705,165,121,630,869,125,665,608,805,37,433,509,837,693,452,550,316,481,102,186,418,328,637,962,457,360,292,1002,236,51,120,977,324,854,766,997,780,321,996,695,842,628,224,245,545,228,597,482,96,489,381,612,237,492,484,332,621,622,621,204,324,293,196,998,11,437,530,499,274,164,100,407,107,390,23,100,164,932,928,468,615,284,137,535,93,127,108,202,548,548,679,324,872,460,654,869,20,354,804,845
72,497,519,424,936,913,942,442,936,402,402,449,926,4,760,496,1002,746,680,688,306,710,689,34,360,938,824,680,947,161,321,958,526,792,590,205,944,164,517,520,82,415,901,592,90,973,432,501,754,1000,102,615,930,297,844,784,442,744,34,788,885,577,335,645,497,549,824,790,578,978,434,484,520,98,392,961,852,437,360,305,529,136,680,920,444,782,697,993,789,561,960,497,614,744,692,942,1010,332,269,560,915,516,816,824,48,0,744,231,632,340,318,572,652,209,621,1017,946,396,584,305,525,1001,572,295,158,577,356,31,353,297,429,728,176,357,609,436,921,961,424,619,569,449,360,1012,967,517,409,4,409,78
40,336,80,68,776,73,608,808,813,591,529,909,370,885,511,718,805,869,808,99,864,321,492,534,992,869,368,1001,157,600,557,797,937,252,222,876,873,860,598,352,349,904,881,104,782,885,801,106,842,885,67,915,876,776,872,249,229,740,876,358,889,357,776,569,864,496,236,841,882,833,196,104,580,876,617,468,885,870,497,502,355,107,630,268,98,45,460,110,877,144,552,542,168,489,169,549,950,869,73,344,86,542,322,584,885,146,626,630,168,953,826,796,598,101,872,680,785,101,600,864,872,354,816,821,506,812,618,472,881,102,106,577,101,625,97,771,852,804,777,355,97,814,64,377,877,817,773,872,845,149
566,985,729,581,214,502,414,1014,958,397,487,413,420,80,602,1005,510,429,126,429,413,368,415,726,282,422,629,337,462,172,172,425,422,974,710,191,424,750,726,425,765,433,705,348,953,409,180,645,310,250,287,981,700,817,710,438,566,118,438,566,657,221,448,564,285,681,701,326,701,190,417,906,294,436,425,500,705,409,329,420,764,921,440,510,440,270,886,786,493,975,190,436,735,958,447,444,182,397,580,705,310,422,113,217,390,668,433,445,281,428,118,406,429,729,757,566,414,253,533,502,598,385,548,308,173,772,979,901,766,838,425,941,650,414,650,173,926,302,158,438,443,422,159,703,550,415,433,324,422,246
239,231,998,872,207,995,969,827,468,6,934,199,117,485,483,236,114,966,905,1000,880,153,235,461,185,540,720,736,320,275,677,214,787,704,549,736,781,845,840,829,832,259,770,899,777,116,725,662,727,666,656,792,480,674,216,876,756,108,531,103,992,229,108,104,792,864,829,729,872,861,705,932,789,24,788,741,17,141,507,576,131,197,200,933,741,965,72,843,891,676,229,197,857,757,472,727,763,864,678,724,988,677,1017,79,192,121,709,678,50,893,805,328,664,382,746,483,764,682,961,744,676,721,760,661,806,336,30,660,704,213,462,165,876,677,625,286,195,101,108,904,192,612,712,320,198,995,166,104,585,100
147,977,585,386,451,786,733,948,174,945,401,881,325,454,558,421,450,810,459,742,171,303,990,990,869,409,416,782,454,494,417,414,51,433,42,41,769,497,938,615,323,934,385,995,493,914,405,314,810,165,478,775,442,556,449,546,554,310,174,482,665,433,1005,395,929,942,289,386,685,454,418,433,453,395,406,107,846,554,474,466,321,386,734,353,262,290,577,559,98,806,225,514,389,465,673,947,419,386,954,505,465,482,107,329,338,993,913,481,871,174,647,897,32,418,410,449,916,486,494,32,553,441,641,368,490,679,490,1017,914,161,81,173,530,477,49,557,641,475,889,77,705,454,452,103,51,331,1002,387,713,417
246,908,870,668,64,929,4,140,36,54,923,1004,164,136,872,800,813,931,941,424,48,135,172,48,200,160,72,928,108,842,45,893,36,497,294,302,923,91,172,0,421,997,837,812,357,876,21,139,741,35,1022,300,815,869,624,452,296,349,162,68,983,768,421,36,349,168,171,243,88,168,23,205,40,833,301,941,923,712,864,872,872,67,789,748,925,449,955,39,870,294,1005,519,483,869,938,484,430,0,247,301,992,993,366,155,933,680,169,165,914,109,726,368,248,164,128,28,261,237,299,981,128,227,104,877,877,318,697,43,493,953,933,173,165,44,68,973,349,869,945,147,732,939,950,245,592,493,45,816,256,1006
335,634,485,676,701,739,259,359,711,769,961,12,626,728,895,636,619,757,632,880,959,492,743,1008,160,704,1010,958,894,451,349,485,289,447,124,606,507,119,12,584,133,93,445,732,711,638,741,511,455,766,488,633,424,619,391,883,997,700,867,325,604,604,320,445,880,739,49,1011,217,318,1003,5,504,711,741,643,913,94,88,342,6,86,745,327,579,375,588,318,634,106,446,741,992,172,492,1021,638,319,50,231,81,690,635,342,921,342,112,801,738,883,231,618,893,845,739,452,485,265,65,997,485,1018,1010,1002,100,480,583,728,737,485,871,448,624,607,556,98,343,890,336,888,592,597,709,483,711,85,895,633,885,893
573,278,807,530,785,761,441,574,521,671,434,368,889,601,24,46,402,178,762,825,49,825,285,352,561,681,673,561,49,833,49,570,801,286,443,471,573,977,344,368,11,675,694,825,25,768,317,673,17,566,882,408,500,377,352,305,534,760,675,178,401,887,313,37,406,657,571,57,370,734,553,445,762,1002,57,331,67,733,33,561,753,561,304,10,250,816,672,379,330,313,377,810,753,836,330,825,156,442,841,806,701,182,695,560,976,440,446,331,256,800,785,57,42,761,689,125,712,25,305,701,281,58,698,49,116,560,673,777,542,573,7,25,957,304,982,716,641,10,560,153,700,124,402,57,698,318,952,889,185,713
607,36,656,813,85,189,4,377,389,397,164,169,268,708,109,622,20,414,373,899,430,569,195,580,292,420,1005,943,436,576,162,607,437,311,303,419,669,676,187,693,437,182,351,101,323,259,68,755,197,271,718,132,703,614,5,387,820,237,403,676,238,693,547,567,856,436,566,709,673,727,606,579,320,757,430,350,408,333,231,755,115,558,99,388,676,649,890,213,660,839,740,53,568,238,360,427,21,173,580,388,835,420,388,419,181,407,665,67,652,317,819,55,391,285,646,743,686,614,1021,425,164,195,655,423,169,540,677,346,640,42,430,884,172,762,644,643,183,654,643,406,260,606,997,643,152,546,804,397,365,695
249,937,292,916,28,270,721,863,730,449,990,479,26,780,28,924,892,365,772,1002,465,835,961,556,857,604,924,236,922,445,222,409,414,911,897,633,216,964,505,156,473,289,449,305,472,991,76,924,441,862,222,361,748,897,277,980,505,498,513,988,273,870,924,222,793,734,984,569,999,444,1020,207,603,590,984,761,909,602,286,249,602,565,238,738,589,303,989,948,825,364,701,500,25,681,5,908,940,796,417,270,909,937,276,351,532,281,924,962,412,205,286,1,286,991,271,415,857,652,916,233,652,729,300,940,638,921,559,332,708,380,78,750,305,942,665,450,287,730,1017,413,414,945,452,300,916,302,924,897,604,157
907,394,20,510,490,943,473,476,1020,504,510,954,585,934,442,415,469,467,571,568,552,454,460,472,740,483,504,939,971,683,907,537,510,918,387,981,463,586,59,979,846,476,830,752,329,584,860,947,507,486,892,294,398,451,678,235,233,968,920,491,842,676,754,283,378,508,980,473,722,394,20,47,331,934,281,955,378,908,894,656,430,732,707,458,763,660,434,476,467,843,1020,952,316,471,467,472,472,939,894,814,446,853,298,802,315,938,1020,555,506,38,458,316,936,932,830,843,403,975,371,602,418,496,732,664,59,760,810,671,306,315,434,1016,267,956,811,814,498,558,866,339,607,488,596,828,395,532,937,478,891,475
572,443,246,822,428,403,412,124,35,210,43,420,760,432,299,43,418,372,935,254,921,925,418,463,827,827,871,431,570,618,34,818,638,628,574,443,337,185,544,947,635,633,679,307,408,793,68,40,558,414,811,402,105,427,239,548,638,600,230,706,499,1019,435,558,171,663,516,971,361,589,683,94,936,128,510,110,419,617,939,187,376,631,254,760,121,423,122,407,116,683,419,580,188,955,556,120,392,804,230,558,680,683,585,606,811,265,606,423,520,605,606,418,578,360,426,618,562,638,580,642,250,250,510,676,811,124,255,254,282,423,552,247,523,582,46,631,704,482,790,811,601,422,967,422,121,672,676,245,434,119
829,250,182,391,186,434,534,538,157,249,509,221,673,182,242,599,178,178,566,541,474,418,182,177,346,422,770,816,685,749,689,438,316,87,357,182,696,438,693,116,61,605,591,354,990,141,822,410,482,696,689,38,725,691,156,477,669,749,642,186,710,231,386,466,337,749,828,573,178,130,364,165,161,722,418,186,518,688,459,148,594,595,226,680,59,687,673,177,829,740,991,675,226,226,570,355,566,666,182,413,576,453,642,226,186,541,429,178,229,721,447,225,773,902,751,749,696,690,229,555,278,164,618,384,126,182,182,195,186,174,673,186,546,814,461,726,614,438,269,386,658,686,730,746,693,551,190,190,764,342
967,206,76,655,243,888,31,931,120,119,8,993,776,88,71,839,123,82,79,463,683,79,909,676,1015,627,919,399,223,125,834,79,46,544,797,149,655,207,654,139,11,136,79,887,663,1015,225,548,188,87,847,840,783,206,904,994,83,962,232,219,221,111,576,87,8,1002,772,932,651,114,168,343,82,95,164,520,467,125,95,71,111,799,120,111,93,326,962,123,11,123,199,10,72,16,374,8,139,24,70,68,999,79,79,847,72,966,238,216,326,46,111,354,79,111,164,871,14,775,876,206,164,233,31,79,87,904,893,815,987,46,951,173,120,79,74,398,122,760,514,95,143,124,203,8,546,744,1002,205,844,11
692,643,438,696,245,915,756,39,927,656,183,183,180,698,246,432,659,424,947,947,74,245,311,146,179,23,439,530,755,146,243,245,915,691,398,759,735,403,277,210,244,231,527,294,439,406,499,432,281,128,254,875,912,165,659,496,244,76,503,567,244,90,341,55,673,208,434,983,50,891,913,115,763,756,78,856,182,434,53,404,659,346,242,183,822,196,167,509,708,179,603,272,756,446,250,274,215,182,168,431,80,238,835,83,662,339,151,723,411,342,727,183,392,179,431,182,55,371,643,919,991,911,399,759,922,935,175,909,294,914,294,941,660,335,567,183,273,438,414,83,431,152,246,176,217,916,15,786,438,664
966,573,518,839,566,542,166,529,998,676,109,209,565,134,333,541,517,77,992,546,159,605,523,804,29,533,528,688,513,515,341,39,590,596,919,534,120,893,964,903,37,113,198,196,593,574,402,688,573,617,725,99,585,705,71,516,516,573,71,572,564,176,1004,521,50,820,532,295,100,841,813,96,39,103,249,512,71,568,105,963,438,222,38,551,17,713,103,731,99,381,294,525,525,742,402,912,999,441,544,229,102,637,912,844,599,544,690,112,711,515,871,525,374,92,333,68,517,524,516,4,516,74,43,837,563,518,923,525,529,597,518,518,135,541,563,269,109,676,71,527,73,512,517,725,103,999,935,534,587,401
147,750,755,319,677,514,602,519,675,23,367,695,952,154,565,796,284,24,717,476,672,908,462,761,545,63,765,181,707,865,294,431,562,47,704,640,213,208,34,62,728,814,622,610,560,287,640,697,538,446,319,1011,407,796,346,709,997,954,826,510,31,313,883,286,510,286,284,355,288,298,318,68,327,24,99,455,154,279,685,29,952,87,158,54,704,896,63,675,314,471,566,37,663,32,334,832,23,652,671,847,690,672,646,486,807,694,462,827,734,276,503,315,5,547,663,26,618,310,718,467,826,699,430,291,398,766,951,704,640,479,576,983,723,765,706,995,7,951,276,444,277,721,853,718,658,319,461,106,272,884
601,644,772,769,944,939,276,416,807,301,1003,772,726,820,936,470,180,379,948,603,756,8,308,821,475,821,883,304,9,821,297,751,308,568,958,302,256,361,316,821,940,432,436,931,789,822,816,939,805,801,281,967,284,547,313,379,432,977,780,949,829,287,431,279,929,451,432,284,707,532,445,32,940,260,442,819,665,944,692,931,20,555,692,945,732,929,794,967,0,248,516,305,872,427,772,457,880,936,695,125,445,112,930,355,822,743,831,878,951,123,471,364,63,944,303,822,948,948,828,823,456,873,739,115,439,951,438,296,801,445,950,821,192,929,959,772,931,447,825,977,324,825,929,1015,447,820,949,892,831,316
1015,394,355,526,17,134,300,700,22,23,24,91,90,532,39,856,803,68,642,1008,807,12,523,992,707,35,642,672,389,68,812,366,512,448,640,111,494,646,200,463,303,810,87,931,452,78,356,411,768,534,28,775,455,743,102,664,674,807,110,54,71,112,463,551,768,420,388,136,643,699,517,935,640,88,111,640,55,18,867,407,418,498,568,958,640,667,338,546,32,515,109,791,647,707,541,324,116,804,731,384,418,644,71,20,804,648,87,710,899,1,896,516,388,907,34,137,102,807,896,64,907,20,524,388,806,896,928,266,75,56,910,504,522,398,843,739,23,175,768,515,73,810,52,260,512,267,867,80,1012,260
738,162,925,474,616,1017,103,353,707,896,1015,922,896,354,1000,98,931,1015,630,775,766,199,223,419,830,924,766,707,723,851,941,163,202,112,290,611,21,98,432,744,520,123,915,669,746,355,158,938,323,787,112,746,994,927,764,998,615,966,118,610,739,135,563,985,365,925,746,618,992,161,737,730,627,743,554,291,15,739,147,618,490,1011,160,262,362,926,484,619,128,739,742,753,746,142,1015,960,514,350,194,98,177,912,870,359,986,428,634,926,674,362,355,202,608,744,766,275,739,66,746,217,83,744,752,391,610,767,432,942,163,739,320,947,994,926,99,924,954,234,947,719,352,971,765,928,29,941,737,432,995,60
122,1013,601,201,634,528,368,368,618,1022,825,553,949,980,1018,131,27,954,18,1019,466,283,530,854,350,570,1017,207,517,818,982,874,706,58,248,914,961,594,466,794,946,884,985,149,939,1018,218,889,217,112,536,251,357,651,573,592,404,668,212,186,779,245,799,192,346,668,156,840,15,991,598,985,826,810,796,835,735,105,596,634,187,618,581,303,1010,638,731,733,573,602,584,959,602,826,766,244,477,354,576,893,60,889,474,826,313,90,194,114,265,952,795,873,381,274,290,314,296,916,747,793,604,407,387,601,581,119,905,90,549,1010,955,478,274,298,317,728,410,807,827,885,732,291,982,920,284,686,568,655,361,207
156,192,960,612,995,211,936,317,208,988,304,303,659,917,932,323,768,411,477,838,720,950,833,979,14,987,436,547,929,1008,462,328,564,780,718,705,966,277,293,801,411,963,552,320,365,709,630,605,546,477,933,262,964,983,1013,837,837,839,205,916,343,390,310,406,396,607,481,827,881,979,803,672,955,477,445,864,288,404,388,635,767,289,408,397,349,979,997,733,902,980,1009,459,241,806,955,225,868,336,484,347,289,470,900,337,406,451,971,449,733,720,980,928,396,929,852,964,33,917,449,998,257,829,965,691,644,975,736,979,720,929,414,720,834,232,527,394,979,64,340,472,289,733,937,411,395,399,1011,394,950,1013
228,489,271,886,289,899,8,689,395,998,521,351,942,897,205,922,145,38,995,102,494,684,975,165,150,881,970,47,649,712,961,661,144,465,622,32,235,201,190,782,393,41,494,656,875,904,996,457,788,789,665,503,946,782,380,242,489,492,655,121,492,586,407,630,984,830,933,230,377,21,214,494,446,455,459,528,717,635,982,649,225,476,918,25,590,502,364,609,616,206,719,158,240,241,205,680,346,457,8,361,249,253,899,238,618,972,192,906,399,667,236,154,190,584,198,241,174,571,649,542,878,678,246,806,998,1006,933,542,881,150,630,137,425,862,250,138,457,502,975,750,225,490,685,10,468,42,974,454,265,586
68,324,337,113,77,881,737,58,859,569,863,109,762,730,849,203,887,297,340,995,99,850,209,889,881,386,419,569,209,870,785,29,83,192,874,85,333,177,474,513,438,321,201,219,113,438,625,309,31,850,539,306,321,357,870,961,278,198,497,451,989,475,849,424,817,693,890,81,459,81,418,437,773,90,835,118,339,83,786,238,342,81,881,817,333,961,356,970,913,101,78,847,553,430,353,975,257,80,468,859,876,961,70,990,215,713,321,81,26,438,881,335,450,887,33,332,593,449,538,761,469,786,81,619,299,109,849,438,697,353,715,884,797,219,78,849,401,772,465,359,347,283,809,81,627,596,192,344,554,723
444,986,784,274,948,855,145,334,757,502,117,435,887,388,490,155,178,907,180,129,144,792,129,134,55,501,885,175,805,421,1015,29,577,178,431,949,821,183,794,433,1001,117,492,502,762,172,53,501,706,239,498,114,421,182,190,957,21,176,469,119,883,437,816,1022,819,184,501,980,846,215,503,338,452,421,222,501,183,172,1015,178,757,824,1015,497,982,887,897,136,112,113,70,496,405,210,904,932,470,413,101,427,778,468,904,455,115,499,154,949,118,560,176,872,917,434,156,268,1015,716,1013,982,436,750,1013,462,156,825,1015,569,695,508,439,702,304,1015,1014,508,898,192,431,949,150,156,470,107,823,370,920,445,1013,148
619,802,369,622,614,829,598,534,22,477,316,503,886,845,511,583,823,49,430,599,556,375,94,301,358,249,199,369,614,328,417,690,525,633,358,638,700,505,820,342,880,269,374,246,618,423,500,618,747,618,604,63,177,661,807,139,585,453,87,791,843,553,354,329,594,691,295,622,887,249,103,809,497,270,249,490,613,439,647,509,873,380,365,863,397,516,621,660,501,671,526,457,614,311,727,539,762,500,577,821,456,620,980,345,617,261,584,1006,487,343,639,493,618,480,401,557,520,614,818,619,607,503,439,1015,658,141,619,322,254,497,217,693,289,364,5,1015,183,311,604,511,887,22,973,118,256,382,158,829,329,103
350,557,481,9,579,138,761,522,538,557,952,11,933,469,402,538,367,606,377,572,883,593,125,479,606,556,853,605,538,533,512,54,160,731,269,136,31,653,941,731,253,547,88,765,216,536,725,575,728,112,93,30,386,621,399,213,608,549,557,13,56,77,238,191,750,542,539,461,581,397,558,103,398,358,536,13,397,287,449,765,154,31,744,973,465,535,194,725,411,685,526,558,577,526,110,104,760,789,526,695,312,853,454,346,506,21,941,514,125,558,877,533,24,701,187,526,507,533,705,73,557,435,736,405,469,509,488,355,430,27,728,301,90,155,26,445,30,984,56,768,699,771,576,321,654,733,732,539,637,288
204,84,277,913,1004,453,998,1011,218,977,951,247,196,840,852,717,976,937,503,720,186,404,109,136,839,452,245,962,841,64,161,496,853,214,221,340,629,495,856,816,660,36,36,111,221,96,340,724,772,119,116,405,375,117,564,849,104,253,23,87,964,989,977,245,921,212,764,119,89,871,984,215,739,461,22,219,774,931,119,884,212,2,841,520,983,973,109,381,232,976,96,533,855,507,461,340,148,578,460,421,23,18,466,111,965,363,260,960,704,776,564,884,788,604,276,459,465,884,467,343,927,977,774,599,941,904,116,629,983,903,903,117,836,1021,515,837,941,916,219,994,841,417,957,850,976,925,996,105,117,903
723,761,553,329,973,898,389,729,55,429,737,683,754,738,434,570,779,683,225,322,935,257,730,898,291,947,365,262,945,545,685,567,968,537,762,685,59,446,362,298,674,745,306,577,360,750,946,567,763,737,978,109,392,269,275,74,747,398,418,437,673,543,433,473,482,730,818,270,685,392,645,309,493,714,379,418,686,947,293,569,653,293,498,160,682,683,263,565,661,33,760,505,361,922,554,513,661,810,270,645,110,418,289,570,315,954,269,699,730,83,1003,506,213,225,494,268,1003,939,337,311,302,306,126,523,440,944,318,574,489,405,387,525,946,738,693,363,879,306,285,62,169,306,670,378,667,366,155,293,738,523
499,546,564,855,266,195,514,14,691,34,635,531,544,192,688,504,544,544,8,416,544,914,48,859,389,903,56,55,243,39,836,384,9,174,616,841,512,290,160,659,544,55,903,899,834,819,903,392,542,888,872,33,467,975,157,389,884,416,723,392,725,128,719,551,659,545,161,51,807,918,515,904,32,770,977,883,207,910,791,462,288,836,704,355,790,695,881,416,572,544,563,128,447,832,673,82,231,575,88,531,872,392,407,559,304,224,917,568,8,569,899,16,789,129,96,547,63,51,847,416,943,456,969,916,135,8,847,98,150,791,151,824,148,148,627,416,824,483,163,832,840,551,778,819,392,163,34,398,3,633
750,999,477,197,835,30,119,845,903,714,775,730,475,735,878,893,963,932,677,113,102,1023,839,195,98,610,433,199,731,967,761,898,222,111,989,961,963,111,913,513,30,942,39,195,244,765,555,643,102,743,986,743,55,518,515,737,117,117,898,110,66,111,961,653,98,78,641,862,909,760,284,836,718,582,113,149,963,953,835,114,707,854,2,25,27,962,194,379,121,881,899,455,643,967,122,750,56,415,228,854,337,647,739,839,702,885,107,747,130,761,899,734,962,798,118,707,98,122,1018,836,866,114,666,98,217,228,841,229,934,615,250,195,761,52,686,226,900,835,958,73,886,570,302,963,779,689,199,82,154,891
78,407,450,974,950,467,86,114,476,597,467,428,490,417,53,924,984,529,166,471,961,734,305,931,467,498,70,476,273,973,977,930,712,986,230,913,81,930,246,897,742,996,44,467,227,819,228,494,882,197,839,117,494,986,844,273,467,448,846,452,450,1006,840,466,467,725,210,971,210,64,226,194,1012,725,210,465,46,465,700,754,963,722,412,914,965,19,483,402,712,244,653,270,429,749,262,595,68,965,786,663,33,497,785,715,253,994,968,471,558,506,978,957,426,40,839,693,471,921,845,773,339,994,92,984,450,477,994,465,97,467,34,901,834,838,926,190,546,197,1000,50,740,465,993,985,714,466,218,458,606,500
365,467,857,338,334,953,877,546,321,894,943,120,187,891,602,1005,894,925,237,318,472,232,617,857,307,1020,94,280,149,318,829,258,490,147,583,569,383,542,354,601,941,370,714,846,226,802,953,1021,363,326,1022,721,377,969,586,325,346,866,989,394,482,476,877,875,674,205,585,893,337,659,612,326,599,1006,154,408,423,134,621,795,216,942,569,501,925,989,577,834,484,174,586,723,841,796,349,154,309,490,199,327,723,444,635,986,989,661,915,330,479,593,458,993,554,539,931,469,953,621,545,254,615,194,708,94,894,577,458,105,1011,362,441,599,194,153,297,285,152,914,609,327,330,922,1021,41,633,488,801,193,627,458
660,766,695,520,410,39,628,146,948,169,590,215,702,439,852,436,255,825,945,627,792,609,805,403,507,59,1017,404,609,406,651,407,244,944,468,671,948,700,656,60,6,417,699,35,517,808,402,54,804,983,215,60,148,212,650,150,702,663,752,827,956,704,185,466,951,761,56,249,658,935,551,563,50,255,743,84,638,456,953,852,55,148,425,884,659,807,485,604,244,728,1011,559,598,447,531,901,99,142,218,136,51,831,1006,151,948,415,403,180,146,899,414,240,932,459,407,387,622,187,530,846,392,1006,532,347,799,54,403,164,232,695,151,436,398,803,180,612,913,255,966,478,680,820,615,586,801,33,599,955,1018,958
853,923,331,355,859,656,835,986,307,939,978,271,927,837,472,882,658,898,684,619,713,306,835,962,842,960,891,267,372,327,556,553,296,322,108,623,283,43,654,362,300,68,686,717,842,882,174,111,912,987,429,408,963,970,833,331,682,683,340,323,404,934,212,923,110,693,801,370,714,941,307,955,651,984,456,395,580,965,666,366,365,802,43,335,525,780,834,437,139,431,269,335,725,384,835,166,875,302,760,628,986,628,843,684,322,379,267,808,847,587,128,921,331,302,978,870,363,395,648,775,431,824,299,983,553,267,692,808,73,649,552,268,271,901,76,684,364,386,904,173,279,684,780,106,980,331,1008,363,848,962
511,387,582,763,282,153,995,357,397,511,522,434,505,118,522,539,346,1010,70,835,330,678,379,909,409,338,766,677,262,498,24,522,530,120,362,749,517,927,777,751,759,642,785,592,217,633,559,598,666,592,525,338,90,357,325,605,570,534,368,319,6,344,522,429,409,522,381,533,274,394,517,85,331,569,915,691,713,665,742,570,9,387,22,577,73,155,518,310,889,330,282,423,157,485,769,281,543,342,186,514,811,429,554,543,522,89,378,569,541,517,321,538,349,570,512,282,515,329,30,345,314,511,338,6,622,902,22,209,549,765,697,85,522,863,1007,570,341,89,74,581,431,430,771,507,857,570,90,551,38,358
25,436,404,647,536,487,17,888,80,729,827,19,530,487,15,127,551,119,554,283,686,318,74,125,390,571,26,743,510,402,74,747,67,659,763,343,299,122,308,30,531,100,780,185,57,106,30,155,638,643,710,521,571,86,292,689,507,381,515,563,78,295,666,382,647,105,483,4,454,148,964,319,75,124,126,839,480,495,102,74,7,150,760,307,703,178,530,102,91,691,58,102,574,50,24,656,825,638,294,515,382,659,482,831,596,505,691,563,3,294,691,797,123,510,91,721,637,638,328,104,494,487,52,63,79,462,344,127,21,47,94,310,49,641,606,519,6,22,689,25,344,473,30,558,766,690,686,601,217,122
168,410,104,63,427,311,203,891,355,343,948,56,680,955,804,312,952,810,804,34,505,794,49,8,137,349,905,436,379,424,935,140,93,329,787,928,820,264,298,818,816,436,362,96,827,221,499,249,857,327,153,624,968,968,948,544,265,489,812,228,306,984,296,379,393,233,562,824,249,362,32,959,904,148,140,298,48,510,242,32,360,848,233,169,233,224,952,947,823,608,816,232,996,937,440,496,308,799,824,32,1019,198,182,763,818,188,7,10,336,937,439,1015,308,804,160,596,208,361,234,384,404,952,822,201,202,168,895,555,428,363,938,56,873,818,105,224,140,202,856,156,969,823,905,352,808,363,331,196,879,954
1002,935,42,842,71,862,970,98,198,351,911,131,354,307,682,979,334,751,50,118,623,515,539,115,71,1004,898,969,103,2,858,6,780,898,905,192,10,380,524,194,583,779,815,76,106,12,948,12,71,207,182,322,594,1019,972,574,103,959,625,111,583,111,563,607,207,80,303,899,974,663,977,512,905,119,319,367,975,560,111,559,566,941,623,962,222,594,343,463,65,1000,959,305,115,627,1006,633,956,235,335,306,71,832,751,715,12,123,111,666,522,930,970,970,576,906,59,944,31,2,815,114,922,618,268,185,359,367,206,551,28,999,167,331,359,31,598,647,514,371,2,173,842,255,896,1002,27,368,380,210,618,362
900,880,164,870,629,100,163,545,943,292,624,604,529,329,351,40,849,519,629,252,259,636,46,426,899,857,844,996,352,169,35,934,742,609,579,225,641,101,98,548,1011,291,713,468,99,864,32,73,101,547,229,943,96,274,524,841,867,331,188,563,36,883,239,921,548,288,865,383,230,146,85,228,320,863,841,34,556,634,865,571,911,838,865,249,875,585,880,768,68,993,70,627,486,383,933,604,545,229,380,100,688,211,395,940,869,160,851,883,192,771,969,548,291,97,627,528,127,224,513,833,559,830,801,568,920,908,869,99,882,898,995,91,924,323,259,230,928,228,665,38,613,92,71,327,622,840,544,547,800,548
828,252,215,365,309,302,821,72,187,528,198,719,88,360,288,414,540,846,351,861,80,897,290,384,347,163,660,288,493,71,791,628,1000,60,290,92,822,304,422,129,952,990,310,1022,896,101,900,540,237,354,839,314,17,983,927,176,583,920,99,312,1023,280,455,1007,237,1005,926,260,364,671,310,900,182,902,150,896,101,307,658,215,911,981,343,815,294,886,353,485,494,351,1000,365,552,118,99,247,1012,78,318,92,357,933,364,1012,784,856,870,997,293,241,382,1003,550,314,380,443,4,309,305,840,902,997,2,197,924,910,310,678,860,990,915,902,348,370,1003,755,546,640,819,292,863,47,897,290,830,1000,391,4,908,294
498,889,354,754,521,463,370,319,618,907,666,953,889,482,514,317,475,660,435,805,498,909,477,618,338,950,276,449,362,474,761,505,489,857,925,435,718,881,478,605,59,98,761,994,921,777,1010,368,442,980,914,909,994,873,698,92,893,546,285,562,1009,507,517,377,914,635,318,313,377,991,633,498,1020,689,701,691,498,946,505,521,505,130,53,1019,727,853,386,315,961,926,369,994,151,733,918,957,464,530,947,347,490,563,754,467,911,506,337,998,384,951,498,942,766,722,375,434,218,278,1016,957,863,543,705,818,700,285,433,287,253,676,222,789,986,273,690,634,862,50,512,789,466,865,753,377,470,446,473,885,905,757
1023,817,515,120,251,90,250,607,709,115,172,183,860,268,485,30,30,1015,687,510,664,575,1018,151,477,31,700,307,306,536,425,527,688,188,527,536,766,15,501,709,501,124,531,621,626,567,634,825,635,527,287,198,600,895,572,236,7,190,511,916,575,538,61,310,221,621,484,468,259,828,428,506,207,540,475,58,188,180,180,250,132,665,24,977,862,1022,498,311,454,180,1012,476,482,149,575,527,584,181,162,710,508,506,498,702,309,147,828,762,188,707,698,799,221,414,122,21,98,475,799,635,380,461,223,603,418,634,505,671,511,766,947,531,725,477,511,604,987,759,446,118,763,287,543,556,131,2,575,511,497,237
424,633,373,632,490,577,443,562,280,538,507,385,26,190,552,19,218,238,217,761,389,561,162,631,716,314,625,755,440,267,285,90,613,123,569,633,507,155,26,617,713,395,287,689,390,440,621,135,26,347,760,687,860,876,574,30,794,570,947,305,601,499,505,473,486,577,633,634,633,121,347,574,287,603,595,587,18,27,750,683,749,398,86,714,630,648,345,634,257,748,25,345,168,617,345,170,761,314,634,590,266,414,537,385,347,363,746,1,440,729,590,305,826,563,602,578,136,632,641,61,141,633,561,745,121,505,753,633,747,724,601,577,5,10,638,505,766,602,467,170,108,750,68,761,774,797,615,5,758,222
493,183,333,712,788,18,791,295,584,752,799,296,815,866,943,159,407,8,802,268,383,680,23,32,791,191,948,667,792,836,789,704,10,875,782,783,149,68,296,397,401,791,296,790,731,391,34,706,936,264,186,647,866,246,804,352,993,203,776,768,0,46,854,800,826,827,349,488,792,285,203,8,432,457,815,822,520,157,663,808,783,55,787,768,840,456,328,203,430,241,792,183,441,856,875,768,41,237,349,434,200,257,663,24,482,791,768,439,781,57,791,824,877,136,552,537,768,900,933,299,804,802,768,392,788,329,792,72,779,827,427,1003,232,783,344,791,119,8,936,395,779,246,269,489,959,482,784,676,779,33
149,979,722,282,356,689,529,193,319,617,749,541,987,404,235,54,660,149,561,173,406,698,465,745,904,965,1013,210,616,955,742,976,166,412,806,429,695,807,778,901,401,740,853,319,694,777,976,149,918,918,404,405,982,926,535,981,213,403,781,308,403,189,608,407,755,447,751,309,664,406,520,294,724,979,439,917,182,351,704,656,897,730,768,406,687,837,394,30,2,214,767,913,838,687,160,412,696,559,664,342,534,467,442,469,671,458,767,750,535,404,758,469,753,829,906,436,608,367,441,210,623,628,994,625,857,765,97,706,382,1009,276,567,375,592,971,724,109,145,981,985,498,483,407,997,469,138,1015,535,919,721
966,951,888,48,426,976,176,453,958,492,36,415,445,895,808,807,188,556,344,422,100,922,383,296,906,895,705,811,816,449,306,528,176,991,861,766,831,759,575,793,287,954,1021,919,908,929,903,712,904,279,908,831,183,247,91,712,89,383,903,415,199,305,831,767,154,783,255,168,808,137,908,443,415,173,142,521,299,285,762,384,575,838,410,395,113,136,92,826,511,893,448,414,202,374,152,177,512,810,837,829,119,287,824,937,829,823,828,267,199,152,373,824,972,159,26,855,733,730,816,158,556,348,54,892,304,823,880,521,816,508,891,814,851,50,135,572,895,1020,506,817,942,302,413,414,844,752,445,941,143,752
318,324,356,412,62,814,294,795,462,294,848,784,363,667,363,423,302,80,742,518,414,387,663,526,363,447,302,530,78,416,327,538,722,375,358,223,357,747,355,350,307,679,355,439,311,798,726,759,779,352,387,362,555,263,371,647,262,577,380,851,646,519,707,382,818,400,327,363,476,702,356,892,292,18,307,950,303,675,358,60,924,667,806,844,363,406,651,802,110,795,870,435,698,300,640,364,524,547,675,547,311,444,748,95,35,375,665,551,284,620,430,823,447,807,44,459,327,294,104,879,844,323,838,643,299,302,526,524,294,537,278,741,576,299,294,355,0,650,375,451,739,307,439,745,262,80,302,540,302,296
346,429,115,92,248,544,675,297,895,253,187,540,539,560,647,132,884,371,64,890,531,188,218,69,187,111,520,162,585,665,345,244,599,572,600,1011,540,856,595,919,926,126,50,882,932,560,87,95,498,971,187,83,116,126,514,597,853,120,827,926,122,888,601,89,537,498,898,852,851,751,891,683,82,603,254,916,832,646,525,184,702,533,667,504,898,116,602,117,128,880,60,844,356,553,884,36,773,840,602,27,181,231,280,536,171,91,167,122,82,254,702,440,955,764,699,923,839,734,799,857,623,832,115,569,603,514,252,732,894,59,251,587,633,888,125,895,444,545,409,220,793,517,73,793,604,693,668,59,315,201
357,98,101,93,388,128,352,107,789,501,722,285,320,429,712,964,72,285,245,373,475,464,64,112,65,381,336,200,153,989,480,291,70,253,994,137,995,910,112,883,8,1003,248,8,92,253,405,974,993,746,233,77,128,389,448,552,217,601,29,736,794,802,80,509,993,217,845,922,786,921,484,254,352,368,141,280,229,249,271,281,228,962,384,240,273,386,336,352,900,800,208,585,343,480,792,1022,790,96,376,253,994,32,773,542,941,591,723,224,130,1013,648,256,285,96,997,456,537,158,785,269,975,145,941,224,112,860,973,82,800,256,253,601,181,268,185,983,477,790,886,194,253,320,800,448,151,544,845,552,802,226
642,766,894,566,699,1014,57,249,627,225,566,210,566,213,707,254,69,402,233,218,907,250,245,865,33,70,173,915,105,917,910,254,694,403,250,483,234,106,170,202,272,648,58,166,877,750,606,734,404,36,233,614,615,237,266,230,470,123,252,505,5,262,575,624,1006,974,790,62,438,950,758,126,862,214,526,548,651,230,758,252,231,81,854,883,106,658,638,877,992,932,232,202,109,54,246,611,300,101,106,79,286,105,241,249,230,252,844,697,543,611,229,101,528,406,254,566,237,918,226,874,755,547,316,496,998,294,27,84,230,229,638,972,110,876,399,428,235,638,950,231,233,564,118,243,438,959,694,233,955,42
20,289,115,949,246,504,356,48,197,294,381,305,208,618,355,1017,760,408,369,341,436,934,437,314,966,933,220,327,184,933,305,504,313,275,933,304,352,916,272,369,293,309,630,833,481,133,416,371,296,881,305,348,305,1010,369,744,294,872,292,371,181,667,39,369,938,550,294,342,848,881,989,241,53,536,148,505,196,245,949,353,246,648,305,758,496,0,500,182,304,387,712,310,361,184,956,305,1019,263,376,955,968,957,481,369,369,353,220,816,292,965,272,825,369,895,356,56,232,760,501,28,369,633,816,309,305,305,821,10,533,936,829,305,561,916,889,928,934,1016,948,561,336,374,298,305,382,1008,305,789,432,33
988,831,818,360,856,279,848,222,840,999,181,900,152,1012,178,296,370,498,856,112,756,968,503,80,378,313,920,176,756,861,888,339,586,85,538,776,343,926,856,296,461,295,1008,480,861,191,80,358,533,837,395,222,144,468,123,1005,560,880,306,857,858,505,884,322,200,368,768,378,980,90,25,169,842,167,796,848,858,263,267,927,412,531,313,355,92,823,508,831,311,80,364,653,90,482,811,729,695,833,378,792,88,598,856,882,279,1000,360,68,373,341,584,887,379,459,377,860,843,967,930,996,586,298,1012,1005,350,26,1008,178,639,952,89,88,169,880,440,395,29,282,857,666,787,938,245,513,120,420,65,345,376,263
367,655,843,522,972,1006,271,556,612,979,942,847,838,841,323,975,600,398,862,438,840,846,889,926,71,847,982,843,331,1011,359,266,10,207,206,844,304,550,849,315,360,353,123,840,931,257,278,838,968,844,967,886,1015,989,395,414,342,203,196,316,311,1001,388,59,265,286,851,1004,858,1023,401,247,622,396,655,910,879,366,6,571,130,336,630,127,102,259,990,847,159,968,200,1016,715,841,102,976,252,963,863,255,348,932,255,364,647,119,918,868,891,200,772,715,1006,571,620,607,593,351,312,895,118,38,460,267,486,263,920,519,324,60,230,15,879,870,343,320,591,294,971,486,271,359,311,295,7,353,718,839,388,292
275,996,392,433,262,262,593,905,947,312,259,582,134,742,681,549,449,447,340,993,321,34,697,594,465,33,392,934,954,646,774,642,680,265,387,313,946,1017,642,785,462,453,678,641,917,54,646,934,419,385,645,996,672,259,579,902,902,637,929,684,459,656,915,513,800,763,837,403,211,257,398,649,907,450,602,437,414,898,965,941,972,678,914,369,646,905,898,386,437,269,625,364,292,274,390,902,821,670,763,292,614,379,531,357,354,638,646,612,353,257,665,451,402,593,417,389,713,382,457,585,737,546,675,403,401,322,425,674,294,806,902,273,641,945,934,838,414,390,402,1013,353,577,452,659,950,649,393,449,898,643
980,771,613,213,485,105,246,52,485,662,1,785,733,820,597,237,204,36,980,733,759,754,917,643,725,613,537,741,733,646,818,908,212,662,1014,875,756,212,70,662,89,918,533,202,596,1014,171,271,992,645,653,757,160,212,970,834,1014,85,180,941,125,195,764,373,988,476,758,189,737,209,784,1014,374,273,78,1022,533,756,197,512,608,197,34,981,526,52,984,713,189,1016,535,205,212,881,213,755,85,710,989,376,1013,737,213,357,1014,87,213,90,97,148,980,52,932,251,340,205,1013,89,671,1012,940,756,438,212,578,764,733,756,150,979,213,974,82,67,742,202,662,757,982,741,672,114,531,1012,1021,923,724,209,829,758
583,948,644,536,470,604,574,702,131,438,910,783,235,900,580,90,859,606,978,212,980,597,579,468,474,532,519,211,546,625,126,604,362,372,517,676,212,194,874,532,472,709,932,406,16,234,219,856,535,6,532,856,722,315,647,516,981,519,528,732,938,710,469,213,149,302,68,545,436,356,955,710,148,529,515,515,657,472,740,712,982,515,596,700,873,663,810,974,980,212,444,101,279,654,617,404,532,540,383,747,582,410,512,147,606,663,413,372,214,103,190,539,436,540,552,722,910,460,561,873,213,188,935,599,562,620,468,760,469,911,278,913,622,215,696,108,612,603,882,904,142,677,594,627,955,786,916,469,692,681
24,492,478,421,789,495,417,506,239,211,1018,879,431,108,411,652,615,537,736,325,413,221,570,385,271,133,657,687,684,961,996,549,428,236,105,495,783,385,943,431,129,417,444,684,925,428,672,496,729,447,90,108,871,895,385,197,447,269,416,707,226,723,958,1009,410,925,498,614,412,83,240,708,876,394,240,152,411,111,541,45,965,512,927,720,736,421,424,504,812,44,968,415,709,282,56,787,411,500,624,1017,404,431,909,217,532,501,415,911,40,893,32,961,428,416,879,92,271,229,444,25,570,393,876,313,318,380,141,408,863,757,889,428,509,408,925,109,279,879,749,108,716,828,221,417,497,201,997,461,218,940
137,502,129,558,14,592,77,622,732,654,305,14,576,300,541,142,536,539,286,910,463,325,597,293,588,12,354,189,175,219,539,47,195,155,171,297,607,735,11,447,157,996,934,644,374,174,26,223,606,726,14,159,628,526,733,223,51,910,771,415,14,141,143,301,178,494,751,158,307,630,525,870,153,881,14,731,505,558,273,619,671,14,653,540,607,6,1,927,0,206,391,737,45,755,588,617,910,46,654,397,864,191,256,684,3,30,12,988,185,494,936,731,521,542,1021,12,950,14,13,996,606,758,0,589,15,733,558,846,321,11,1021,747,171,607,5,550,210,346,132,905,5,14,508,630,526,618,558,891,15,980
245,821,519,119,635,461,715,711,781,124,423,109,862,437,1005,443,841,780,787,884,955,444,139,388,732,716,555,396,553,774,325,308,400,247,887,508,621,376,443,733,437,525,768,621,332,487,901,900,872,465,779,398,875,433,296,365,43,120,561,879,429,717,616,309,417,877,800,999,415,872,30,491,1007,11,439,479,390,384,478,619,443,895,332,780,14,1021,712,328,357,865,431,459,791,488,780,363,884,520,440,517,478,549,359,609,508,518,332,419,415,966,716,776,68,507,393,8,528,460,872,416,561,488,729,456,884,486,879,967,395,456,844,648,588,524,799,867,16,97,485,55,1005,876,620,479,872,718,844,844,864,383
186,854,24,209,958,109,733,522,501,30,254,935,981,665,112,952,849,161,153,700,617,29,906,105,33,938,186,157,762,56,445,120,681,179,608,97,186,56,146,873,573,700,696,32,945,131,720,834,766,832,152,860,170,664,461,25,190,950,948,947,861,668,958,869,736,939,129,82,148,683,1022,189,220,96,994,150,873,681,893,624,663,752,155,193,189,443,830,121,180,156,829,182,774,720,952,189,189,923,134,941,112,236,74,793,659,155,180,651,668,880,190,153,190,1007,157,670,1022,33,677,154,849,38,924,145,945,928,22,106,640,28,833,648,696,307,614,829,155,177,150,190,102,664,670,896,665,41,202,56,804,152
471,646,658,54,775,8,562,723,718,5,685,437,169,533,305,559,790,566,183,34,55,562,174,531,531,208,146,315,551,431,846,178,482,213,841,305,562,690,306,311,566,278,934,85,561,565,378,546,41,503,929,255,279,479,886,183,551,790,62,274,546,561,305,345,282,638,199,881,469,311,310,249,818,183,55,1010,434,163,309,725,429,311,934,214,322,674,558,834,756,881,948,282,38,558,610,55,674,881,318,822,562,514,607,278,49,38,198,881,46,310,55,792,469,538,309,530,118,308,262,437,50,534,575,271,616,106,305,570,271,535,370,439,566,563,639,178,947,538,605,42,725,318,574,373,641,481,313,55,822,869
602,589,496,385,246,447,433,703,935,647,423,450,314,375,641,368,240,43,387,607,322,498,835,205,495,666,198,503,656,487,490,434,362,631,59,317,999,446,642,467,699,39,751,438,498,937,681,225,626,194,834,693,50,681,916,766,208,946,395,390,55,493,294,615,504,398,219,625,678,65,375,63,622,239,241,701,410,444,693,374,863,385,499,194,959,58,343,1023,701,458,502,950,362,511,498,319,511,183,450,231,434,231,678,703,644,621,498,63,641,399,763,198,607,204,254,497,482,237,637,739,122,747,462,450,684,748,506,666,231,375,582,455,562,944,238,542,497,314,321,154,498,738,933,679,254,582,295,375,426,434
71,719,640,961,835,698,689,691,743,16,701,805,387,707,971,712,23,553,121,191,18,112,880,755,380,144,768,424,51,401,24,935,62,88,128,169,368,666,16,547,754,672,676,592,863,695,32,689,681,594,675,696,808,675,190,262,698,685,703,196,915,703,1011,673,735,808,680,477,784,845,168,211,151,155,570,648,673,703,680,697,736,627,696,528,727,575,338,55,696,696,186,887,855,888,18,395,771,880,696,75,199,675,816,943,679,132,424,651,707,720,703,648,889,861,398,896,228,136,819,228,289,673,691,804,121,63,62,171,65,754,786,803,837,56,681,823,677,688,675,676,103,20,465,289,451,642,921,562,696,424
991,64,644,138,811,929,818,0,385,929,87,86,907,852,144,234,155,218,52,411,468,449,192,163,822,177,825,81,23,340,918,49,918,479,882,132,889,124,978,513,160,923,987,599,57,797,903,811,950,27,51,125,1012,1010,155,224,219,891,747,670,917,128,388,978,945,10,809,224,25,403,149,215,852,87,978,937,978,720,283,144,391,571,266,427,787,387,87,77,969,1020,783,865,784,784,219,466,259,918,71,995,403,530,795,268,434,827,107,946,154,430,917,996,3,130,84,894,658,785,163,230,897,978,500,513,810,64,82,883,595,170,947,443,475,108,626,51,691,562,146,52,842,268,212,235,257,912,793,99,810,388
66,969,847,150,443,763,561,962,833,802,384,829,987,827,899,435,141,442,962,1010,859,130,479,81,971,386,317,915,962,827,706,451,654,416,651,961,672,701,1000,275,501,658,1015,66,801,450,254,34,431,854,898,398,423,839,801,851,787,833,427,486,404,675,969,986,401,202,986,87,961,970,882,127,210,979,445,990,658,117,855,830,833,130,501,482,453,931,828,129,397,182,177,854,563,444,119,354,1003,827,843,323,818,754,847,642,119,187,838,289,34,114,86,459,309,853,409,587,969,466,419,511,962,465,987,490,86,87,665,142,491,406,1010,801,458,961,251,135,961,899,470,878,191,1010,254,962,485,802,169,830,241,783
928,771,389,237,952,67,784,917,240,102,164,120,532,147,340,231,176,309,241,927,375,897,429,867,966,101,70,113,671,813,176,896,964,896,565,925,943,965,991,4,676,336,909,1015,1009,808,898,228,343,629,249,800,917,896,371,47,56,369,493,899,291,339,810,1013,189,1003,305,192,1011,75,960,901,640,819,5,349,102,359,49,339,365,64,303,418,259,896,101,208,645,417,103,290,848,325,320,786,93,399,5,304,349,870,409,15,367,774,997,1008,901,805,863,786,260,55,915,92,960,307,813,621,676,53,557,899,1008,400,784,928,645,896,992,669,48,72,416,63,797,336,303,275,249,925,941,814,500,219,194,1008,103,825
803,784,811,793,31,936,458,325,329,729,379,834,583,11,461,1011,465,8,838,769,605,765,572,329,600,963,605,287,94,3,843,490,395,805,396,890,645,435,602,148,542,339,388,438,842,402,909,380,980,713,530,409,37,455,194,453,40,509,322,265,390,409,200,473,331,983,106,450,953,454,531,322,843,542,58,234,568,291,262,987,389,435,126,381,262,843,739,454,442,422,259,422,707,571,531,803,507,337,707,861,746,862,717,989,286,729,744,77,91,410,494,975,389,478,253,847,366,776,541,414,322,798,778,874,709,898,586,905,804,104,457,21,517,482,730,806,522,792,451,233,474,485,794,395,828,974,861,815,409,442
337,542,941,868,609,425,758,654,110,546,399,609,513,104,105,145,637,105,722,673,554,980,513,65,73,510,366,865,233,330,905,460,652,654,655,929,55,105,379,334,559,593,573,113,93,800,744,113,120,833,904,380,856,881,120,41,396,842,375,477,114,665,570,986,105,103,762,577,350,34,137,946,545,456,545,322,348,642,784,79,156,590,865,753,481,508,682,831,69,938,745,575,564,528,600,875,107,108,613,124,113,350,109,105,524,73,731,125,122,497,717,766,122,105,42,1,10,334,81,692,670,113,846,44,549,97,513,372,752,120,483,476,449,494,525,344,658,114,114,121,525,945,25,115,90,357,490,672,95,310
621,293,119,237,537,214,576,562,54,694,570,687,4,838,45,179,864,993,432,266,1,419,419,640,903,196,195,22,57,679,61,669,702,615,588,534,258,881,2,901,900,270,53,685,930,325,62,188,533,62,698,751,954,830,441,228,422,957,580,203,544,78,379,444,179,190,42,261,186,442,461,59,676,538,611,548,606,21,202,585,931,565,698,53,133,612,601,260,904,57,925,441,299,2,565,636,249,241,675,82,955,170,622,264,474,544,638,260,154,314,894,163,299,450,576,62,22,20,361,580,688,516,534,597,241,261,176,178,318,190,931,499,134,186,638,190,548,444,444,25,302,548,638,634,6,689,739,624,57,606
68,387,120,9,645,981,452,784,278,586,383,932,714,324,981,469,709,501,866,394,860,107,175,848,55,990,478,426,289,453,25,995,997,529,464,284,757,328,845,585,373,469,832,736,804,233,258,388,608,848,380,357,393,375,466,501,68,724,671,370,457,970,465,328,454,677,757,965,438,764,628,764,592,489,68,448,424,763,405,453,710,965,982,905,410,214,965,961,709,261,471,120,321,845,476,844,967,370,410,838,840,42,744,361,492,288,348,964,346,492,168,343,732,592,977,345,965,410,479,990,758,455,880,69,489,538,8,450,962,682,355,377,805,692,602,296,784,852,778,450,76,453,848,192,549,405,76,466,632,837
108,766,173,971,162,452,395,174,80,167,616,1016,796,181,935,1018,764,467,799,996,971,1001,739,718,964,878,364,1001,783,667,703,779,134,97,204,173,428,739,30,186,1007,1009,743,968,638,1001,905,774,270,542,654,11,239,217,891,747,844,892,660,894,255,660,971,207,519,526,994,758,725,936,970,926,999,1006,968,201,1019,1014,889,946,254,982,1001,988,978,995,367,895,169,521,72,480,96,54,684,943,510,523,905,30,618,1007,472,830,646,60,452,993,969,178,787,506,992,940,455,926,508,919,216,494,174,331,9,700,943,935,83,975,890,196,979,1022,173,105,754,908,969,978,436,892,208,250,978,370,799,706,927,966,1003,467
746,61,984,797,856,650,728,678,665,497,578,989,832,605,665,859,171,855,791,493,867,829,91,860,468,470,277,733,744,705,71,861,720,84,315,147,182,731,213,469,156,241,977,213,851,767,21,854,980,990,300,379,660,732,205,367,740,739,891,596,789,117,763,212,165,519,767,182,767,834,83,789,632,472,32,870,732,255,860,514,12,981,214,533,759,596,848,476,85,23,763,84,752,765,536,223,789,852,536,623,19,598,635,748,447,571,156,13,501,349,147,468,437,19,412,436,49,83,786,7,277,405,680,576,68,860,748,853,468,720,496,601,21,862,92,740,628,700,861,92,278,277,159,80,84,760,26,370,165,665
8,550,642,829,326,549,516,980,28,524,365,25,833,189,677,432,656,772,103,530,49,272,261,895,295,343,949,899,689,676,261,8,402,0,153,772,4,821,36,607,689,641,35,433,353,807,720,34,588,520,724,325,945,935,592,930,810,184,320,516,881,512,130,101,532,749,580,530,512,29,704,309,50,146,769,210,696,311,607,162,728,624,49,5,397,4,518,5,789,16,354,256,52,569,373,404,898,210,101,197,832,145,673,37,280,15,357,33,293,52,3,20,32,978,20,77,18,161,184,992,186,200,177,380,874,948,8,253,38,704,803,101,941,882,588,359,851,244,962,48,362,32,519,772,38,309,404,0,388,277
741,979,19,240,340,944,722,1017,851,453,123,362,193,851,989,67,663,306,543,1014,349,894,142,1011,550,379,858,627,901,19,182,961,566,498,707,747,193,703,370,833,863,866,442,947,728,57,353,115,50,465,865,369,71,558,707,369,872,346,370,296,274,69,267,485,286,217,490,326,641,465,193,61,465,315,71,18,349,309,851,706,223,465,812,346,965,987,194,566,37,979,334,382,338,490,71,282,308,998,537,360,941,177,643,586,531,2,317,274,707,325,286,318,207,691,185,2,321,881,255,850,961,549,570,315,1002,97,539,863,790,963,983,630,944,381,319,946,51,609,17,306,82,901,347,566,498,70,710,947,291,939
893,957,957,306,408,858,933,317,301,428,893,924,925,253,404,574,781,810,844,702,165,266,516,704,52,317,885,556,220,500,277,364,573,396,952,644,285,924,669,509,969,573,268,573,305,360,186,133,485,541,476,856,785,946,844,413,669,1017,829,645,824,828,334,316,601,552,708,509,835,366,304,925,573,682,670,957,381,570,298,841,937,29,616,194,856,772,1010,425,952,545,573,1021,450,523,518,757,860,693,80,780,924,532,285,256,637,830,833,925,693,312,801,260,417,969,541,317,713,933,476,201,552,760,497,546,258,700,573,285,421,298,957,386,296,986,353,776,286,784,312,541,507,882,541,417,808,925,479,842,147,640
186,481,450,262,978,18,497,914,276,91,447,857,775,264,583,388,3,955,961,418,261,666,565,761,135,607,467,270,565,365,731,771,914,435,913,661,950,371,307,75,866,86,567,648,274,828,66,543,290,606,626,371,915,482,269,438,914,402,406,403,831,515,511,469,517,582,179,759,531,369,114,469,530,278,575,823,531,531,401,561,391,387,403,759,130,676,342,482,177,259,544,771,565,702,771,454,453,966,303,606,365,278,545,646,662,20,770,403,166,535,930,770,705,962,543,838,914,898,725,349,1015,4,66,274,518,619,433,702,265,879,403,433,978,991,514,662,390,582,621,793,675,902,346,146,147,950,567,373,454,770
904,41,270,780,783,285,891,779,718,385,184,80,471,583,191,375,251,340,308,72,911,247,814,143,207,240,466,887,138,59,10,414,1006,111,556,478,303,155,288,204,311,322,318,783,157,972,483,827,325,323,904,783,556,34,172,1015,811,303,7,374,783,775,7,775,775,620,819,87,55,894,904,265,794,155,779,667,151,282,71,271,875,815,558,815,847,814,775,139,940,358,779,814,346,372,254,302,775,7,296,281,168,768,153,510,140,141,440,302,40,412,251,812,327,135,135,948,770,294,266,514,280,888,0,347,796,129,300,503,875,430,744,128,779,76,800,794,970,397,907,332,110,704,310,238,67,452,880,11,83,68
223,744,979,71,42,730,727,341,216,321,38,830,516,474,947,346,220,606,902,219,920,804,488,135,199,486,469,19,340,31,122,775,464,14,432,771,791,1000,912,467,684,1010,807,965,999,803,247,464,775,791,464,54,787,852,926,322,118,670,912,278,1011,976,324,304,78,979,29,983,327,938,981,70,783,23,232,799,67,535,324,48,680,528,914,670,592,278,631,131,59,541,98,39,971,796,26,30,995,451,24,279,4,247,199,151,24,791,86,332,787,791,839,978,243,796,232,48,528,210,571,476,210,186,924,370,854,62,979,787,947,807,133,627,140,987,32,41,451,1000,391,467,359,23,791,826,247,487,131,776,51,478
544,74,198,369,162,130,162,134,350,706,965,150,646,21,199,268,782,391,230,868,739,514,146,933,23,140,150,321,933,273,306,486,866,673,355,34,358,242,962,182,134,128,918,242,791,778,801,526,186,484,301,522,213,706,611,227,423,940,86,103,265,213,673,673,976,251,131,703,34,654,740,38,181,762,246,134,146,1017,161,289,995,130,833,801,57,994,257,229,790,988,150,150,97,674,962,897,299,66,758,761,1011,110,761,705,498,1009,577,1017,376,462,689,230,173,258,962,997,977,706,18,758,359,18,342,966,166,959,536,754,662,931,242,146,128,195,25,1018,825,291,354,101,485,854,150,864,185,931,327,127,953,86
392,519,563,396,555,283,689,899,181,627,571,169,663,507,8,394,328,280,529,1003,563,573,719,500,572,517,568,527,233,697,555,556,562,400,539,909,173,203,312,216,477,925,491,740,487,591,296,436,637,513,912,542,568,512,836,235,568,552,574,929,474,548,656,970,631,279,885,681,519,660,231,783,660,573,528,548,854,560,130,424,472,996,580,230,102,531,519,572,485,668,1005,235,279,687,280,700,214,663,100,557,511,573,535,654,131,700,896,292,216,521,860,633,679,653,307,405,727,297,154,135,162,540,552,283,535,167,559,624,667,304,599,984,407,996,412,921,556,783,468,400,228,663,625,679,792,38,525,471,661,425
217,841,669,947,128,713,295,190,336,962,104,129,905,161,338,840,165,404,891,164,691,14,185,89,34,185,129,188,379,337,848,190,857,210,737,88,623,137,697,135,585,957,342,452,964,941,553,345,345,523,666,195,999,295,215,201,969,548,914,322,329,583,202,187,985,124,185,850,737,325,457,951,205,286,324,190,185,244,183,937,905,968,451,217,818,537,329,993,804,318,576,137,856,585,534,203,579,1010,120,189,899,831,276,905,18,217,576,713,538,329,164,187,1006,896,697,257,729,196,85,199,211,970,565,227,1017,612,228,801,5,347,591,273,161,331,257,139,138,48,576,448,281,889,896,146,580,236,312,1010,208,515
207,261,581,330,579,577,524,565,330,778,262,330,463,94,196,714,685,587,195,141,457,458,450,616,458,450,448,517,429,724,129,493,21,160,906,322,366,513,513,605,320,650,621,217,471,547,513,614,202,334,14,533,365,581,332,329,365,524,609,394,210,552,69,201,401,732,458,514,379,620,551,82,328,877,207,266,449,593,552,457,207,74,97,14,545,644,213,353,600,413,200,575,609,872,11,130,615,623,458,90,213,580,456,365,521,842,219,837,433,615,257,72,615,79,551,129,90,330,485,577,89,592,614,369,358,81,545,336,457,186,274,463,54,566,693,781,569,999,585,617,335,518,551,570,525,714,419,594,13,505
103,376,158,627,233,418,755,232,307,1000,131,870,255,1005,999,288,247,241,979,992,869,771,146,986,880,624,227,830,886,624,883,863,868,870,430,515,203,630,690,40,624,835,69,102,231,485,174,375,245,816,819,126,163,494,512,147,422,885,963,166,855,426,627,182,231,1011,68,235,214,235,883,43,236,995,358,399,1012,64,35,323,131,238,195,270,675,1011,243,243,870,247,241,234,1022,682,875,119,682,461,1011,198,775,887,151,245,862,995,106,663,787,680,979,103,995,496,654,181,426,954,769,38,895,964,982,197,1021,535,612,271,35,632,771,575,947,691,354,121,336,757,240,231,627,887,175,304,270,119,787,867,371,760
430,521,957,348,956,683,405,306,428,690,956,188,352,257,956,981,314,549,906,666,985,413,677,943,504,600,589,362,932,937,360,997,596,425,798,265,944,346,505,677,277,16,270,824,824,197,981,969,1001,796,645,949,609,957,656,361,480,552,693,981,824,426,86,936,426,362,952,784,44,920,1020,185,700,346,918,650,673,730,534,405,979,317,684,45,33,609,921,589,306,361,554,970,474,873,560,734,618,264,617,732,734,940,549,941,681,870,981,780,661,650,400,262,646,505,312,869,421,609,990,415,858,990,316,929,26,348,681,950,956,997,954,440,729,870,234,824,726,731,360,646,678,646,434,862,724,954,936,944,987,769
302,235,422,390,396,869,36,51,416,743,558,176,483,395,446,555,651,203,171,395,216,821,744,179,673,523,691,433,141,992,123,555,411,371,499,675,444,450,171,691,971,416,459,396,411,971,371,699,723,51,523,99,973,395,553,166,647,171,647,947,99,427,762,987,441,944,443,46,683,618,440,496,606,966,814,390,822,483,646,907,675,401,776,848,1023,511,546,752,387,496,844,403,275,395,997,224,98,427,659,540,123,395,711,939,11,166,164,404,419,755,459,690,83,442,443,551,290,187,949,211,824,859,736,496,912,688,618,643,497,524,679,5,433,551,699,286,171,763,235,682,121,435,387,112,739,611,38,411,397,568
130,176,908,332,469,959,395,588,986,715,735,236,404,809,559,575,419,639,908,744,396,396,364,571,497,276,261,261,940,460,268,263,527,523,140,459,987,559,329,988,460,584,972,334,334,524,995,332,222,973,1015,284,617,283,714,1011,392,424,379,164,264,323,716,933,915,297,375,460,940,492,762,395,427,300,376,515,752,971,551,407,716,297,553,419,308,759,988,740,268,745,973,111,228,997,537,610,612,459,190,612,456,740,718,995,235,487,973,359,35,320,460,712,716,739,715,428,500,580,471,715,524,529,963,332,171,401,393,271,724,1003,28,308,456,407,976,844,875,953,551,753,296,865,721,140,492,1001,68,971,520,951
516,544,828,639,325,222,107,692,480,606,584,588,606,755,569,4,590,886,538,124,635,283,156,254,575,344,178,601,96,634,412,603,408,527,586,478,638,191,638,572,566,462,734,150,734,137,538,607,765,155,252,735,635,812,756,844,182,809,263,130,572,603,579,623,584,836,263,772,633,523,754,607,912,238,564,956,519,756,707,4,202,412,606,622,607,426,396,31,300,254,540,930,60,160,271,608,319,479,911,981,707,612,511,203,590,727,5,606,80,43,895,94,526,127,106,344,1010,28,767,744,782,182,188,560,460,605,828,462,154,658,994,196,671,730,254,606,735,464,735,159,95,218,603,511,326,50,296,272,603,814
510,504,157,328,440,215,404,1003,188,187,949,157,436,60,149,437,290,949,889,116,942,446,1009,308,814,308,121,206,85,158,429,528,756,152,686,905,446,186,290,52,444,34,964,190,943,962,91,922,281,28,785,758,78,365,956,409,174,1021,444,436,922,318,270,162,842,421,881,949,17,892,322,891,268,1021,504,1010,437,948,1012,820,925,431,173,152,268,826,697,991,394,756,363,180,957,928,158,925,963,46,948,434,765,89,974,541,178,733,822,92,814,28,180,641,46,969,1015,1020,444,191,173,132,902,701,245,977,188,436,414,839,907,436,957,126,438,436,95,93,436,947,828,964,182,47,810,818,942,902,187,924,189,1013
746,717,154,859,91,72,710,320,762,243,990,187,707,747,715,602,155,174,1019,722,586,518,731,625,216,121,568,225,723,274,122,755,335,623,730,1011,556,658,442,251,94,722,819,346,332,792,718,590,854,747,210,426,147,922,211,714,590,720,349,867,212,685,705,586,761,739,921,211,218,467,234,531,428,716,248,155,907,996,706,568,733,680,722,712,787,78,719,218,714,727,548,1010,586,121,282,29,717,154,765,810,35,131,94,443,588,174,440,323,209,185,554,719,704,584,723,366,1000,745,131,812,563,735,208,247,724,726,716,995,554,719,479,715,726,364,914,410,559,99,570,714,355,668,251,996,218,621,810,242,711,243
518,606,834,598,141,2,292,329,527,546,263,897,227,70,295,527,522,411,691,78,517,436,103,517,785,271,645,335,562,334,1014,85,487,584,132,965,947,519,513,727,36,1017,197,534,965,69,554,579,990,965,709,131,605,529,241,854,70,527,513,232,582,334,6,93,199,518,639,601,326,900,868,566,574,601,470,519,546,94,979,598,78,403,598,581,570,530,197,525,522,38,524,514,135,401,870,140,197,549,501,665,515,517,45,965,876,594,933,129,530,389,517,863,962,406,73,518,127,717,387,566,889,12,529,334,823,555,742,517,530,506,135,710,131,783,519,326,520,487,376,962,691,133,6,531,198,483,562,813,287,524
485,283,578,740,610,692,971,694,291,811,624,279,729,846,799,655,699,735,766,626,687,496,11,902,859,773,616,847,634,747,613,730,616,491,245,67,236,795,647,10,795,587,184,846,619,344,71,127,786,74,595,66,687,666,831,974,484,68,847,763,607,299,34,251,330,267,754,106,786,622,482,51,743,222,43,179,780,538,746,623,962,443,24,655,778,11,663,682,443,347,842,834,762,79,564,171,589,91,296,21,616,800,856,283,891,600,827,779,397,550,11,347,559,123,699,46,98,682,667,682,92,123,231,38,786,27,715,846,587,738,291,667,792,555,699,283,622,586,98,619,816,210,980,1003,597,491,590,243,610,34
215,102,34,20,815,850,102,87,484,294,437,111,757,391,102,833,839,75,142,756,15,108,899,983,44,122,102,599,15,594,111,391,55,854,401,33,17,751,37,109,100,271,63,357,358,906,322,290,629,522,98,481,737,742,829,774,650,399,106,757,103,110,842,919,767,82,90,59,63,33,874,114,104,102,191,108,119,81,95,508,325,879,874,186,999,737,7,666,582,93,486,756,81,551,102,490,145,31,47,61,288,929,578,778,288,447,668,623,859,614,317,439,730,479,554,594,992,354,53,111,865,216,87,738,471,186,237,103,533,615,71,119,931,918,764,674,994,695,232,18,655,79,38,628,98,750,431,815,42,867
281,537,606,141,494,664,46,606,1009,465,503,590,345,990,270,754,315,289,193,74,961,329,153,578,590,942,862,577,505,422,51,226,448,991,577,858,390,734,394,330,310,710,477,345,126,727,985,590,206,393,502,347,273,1005,366,505,78,218,121,569,622,590,491,721,13,590,602,609,413,517,909,526,477,990,182,193,734,606,881,340,577,730,493,573,642,310,582,884,337,753,761,505,721,601,710,277,254,314,332,589,566,342,850,335,590,975,94,577,334,19,345,833,334,914,605,113,305,1004,311,465,393,726,1018,669,729,835,297,494,923,750,990,1015,193,142,1021,604,583,193,347,398,845,507,584,313,345,577,611,590,286,329
72,625,290,875,624,853,227,0,401,824,249,115,835,335,225,419,84,303,129,352,13,1011,845,99,994,46,67,96,920,125,836,96,846,338,296,158,381,993,400,318,58,762,227,231,96,915,352,224,850,579,493,584,851,96,35,851,977,352,745,880,803,302,69,867,97,1011,96,316,256,456,21,270,38,48,227,368,627,224,840,112,1020,946,1000,160,992,18,56,112,96,511,0,341,992,640,840,584,128,111,206,918,439,97,264,579,883,307,999,755,253,1013,576,304,196,116,850,264,887,161,384,766,992,19,881,836,36,160,225,445,335,96,1011,992,96,96,227,977,233,160,381,915,149,224,994,440,845,377,973,448,392,885
701,426,780,80,978,177,504,70,240,34,190,416,773,165,65,887,883,883,129,233,417,810,1008,956,672,452,416,933,49,149,525,112,485,768,485,113,84,137,889,818,445,506,672,753,441,170,506,237,437,380,243,433,991,85,1016,525,546,241,38,355,504,543,425,873,123,422,893,232,123,213,421,97,507,417,438,904,748,485,992,1000,51,1017,504,760,489,170,625,755,880,41,112,888,880,377,433,889,437,428,818,379,968,792,652,494,243,985,884,943,504,752,222,624,881,432,97,872,497,33,545,498,929,422,1018,190,312,57,424,73,393,496,0,189,177,419,480,881,952,497,399,449,768,965,207,426,980,116,721,1008,1017,186
8,705,914,528,936,769,161,902,835,512,16,705,73,833,0,465,710,48,818,138,705,880,705,976,9,0,515,705,496,744,517,957,534,825,56,768,92,9,3,533,169,707,912,901,585,528,949,14,528,565,65,129,531,192,161,70,841,915,236,944,904,88,649,717,9,12,222,832,846,691,835,584,288,865,961,11,943,73,721,176,892,437,944,819,912,528,833,413,176,772,933,97,168,133,8,77,1014,711,926,656,649,481,129,36,643,723,821,916,57,572,596,712,512,893,547,229,986,354,528,9,920,776,464,718,697,88,53,57,9,242,147,14,165,142,61,8,101,0,167,147,19,160,765,707,978,189,835,1010,801,214
115,18,689,976,337,783,543,63,351,287,908,777,580,555,826,809,440,635,856,715,61,535,607,468,318,422,210,514,39,625,849,872,606,624,311,167,313,150,571,674,307,727,945,340,635,601,341,240,569,565,266,533,632,48,529,156,672,411,277,802,319,953,567,782,460,255,605,471,9,278,479,802,458,601,816,519,583,48,473,548,194,359,842,959,80,998,626,775,45,621,657,258,603,592,333,137,288,254,543,368,598,473,603,455,401,633,601,818,526,681,402,407,659,662,600,25,647,633,633,768,754,467,575,583,542,600,37,770,706,362,624,373,114,354,429,239,291,647,856,626,565,177,287,632,537,560,446,679,593,383
553,330,674,371,202,610,424,253,589,162,913,756,927,570,881,639,893,862,848,851,861,946,345,488,725,163,165,522,424,594,674,392,330,308,674,962,162,354,162,664,190,746,682,882,589,170,969,871,743,168,537,88,625,74,87,610,168,996,384,370,552,882,26,344,130,1003,199,807,164,163,40,14,587,810,873,200,994,717,162,73,680,575,739,231,135,871,882,98,606,507,619,607,24,522,804,659,355,450,737,376,158,8,626,926,392,616,240,105,168,171,242,868,882,1018,845,128,453,613,895,129,223,847,243,649,609,355,520,618,618,170,593,520,717,642,625,202,861,615,824,767,706,680,371,620,738,808,672,579,142,93
489,481,489,212,296,380,327,993,803,836,321,430,740,865,480,897,484,577,1016,775,772,623,641,467,577,841,654,808,495,582,321,872,739,953,44,601,480,321,129,467,291,228,245,463,484,641,909,722,371,455,460,348,492,496,817,467,451,163,769,452,610,140,111,161,820,105,131,800,188,841,610,177,609,945,663,700,321,985,153,964,616,53,897,601,226,947,164,518,513,188,993,1000,344,568,524,818,897,467,319,505,759,760,644,993,965,263,520,996,12,993,804,1016,879,380,929,509,825,161,956,828,288,498,228,956,129,200,488,63,209,833,473,635,481,276,997,255,321,504,623,579,588,313,366,472,700,284,212,377,364,627
745,595,42,782,284,685,601,47,14,912,786,45,771,58,686,774,211,51,1005,674,30,534,926,12,22,915,209,795,318,121,756,107,94,512,750,891,771,901,42,46,168,22,19,22,403,659,110,58,691,682,58,58,76,112,59,466,752,203,702,107,35,27,808,42,21,68,110,0,539,682,27,206,999,177,552,677,35,117,19,19,14,406,553,109,745,984,682,950,123,398,786,53,227,105,899,28,588,14,795,562,278,798,21,27,942,786,699,302,930,106,806,842,775,494,539,51,531,19,59,536,58,35,302,649,42,795,83,14,486,557,54,51,21,445,702,742,186,50,801,758,83,702,4,286,723,15,59,105,440,987
632,82,249,126,360,374,855,583,997,533,999,153,741,421,101,313,813,999,260,978,117,159,1015,374,998,101,419,370,226,359,370,102,805,13,861,374,374,833,101,358,6,96,325,37,133,236,885,934,500,353,199,863,351,101,149,941,255,242,634,229,1004,381,198,895,323,327,374,87,870,102,170,173,821,882,52,890,630,992,295,102,885,813,89,242,377,832,976,870,103,1000,370,109,310,997,101,895,101,70,999,303,854,224,273,639,357,101,325,246,135,294,203,814,983,1007,774,246,282,375,1002,997,327,127,337,999,842,834,999,229,887,423,109,505,1015,887,576,118,240,742,215,167,101,357,861,858,359,197,741,66,246,93
735,215,767,690,399,207,133,758,569,178,242,731,569,657,554,354,563,703,690,401,54,275,199,118,226,443,311,242,214,736,678,562,665,183,434,182,178,183,609,183,758,55,629,789,671,956,754,578,566,661,86,662,499,178,185,225,1011,127,105,816,618,233,226,545,226,507,183,915,289,895,763,162,623,251,582,726,565,565,727,629,545,10,694,758,842,703,179,142,435,501,226,946,715,34,761,697,179,498,5,723,890,242,582,226,202,425,582,412,117,226,133,763,2,598,143,376,197,249,553,546,589,418,841,117,176,841,905,226,130,226,973,657,692,185,381,183,325,133,242,598,72,566,921,186,240,151,178,242,215,673
833,744,724,676,642,250,614,732,676,981,956,192,357,237,745,953,720,745,148,245,262,180,626,876,613,77,162,743,74,254,82,720,946,228,902,232,99,230,249,562,949,840,868,97,742,737,178,697,497,237,138,204,741,205,569,216,338,694,959,85,649,201,565,244,732,556,237,869,552,745,693,913,821,565,713,174,182,566,593,249,697,691,737,617,957,225,640,625,745,618,849,765,556,562,245,784,204,700,140,229,906,954,753,909,825,954,244,249,709,714,969,148,97,756,77,105,181,103,82,549,950,185,240,82,255,565,928,241,998,780,802,702,255,73,905,677,906,693,88,577,245,650,84,973,1017,229,109,245,820,247
857,252,351,25,869,311,873,90,857,862,474,121,860,799,379,855,15,890,138,810,250,895,712,890,99,378,383,112,859,287,863,475,924,635,1006,865,843,287,55,239,879,373,855,850,987,372,854,247,26,1007,885,368,60,194,859,50,64,239,72,50,12,0,66,95,159,920,801,12,988,58,361,980,351,283,455,62,80,10,206,235,351,351,561,711,122,253,142,987,471,931,818,571,239,541,24,47,226,889,383,383,607,178,866,860,56,36,0,210,886,232,95,59,375,253,304,0,911,55,8,50,882,48,191,847,281,983,310,1006,90,287,537,90,451,131,827,817,26,371,232,884,634,22,287,58,95,126,207,50,799,847
838,427,975,829,291,610,411,341,627,946,470,1008,715,215,187,958,319,904,70,982,913,644,983,466,467,498,325,979,982,459,647,919,982,274,299,211,991,214,209,434,982,470,38,498,961,155,753,842,453,507,187,411,374,354,930,227,190,691,469,299,275,594,850,471,13,338,310,310,635,1015,205,406,889,787,594,454,717,315,355,342,339,627,971,339,343,158,270,962,198,179,625,763,982,805,470,637,979,726,189,306,421,601,17,460,919,470,138,887,982,270,987,397,752,725,626,296,283,782,483,915,712,70,241,301,930,717,499,198,627,201,369,213,981,470,982,594,209,530,918,766,759,25,459,695,534,454,787,983,315,359
70,969,192,260,279,911,141,852,65,23,724,983,131,793,951,657,7,20,93,965,109,994,964,130,581,432,137,746,514,141,397,93,87,717,772,649,191,1004,7,729,577,905,834,997,662,980,929,197,937,951,925,640,184,724,983,134,738,601,33,724,85,661,200,783,660,775,647,701,839,153,249,980,733,297,324,340,137,181,404,724,985,948,982,265,135,217,738,16,941,845,14,0,431,512,862,901,130,137,4,132,578,218,532,640,517,597,513,364,536,852,512,20,7,68,193,873,84,121,173,4,133,65,221,966,84,388,130,609,802,662,730,857,663,864,612,349,603,984,521,724,237,391,21,903,871,857,7,29,732,212
506,443,932,451,690,963,488,372,703,634,706,978,1019,999,343,946,658,648,379,323,639,330,699,567,354,946,665,694,578,971,485,308,318,666,417,314,270,1023,156,247,444,826,479,269,1000,146,440,255,287,690,658,653,261,699,937,942,95,71,703,671,868,660,914,134,304,332,700,447,632,748,692,685,776,505,676,156,272,699,1001,383,436,871,944,431,656,444,647,1019,680,250,314,331,318,751,360,715,487,372,639,511,697,927,471,452,441,290,703,695,676,1018,703,440,479,716,318,266,688,378,1019,634,996,651,703,583,932,943,191,700,695,690,439,244,484,617,1020,264,712,415,492,443,914,1018,183,314,431,695,447,120,490,299
659,92,107,92,695,341,753,725,772,984,340,92,1012,822,94,726,511,92,307,54,597,599,578,654,700,727,107,695,628,503,407,497,679,753,86,497,519,276,492,244,316,756,732,780,476,277,700,595,116,109,556,1014,12,499,714,534,398,84,679,118,272,86,788,741,789,84,588,967,477,743,698,487,713,663,604,716,725,756,72,605,512,284,30,113,983,556,794,7,116,725,11,115,519,80,106,4,223,113,637,717,244,1010,109,543,264,1016,604,115,830,84,107,667,327,533,170,1011,807,243,20,118,753,1001,286,987,512,301,71,23,572,492,60,803,151,758,154,115,860,88,116,116,968,222,92,476,625,790,753,471,275,285
935,924,857,999,1021,559,487,1014,211,349,890,252,299,21,959,445,448,804,1016,654,127,1018,527,271,193,445,163,168,993,927,256,943,519,250,572,476,1004,505,991,1018,509,551,695,1018,415,10,957,281,248,939,487,859,903,901,615,319,940,676,940,959,543,1015,1016,633,390,496,1022,505,815,3,536,63,439,1023,1021,56,1018,266,952,1021,448,381,672,184,1021,984,504,279,506,995,991,236,1017,429,1021,280,375,903,1018,303,935,952,1021,547,943,1016,188,251,703,281,1000,672,1018,1018,440,887,993,1017,248,125,565,897,1017,1016,1021,824,159,955,1018,431,656,612,335,564,680,680,1020,376,1021,462,605,1011,1021,456,478,120,523,345,952,249
87,551,260,805,33,548,644,832,70,696,551,802,88,549,487,679,59,820,691,410,674,724,696,56,512,1022,693,592,995,110,852,575,362,673,260,699,690,477,764,286,366,390,270,293,654,39,98,615,516,679,764,295,615,529,526,548,450,751,551,548,676,548,735,987,320,435,648,104,87,567,727,286,104,386,69,37,618,423,481,366,758,37,689,340,615,366,123,484,683,782,723,834,677,226,694,615,755,718,679,93,549,965,809,2,455,658,596,89,736,615,64,420,679,701,763,581,738,519,708,542,516,39,664,539,855,96,367,965,578,518,691,96,578,103,996,580,102,512,81,676,549,548,776,52,710,548,291,539,355,740
309,490,483,589,625,633,494,646,611,274,917,633,501,438,882,482,610,498,978,866,481,651,377,333,649,1013,1008,142,478,457,214,875,585,618,304,371,642,337,485,440,928,913,229,486,65,333,441,499,870,823,435,354,697,115,577,342,889,322,537,137,354,715,331,578,854,498,482,889,386,123,622,318,311,50,505,626,610,57,441,898,1022,501,689,91,187,449,379,53,589,607,590,341,311,802,452,291,844,502,98,354,438,366,594,362,105,593,105,347,610,345,830,490,825,482,59,105,94,609,243,354,777,81,227,635,243,606,802,492,852,905,361,94,613,896,368,502,113,294,531,187,398,430,501,506,334,617,342,120,842,827
