1021,872,930,343,712,273,911,442,285,864,628,869,266,931,936,253,468,359,477,911,250,354,288,28,1023,418,832,254,26,879,924,224,142,972,956,911,879,755,226,731,1010,1010,799,354,416,1002,266,961,418,612,785,866,995,523,356,1007,264,416,410,400,620,386,1000,805,979,192,292,292,218,981,955,776,912,643,517,66,831,383,351,231,565,737,510,327,291,105,869,314,36,706,263,1007,996,290,960,869,1011,289,358,94,852,7,685,1012,256,224,613,907,618,286,795,352,224,194,752,358,287,478,320,576,724,995,350,730,327,469,287,264,811,208,360,423,183,214,113,892,35,19,916,290,89,98,880,98,773,952,723,354,1018,68
260,424,676,333,467,580,637,745,81,108,912,349,24,52,624,691,326,553,199,994,836,484,957,609,926,946,340,995,562,465,558,208,842,140,287,560,1004,652,525,564,33,518,617,1,736,449,598,908,1004,896,938,604,848,68,476,909,156,930,37,1007,975,32,589,918,487,170,592,16,675,136,444,381,892,740,929,1011,961,38,80,73,28,620,169,163,422,33,944,538,396,57,140,133,574,944,864,911,542,991,28,7,984,476,952,48,310,90,357,32,449,1004,703,220,576,61,944,660,432,418,52,987,476,729,673,135,176,735,4,997,836,473,574,999,169,157,576,491,774,40,449,677,476,573,628,425,760,321,662,473,578,677
640,49,623,882,605,508,993,924,932,176,776,623,103,621,758,928,16,526,921,418,25,29,625,545,780,705,166,466,769,729,939,911,33,460,750,97,476,16,228,579,987,398,51,29,124,173,908,717,236,964,18,252,597,921,964,996,468,751,1009,919,832,221,761,401,908,924,753,466,923,973,577,720,985,47,796,617,111,288,988,992,749,1014,993,964,745,205,882,465,433,94,963,932,670,940,49,579,971,316,751,605,292,486,816,740,644,781,316,97,895,665,579,521,290,402,921,291,65,687,603,581,284,57,1007,606,126,771,462,176,447,796,915,589,850,221,239,912,943,489,6,929,803,985,988,16,605,651,97,797,902,457
641,662,125,764,757,588,153,784,871,704,268,642,526,255,114,625,383,382,369,279,177,177,752,573,524,975,561,374,119,663,255,80,122,469,348,381,153,102,598,275,88,784,164,145,652,623,862,516,960,922,705,303,22,499,785,652,662,175,650,712,526,130,223,143,630,729,511,644,159,708,1014,320,19,184,624,151,386,252,887,145,892,1004,632,549,980,495,765,146,94,838,355,790,500,386,556,625,145,335,631,641,102,1022,659,114,212,215,815,752,23,369,697,121,147,646,81,96,143,614,860,628,389,663,381,137,255,556,278,901,144,524,774,691,19,514,585,171,125,806,407,732,1009,2,121,484,388,321,791,642,654,843
52,260,533,396,925,540,106,394,97,870,915,492,1013,24,11,915,372,913,717,392,868,536,939,105,971,621,533,724,391,172,925,283,27,565,59,491,102,683,19,537,127,101,396,541,959,477,875,977,340,469,247,332,479,909,1013,917,394,886,996,907,782,208,937,494,485,107,278,491,290,72,105,394,916,162,535,69,918,567,392,712,1009,1013,921,84,621,396,234,914,941,913,240,318,612,96,948,939,466,965,900,797,907,747,287,13,396,369,1001,1012,729,939,67,68,494,307,584,101,491,572,497,266,264,594,355,468,148,77,491,616,292,357,515,43,539,629,968,109,533,1014,522,985,261,916,939,972,597,489,107,928,907,587
873,47,113,458,644,906,261,377,682,300,651,791,842,727,60,277,169,717,476,50,54,642,823,497,41,86,554,719,769,758,328,280,1023,640,870,719,855,495,685,238,8,760,645,264,640,765,451,136,232,741,734,310,203,847,33,646,374,8,457,7,225,26,629,745,336,367,224,232,539,42,694,244,889,61,692,980,870,192,819,240,512,86,819,39,710,63,851,687,231,993,380,262,904,456,616,239,38,886,730,134,855,853,854,249,345,589,717,219,156,778,960,33,374,717,886,744,865,170,775,1011,240,22,132,863,834,207,214,447,727,335,249,640,218,1004,106,791,31,201,358,646,771,839,819,24,336,71,168,688,330,919
976,755,612,563,622,561,391,934,562,35,699,905,624,447,393,616,939,84,22,686,46,852,56,445,73,616,148,7,910,87,643,250,905,550,523,19,439,637,846,552,657,456,950,342,86,268,1009,855,875,343,903,393,294,119,963,910,689,439,614,9,550,391,985,626,49,553,580,265,791,241,922,560,544,898,434,899,518,7,70,639,916,976,336,436,339,81,904,623,624,55,862,262,408,72,103,19,791,689,904,940,736,23,724,416,934,902,419,178,55,659,936,779,608,713,231,938,339,93,182,681,552,46,38,563,78,854,595,669,137,787,657,552,27,861,954,239,248,1010,875,445,119,1009,688,699,425,531,956,846,915,622
92,556,584,604,445,476,261,318,786,975,434,860,501,891,633,1017,314,512,563,1023,772,93,6,408,56,195,554,874,434,369,449,705,1022,77,940,65,863,975,969,204,61,91,899,551,476,831,1022,295,510,121,888,965,298,366,451,905,1004,451,100,316,463,515,800,826,971,965,1012,995,787,254,912,19,449,859,596,68,141,1018,836,173,511,468,533,411,479,591,91,872,451,447,857,454,460,584,196,843,796,517,917,961,740,300,224,513,812,950,790,492,925,477,529,991,881,63,796,364,443,66,208,316,987,856,985,530,641,925,763,860,445,17,971,709,291,456,586,645,419,799,806,458,552,206,782,117,513,803,348,294,147,420
319,595,67,418,556,497,339,501,79,459,919,466,434,931,421,947,476,436,306,952,243,810,422,498,222,453,422,51,991,843,579,607,447,535,990,1011,438,245,3,834,450,442,836,195,712,891,299,849,111,547,835,290,350,35,443,438,895,378,431,362,915,848,419,639,940,501,418,215,175,856,36,119,652,977,556,237,911,439,567,600,589,691,178,303,547,85,858,567,396,732,658,954,995,110,991,862,568,418,619,431,897,66,602,430,166,605,819,63,487,551,459,418,334,650,158,570,831,471,575,895,306,800,607,574,587,938,908,916,835,270,151,418,940,434,563,219,386,899,607,303,579,62,462,418,607,451,925,307,700,434
966,394,358,797,621,61,1004,731,360,507,384,498,749,811,333,927,651,307,764,1010,244,268,156,342,981,293,456,55,379,472,538,948,434,812,90,899,837,508,346,252,678,647,465,381,291,241,272,73,381,491,360,743,711,341,805,829,124,91,241,348,811,762,969,795,744,460,293,370,457,275,598,395,926,506,909,794,182,804,362,349,460,786,792,711,322,780,804,466,216,433,234,301,549,76,656,580,789,784,258,386,681,538,750,367,349,341,773,693,804,733,509,202,804,381,534,891,639,974,285,418,138,280,405,344,423,750,391,544,20,381,339,637,807,305,307,722,320,323,292,907,346,340,344,253,389,930,124,797,509,957
965,968,458,692,974,875,60,787,820,509,445,946,53,796,757,962,52,113,709,443,74,996,243,98,899,902,463,402,718,1006,83,951,339,611,117,779,882,332,263,459,269,624,106,113,460,539,584,778,200,972,787,1010,475,814,61,593,10,426,189,267,465,946,387,751,115,117,508,818,93,445,339,637,283,808,430,718,467,336,789,1018,110,961,826,437,989,343,762,925,285,635,997,435,334,0,434,443,757,855,980,509,391,86,274,951,892,432,717,279,958,443,456,177,985,803,595,331,403,659,460,379,419,828,51,130,828,232,75,972,427,180,77,578,322,743,993,581,444,494,1010,428,965,416,1003,402,520,755,995,315,972,610
707,554,908,978,704,703,220,27,7,85,405,124,46,225,276,583,85,252,170,708,935,712,964,443,956,204,58,845,956,695,728,993,771,978,927,77,28,532,71,614,702,74,316,477,935,717,136,257,713,999,416,124,509,393,129,866,676,572,158,92,270,920,51,681,394,896,950,117,49,58,688,378,946,966,28,398,698,59,600,229,966,72,317,85,281,527,66,77,676,117,98,956,874,127,679,568,141,993,691,729,900,614,385,699,55,122,92,640,906,41,234,19,37,482,562,912,227,524,738,999,540,583,743,91,571,524,768,576,80,78,688,1017,81,59,849,518,900,675,61,97,843,516,188,929,151,713,741,277,442,992
100,119,553,108,295,149,409,620,251,788,9,940,247,177,630,228,298,101,943,289,486,117,535,156,858,482,913,136,145,620,190,21,493,146,1,222,918,998,23,926,741,921,524,670,926,939,784,156,109,282,409,950,377,572,6,596,620,116,585,996,900,311,398,979,266,937,658,250,503,18,407,900,528,411,541,524,408,263,1004,473,421,927,500,474,912,281,362,89,1000,996,365,170,308,25,536,29,16,1005,282,117,129,754,363,393,2,436,406,794,872,150,21,119,841,81,339,769,241,20,622,853,489,1000,373,29,382,522,402,470,410,450,1000,404,793,407,620,24,970,40,1004,998,909,406,476,393,119,898,407,509,43,117
297,104,668,420,912,106,760,140,232,472,795,503,980,996,507,547,297,393,485,1017,617,249,993,993,631,1017,316,260,1012,520,430,969,1012,948,790,798,756,135,149,360,916,556,159,271,410,409,488,596,757,733,292,921,388,801,547,83,116,100,260,483,964,547,27,979,520,533,132,93,116,494,936,357,896,317,1016,304,901,368,804,441,104,872,688,483,100,977,898,2,708,631,260,320,808,28,1020,783,372,794,134,216,628,385,984,98,392,609,90,480,349,273,138,384,889,73,1013,361,608,1009,4,993,938,674,938,484,974,264,885,396,288,567,389,628,906,152,277,96,905,901,313,67,831,572,324,508,399,401,584,963,545,59
559,842,215,690,978,643,343,985,846,809,699,718,401,319,307,708,584,766,722,752,167,876,433,718,827,331,341,294,502,358,151,201,325,80,690,247,868,970,163,722,315,375,1017,474,338,895,877,330,466,969,816,617,310,877,883,255,1008,112,722,759,719,384,858,398,167,764,987,842,892,871,839,867,134,331,983,714,310,871,643,435,235,210,536,366,699,673,132,333,681,600,299,874,974,393,47,818,566,23,718,152,498,692,712,287,353,304,963,690,703,166,331,571,687,816,959,498,138,700,218,148,54,983,938,361,73,341,466,808,666,816,151,267,327,331,398,331,850,821,187,243,843,823,201,323,9,138,938,700,199,215
614,530,199,426,409,910,79,734,320,504,447,75,561,432,325,639,586,333,32,747,502,254,91,398,454,416,669,786,909,840,916,590,164,259,842,847,399,95,354,219,810,650,458,678,457,331,613,442,576,998,87,425,588,325,425,479,634,242,439,207,583,580,605,399,56,944,634,398,184,340,126,91,630,646,73,151,75,480,292,587,382,26,567,566,690,490,678,459,570,343,422,626,190,495,632,75,82,424,376,571,974,1023,888,112,200,676,422,505,835,71,707,327,112,978,432,73,151,383,55,970,307,614,933,25,538,645,647,204,448,347,696,723,454,183,377,526,485,460,472,634,993,120,462,712,487,691,962,680,694,123
892,915,958,78,807,511,262,103,149,806,272,401,657,6,870,801,390,888,807,778,256,905,778,883,912,785,519,511,470,882,501,915,384,981,223,425,319,134,310,469,474,762,547,353,262,362,515,875,230,794,298,775,506,854,481,511,251,615,363,63,783,319,892,833,679,355,643,475,721,487,20,515,54,383,592,710,262,391,379,11,415,792,313,482,272,870,422,454,408,367,927,486,353,658,202,306,886,903,871,518,855,843,278,262,870,667,459,262,649,704,447,538,415,282,344,233,414,383,730,367,359,872,534,223,760,871,444,834,251,474,670,315,425,871,506,290,600,384,788,726,769,426,249,475,278,298,447,32,662,415
103,927,767,721,751,505,590,687,835,544,379,136,804,53,879,121,744,138,886,5,961,71,799,935,158,920,9,1018,577,30,512,238,771,392,174,883,886,30,834,114,137,864,735,1011,2,382,489,607,157,182,454,736,114,46,115,680,861,382,485,190,370,903,767,254,46,295,223,74,958,599,248,71,958,455,886,188,640,894,304,680,31,158,889,69,630,543,103,158,375,494,127,743,787,726,598,383,359,1023,862,799,615,287,760,181,847,158,985,232,525,279,743,687,429,11,511,903,1006,351,622,125,378,632,634,667,689,879,251,387,994,521,515,605,184,607,846,481,127,19,121,186,71,415,98,1021,482,368,430,312,606,386
474,428,623,954,996,715,191,59,106,82,24,123,858,923,91,174,255,103,439,550,390,442,434,670,50,382,757,441,43,439,395,947,25,978,751,987,1003,897,50,633,194,965,649,424,923,395,50,715,34,510,338,63,810,345,1021,275,795,986,307,574,830,62,466,13,967,288,430,7,490,863,558,978,410,490,87,466,7,644,174,50,742,34,1014,374,469,996,787,922,228,50,650,734,1005,878,605,484,996,113,506,34,585,797,735,563,18,313,709,25,506,478,474,42,587,19,228,800,498,627,307,395,324,410,696,658,335,53,578,1003,766,675,51,916,391,326,792,90,975,7,774,186,456,39,14,825,280,962,466,609,427,379
498,526,547,626,572,898,419,71,499,829,402,475,899,476,1006,908,419,83,992,365,1005,115,832,986,922,893,957,63,586,950,323,467,341,458,42,394,877,417,54,928,261,147,877,586,971,829,499,643,399,60,3,998,126,560,373,893,586,1005,938,109,498,156,280,436,996,885,330,35,1021,818,402,279,458,832,931,954,114,992,907,946,387,502,834,498,954,359,19,883,1013,622,490,50,908,502,934,949,377,399,1013,783,510,108,132,701,595,419,565,516,381,906,102,908,498,26,748,1021,498,841,906,68,114,587,208,366,378,893,595,1021,1013,108,540,899,889,489,968,995,58,947,472,823,397,878,1014,366,1011,901,157,1019,19,398
404,283,761,238,731,300,336,695,345,179,197,9,310,390,692,869,377,308,620,212,59,252,615,364,940,684,53,294,770,387,410,552,982,436,477,891,421,361,37,344,310,255,392,884,139,600,315,402,300,44,664,517,834,612,262,210,681,593,645,588,924,589,705,260,696,824,253,291,278,544,707,7,432,320,554,684,521,181,315,501,928,717,618,817,325,738,671,684,432,257,315,729,248,195,404,1013,293,102,842,188,620,389,203,249,121,61,729,727,671,99,689,313,714,949,59,315,1019,571,905,55,29,423,325,496,804,651,2,237,358,308,276,931,117,463,421,253,845,70,260,248,258,722,565,324,736,670,728,376,565,579
552,953,120,870,703,299,115,127,521,128,617,856,525,131,123,915,67,248,527,636,929,28,1021,79,625,749,61,767,35,918,123,17,761,669,510,135,111,121,460,28,114,920,134,619,485,912,525,748,869,248,527,689,21,1001,256,642,527,694,9,635,129,251,96,554,217,80,786,975,148,908,697,465,539,85,79,688,896,70,613,194,644,740,17,684,486,789,249,522,947,123,68,972,674,945,1,801,973,262,192,239,977,111,90,79,121,134,824,1,1023,262,108,908,64,38,66,1010,900,420,731,734,184,636,637,629,963,241,717,743,482,116,125,628,585,397,636,1004,671,76,521,26,858,740,59,978,386,836,163,792,751,655
755,334,958,882,248,808,859,905,689,162,879,663,951,195,375,347,208,882,95,114,337,335,375,758,310,884,944,302,343,651,474,944,184,635,850,403,696,947,361,859,334,202,335,905,368,843,290,336,305,342,363,211,343,403,786,758,841,406,655,759,199,726,686,342,999,661,243,817,966,350,896,795,727,803,737,651,936,662,848,779,246,398,838,302,1006,407,407,811,859,852,718,426,304,875,371,306,328,477,219,332,230,319,950,233,374,667,411,974,727,367,282,342,349,50,584,363,583,15,930,216,262,383,791,663,842,822,858,335,370,237,1006,328,309,653,271,723,342,863,287,232,823,939,64,276,878,262,578,639,653,902
12,102,612,545,640,728,387,288,69,766,443,504,0,81,965,608,456,96,448,412,436,245,123,810,6,799,415,387,638,543,466,170,497,830,420,60,924,992,534,547,77,705,373,805,934,114,1002,125,782,764,329,741,453,32,475,497,36,671,607,822,765,607,359,255,388,81,569,420,817,830,543,474,695,705,184,543,256,632,410,793,545,309,437,509,41,256,248,412,643,260,285,765,574,548,563,96,608,740,510,257,552,4,908,493,952,570,389,662,394,390,902,517,195,995,543,384,720,267,260,965,830,527,249,166,974,967,330,735,3,913,697,11,480,4,390,119,436,510,259,62,906,636,465,986,735,560,69,480,447,91
850,788,123,299,446,300,769,592,939,261,578,743,91,109,709,98,744,762,41,755,199,59,767,969,833,125,620,284,545,134,1010,189,313,188,889,625,242,667,269,802,867,1,103,71,863,199,580,585,578,583,705,710,962,519,311,599,139,47,957,898,187,181,191,89,916,949,774,70,50,87,635,157,597,614,148,507,642,439,523,840,185,250,799,11,353,219,737,315,339,37,1019,568,1013,793,177,709,715,39,1011,743,166,216,572,212,633,179,876,898,638,1009,315,427,97,961,314,744,756,668,795,556,747,307,730,764,84,511,56,700,218,774,386,148,218,564,66,37,720,513,66,39,133,569,205,635,626,138,340,125,775,347
701,272,521,391,442,93,175,988,499,242,270,406,40,930,875,313,188,839,828,634,515,409,961,682,445,580,819,378,582,661,930,312,539,66,226,701,590,932,835,924,423,35,835,739,698,989,420,88,93,334,264,162,766,873,444,700,861,437,819,702,514,107,968,455,467,572,434,978,108,501,32,420,872,809,611,411,837,55,460,441,927,698,932,45,930,1016,445,675,440,837,669,443,437,68,828,186,678,915,184,809,914,966,62,311,1004,115,579,636,198,53,653,418,194,236,988,835,989,56,936,431,826,732,205,916,515,190,808,833,835,351,181,205,385,189,924,974,876,972,122,876,44,733,997,930,958,194,158,70,29,900
252,281,511,461,280,260,136,764,468,992,301,857,761,281,873,765,185,248,922,20,140,822,388,865,265,920,884,327,500,655,953,778,1000,497,24,255,892,313,773,384,777,128,964,189,847,21,841,409,572,762,409,773,793,360,884,927,873,276,57,464,626,555,780,889,963,929,457,502,597,902,889,321,547,838,901,773,969,609,741,747,106,775,646,292,309,975,270,781,967,976,869,89,892,769,481,280,869,419,880,313,697,279,453,904,892,841,502,649,732,276,449,921,687,260,263,799,377,758,249,771,887,269,191,501,871,777,649,743,696,5,292,892,4,393,280,504,555,504,878,408,85,262,264,691,986,686,629,889,775,258
799,962,863,242,879,437,111,986,1011,386,908,119,453,30,749,1007,708,554,1021,563,762,556,354,258,769,1023,462,435,301,78,316,253,898,309,125,988,410,461,564,453,253,746,260,589,26,723,284,562,706,156,505,421,69,483,574,738,850,414,673,500,507,642,672,993,438,1010,257,794,509,10,754,1000,348,438,394,386,733,998,545,381,411,291,794,24,973,435,396,828,511,814,469,625,763,810,906,771,349,995,532,414,69,557,587,836,341,812,196,509,802,522,354,469,882,420,429,491,991,834,446,339,380,396,406,403,469,971,851,31,611,354,268,318,893,346,615,483,979,597,514,589,173,0,520,894,3,991,413,107,80,499
10,239,247,600,439,457,767,243,7,765,793,948,764,786,397,737,759,663,251,472,581,230,571,6,647,261,700,148,7,262,262,670,239,563,60,121,233,709,406,239,251,62,823,766,529,876,160,143,873,1010,157,130,59,502,763,482,376,245,410,517,263,876,698,823,251,829,243,268,486,280,786,379,9,1019,759,273,826,249,508,848,214,278,181,373,246,558,496,683,274,886,324,784,160,275,769,664,385,527,193,243,247,246,717,546,226,678,204,838,778,260,775,161,559,764,324,317,239,197,247,956,264,226,1007,31,247,445,246,257,854,166,887,198,377,859,257,796,1017,749,257,823,966,239,890,261,763,682,256,765,798,844
46,21,961,533,1005,746,485,426,306,528,557,455,378,795,578,463,284,391,367,793,243,120,565,464,828,882,590,1021,208,507,124,965,752,396,852,828,238,679,453,997,650,435,461,530,487,336,541,481,796,496,581,792,411,240,622,793,776,428,270,446,526,746,473,838,261,787,136,455,479,910,797,537,1005,825,492,300,380,805,995,110,770,454,368,336,572,440,401,622,664,28,465,801,1019,788,272,780,283,480,637,679,304,486,112,432,623,652,529,284,234,26,453,484,1005,423,612,424,1009,286,256,195,997,30,537,156,613,650,650,987,922,289,532,992,531,364,911,321,478,448,484,256,943,805,187,995,489,526,914,409,484,829
62,990,692,161,52,722,592,612,848,925,209,404,640,905,326,879,95,142,104,361,302,250,544,868,744,546,292,696,367,657,919,1020,481,238,917,353,1009,55,576,725,119,152,959,872,717,647,881,849,16,167,608,369,425,447,15,648,961,33,750,17,412,208,456,757,168,74,828,513,920,865,359,545,749,687,604,750,658,600,584,16,285,81,169,80,400,225,245,145,712,361,592,142,65,961,548,976,81,357,225,668,720,1001,683,374,86,62,62,208,793,732,653,346,976,177,328,180,494,148,333,159,544,542,349,592,49,807,720,885,868,641,221,74,486,670,1019,545,552,689,61,720,512,720,16,107,94,215,545,161,807,865
351,163,560,348,71,515,81,654,641,103,1014,104,671,473,178,671,115,666,122,47,1011,694,546,80,623,666,342,694,655,352,399,177,141,122,494,610,687,255,538,714,45,375,526,171,139,310,286,291,334,158,675,635,394,115,113,135,692,759,3,662,755,646,788,281,520,659,134,659,127,264,1022,95,213,338,799,497,62,528,544,694,339,269,664,702,336,136,71,183,690,791,668,495,690,461,161,593,416,288,271,978,128,72,545,268,526,177,131,638,467,143,688,627,97,620,127,651,115,169,177,171,985,638,688,671,327,32,559,767,176,55,422,416,688,127,1011,614,112,446,106,97,688,733,83,526,439,630,673,217,168,623
623,779,834,139,434,55,329,254,751,85,255,22,1020,45,656,551,697,811,141,700,317,45,757,638,754,8,742,581,62,670,99,393,320,248,827,185,6,125,34,875,198,765,186,634,642,890,136,103,972,782,192,408,971,765,5,995,116,839,389,123,36,50,139,391,597,790,154,818,611,10,710,135,895,722,130,45,829,376,74,770,235,761,723,60,48,377,862,92,140,327,113,680,249,110,142,720,183,202,666,202,694,856,631,202,258,43,129,659,13,206,243,39,646,882,808,781,590,249,576,924,169,103,379,177,136,379,680,967,2,937,887,690,696,670,19,269,720,630,504,794,43,141,630,235,43,538,702,741,263,206
64,817,387,853,651,462,584,453,630,768,628,293,778,690,188,576,949,694,182,721,197,140,300,589,544,244,829,684,616,200,716,284,705,728,559,691,844,797,548,52,665,719,778,749,732,84,715,72,701,244,820,95,628,820,436,619,810,681,349,757,684,340,857,781,325,248,324,208,429,460,30,53,33,171,76,288,27,619,171,131,24,82,155,427,64,298,220,608,627,676,196,650,549,700,429,322,300,305,208,747,212,825,180,238,161,554,316,326,425,137,549,229,812,52,549,545,168,387,558,355,212,725,89,184,651,549,264,218,810,160,11,272,811,833,564,266,293,41,188,248,609,683,188,38,298,170,202,238,177,634
47,290,638,903,6,4,315,795,497,985,825,37,74,90,473,599,160,812,469,729,544,771,4,645,813,197,985,482,98,316,33,977,938,616,1015,313,853,740,858,490,546,362,120,88,454,507,570,278,189,260,475,509,278,150,719,858,57,251,629,978,682,22,801,788,274,473,711,975,555,580,660,22,827,635,25,979,199,557,264,730,1018,509,713,173,806,698,814,1012,44,299,731,470,419,551,607,458,602,98,59,802,830,789,304,757,262,198,37,646,581,421,725,795,852,141,34,57,485,16,458,762,107,978,419,207,817,504,421,443,418,622,427,186,442,495,454,448,890,55,421,442,284,1009,80,730,264,26,25,148,346,557
857,12,44,693,694,997,952,313,654,19,24,23,9,12,193,152,993,849,162,238,678,132,5,201,46,785,34,524,505,46,597,57,735,320,104,329,11,808,800,648,540,338,40,843,78,735,16,479,340,174,520,976,547,11,875,255,9,619,25,577,93,516,744,56,357,692,564,738,185,463,30,13,205,577,618,840,56,712,484,773,960,967,227,511,53,918,588,462,465,960,83,65,195,600,136,456,248,641,876,216,9,5,31,656,957,954,225,698,232,65,762,743,605,432,187,340,217,990,17,169,357,533,655,928,5,16,799,31,963,15,767,736,889,617,1004,520,401,927,321,682,347,313,54,196,341,756,447,24,756,116
615,406,965,157,608,1005,598,336,764,225,705,353,248,385,360,385,333,335,656,642,736,545,878,145,738,870,1,637,228,200,135,511,152,657,793,736,667,922,466,736,324,927,145,13,760,614,232,879,855,740,1021,249,301,892,748,224,224,572,178,781,205,758,293,144,326,768,189,229,365,97,80,884,996,369,409,252,400,193,640,748,543,426,204,513,922,657,864,1004,974,1005,764,825,985,257,991,593,734,291,669,237,989,973,737,543,532,795,237,973,876,925,813,332,892,775,993,385,360,353,40,225,224,861,556,920,205,472,406,525,897,343,642,338,543,300,799,760,132,146,160,748,144,610,537,608,541,744,996,405,944,558
726,75,491,650,515,445,743,437,1011,410,602,778,63,906,895,833,19,493,1011,691,931,662,499,483,453,467,134,67,943,5,507,852,899,467,661,67,414,978,99,936,942,38,874,962,123,453,54,377,487,885,42,31,835,961,998,891,974,251,707,930,82,847,379,935,943,762,503,910,892,419,379,761,501,69,468,368,27,994,931,933,164,838,661,102,784,782,398,998,282,413,982,205,955,401,1021,962,467,1002,645,261,367,915,410,340,943,147,48,455,359,474,467,25,464,868,322,633,507,25,923,410,422,680,419,454,43,148,947,872,491,920,485,490,51,906,964,943,878,469,291,31,507,275,110,932,916,490,411,531,922,604
766,465,874,911,944,81,877,465,330,432,97,369,128,680,1013,21,939,197,988,926,932,0,775,318,611,814,606,143,893,156,504,296,910,929,512,845,256,879,990,30,295,626,871,832,990,843,894,219,266,935,954,702,295,376,882,946,737,18,334,903,734,829,906,371,720,730,492,764,1004,818,478,296,993,401,400,125,692,309,1006,637,471,1015,145,513,913,534,419,605,864,206,401,962,786,174,238,89,936,424,205,984,733,0,578,1011,995,333,919,199,428,993,622,849,783,791,798,8,21,796,481,392,803,605,257,864,593,952,246,941,708,802,840,547,422,166,943,111,480,58,732,22,81,104,894,422,972,734,733,894,199,117
372,488,118,1013,486,240,155,496,474,358,944,618,596,107,941,484,626,1013,19,707,478,95,972,949,267,82,944,689,629,76,884,938,0,945,1009,624,117,970,978,493,949,277,541,496,629,275,473,577,535,95,249,949,55,740,453,569,626,22,618,141,532,595,303,936,497,457,419,873,615,458,565,596,809,305,983,988,808,247,453,180,776,145,1001,113,628,620,160,913,404,898,936,517,1021,982,1001,506,506,11,462,407,897,989,459,478,308,562,544,535,553,275,685,401,9,296,1003,48,645,1013,132,498,439,503,926,901,397,404,405,535,567,305,423,537,176,475,107,541,506,279,397,488,476,458,869,943,928,632,106,362,353,910
969,516,379,334,749,366,681,503,745,1022,337,38,990,767,290,907,835,447,441,960,233,593,29,252,385,35,719,270,326,360,251,841,769,272,823,340,70,802,231,166,759,704,350,311,78,72,823,320,863,840,245,270,418,146,319,315,506,891,304,504,136,823,714,376,990,217,478,616,686,306,303,295,606,733,774,579,262,319,824,478,699,542,695,574,631,705,666,706,759,519,813,792,344,478,248,504,256,822,350,696,922,646,960,125,893,166,931,660,488,896,713,769,222,230,777,168,759,813,150,762,243,890,689,719,667,318,712,216,24,788,56,866,826,274,606,328,708,454,185,726,166,350,824,560,896,602,374,825,855,358
945,439,703,922,434,376,902,562,272,1006,344,510,17,1002,817,567,61,265,631,281,910,406,323,401,561,313,56,122,202,467,459,502,577,892,38,526,100,38,752,361,952,896,951,526,951,906,1009,971,1001,413,75,1015,36,902,817,295,10,234,983,525,566,240,1022,947,116,6,922,369,272,73,888,311,120,1006,365,9,376,389,457,358,476,904,465,998,454,500,382,910,496,520,473,122,72,928,390,1023,273,369,265,73,753,308,73,446,116,126,630,127,312,410,790,956,474,440,330,1001,531,308,1013,984,276,918,297,57,254,1015,462,285,400,378,474,630,265,576,454,496,629,564,38,1020,126,910,115,542,54,988,299,1014,281,251
66,478,971,634,587,861,319,256,226,961,593,419,843,88,331,607,3,468,769,697,200,210,614,451,409,597,845,418,422,480,223,16,47,243,290,923,192,577,286,873,408,287,500,341,64,238,508,208,606,193,60,617,180,22,489,222,31,38,615,590,912,70,987,990,738,64,641,877,192,202,47,751,835,70,418,623,1023,953,657,480,159,459,699,711,295,977,879,415,217,22,488,202,322,217,545,856,100,422,985,532,46,88,831,493,42,623,2,418,510,262,286,958,447,350,593,815,986,665,239,95,737,19,312,287,697,325,243,404,698,422,197,317,903,703,565,199,10,664,155,541,199,958,419,927,409,623,22,623,410,135
397,603,619,919,523,171,739,684,88,523,46,795,899,210,946,878,132,503,5,598,517,728,988,524,779,810,523,1020,90,982,817,329,329,905,539,567,918,156,59,147,23,531,855,119,474,453,64,754,946,793,250,918,667,499,113,519,973,118,843,319,944,391,573,964,966,738,523,525,56,693,22,1021,453,736,24,123,37,291,476,565,70,760,958,91,751,683,672,555,63,699,77,997,694,926,503,791,629,732,629,562,395,907,587,485,391,923,389,487,780,508,9,930,962,7,202,191,389,995,391,93,93,389,636,70,676,981,956,950,141,685,347,820,1016,162,771,1019,312,232,759,781,952,793,914,959,971,90,122,101,537,681
114,4,815,537,125,836,586,419,798,442,385,588,481,726,786,478,445,316,867,578,514,30,701,916,774,461,30,59,69,483,591,897,444,924,197,118,995,174,929,85,810,2,513,613,517,604,400,4,591,34,431,117,763,770,642,673,802,387,426,459,78,268,61,303,261,462,437,606,717,25,66,446,50,91,154,310,303,574,685,579,49,290,534,544,890,883,890,562,252,918,375,419,419,802,194,421,120,437,594,699,669,84,461,707,979,531,411,582,429,117,906,632,444,890,550,596,453,452,66,171,423,387,619,788,421,661,766,563,324,385,952,502,955,434,420,763,389,763,93,687,276,0,764,941,527,401,525,700,588,365
259,707,869,509,344,839,266,310,175,326,358,158,278,282,431,266,641,294,682,504,292,264,574,981,863,48,303,542,559,956,804,749,185,863,880,457,414,251,1020,169,281,879,504,578,561,709,283,448,27,879,790,845,879,839,292,450,292,831,177,278,774,943,872,546,287,813,866,1009,279,967,303,281,82,735,283,454,770,703,697,422,186,452,543,956,802,6,376,805,224,873,321,159,874,281,735,135,292,970,871,862,250,854,741,499,884,503,922,292,804,495,741,153,983,750,350,192,150,281,615,367,228,350,192,881,737,281,879,877,261,306,674,159,298,759,309,267,794,805,466,62,782,164,381,809,926,822,993,711,837,294
913,281,937,214,261,772,582,943,934,295,1001,40,413,193,1000,441,978,703,390,935,624,372,847,596,416,70,479,960,783,341,419,694,933,613,934,456,296,40,999,26,754,318,998,455,62,54,560,424,29,606,312,984,309,168,313,326,986,952,856,369,780,936,311,465,505,287,997,904,126,24,410,615,334,253,616,358,265,56,254,867,912,936,0,428,39,362,116,576,291,358,506,468,296,471,107,999,479,472,580,928,429,377,169,542,79,441,673,550,281,409,69,248,448,439,471,321,343,983,239,106,958,217,99,840,933,310,244,967,33,578,417,598,945,510,33,174,6,200,421,943,982,458,973,24,970,481,29,358,395,63
883,580,536,54,268,272,323,147,1016,737,883,523,559,916,126,423,323,40,1004,47,276,639,99,406,355,977,35,323,152,657,827,920,864,768,160,1003,164,687,154,683,322,218,129,301,126,963,883,254,512,735,99,218,847,70,614,601,640,138,689,127,494,146,631,2,864,735,111,395,1022,722,267,270,1006,318,414,637,616,542,591,630,205,511,380,773,217,1020,250,128,361,896,210,350,734,247,845,135,657,126,419,306,122,222,248,934,798,395,753,701,147,230,543,895,92,254,120,198,229,1017,35,37,271,827,819,510,227,111,227,798,484,629,16,54,110,134,121,719,463,647,46,220,127,975,607,1020,633,703,171,235,639,768
783,552,405,56,283,441,995,44,704,98,824,868,811,443,822,756,415,195,484,804,434,149,709,824,1010,513,818,474,833,61,43,114,789,389,410,533,53,43,405,427,60,1,772,27,482,58,655,676,388,309,275,958,777,751,155,642,939,1018,558,1004,733,196,351,801,792,91,649,849,452,955,723,451,568,939,812,541,602,600,469,16,502,856,553,453,974,876,865,473,917,965,747,58,622,1002,986,943,119,771,921,294,385,558,294,420,826,728,727,984,1007,280,952,568,998,541,505,425,471,537,248,792,981,844,622,476,502,12,840,612,171,977,1001,600,197,987,992,1001,600,474,85,437,773,961,162,554,785,467,1020,512,277,155
783,658,490,414,270,703,3,413,274,235,778,610,815,530,21,836,11,186,760,607,746,189,279,107,17,121,275,291,980,771,812,770,835,130,490,642,515,287,180,59,554,377,427,666,1019,195,821,573,6,642,564,399,15,956,642,758,163,327,570,319,735,312,320,10,987,563,479,749,10,866,131,828,527,555,738,747,290,715,1008,898,77,58,406,124,630,167,700,110,580,911,340,115,642,408,642,242,765,766,597,599,522,781,530,181,259,202,115,387,895,331,506,498,640,258,716,879,770,547,578,302,14,58,746,50,548,789,783,738,412,536,847,666,825,467,520,655,179,106,610,291,664,836,481,767,171,452,943,371,756,829
279,759,25,534,862,261,384,495,902,760,942,216,935,39,495,96,542,327,327,575,667,912,545,711,687,52,499,551,209,497,334,98,64,615,159,24,408,935,2,155,941,531,253,628,968,520,569,759,573,766,1022,145,401,605,607,200,70,200,144,705,280,727,152,613,7,558,287,607,934,350,26,392,533,115,929,287,651,443,114,1004,192,894,926,542,190,548,110,1017,448,627,541,215,535,606,449,136,110,99,38,538,942,552,384,604,299,595,786,394,787,914,24,388,31,505,640,667,463,283,922,423,110,616,551,446,62,929,920,110,655,132,637,655,270,312,598,542,670,689,727,171,320,16,35,274,105,102,477,350,632,26
810,82,800,700,650,782,216,159,681,110,771,155,314,787,825,694,598,877,23,104,384,657,754,386,169,864,739,638,99,664,500,813,165,193,380,485,163,1004,873,364,151,209,773,825,113,496,1006,277,776,141,364,287,620,365,810,110,684,538,8,165,690,217,397,10,394,129,492,372,341,101,413,73,708,686,339,512,767,163,146,453,233,83,611,729,854,343,153,1005,375,536,85,659,360,135,102,680,203,9,724,360,793,742,100,536,350,787,1004,654,233,814,59,724,649,737,355,367,558,536,702,895,878,436,708,207,153,984,95,686,708,813,556,217,891,381,36,237,377,786,148,535,850,894,732,92,741,617,526,229,783,684
708,456,238,289,317,70,172,536,142,363,225,556,952,124,344,723,104,701,381,517,105,869,973,216,605,772,94,512,192,251,980,804,124,474,206,704,145,390,194,551,656,820,554,589,93,433,891,380,104,134,708,254,421,574,934,150,616,664,1013,867,435,789,836,728,954,668,742,230,672,194,942,499,844,220,704,382,884,192,679,965,416,292,148,991,167,845,115,573,760,317,962,19,192,39,238,292,146,192,345,805,60,668,832,219,829,384,773,104,728,204,253,91,644,353,349,320,333,828,170,349,361,103,181,817,288,1022,219,728,37,313,848,977,124,822,369,966,1020,839,500,640,277,17,347,516,349,61,836,195,839,676
452,195,589,574,258,1019,534,282,499,233,406,790,50,682,567,526,913,154,175,601,364,722,579,524,512,259,164,60,576,127,203,730,75,81,638,675,416,697,223,679,103,762,763,610,666,789,918,522,563,292,698,675,2,525,236,483,575,766,178,634,595,688,762,311,568,406,408,249,649,607,535,210,758,928,647,928,807,82,220,201,62,565,37,561,257,556,902,748,278,551,256,822,537,202,219,864,671,118,551,347,758,338,938,214,169,83,525,483,406,774,213,449,256,101,534,698,761,711,76,535,215,328,753,297,124,220,703,184,750,919,675,557,612,406,721,673,545,711,223,178,642,9,876,801,48,211,10,1007,19,338
557,798,45,785,598,862,1001,147,537,113,524,211,125,557,538,192,105,209,243,109,651,610,218,989,457,745,445,53,585,861,733,215,476,202,23,51,143,84,569,629,530,204,507,981,549,487,469,117,591,775,1003,213,51,396,89,593,124,972,568,829,593,405,762,219,1009,787,801,140,623,521,458,794,109,505,719,922,777,603,109,178,637,51,1010,192,812,569,1005,380,189,922,561,13,1004,669,779,245,559,528,787,123,180,49,576,781,655,909,591,616,172,993,109,588,588,540,781,1008,679,243,842,47,209,560,115,714,250,623,396,975,524,237,349,237,845,436,752,1007,29,656,456,550,115,597,84,593,677,59,556,43,74,545
930,990,996,655,662,823,564,755,248,135,200,418,530,589,405,574,170,393,642,246,196,122,42,1018,648,306,339,823,160,868,823,739,226,578,525,459,951,566,743,619,40,1018,1015,131,609,313,446,7,851,868,463,275,252,106,491,996,627,19,82,650,963,203,95,698,32,163,235,15,938,57,659,1007,426,626,7,59,442,696,938,57,490,644,249,7,256,764,662,781,327,898,306,71,240,863,863,262,224,214,79,497,951,661,68,81,510,574,954,555,155,530,591,1013,642,723,793,497,555,95,54,650,112,211,37,142,655,954,160,126,574,114,756,646,77,1010,779,49,239,562,155,783,11,231,695,239,77,249,994,662,42,1010
889,37,609,609,486,257,485,392,464,741,295,505,513,488,792,238,1017,9,498,20,1016,421,478,389,457,720,645,480,799,54,647,62,526,120,261,980,45,792,452,741,217,954,990,289,962,505,732,877,500,645,470,505,508,974,319,486,801,52,46,617,960,895,59,385,975,842,349,896,633,1017,13,969,310,195,342,210,387,39,505,144,313,391,971,489,807,969,312,788,795,666,393,480,773,305,41,456,630,999,532,61,502,443,517,63,873,502,580,781,505,481,308,262,293,579,633,577,485,389,623,301,960,890,638,764,198,537,416,637,456,356,389,888,768,394,486,31,320,385,965,769,57,485,64,393,3,309,108,102,821,952
814,543,774,351,248,774,701,944,814,765,653,427,323,453,138,562,473,378,515,991,588,815,459,342,287,938,338,468,756,486,347,137,299,609,634,654,846,541,677,394,555,427,373,882,399,828,314,70,314,309,775,58,467,286,771,509,799,451,162,282,414,371,259,769,546,687,421,262,175,266,134,403,324,51,789,915,88,822,325,459,282,286,467,767,890,679,711,373,429,66,66,64,836,286,661,509,190,140,667,1007,210,864,224,468,645,787,771,482,428,31,834,880,469,264,797,757,486,740,131,893,842,24,787,778,735,769,479,284,426,480,447,757,782,451,635,280,818,768,192,915,303,510,421,515,3,947,628,274,762,511
916,281,882,495,804,745,1012,232,468,676,469,591,313,316,476,46,953,297,185,464,780,530,1012,329,405,1002,899,956,468,275,942,937,304,936,276,149,341,986,89,527,917,821,792,809,696,825,713,755,493,739,104,813,552,685,640,8,149,73,831,304,268,972,500,207,360,367,959,360,664,204,493,996,15,745,307,213,725,1004,478,211,472,172,942,370,617,374,1017,345,504,171,253,197,289,1017,679,972,203,305,659,716,307,467,1010,463,292,821,932,329,1017,741,764,369,375,1002,528,756,473,1002,1004,165,464,236,236,657,778,89,297,829,913,329,51,948,209,746,1004,740,308,748,997,304,172,334,13,206,72,370,244,772,595,549
207,292,564,52,371,314,997,169,151,42,129,602,167,199,769,847,573,585,947,942,194,252,670,267,743,851,174,55,194,748,149,718,204,727,234,686,713,22,959,848,731,490,297,436,759,590,597,560,308,585,110,584,329,800,574,951,119,789,974,593,542,327,16,560,754,297,727,977,560,769,427,869,564,746,289,167,610,631,721,202,548,204,714,23,297,604,958,667,47,146,779,151,18,125,194,721,153,887,299,756,23,36,494,970,629,958,494,522,250,52,724,55,916,87,755,784,74,42,770,62,490,47,1003,329,728,721,1007,316,566,747,661,63,426,83,63,204,260,626,411,216,690,682,169,41,81,63,319,217,459,41
851,278,466,325,357,383,804,923,501,833,886,1014,729,914,367,956,372,57,383,118,291,131,322,818,321,219,853,623,371,350,97,25,211,127,853,880,369,967,502,121,77,835,772,973,323,134,210,33,118,66,971,67,399,380,222,366,384,979,355,631,366,807,587,965,978,607,22,222,968,119,985,124,181,327,938,990,851,371,354,802,788,813,450,246,802,902,18,117,1022,755,435,868,276,274,369,609,929,907,123,67,1010,914,843,1010,305,723,998,466,178,610,450,398,835,981,953,355,1010,327,110,66,643,860,995,422,828,155,626,757,66,706,64,335,98,516,961,353,661,410,127,885,383,267,841,872,338,907,335,511,918,484
853,781,268,412,985,804,45,547,588,429,812,469,997,83,337,300,818,701,467,985,444,369,274,1009,437,172,986,277,430,443,476,412,976,525,787,448,300,433,313,389,469,219,419,402,554,1002,289,928,457,425,199,821,47,435,467,993,211,462,43,392,416,977,412,816,352,1018,149,463,653,482,848,114,556,277,848,853,471,412,755,637,796,268,277,471,720,656,480,393,183,190,431,977,988,651,300,817,997,273,384,364,357,405,986,668,976,844,429,435,465,477,509,455,393,415,739,779,853,385,111,778,285,813,999,1008,812,400,459,402,785,467,314,806,780,817,389,429,460,408,829,978,821,973,812,687,402,982,1001,445,811,740
151,883,733,576,125,839,574,574,59,542,427,891,388,583,858,729,130,414,641,159,395,587,546,607,226,131,569,612,660,27,779,493,955,427,519,228,834,709,789,642,58,11,211,413,196,484,794,723,87,5,58,515,10,576,775,208,570,468,592,368,722,1020,70,546,722,568,435,915,551,631,90,387,251,8,985,576,622,57,923,883,836,108,448,579,687,583,832,259,979,483,828,414,449,537,357,257,28,4,38,638,739,713,572,695,513,883,594,627,702,28,432,386,1011,123,327,702,130,51,841,825,852,406,368,903,993,453,389,338,608,583,567,614,24,319,410,574,49,639,138,836,109,463,2,698,688,82,813,141,803,410
84,342,54,845,662,214,856,176,89,122,54,596,515,449,914,901,747,46,931,787,27,579,526,806,705,218,536,11,935,942,118,446,658,212,425,87,314,558,11,76,86,116,33,604,678,684,597,334,80,80,407,150,130,549,596,937,931,161,201,927,291,391,35,609,610,803,540,30,87,651,668,548,622,146,913,752,295,471,769,357,42,243,375,487,265,755,272,617,71,961,110,174,887,84,617,803,577,1,702,616,129,254,93,596,804,735,782,711,252,848,1000,833,682,468,686,46,676,640,595,70,595,467,342,859,359,411,617,698,614,870,556,270,742,868,54,64,33,526,660,150,453,443,46,1004,809,471,920,936,6,103
605,122,26,284,255,990,3,543,556,893,452,654,716,620,418,989,670,118,45,322,578,45,474,706,262,699,144,600,962,27,500,126,404,337,192,959,147,437,524,544,580,203,41,605,60,571,452,699,220,28,619,719,782,657,149,386,238,521,723,529,634,221,607,579,864,427,985,141,969,615,876,34,716,426,659,915,64,277,204,155,244,600,577,86,945,137,476,844,357,26,498,40,28,914,538,631,230,426,521,26,426,191,573,256,367,279,116,260,137,284,542,620,76,795,235,561,461,316,549,748,506,309,555,838,706,34,794,724,159,43,524,90,205,923,30,45,106,607,443,860,601,401,278,559,471,202,619,148,629,785
610,434,395,971,981,182,572,266,98,985,314,70,885,499,422,621,67,262,966,430,248,873,963,884,178,623,989,118,511,101,587,537,868,380,845,954,322,1013,323,945,202,1012,463,610,119,355,670,578,383,963,909,262,628,335,66,601,435,834,364,931,422,222,287,134,443,115,263,228,99,900,113,995,455,715,447,987,74,366,990,854,610,547,335,585,994,256,721,564,242,130,726,68,444,1019,564,74,486,966,110,341,138,929,957,863,982,975,918,819,847,445,603,966,797,122,246,1023,562,623,692,835,14,349,100,634,857,860,834,645,923,325,870,335,910,733,426,379,650,886,348,434,572,818,465,963,963,318,584,50,387,178
256,476,301,297,1000,465,408,487,29,977,928,428,718,144,717,342,524,208,28,427,412,476,876,812,275,188,858,431,840,980,668,429,67,409,796,985,265,800,690,556,609,971,870,408,375,513,564,836,883,294,986,343,83,693,20,276,57,412,300,425,281,814,812,488,797,296,222,883,808,653,1005,305,954,813,281,666,684,298,403,816,464,303,820,428,476,989,812,428,982,429,429,83,816,570,737,816,436,681,616,297,793,835,461,936,414,1001,721,421,431,588,305,465,454,985,1004,476,405,688,777,739,818,1005,990,288,659,716,433,492,429,816,971,747,286,464,1006,955,854,720,982,461,716,461,804,281,589,440,979,977,858,797
450,450,444,367,835,222,560,450,184,411,593,569,533,355,149,779,451,258,878,794,263,413,459,467,830,57,698,670,1019,468,642,481,423,514,657,507,66,178,623,594,434,791,971,383,513,475,87,469,77,443,784,469,622,670,769,497,188,723,474,117,539,51,142,63,851,602,639,702,482,423,708,39,961,129,20,443,1020,948,583,763,296,444,717,51,830,766,695,78,572,961,84,66,321,752,524,946,369,46,425,686,344,720,835,385,1023,517,541,222,810,922,702,323,71,515,263,341,31,412,385,694,43,848,525,64,1019,129,279,27,19,47,442,600,574,159,127,387,443,419,87,27,896,387,899,555,887,375,338,815,713,210
11,323,204,33,723,91,345,697,678,299,337,471,330,842,299,554,44,458,290,719,156,72,678,155,793,306,966,22,139,39,42,110,28,174,549,691,939,551,222,691,3,712,214,3,212,458,843,723,410,961,666,554,779,206,95,597,660,23,139,150,554,364,835,526,586,558,385,493,14,487,30,38,533,54,686,654,363,434,213,253,887,385,196,128,843,297,336,363,75,787,1015,42,797,908,210,10,119,622,550,834,650,839,423,794,250,298,571,299,939,471,199,710,570,742,852,899,652,443,647,983,87,363,19,691,855,295,779,5,23,46,1006,597,61,169,778,179,497,170,142,81,189,599,786,525,746,187,916,763,763,175
716,636,738,417,482,282,273,603,21,141,988,352,92,28,832,538,33,110,255,562,585,607,1005,957,307,537,438,642,620,82,60,545,12,879,201,915,787,444,60,116,205,531,599,638,955,482,748,947,500,60,139,84,282,589,652,965,636,48,772,563,12,407,955,365,82,607,580,212,384,100,549,273,435,227,810,10,533,436,21,201,80,903,394,608,592,649,30,42,236,608,81,952,239,308,428,17,209,788,201,336,207,601,510,989,26,992,654,236,279,43,685,561,453,489,878,723,486,708,17,999,578,992,196,625,605,197,929,493,721,421,913,394,18,537,557,28,103,521,214,864,444,290,913,25,209,236,595,201,53,532
184,971,281,434,623,694,589,576,458,422,387,76,579,300,106,70,458,300,58,407,957,71,554,739,459,453,983,966,549,447,765,581,311,934,434,459,461,68,955,335,407,306,127,580,907,842,74,250,191,607,886,523,306,597,928,387,845,79,493,835,296,891,917,202,330,954,822,127,98,963,451,984,823,590,975,91,973,242,303,187,837,410,599,729,890,319,501,571,406,260,762,103,452,733,399,124,573,490,163,842,74,449,963,892,348,314,850,944,803,965,498,371,314,290,451,566,519,10,161,21,339,12,112,506,75,34,474,483,630,330,635,924,114,375,564,195,955,330,387,95,23,354,70,924,763,171,98,34,424,418
898,25,939,380,364,353,481,716,852,842,292,356,906,460,929,905,403,258,133,713,429,837,261,713,416,885,356,869,316,292,427,776,665,632,853,684,409,97,980,155,1011,17,851,1005,1003,352,492,895,157,261,883,808,802,612,691,82,354,612,337,617,834,901,707,419,261,810,395,389,738,165,788,397,1007,507,868,940,348,1016,729,749,405,781,973,996,417,589,348,274,713,987,455,860,377,150,869,665,226,965,228,705,993,467,377,992,220,364,980,281,333,393,620,791,645,252,210,375,700,980,803,332,444,401,818,673,157,409,214,157,389,838,364,316,501,465,810,453,620,995,356,492,385,685,385,900,26,413,953,805,152,583
383,3,250,363,831,264,140,911,872,815,33,962,381,1019,374,691,573,583,285,514,68,250,196,269,4,229,1018,411,424,238,70,12,1019,6,1018,995,255,475,71,186,411,115,999,164,627,631,189,771,916,363,203,286,623,922,558,994,255,597,38,238,79,893,18,119,731,658,775,374,644,501,174,208,35,206,490,344,138,242,68,71,155,614,279,967,993,403,411,370,31,143,987,788,244,686,26,740,399,250,358,114,818,375,85,493,193,147,21,843,876,113,129,772,519,635,635,282,235,1018,18,258,242,87,403,1010,274,236,538,370,784,246,613,412,532,993,248,386,314,990,471,284,797,997,818,562,326,191,772,166,634,168
581,557,386,282,261,605,657,61,625,856,308,892,658,163,261,125,673,404,701,253,930,699,25,546,860,644,193,733,282,475,658,642,139,301,547,189,732,710,606,156,800,172,381,341,116,800,445,131,289,195,481,179,149,729,525,715,701,541,701,545,290,861,757,253,269,642,874,765,652,374,573,382,140,711,741,731,657,653,180,289,540,536,761,172,812,304,129,258,800,732,117,236,529,92,661,731,532,405,253,693,524,269,785,194,295,289,180,140,533,33,169,604,990,802,661,704,232,682,316,763,797,180,685,75,818,444,225,185,949,141,826,355,592,992,667,756,235,969,593,317,925,593,829,306,516,751,464,692,835,532
432,587,913,626,604,666,130,827,961,551,89,586,690,438,130,977,570,858,81,71,594,613,90,607,790,26,282,167,666,98,84,446,170,438,629,235,615,965,218,741,476,603,127,657,55,395,857,910,470,441,86,567,708,194,92,603,59,218,808,570,428,674,691,55,617,220,586,790,55,666,98,336,488,599,590,139,42,123,470,114,122,242,30,342,827,31,424,567,601,535,474,229,107,28,1019,678,51,695,459,166,215,961,431,1019,662,987,113,180,804,627,546,807,402,28,155,194,98,666,229,575,400,126,722,150,22,506,698,727,971,932,106,604,130,459,128,28,1019,59,487,615,836,794,470,858,666,150,100,59,650,954
45,606,785,999,46,66,159,698,606,739,164,271,650,606,565,214,44,928,78,929,823,461,719,42,616,110,153,105,950,899,744,982,749,816,495,417,937,418,265,106,933,226,40,745,681,941,225,253,847,366,521,45,110,650,302,794,823,23,669,599,950,418,237,8,248,38,15,759,656,26,104,545,818,240,299,166,106,227,5,976,392,78,470,119,236,809,75,561,386,813,47,63,367,712,195,872,22,808,225,401,714,229,679,440,232,46,316,532,929,33,553,568,633,204,77,598,33,173,392,626,216,790,29,590,623,88,589,489,16,614,430,106,275,839,754,712,46,7,765,680,695,742,494,526,342,529,10,224,543,888
210,640,797,763,100,558,625,524,12,264,488,780,393,619,665,700,921,1014,244,235,328,317,228,112,125,881,324,12,113,86,785,622,637,381,765,1005,20,12,488,363,656,664,142,245,129,757,904,481,939,245,669,157,293,628,881,700,246,244,192,488,627,4,660,907,636,145,928,107,901,636,921,1008,112,245,515,146,56,225,141,81,145,993,82,925,696,175,61,702,719,735,640,37,141,116,14,151,253,904,112,642,970,657,756,627,990,105,669,143,28,110,625,627,17,369,1004,102,664,920,142,10,293,10,120,553,520,104,541,1013,534,568,283,209,53,705,660,648,512,43,660,920,408,657,688,923,8,628,297,624,552,108
589,83,725,739,762,477,89,660,471,549,1,982,928,290,52,325,527,188,34,583,757,357,52,7,476,90,27,801,16,73,289,864,397,682,505,807,548,453,559,160,36,16,480,28,169,594,235,570,225,783,417,953,801,937,248,529,57,732,983,103,505,442,549,52,480,504,972,29,23,461,920,405,773,804,481,544,33,574,392,853,25,57,971,26,516,87,167,218,935,1022,87,999,815,1016,31,64,167,928,418,87,33,730,61,918,544,556,481,507,28,1018,84,526,87,295,217,92,165,509,21,545,652,944,256,1018,1012,504,732,292,769,15,50,28,801,45,975,590,938,900,36,34,36,173,254,545,935,717,993,582,766,798
301,639,858,244,245,372,676,439,1018,850,200,312,452,112,674,395,51,475,804,347,244,194,180,4,39,172,252,42,36,212,676,805,789,607,764,856,228,29,567,802,884,521,852,349,297,444,166,424,4,196,785,808,510,9,604,896,348,983,604,985,418,194,196,257,612,74,220,383,729,806,197,808,1,806,431,632,760,741,999,678,50,372,9,180,460,298,434,592,6,780,258,285,244,654,591,680,609,458,357,436,124,256,934,552,693,265,803,308,703,770,699,736,810,902,688,871,80,697,749,695,721,52,868,900,949,557,778,731,989,88,895,1016,210,748,947,65,875,124,339,200,194,989,692,615,56,292,712,600,482,325
124,190,212,694,33,34,487,616,445,259,385,132,317,832,262,684,66,483,534,569,716,927,94,660,898,538,483,10,258,60,412,999,495,630,191,74,414,542,191,2,542,94,225,191,386,258,74,687,67,445,606,122,31,5,225,76,933,682,735,313,679,247,963,584,132,802,151,380,68,126,415,194,978,665,920,605,547,983,572,191,37,178,102,254,102,959,1014,557,419,247,1020,421,926,56,530,989,84,601,971,89,213,957,833,89,287,636,406,690,991,925,542,914,443,697,735,26,2,215,162,307,914,221,316,153,447,465,438,26,538,364,574,498,558,532,540,717,552,586,66,959,398,420,802,573,530,70,989,711,511,270
374,76,44,697,721,742,6,542,536,480,369,668,480,40,664,865,423,765,401,503,537,577,679,615,613,789,873,77,897,793,870,275,486,33,353,671,101,486,614,737,184,600,425,120,926,849,742,928,552,797,288,798,871,239,798,429,1008,385,486,357,403,797,737,354,849,512,926,384,408,664,115,57,787,849,277,863,811,504,908,609,0,357,486,125,977,424,978,865,499,499,720,19,600,490,717,600,478,5,877,961,121,126,610,401,734,617,1011,277,184,613,511,609,40,336,833,947,629,464,728,545,878,936,613,791,663,486,912,352,504,599,973,631,464,945,9,6,669,705,549,749,25,150,981,806,849,407,28,783,652,360
841,54,517,540,624,529,341,63,697,18,358,119,323,842,128,641,1008,700,513,451,29,669,781,995,681,692,908,836,78,524,402,892,749,999,691,433,885,790,74,880,47,207,409,825,729,778,515,352,350,141,925,335,47,904,449,381,302,105,303,928,958,207,624,336,137,422,681,739,682,753,445,158,140,320,656,405,1020,445,14,389,50,399,385,433,749,29,882,309,691,626,61,344,466,516,108,463,108,892,463,414,877,641,11,912,61,629,964,15,27,21,125,113,16,168,781,325,636,389,950,1,638,537,956,337,519,370,901,712,824,749,1005,140,884,956,414,459,897,917,397,1009,399,637,17,665,145,413,443,993,616,540
896,760,207,246,368,662,405,409,656,518,885,326,75,772,782,870,639,806,139,393,211,73,648,412,390,1018,598,802,520,368,476,779,889,978,615,576,858,377,668,810,415,66,378,902,127,443,664,407,476,588,498,120,390,191,154,250,395,869,65,601,769,416,407,509,670,262,908,372,883,952,97,998,298,600,986,504,797,352,885,101,776,506,798,617,781,225,155,250,192,261,353,249,467,772,889,128,918,805,777,134,675,640,1014,928,584,906,400,464,696,378,666,111,104,718,75,398,326,466,666,469,70,358,459,1016,443,390,642,980,183,427,139,228,374,28,450,507,904,893,674,412,134,602,454,21,8,890,666,12,759,206
644,10,115,496,266,655,458,1002,745,740,623,623,26,311,787,327,827,626,444,519,372,666,231,387,645,251,365,0,14,693,485,624,45,549,677,741,386,126,780,491,252,369,524,631,20,483,202,12,234,773,499,458,563,773,195,759,451,1023,774,3,46,15,693,602,638,154,902,743,594,840,882,140,143,416,718,522,85,622,579,519,10,363,115,21,252,531,451,938,187,529,938,507,387,809,638,385,255,588,362,570,954,753,669,983,780,972,819,524,181,405,138,329,12,515,126,585,506,446,163,394,645,92,508,90,138,592,815,346,68,621,132,509,202,479,647,917,559,602,12,283,754,820,179,767,626,866,10,6,522,88
658,736,22,688,177,88,744,716,456,461,224,491,625,576,65,671,60,602,688,599,816,116,735,972,62,924,581,679,197,988,688,158,652,21,17,17,178,568,207,29,765,44,846,62,23,859,965,987,561,15,574,524,827,461,0,967,335,625,618,908,129,705,687,624,710,82,16,33,693,73,604,639,80,18,113,6,877,834,926,1,315,872,278,658,41,252,402,652,42,574,844,693,686,636,918,129,8,79,756,625,129,23,456,64,44,113,753,29,574,0,680,699,113,765,812,841,222,566,72,447,696,392,16,7,652,392,44,204,562,693,697,634,60,418,463,197,622,950,1016,447,968,706,448,463,201,737,700,966,1,616
349,476,869,956,331,490,896,124,12,504,728,851,921,392,367,509,506,92,539,285,892,469,62,20,731,554,403,853,405,470,633,943,760,108,277,508,84,277,450,419,420,391,885,916,808,389,485,293,797,609,813,609,885,864,1002,908,953,789,468,629,896,64,387,843,778,127,387,709,450,505,280,355,264,778,510,408,538,341,629,125,34,1007,916,908,938,997,532,379,996,629,110,917,497,348,925,329,985,354,510,502,280,416,116,508,405,851,1002,408,285,925,148,384,340,379,148,916,481,124,407,962,477,92,389,908,500,623,122,923,975,855,893,11,388,736,401,412,927,581,921,413,610,333,846,520,324,541,418,998,403,500
153,442,486,142,140,703,240,353,172,317,714,324,186,310,810,794,865,696,932,201,874,153,825,825,479,419,783,318,827,890,312,864,342,486,184,806,806,132,447,862,953,308,806,317,346,840,324,480,932,191,447,959,428,292,475,420,486,881,774,219,834,945,911,858,618,308,773,94,783,354,516,312,676,189,395,510,892,558,259,693,667,838,769,291,668,193,890,810,962,186,865,42,808,328,831,505,451,853,314,742,184,194,36,188,778,264,842,371,279,846,711,48,953,169,312,940,991,131,184,63,697,259,266,4,806,783,192,825,423,777,309,932,62,217,263,186,424,683,728,583,184,993,825,812,711,889,1015,604,290,825
855,201,48,416,371,753,92,730,927,724,636,193,617,489,937,854,684,224,972,844,233,462,708,680,436,790,265,365,681,281,324,885,55,326,884,654,497,672,137,191,590,648,935,852,714,676,894,339,463,194,331,1022,354,329,705,458,160,937,214,652,305,849,495,339,692,583,370,956,820,200,465,193,177,313,826,853,456,602,424,725,358,351,150,990,302,343,196,308,49,339,718,471,341,366,521,282,297,841,787,335,658,41,170,304,425,393,926,661,425,506,439,183,916,712,137,885,176,388,369,394,252,621,492,640,658,460,728,893,426,846,151,801,937,420,200,810,240,36,741,119,297,585,649,465,297,858,844,297,873,595
648,776,605,782,241,807,582,374,247,781,461,308,689,829,838,372,413,767,180,419,132,193,392,489,384,302,97,180,561,265,924,699,456,176,456,236,567,852,569,661,830,1003,452,172,640,861,300,776,782,129,564,429,769,640,512,449,390,225,116,951,753,316,616,967,624,377,65,716,1,150,164,823,390,8,133,720,766,425,233,710,423,332,944,887,135,313,101,639,535,311,831,384,688,1015,777,142,465,425,177,623,666,588,241,798,393,368,489,936,893,304,774,781,974,180,907,244,305,758,374,686,383,260,767,618,449,897,724,164,701,797,564,350,748,926,479,693,652,442,417,983,225,375,858,25,654,726,813,1015,449,901
435,30,914,47,602,114,614,442,494,713,331,483,226,621,511,362,875,349,611,498,486,495,484,399,664,146,882,940,905,940,927,386,620,1006,407,947,362,851,423,549,395,506,34,879,871,282,444,392,704,538,399,630,338,579,690,402,873,462,623,34,134,951,390,103,326,143,222,558,666,12,616,146,366,497,410,407,355,485,871,463,623,402,466,783,862,289,202,413,935,275,628,1003,630,455,930,430,362,788,402,883,942,406,402,409,114,344,421,926,879,411,538,613,114,938,874,598,623,925,490,951,90,474,595,622,622,906,491,927,539,625,30,926,490,473,94,871,414,883,931,994,446,853,10,739,943,602,623,409,934,488
95,193,911,559,946,46,411,72,233,703,46,232,76,320,846,793,163,974,682,60,86,653,206,767,541,989,409,95,721,714,759,559,232,396,591,746,583,473,62,204,80,214,425,741,729,402,355,575,807,313,688,36,551,484,888,583,502,211,969,520,792,694,258,846,675,63,312,48,739,797,73,420,792,810,837,97,526,62,432,221,825,727,1,553,614,976,654,173,334,238,946,89,734,876,761,63,1,686,970,845,769,240,190,62,182,946,569,593,942,75,38,694,559,217,333,697,687,184,195,914,81,89,527,557,221,816,896,218,742,62,63,974,943,63,567,17,307,844,74,270,976,314,675,30,63,152,477,772,48,167
114,231,155,974,821,883,331,303,299,212,383,403,855,555,326,979,148,771,155,562,166,363,795,562,155,540,90,746,202,755,663,354,824,680,863,907,395,527,551,961,315,45,203,363,866,883,228,371,987,758,360,1013,307,211,331,214,347,779,140,380,563,866,155,746,214,546,115,534,360,971,86,919,166,779,980,178,229,301,550,179,215,595,843,566,231,311,117,769,446,779,741,731,970,830,238,94,1011,762,138,375,227,359,371,1012,878,869,323,987,725,1011,139,716,523,339,1015,780,150,774,122,918,378,212,754,728,867,418,295,147,759,662,114,187,292,363,627,372,186,107,666,526,299,768,1013,235,811,557,43,63,552,403
354,496,219,298,138,186,168,94,750,944,168,182,670,336,543,434,884,382,276,176,771,226,171,915,288,412,168,810,783,402,231,249,819,174,163,87,746,97,903,791,654,842,1009,144,881,497,362,7,79,170,139,156,823,329,180,691,291,82,872,798,353,459,210,718,866,275,718,938,148,159,806,555,675,27,658,591,161,274,747,190,285,827,798,776,782,721,395,254,148,783,190,985,175,291,402,278,881,270,206,1,153,902,328,827,627,387,176,363,353,822,780,153,705,684,729,137,739,658,767,801,170,833,318,155,617,352,818,144,747,847,948,360,96,658,240,206,349,11,809,689,63,139,206,159,655,766,125,61,347,292
851,864,94,918,862,483,955,808,647,46,123,318,833,461,743,749,598,63,789,863,547,88,293,427,1005,942,895,447,585,627,950,549,918,635,941,478,338,56,830,454,816,402,894,804,946,880,948,952,929,339,82,75,579,59,34,96,990,62,99,45,431,723,894,467,82,598,374,994,614,18,60,472,495,316,71,91,1005,607,519,634,862,608,535,790,770,420,1016,128,431,589,856,379,853,690,318,952,47,832,987,1007,315,833,80,931,541,800,957,963,415,799,56,866,185,72,958,62,643,81,945,50,870,475,390,970,791,506,925,542,77,947,162,582,470,894,675,991,928,118,843,847,774,470,55,88,459,1004,793,488,494,534
996,55,299,235,402,882,226,961,331,117,155,514,355,3,363,288,377,188,140,280,321,130,826,795,730,679,155,640,230,738,640,664,230,808,137,76,6,480,670,710,848,722,579,165,706,936,691,462,204,591,699,863,145,675,628,128,283,683,622,793,102,748,766,688,250,91,137,892,830,331,417,220,724,147,335,622,32,678,964,833,878,331,335,385,937,818,363,732,19,91,894,396,666,800,958,335,686,106,135,225,122,17,842,606,642,487,276,363,424,137,72,291,171,718,958,174,641,707,703,230,284,469,127,62,842,675,476,849,302,730,683,256,858,67,910,707,11,632,715,377,490,250,342,297,143,117,870,321,287,701
931,671,1014,80,351,940,701,704,70,656,702,127,7,147,360,848,192,40,689,95,720,803,363,556,801,679,159,138,899,531,652,338,847,560,863,461,191,128,929,959,298,355,465,275,302,211,760,927,780,375,707,223,424,205,223,288,425,280,247,999,33,215,750,705,717,833,205,608,607,130,736,151,47,844,357,160,192,862,795,339,318,258,211,656,160,750,704,3,220,832,580,175,232,45,715,80,761,809,710,654,273,780,160,466,40,728,680,791,57,972,351,209,850,3,112,304,13,215,879,748,748,940,71,211,105,301,1,800,883,711,930,56,23,802,460,999,190,211,926,363,99,87,125,289,40,318,640,686,1007,672
29,257,686,870,478,600,739,899,448,556,29,569,713,286,921,351,828,955,413,96,513,885,459,73,598,473,189,1,599,598,872,293,504,806,805,153,217,217,541,864,608,842,921,46,475,859,576,757,693,615,5,806,276,86,330,860,296,347,803,832,276,968,784,932,28,971,350,467,531,679,933,560,534,848,38,810,757,556,657,840,469,852,288,521,528,201,805,672,791,550,2,32,130,87,796,905,946,528,447,680,932,30,860,217,189,860,468,22,764,153,337,936,545,606,221,758,153,921,860,798,44,408,635,96,260,978,609,790,310,243,872,102,801,868,213,875,388,309,10,678,715,96,1008,439,896,205,89,481,689,136
1023,979,431,542,98,403,387,1000,991,905,360,999,702,926,430,531,262,343,1023,288,462,936,354,532,963,580,991,811,406,655,303,543,352,469,382,544,593,43,597,423,532,1007,502,34,991,818,287,173,467,287,662,580,26,311,151,298,967,849,376,857,480,323,126,605,431,839,900,960,429,106,360,105,301,416,666,595,918,387,899,1005,914,1018,347,928,103,802,75,878,161,842,111,35,262,430,940,27,911,416,662,862,946,727,417,1001,511,455,506,454,536,507,968,991,455,942,910,81,413,932,619,350,278,415,558,852,414,163,383,465,27,974,43,424,840,855,709,991,360,735,149,104,399,526,411,88,926,385,977,170,352,169
84,351,211,545,170,779,431,83,707,379,224,211,209,571,162,186,579,7,682,926,741,215,827,560,450,328,614,622,34,547,642,606,889,690,59,739,578,597,122,1021,731,336,637,886,803,508,275,296,583,606,583,180,351,206,605,721,675,481,687,594,191,709,204,424,771,78,195,763,517,884,696,616,810,766,501,639,685,544,228,226,223,519,590,382,990,744,235,162,988,732,223,766,206,531,215,603,195,615,380,813,679,687,763,33,206,706,162,675,62,743,347,475,442,674,716,834,466,194,166,63,162,578,59,880,578,170,576,783,38,664,163,46,851,325,547,208,909,307,179,108,930,254,675,546,675,592,632,479,223,198
336,265,383,692,892,847,34,841,479,915,898,612,93,338,927,980,665,349,175,651,857,797,870,1002,767,413,983,950,383,726,386,213,948,451,270,270,879,532,296,150,849,476,606,733,348,849,682,75,915,584,363,338,921,150,282,700,132,288,360,763,148,847,918,7,944,381,599,78,351,159,376,278,750,374,899,200,142,352,911,831,129,801,255,692,290,889,523,153,925,225,113,974,772,819,889,964,908,801,132,726,264,262,693,550,10,229,833,834,702,857,645,117,847,373,733,152,432,359,410,106,912,714,371,160,733,393,835,288,886,301,394,879,835,113,841,921,268,719,687,330,371,212,981,948,392,855,856,680,24,909
998,784,630,423,499,935,864,874,258,366,502,809,506,819,413,625,687,777,800,784,395,770,454,782,732,9,183,418,272,418,744,979,753,854,326,879,796,851,851,402,153,318,946,771,94,374,502,126,625,654,275,737,7,807,15,123,292,526,550,313,610,494,811,499,277,497,811,887,882,830,790,821,226,162,626,777,302,325,860,31,995,458,286,465,818,851,82,15,847,22,72,272,110,366,160,625,112,337,283,870,479,486,110,36,768,723,740,192,843,982,124,862,723,438,610,396,780,204,462,396,907,795,742,877,143,55,441,494,78,223,666,829,417,510,656,158,464,454,273,272,132,305,782,318,337,866,275,395,768,954
987,722,808,511,739,70,325,504,997,7,482,2,795,912,912,1014,139,232,717,57,521,306,751,633,910,504,31,513,825,224,896,291,763,326,513,360,112,370,912,878,825,608,354,935,267,984,629,927,939,809,654,886,886,1008,327,521,911,953,504,847,869,256,571,8,304,46,894,909,40,936,992,1000,513,261,425,927,325,266,957,783,889,920,878,815,191,752,400,1000,463,880,376,944,310,871,255,368,121,520,355,373,374,1010,39,898,608,328,976,954,847,1000,180,705,758,639,741,867,904,950,263,332,331,360,89,905,586,317,328,801,56,160,376,823,797,991,825,406,89,178,880,725,360,973,633,62,960,191,181,902,643,21
190,604,926,420,84,935,318,123,663,483,650,574,349,91,86,679,295,955,591,87,214,927,429,435,379,634,546,842,551,327,803,174,832,59,954,414,66,631,33,670,582,711,7,383,43,287,383,318,965,631,923,632,478,895,58,475,858,66,939,446,91,314,686,773,312,131,867,733,7,595,634,794,631,98,926,990,783,837,589,934,107,51,916,986,83,75,439,366,834,514,660,33,91,584,448,576,829,794,386,578,232,439,274,551,634,431,667,359,884,574,791,43,934,854,846,967,127,953,79,615,693,982,417,871,42,631,346,848,377,1010,919,589,94,535,10,59,662,22,173,1009,555,609,679,440,646,823,973,926,164,743
226,763,431,917,207,270,376,561,936,278,478,866,624,375,540,918,301,139,1006,354,1006,418,916,792,913,581,687,112,658,913,254,789,471,383,918,249,833,132,40,852,963,886,359,983,912,284,371,866,789,426,215,481,955,328,237,854,571,663,900,913,940,156,146,918,369,923,886,301,143,751,153,141,156,362,279,367,890,429,615,881,725,857,883,362,150,323,166,169,431,375,162,911,259,893,394,152,289,902,553,1011,611,917,928,779,369,117,487,592,750,795,431,74,819,799,917,320,399,179,913,927,712,661,913,620,328,206,796,352,793,862,148,741,770,888,850,289,162,496,763,310,356,276,844,164,908,197,353,332,303,857
553,148,215,423,211,102,550,56,801,72,961,17,663,823,267,130,214,176,714,191,681,49,434,222,385,87,561,673,182,117,347,89,718,7,335,593,350,159,23,552,702,213,80,400,0,714,106,603,576,894,879,283,644,252,672,17,414,771,557,255,931,433,120,480,130,40,138,29,16,59,535,289,49,439,532,211,1001,62,317,147,442,25,237,993,736,80,63,439,564,941,62,480,567,591,433,176,742,382,161,736,527,79,319,352,999,750,37,589,715,35,401,719,712,177,116,723,596,222,655,222,188,74,705,326,392,368,583,316,1,995,289,447,476,275,265,272,550,157,1007,905,30,71,81,742,88,71,8,110,299,959
282,841,878,781,647,102,823,59,250,723,885,758,502,726,938,482,942,841,322,823,230,200,883,886,551,307,797,507,819,479,859,214,740,874,280,190,266,98,422,466,315,802,881,244,67,779,784,508,867,214,380,464,133,292,758,308,787,883,936,719,358,819,423,278,472,457,246,505,713,938,849,505,587,782,392,724,176,601,891,378,307,986,758,510,464,665,790,275,485,166,787,465,793,333,735,755,92,186,866,666,698,796,790,679,381,310,183,986,295,831,175,803,886,287,176,313,533,494,136,274,131,413,607,737,752,315,160,143,795,711,776,849,793,223,166,671,410,312,370,517,738,92,927,851,282,720,694,551,932,307
583,590,965,39,572,559,566,571,459,727,485,876,1,730,608,1002,603,686,229,778,444,639,548,891,571,991,690,576,32,1010,587,75,637,571,706,374,269,35,564,45,473,3,245,604,81,60,36,156,512,186,586,210,1011,822,554,643,225,250,224,844,587,325,434,675,851,965,467,628,463,564,13,443,339,39,35,570,629,619,845,231,438,630,645,106,778,564,1021,218,646,289,971,433,237,27,839,502,791,26,987,514,333,13,958,587,624,829,1014,494,218,499,435,474,742,582,60,637,373,303,445,435,626,626,571,43,573,18,713,557,218,581,1019,187,147,554,46,9,1003,566,495,971,914,985,1008,969,220,63,639,765,626,992
825,547,866,291,877,438,559,853,927,949,31,292,317,209,606,366,506,771,547,539,814,292,530,348,645,643,678,955,477,291,848,765,963,239,677,475,933,188,95,979,431,947,152,604,539,1005,291,303,171,122,259,703,263,291,785,494,651,995,691,961,966,411,427,949,490,749,316,472,619,419,343,67,292,381,318,294,96,741,355,79,882,84,640,373,188,495,756,310,99,901,342,31,859,934,214,286,475,315,262,414,413,976,118,558,747,319,410,394,264,797,475,878,187,468,110,591,374,707,296,647,290,675,373,419,379,326,710,934,500,865,679,417,347,404,583,702,931,283,866,291,415,731,941,383,726,868,894,894,709,426
370,119,528,783,513,939,278,653,446,234,800,120,448,156,142,155,220,115,408,671,608,621,352,632,284,657,346,316,297,905,942,799,717,617,805,864,121,256,230,992,592,681,781,144,864,769,536,528,905,653,671,869,798,783,480,515,317,957,912,517,773,285,868,848,768,372,281,632,406,909,144,916,773,149,485,40,504,783,185,662,845,406,607,709,678,175,667,847,142,876,872,238,879,864,270,279,54,233,736,736,881,895,90,409,24,865,141,677,93,815,53,912,992,745,743,735,641,917,0,95,881,352,477,28,280,1016,174,844,248,617,789,879,844,719,719,351,559,926,347,208,132,463,197,175,317,29,896,592,416,216
651,559,771,279,7,719,414,849,790,786,679,375,983,305,310,391,267,11,850,368,346,432,759,904,910,787,206,898,849,646,969,270,990,471,179,427,676,422,14,455,751,762,985,318,7,783,945,906,463,992,490,55,211,330,974,485,306,882,808,887,502,483,759,887,750,894,759,648,375,420,511,6,459,295,281,93,493,270,1014,334,875,390,1010,926,139,691,809,432,305,910,178,719,257,75,807,491,498,1019,777,287,561,318,532,912,679,744,186,664,316,331,654,136,175,855,759,786,264,133,482,306,519,352,751,810,847,794,263,790,912,910,715,6,206,15,15,657,434,310,271,455,887,276,860,7,11,142,83,955,735,967
90,345,38,55,128,707,194,161,622,835,968,246,563,92,70,698,731,169,706,197,590,191,773,1022,548,691,129,307,517,181,543,718,33,722,175,38,767,293,169,102,711,695,141,710,213,190,538,519,136,678,690,853,22,198,133,774,148,225,554,387,555,577,492,892,616,338,137,165,66,707,847,83,334,130,705,293,883,613,315,1005,28,733,713,829,755,152,175,724,735,833,582,384,81,572,742,182,94,782,804,198,165,70,713,738,687,57,643,143,835,946,640,189,169,170,978,1015,747,686,315,686,246,780,291,774,0,163,169,245,678,172,699,678,684,710,179,798,672,196,150,154,146,578,959,726,678,377,759,140,563,566
546,512,176,221,909,146,464,644,80,477,44,278,644,470,107,496,400,13,921,967,780,229,272,712,940,16,503,502,9,524,598,160,70,140,224,496,290,79,898,948,701,626,573,252,555,296,755,547,520,78,628,254,503,762,226,3,924,396,587,212,512,110,562,104,200,244,514,140,521,635,637,573,754,525,898,701,238,893,713,567,47,911,784,905,146,55,628,14,368,55,992,523,240,32,13,147,265,17,209,45,77,748,648,760,599,752,6,425,712,727,821,11,344,951,831,991,940,42,80,562,43,905,868,240,43,727,696,917,562,652,522,139,456,255,506,544,512,237,119,204,7,512,69,255,130,514,584,632,497,946
380,650,870,250,342,342,843,794,650,640,903,891,303,362,613,664,226,491,336,382,870,907,567,918,867,635,920,491,898,357,343,954,907,303,342,327,837,935,382,443,442,392,587,375,499,935,383,758,654,69,582,234,175,71,919,326,847,311,279,858,406,955,870,265,367,555,326,865,906,266,229,944,940,383,1015,392,882,861,379,396,875,371,523,375,367,439,202,277,726,342,936,991,555,235,951,809,263,715,390,443,923,362,783,921,208,1010,598,251,880,394,762,437,525,120,248,854,834,443,421,296,587,443,1013,863,703,370,944,427,117,383,378,663,376,583,17,277,203,315,375,778,646,775,416,682,874,439,799,331,342,867
326,458,591,204,690,441,1019,439,823,257,562,143,228,60,749,186,410,847,474,694,2,822,61,443,857,829,211,636,682,418,298,391,554,710,631,682,567,186,682,274,692,847,582,202,762,765,562,690,857,810,344,591,871,582,598,495,755,430,847,940,371,589,806,586,367,186,809,826,133,397,714,96,406,370,593,199,105,661,359,59,370,579,587,582,333,128,63,954,598,699,694,854,678,262,74,705,690,682,599,55,618,196,715,587,807,436,854,390,377,320,87,358,758,306,395,827,420,771,284,274,311,567,376,582,679,44,682,628,175,164,720,298,599,722,311,806,370,541,137,395,561,130,682,550,75,332,698,309,439,586
403,730,867,610,21,588,287,651,938,516,581,117,367,459,971,405,614,410,127,693,386,314,121,611,605,515,125,111,2,189,384,2,685,587,949,936,74,896,723,74,1018,773,645,266,607,866,694,450,16,446,100,438,668,588,502,320,499,114,156,629,940,373,405,85,10,281,295,557,907,518,907,351,939,1011,247,428,199,632,191,516,23,900,277,628,629,611,555,866,3,703,355,651,643,396,652,741,277,626,645,628,626,9,894,661,461,11,666,899,843,392,647,83,706,591,711,98,940,123,394,141,298,588,628,442,610,501,764,671,602,130,524,623,373,643,442,594,651,554,653,66,6,127,322,676,692,69,610,799,630,84
796,847,258,535,783,538,478,946,339,956,259,436,411,889,467,491,889,455,813,953,931,523,1016,478,410,85,925,415,360,162,15,801,17,426,901,814,412,604,347,964,284,971,349,398,144,346,332,925,115,237,411,934,813,796,259,411,493,860,833,944,348,257,460,93,995,84,868,272,138,164,895,93,341,530,90,436,914,953,410,491,314,495,913,988,970,431,85,880,401,349,997,607,815,866,157,129,412,343,349,620,100,426,91,377,869,298,395,409,496,860,813,820,107,524,379,1004,753,325,836,956,737,513,487,78,107,492,380,772,385,782,347,737,389,477,230,285,485,892,1006,909,351,1007,760,125,913,925,893,1,450,813
908,1004,183,1014,1019,75,402,319,757,963,285,467,286,374,669,274,82,954,634,274,124,476,779,781,61,781,181,509,780,139,784,610,26,781,26,207,997,464,8,1023,282,103,31,265,371,26,255,322,271,602,371,282,1004,275,5,767,997,780,403,589,761,175,126,747,507,891,412,4,511,453,845,245,142,263,269,284,262,343,467,658,962,954,354,334,830,774,451,354,783,885,992,243,1001,745,10,823,825,158,550,335,333,133,241,647,750,962,181,706,565,781,122,781,229,383,271,830,7,211,434,1017,489,917,371,783,227,274,322,756,267,828,836,199,186,482,335,338,798,796,846,124,779,95,402,830,335,371,655,986,826,224
323,915,541,129,1017,344,759,231,155,675,274,954,522,684,254,195,730,286,668,413,254,580,617,822,99,953,936,282,542,917,151,453,952,556,226,606,619,221,571,234,757,285,940,242,172,682,922,390,227,549,619,364,252,773,857,390,138,130,517,535,156,539,158,274,922,614,314,516,781,102,605,929,499,697,541,636,789,166,213,917,70,551,553,738,282,958,234,750,420,375,410,635,234,379,922,134,551,611,192,744,517,862,166,107,134,235,315,267,892,539,771,153,237,682,166,420,667,803,234,666,6,357,684,347,284,549,539,213,720,261,75,230,823,583,866,605,662,230,611,539,260,23,341,711,390,42,83,343,559,231
971,1010,455,587,553,540,5,143,744,20,759,464,201,436,202,388,719,296,1014,412,703,562,49,400,324,571,775,469,10,493,628,566,398,983,507,1010,493,9,507,466,458,720,57,257,49,11,268,659,9,57,57,689,499,441,554,569,98,231,541,53,298,401,584,218,404,614,562,212,499,858,218,969,18,629,1003,9,539,985,2,578,650,126,390,690,859,402,553,778,967,441,49,583,812,375,185,475,826,456,210,735,559,954,729,777,282,431,619,583,975,967,11,352,698,59,565,136,663,635,202,557,742,452,241,537,329,375,490,466,18,891,560,564,100,11,43,566,587,750,999,460,148,853,54,1001,18,822,1017,773,580,173
951,166,558,134,42,351,599,187,138,452,62,234,734,1015,423,99,859,519,353,158,235,431,775,578,299,593,54,804,111,859,551,896,252,595,673,951,948,715,615,732,167,522,743,188,934,545,592,71,318,625,62,977,748,539,600,71,551,539,846,554,415,97,188,187,251,966,711,679,376,17,39,97,571,601,46,40,735,30,730,305,235,637,303,596,986,465,985,259,767,551,410,163,675,734,548,985,151,320,598,383,723,741,552,183,164,554,551,710,567,571,551,288,157,665,522,754,126,426,594,230,7,39,614,83,123,734,631,678,44,252,536,150,7,491,166,297,377,36,550,714,357,577,755,167,561,198,676,624,966,599
474,797,483,623,414,284,985,637,915,18,473,798,401,913,111,198,794,123,470,507,977,1023,890,977,735,745,363,913,488,1003,915,707,882,999,871,930,638,286,363,623,416,737,111,889,995,817,420,531,178,623,864,750,607,487,963,9,657,400,751,924,495,743,883,70,355,204,466,447,875,829,991,988,903,748,414,950,795,393,395,584,750,823,800,807,114,728,19,842,724,895,823,912,307,510,366,980,405,913,987,922,733,736,89,979,776,609,544,975,346,737,47,510,706,942,878,194,818,870,655,407,313,346,422,1006,488,742,553,85,104,926,487,620,751,510,427,974,279,864,818,478,488,172,761,141,732,414,66,399,788,30
447,86,736,326,378,802,698,830,209,223,254,254,127,194,874,553,991,486,533,850,327,95,737,84,833,611,603,702,717,191,730,662,39,674,550,73,433,662,230,230,307,323,986,322,563,95,579,881,91,351,573,89,701,65,303,871,463,323,582,26,479,838,38,729,569,239,681,175,690,582,472,866,763,268,767,694,708,31,540,26,299,195,707,166,255,520,710,216,865,734,673,715,94,47,326,259,766,198,582,743,662,198,16,267,513,463,214,446,815,39,513,135,698,833,95,654,687,23,830,39,570,598,94,574,731,767,225,18,420,86,255,753,711,726,89,766,214,233,47,711,272,446,513,80,456,9,863,961,780,87
890,550,589,650,698,13,70,495,795,422,944,166,726,960,630,915,662,615,583,239,838,401,684,467,512,919,2,934,327,936,422,919,243,403,615,940,38,504,286,756,54,528,415,70,912,618,490,602,494,454,685,903,344,687,423,433,442,305,198,7,905,151,74,148,166,800,510,394,549,451,487,376,886,681,655,151,954,918,288,346,640,943,903,633,318,325,366,846,391,626,827,511,638,199,993,278,231,65,203,982,145,65,169,230,678,898,958,1,463,376,1021,211,461,63,27,463,927,686,567,67,391,1006,666,288,470,359,677,138,549,914,550,567,593,631,634,422,491,159,290,730,320,278,678,634,512,366,376,848,534,450
66,189,163,277,961,797,122,128,173,138,159,156,220,82,705,458,347,66,113,713,266,64,204,708,66,362,163,670,932,669,869,319,940,847,332,374,559,831,859,290,330,829,735,737,152,359,143,330,865,845,512,829,371,458,865,542,69,882,717,353,194,929,355,87,567,589,733,100,876,472,279,209,831,168,133,165,835,547,844,698,708,833,748,157,194,721,323,202,522,868,167,712,717,194,460,74,193,156,69,186,119,706,156,642,652,452,354,805,172,333,223,69,653,929,269,163,195,835,332,399,619,19,367,355,367,693,436,179,166,162,1015,658,330,669,544,138,387,671,860,311,771,162,733,844,664,287,98,266,767,739
976,577,376,374,978,344,914,671,837,306,301,707,328,592,357,481,324,493,659,272,371,873,672,133,857,833,499,706,433,771,437,542,215,873,341,307,204,304,685,229,333,435,685,911,833,179,653,781,214,177,179,676,310,136,449,683,723,497,546,337,568,974,326,911,483,370,429,881,822,263,908,432,833,897,525,394,144,150,749,992,238,109,753,301,176,333,301,376,834,333,709,902,819,713,934,822,320,319,432,306,594,80,1004,470,348,888,289,296,278,355,832,301,291,266,885,210,145,343,964,273,341,877,386,455,894,740,188,865,429,992,780,406,160,341,353,304,844,455,1010,609,320,325,365,1023,972,425,373,816,861,489
761,80,112,663,81,760,773,770,566,125,278,514,112,109,141,517,245,933,782,117,17,83,853,925,96,477,8,236,648,156,624,237,541,845,412,517,645,504,108,756,580,632,810,162,97,680,245,736,752,789,796,112,633,636,80,960,740,836,95,720,688,841,515,618,834,587,821,764,35,616,97,744,616,53,164,921,178,735,104,112,99,652,45,772,708,156,514,25,157,758,567,620,375,924,708,245,260,80,109,628,21,20,384,610,101,707,462,232,48,172,144,864,180,457,624,368,83,948,242,628,669,40,650,756,565,112,845,640,760,781,504,648,216,337,708,261,276,183,108,15,792,609,779,69,754,864,884,636,1013,693
520,470,744,728,676,375,302,695,288,934,503,286,178,798,806,162,294,189,287,175,808,702,805,265,310,964,973,199,863,901,290,529,435,350,862,533,744,184,554,542,160,870,303,850,675,365,284,552,206,50,601,812,526,106,542,545,690,917,931,900,328,88,525,265,304,554,904,984,706,378,162,550,720,138,743,172,668,290,829,375,346,625,718,304,215,281,592,517,542,1014,897,816,992,382,296,958,370,322,110,161,951,108,237,924,700,829,558,238,359,355,798,446,606,704,35,850,911,358,748,850,339,744,735,343,289,839,345,346,124,279,558,63,46,414,381,704,35,712,938,139,222,686,231,739,78,504,637,558,919,718
733,966,434,695,449,71,485,591,976,301,385,57,461,857,46,958,634,577,48,321,407,856,423,45,381,849,902,336,824,895,465,991,287,446,58,256,193,270,337,1019,57,374,921,951,982,457,366,397,1015,584,120,898,918,489,50,87,391,1015,901,477,937,870,920,385,1009,446,331,397,264,401,360,945,926,45,339,393,912,905,433,457,925,421,448,914,492,467,163,455,957,64,503,374,512,279,642,503,426,304,333,352,896,354,543,83,704,956,817,898,403,170,41,329,194,970,362,395,433,897,60,37,655,353,443,360,438,42,506,646,439,403,433,945,908,989,506,354,956,471,177,385,63,497,296,443,845,262,423,333,433,437
6,131,461,969,757,499,744,539,541,66,115,745,932,162,380,708,131,379,545,390,658,563,781,550,138,745,616,884,242,367,242,27,720,371,724,634,12,898,535,567,331,562,499,256,752,61,785,611,605,497,700,130,730,843,525,328,388,375,346,658,162,627,744,82,540,592,10,524,137,756,130,375,797,135,602,768,371,902,501,47,706,496,591,1021,887,166,872,715,595,808,753,809,172,521,708,592,652,149,915,884,601,740,796,848,162,578,539,852,747,792,868,282,651,411,58,850,745,358,507,325,754,979,884,155,238,388,163,744,258,354,474,26,524,147,162,598,412,132,646,845,380,604,791,130,616,754,971,600,134,699
193,804,141,640,996,693,65,243,30,367,289,208,541,644,63,84,812,545,821,1020,975,194,703,593,348,28,367,892,230,820,73,536,40,700,168,1004,573,479,156,704,387,163,825,615,524,349,336,508,872,640,543,897,259,681,668,513,525,39,668,194,707,355,989,158,240,315,829,440,592,802,848,465,751,865,831,159,18,284,95,198,1010,30,562,170,655,630,28,832,91,957,718,659,121,461,236,188,206,285,185,732,25,289,707,860,44,172,543,880,159,455,816,738,349,266,16,165,764,114,92,836,510,16,31,337,667,823,293,289,289,383,704,427,754,259,753,758,348,28,668,652,650,351,349,710,1017,121,722,260,716,321
60,944,789,255,344,85,774,744,157,329,665,591,712,152,968,441,249,490,49,567,57,245,166,228,368,879,947,265,215,595,32,168,201,47,921,201,732,252,254,57,676,759,676,137,315,192,93,640,804,89,857,789,749,524,213,836,852,198,1006,216,823,712,749,760,25,597,249,845,825,192,209,47,710,912,169,270,344,872,168,825,596,184,729,671,304,757,708,216,859,559,176,174,222,629,360,212,804,889,945,185,852,801,724,517,337,848,53,176,440,817,117,49,584,393,752,249,616,320,712,691,557,232,198,168,221,661,632,176,813,185,621,135,185,707,176,892,200,838,117,761,838,789,208,73,704,521,340,836,649,248
967,960,225,180,702,202,314,256,199,289,324,456,642,965,317,342,428,799,1,30,346,809,314,990,457,656,313,798,280,799,711,807,351,219,240,205,783,184,791,217,193,345,152,326,254,219,992,991,606,314,696,966,41,807,814,651,342,935,986,982,500,731,222,501,293,254,698,702,711,806,202,217,703,325,829,806,1014,799,457,314,340,857,295,743,799,216,716,671,998,1000,1017,519,314,795,314,550,801,771,771,793,801,294,807,922,229,146,810,344,669,313,68,1012,967,311,885,69,98,322,734,735,679,431,806,235,849,807,342,695,551,671,214,282,965,806,252,844,801,320,854,310,793,679,799,710,801,26,801,711,987,454
112,178,346,721,215,629,932,604,503,398,250,215,234,255,675,209,335,474,390,33,275,714,34,702,679,743,546,722,33,695,318,418,682,298,418,32,775,294,807,186,68,968,375,702,545,26,7,151,184,114,711,56,644,535,686,864,747,690,127,37,294,759,802,723,743,215,247,430,319,537,94,63,703,8,118,126,82,70,446,686,710,694,392,398,702,208,842,695,930,658,713,680,683,191,902,679,472,578,163,653,963,63,822,711,186,69,679,667,903,552,807,145,128,702,32,816,816,66,689,721,50,54,49,70,510,690,544,673,846,55,719,690,729,39,94,279,693,79,478,38,121,306,680,782,568,372,347,123,407,683
974,977,319,413,929,623,920,49,556,460,18,413,268,864,708,308,316,375,940,593,951,529,432,594,144,29,887,457,509,301,280,429,800,781,44,196,912,497,507,691,72,281,528,301,271,61,876,400,1009,940,920,804,210,20,907,868,204,745,348,689,65,392,621,381,720,684,945,294,812,429,267,352,603,676,680,508,1020,916,1001,344,800,652,353,289,291,724,346,720,497,691,983,338,428,427,943,529,204,820,579,961,340,857,983,945,429,77,1011,429,556,593,969,440,576,344,430,291,925,880,497,675,945,947,751,461,316,864,961,667,1015,915,939,297,555,623,983,204,40,765,1008,923,473,418,204,976,977,411,553,457,672,332
88,616,65,213,602,580,696,804,84,983,601,93,388,473,547,416,842,69,621,617,315,207,241,552,631,763,91,707,886,601,758,584,993,417,405,88,316,454,703,568,289,388,285,512,152,545,310,550,822,587,120,590,586,219,289,56,612,996,838,120,592,55,327,635,410,314,438,427,939,550,803,395,91,921,612,639,336,580,593,726,33,550,487,561,118,217,654,678,838,476,597,568,65,344,632,216,518,616,135,588,88,583,697,997,678,966,580,646,990,38,84,578,100,927,644,102,1008,400,651,468,964,682,88,453,571,425,824,574,454,824,119,984,422,600,673,681,95,679,600,561,550,862,420,106,606,14,697,414,558,63
671,982,66,933,670,80,707,945,471,434,933,461,648,827,405,666,712,949,603,284,441,975,160,976,708,929,579,332,937,83,573,116,418,594,469,46,219,550,597,291,399,438,492,546,392,108,912,868,158,132,124,937,144,409,961,849,60,624,123,598,287,976,968,855,342,620,925,433,605,613,364,589,288,437,781,597,611,645,597,615,611,941,947,739,350,494,329,60,292,490,593,615,582,167,42,688,637,445,679,409,491,950,727,394,780,633,32,337,338,355,588,405,853,904,624,736,621,722,945,414,495,605,441,689,341,417,911,544,613,597,85,616,441,637,346,736,180,770,427,148,973,461,352,276,597,975,196,984,619,459
622,166,432,545,959,459,638,0,324,446,306,622,274,301,447,636,632,583,464,434,506,586,120,898,966,870,3,979,275,430,429,450,15,175,738,954,77,974,319,703,504,961,1022,418,191,418,766,58,927,418,429,898,1014,846,199,447,175,370,160,3,605,934,1022,498,493,390,701,447,791,505,439,108,1010,404,1006,424,639,504,963,723,323,88,178,345,799,419,562,1020,121,1006,1003,509,665,431,390,344,345,7,494,509,958,296,779,385,479,1010,120,702,87,559,398,498,566,584,826,646,450,2,451,989,739,946,991,328,386,1010,801,66,351,678,473,388,7,639,64,3,302,636,413,167,3,61,775,711,401,288,990,397,910,999
848,938,260,993,420,864,429,150,69,853,111,376,838,491,865,563,749,893,279,492,1005,41,628,280,382,229,565,99,233,944,490,204,144,581,874,381,314,612,940,932,76,371,560,622,719,748,918,187,912,460,677,1012,161,801,19,998,667,548,878,635,952,560,571,844,793,853,622,662,258,671,444,908,460,116,108,421,439,579,348,854,259,373,821,396,261,985,100,491,847,988,161,915,68,715,230,179,952,677,118,319,699,617,918,72,85,662,952,257,123,216,174,363,883,494,316,346,805,958,380,350,101,923,893,324,699,806,740,748,204,605,1002,221,955,728,860,846,198,791,1010,161,938,152,196,218,954,932,956,357,418,87
972,1020,953,668,155,204,1021,223,599,852,428,121,604,268,558,31,845,508,38,669,897,966,696,915,425,589,470,962,301,601,252,414,265,677,364,829,337,297,231,329,454,995,643,159,589,1015,475,951,552,361,961,249,577,612,605,10,138,988,625,630,44,305,442,957,223,493,300,63,984,1016,177,652,988,241,497,58,247,940,932,984,711,817,385,801,559,458,578,705,133,520,954,802,474,706,844,697,243,804,452,295,477,222,303,839,801,973,453,578,445,989,199,386,881,557,316,200,158,497,327,985,320,510,0,602,134,487,323,524,604,497,487,557,802,98,571,856,330,413,982,631,24,1021,630,860,329,1,524,929,321,945
713,249,376,258,167,745,1022,952,132,354,369,88,329,317,323,891,249,830,327,1023,683,776,174,515,262,923,670,202,369,974,912,73,952,713,262,288,311,32,683,951,779,186,87,147,703,329,262,666,184,672,752,379,259,763,211,653,128,344,6,285,91,946,763,336,871,283,216,211,336,280,211,209,733,197,294,383,366,688,330,919,317,955,330,327,235,805,69,187,775,509,775,322,729,73,200,363,7,775,151,384,262,515,643,448,327,59,231,823,507,272,677,653,888,166,765,776,392,190,251,603,823,807,272,747,209,574,133,192,755,486,319,262,126,211,825,872,824,307,830,999,990,503,69,322,322,786,193,51,339,339
452,999,773,942,422,72,324,477,149,283,469,452,856,932,838,932,184,219,862,131,312,1009,792,1016,770,836,895,843,374,705,840,1017,568,831,182,469,184,805,326,453,824,933,934,774,155,136,550,321,932,344,872,836,292,445,4,388,444,119,302,257,327,836,806,808,500,961,832,1016,723,440,756,582,665,838,1003,457,808,344,287,921,768,70,374,257,840,280,480,920,344,471,1020,1023,452,267,68,934,327,536,1000,801,121,1019,40,472,932,264,831,128,156,1008,404,1005,216,506,449,1017,984,509,926,836,966,377,1002,489,979,287,939,800,446,708,184,580,312,891,117,503,308,392,836,325,965,1000,119,774,616,56,308,312,571,677
632,564,230,253,250,199,636,487,506,167,29,322,30,247,539,450,226,26,507,236,999,265,567,307,826,358,419,385,577,37,756,839,710,744,6,193,443,478,415,261,624,372,454,154,237,315,693,742,135,241,196,1020,834,993,632,110,743,765,211,198,234,747,143,737,865,632,984,146,968,250,472,946,369,699,649,311,283,244,701,493,313,695,251,253,700,900,103,198,502,630,211,0,20,736,635,841,141,196,821,5,632,889,263,433,338,711,194,251,719,209,255,249,61,101,833,967,556,6,774,760,193,741,411,41,775,839,564,377,705,253,188,166,382,244,135,767,751,793,251,727,251,614,320,146,313,571,167,264,699,205
119,786,561,743,214,214,439,395,320,722,588,686,806,753,688,113,910,529,534,617,393,832,305,64,430,749,224,432,590,75,766,337,544,438,212,336,953,656,719,86,399,825,392,521,171,92,115,695,77,825,855,334,297,582,571,438,557,976,431,599,406,524,342,214,278,782,655,460,55,184,657,846,118,702,103,831,692,617,186,833,584,347,378,324,353,91,193,115,128,785,357,535,195,686,303,939,569,753,791,711,604,109,230,807,825,610,687,77,131,609,662,593,563,593,395,438,178,727,413,433,401,849,785,474,661,592,439,609,76,327,321,585,356,807,321,630,406,174,682,614,691,369,78,87,529,240,366,809,395,438
968,309,42,679,276,680,601,913,746,679,233,57,333,814,845,455,517,465,776,808,597,148,968,969,807,894,973,921,1023,176,248,232,831,684,438,224,983,1001,959,833,120,375,964,810,281,344,819,351,225,769,468,983,969,366,757,175,833,86,848,616,346,961,545,433,304,895,428,345,769,361,92,976,778,728,617,713,816,682,808,151,261,840,383,792,738,282,20,309,142,666,336,880,855,438,798,305,792,879,989,873,340,720,745,813,16,273,240,380,684,180,149,380,814,679,311,807,165,340,925,456,351,792,791,814,161,494,855,341,223,353,789,23,884,169,677,238,870,679,329,345,21,470,945,812,812,1001,276,319,545,681
75,990,651,782,69,495,707,19,19,205,158,94,985,868,568,387,109,894,64,412,898,756,175,606,98,190,878,637,242,92,966,100,630,881,125,725,767,172,451,579,556,67,627,66,57,718,191,74,207,1010,174,330,206,564,671,874,253,595,971,243,642,196,836,181,114,110,75,62,79,147,38,64,67,90,429,78,115,365,170,171,527,354,706,550,909,403,163,546,44,218,935,475,338,191,35,143,899,606,207,1,51,163,171,529,604,14,269,781,891,787,652,878,467,181,418,963,253,196,335,461,563,258,514,90,428,807,79,834,288,571,527,165,866,357,654,15,595,546,654,179,163,253,643,898,163,753,557,102,118,467
979,919,274,932,702,988,82,379,343,303,648,428,186,395,958,835,924,335,286,861,479,556,734,712,266,835,794,228,847,865,446,72,299,870,626,812,259,957,559,984,178,986,862,311,812,826,232,175,181,319,915,353,959,478,63,287,423,225,556,959,195,861,233,717,328,556,684,705,263,159,815,934,443,306,426,851,338,835,92,536,499,314,348,642,877,322,892,847,179,481,808,640,313,847,274,172,890,853,894,841,220,864,95,413,163,345,150,978,191,783,511,278,180,279,390,452,372,834,256,855,279,511,327,978,351,883,275,882,435,815,181,190,927,883,895,340,148,79,177,552,173,671,812,112,332,734,833,303,948,305
567,620,98,652,462,446,574,398,239,679,185,39,115,33,78,986,594,936,422,603,690,575,31,602,663,582,126,549,223,99,1017,722,123,329,945,468,338,78,764,1006,255,189,118,181,615,560,369,705,764,473,755,159,599,18,37,350,62,31,165,767,465,586,26,47,27,110,187,530,161,0,203,632,594,715,570,518,945,946,592,670,315,166,102,87,1002,761,729,143,966,615,410,705,666,33,623,425,453,241,748,601,638,130,12,714,460,755,602,642,1018,626,585,715,104,657,619,767,83,986,462,729,583,999,655,659,846,640,761,115,66,703,222,609,755,113,511,597,642,251,2,933,530,625,23,166,563,179,459,767,719,722
747,598,500,611,880,316,202,179,304,889,821,1022,205,848,157,107,854,131,268,562,161,1010,267,754,188,797,269,818,742,892,253,834,311,205,179,691,318,319,63,730,624,718,180,710,310,308,734,1008,405,877,508,687,267,917,565,237,733,749,906,327,424,50,198,1004,226,16,578,965,474,258,333,213,418,203,816,8,556,767,821,473,13,558,800,802,309,803,818,829,602,562,114,980,205,814,66,848,387,757,707,539,393,165,756,442,741,844,84,741,139,561,316,979,116,590,128,641,582,258,794,818,605,562,710,531,781,812,205,227,946,207,834,48,947,319,11,522,300,590,895,269,269,204,211,810,211,243,756,172,829,653
341,12,448,728,663,506,733,748,1002,478,464,993,288,739,479,998,294,3,851,632,119,38,774,358,227,999,507,549,1001,357,325,813,262,307,326,962,823,454,763,997,993,974,496,483,610,411,451,827,298,983,64,974,503,27,994,425,227,507,507,0,736,726,782,680,770,102,486,763,960,948,296,784,506,728,407,923,315,969,227,1004,865,632,358,887,222,511,656,611,70,152,416,774,494,761,792,858,358,294,314,494,605,719,513,1009,993,475,476,507,800,287,1001,871,496,618,212,19,222,777,6,205,342,710,1007,871,403,53,983,99,409,406,667,997,1011,1001,454,237,774,262,59,699,419,396,471,262,407,1022,371,592,521,611
191,807,698,740,168,140,11,526,242,273,250,718,695,225,243,338,514,318,471,513,1006,381,631,170,265,265,105,146,810,309,576,802,998,183,48,254,698,525,16,270,817,925,809,642,269,170,600,307,668,973,631,974,244,697,1023,526,398,440,838,906,959,317,938,713,662,316,775,244,524,1001,455,275,35,591,205,911,376,194,906,810,15,937,271,962,77,374,744,11,257,234,127,505,265,136,273,668,274,85,846,660,271,268,561,758,111,371,7,213,834,207,285,310,782,383,248,313,695,774,775,232,510,215,275,567,252,131,433,646,167,1005,845,276,7,252,129,313,310,342,978,142,254,1023,758,782,140,751,199,694,277,732
771,437,172,282,208,471,850,869,960,445,994,403,250,620,60,141,921,851,554,660,434,351,577,860,674,20,420,400,868,852,153,730,929,41,862,833,389,188,242,95,864,315,411,451,124,599,479,673,216,349,808,412,65,674,108,455,123,564,452,791,412,546,479,729,68,79,930,36,66,550,65,451,149,851,100,754,588,266,91,35,852,602,508,445,604,338,748,802,605,67,55,156,106,72,224,437,198,65,917,508,127,485,69,466,119,740,35,305,844,324,697,128,437,729,851,65,604,670,666,802,517,10,869,69,817,51,858,869,194,157,647,989,913,893,833,577,803,780,674,921,47,513,1012,443,91,208,820,106,848,834
660,644,145,753,80,676,668,563,88,590,592,285,612,143,622,653,87,703,200,693,653,920,592,728,64,49,628,341,165,597,80,584,909,402,144,511,192,688,994,916,624,279,230,167,62,572,166,536,423,717,308,729,214,52,560,528,557,148,624,559,1008,712,692,455,217,84,232,612,88,720,616,213,596,132,532,96,124,932,272,712,64,863,437,187,445,892,532,721,900,117,125,423,186,112,649,691,264,112,667,791,103,2,956,637,129,88,638,390,72,117,612,556,585,166,125,1011,608,691,493,353,429,89,53,140,608,1020,616,714,559,4,487,689,80,669,545,103,620,1005,685,981,809,737,477,173,151,125,712,33,48,619
216,230,601,192,25,1003,32,696,894,809,152,676,869,885,698,855,200,665,709,187,656,678,569,185,200,549,214,222,937,856,889,25,923,220,214,745,453,648,675,835,934,16,836,648,440,596,320,160,79,341,678,390,159,197,851,792,69,771,382,568,142,71,166,828,812,683,186,784,696,837,164,667,644,345,937,72,770,858,214,854,181,400,862,887,99,437,579,312,921,161,198,383,329,672,37,103,46,176,648,724,816,694,238,841,947,95,383,149,92,952,137,984,230,216,197,474,190,614,377,335,197,952,472,665,705,69,900,197,617,806,797,158,698,683,698,325,959,68,824,129,889,640,860,85,547,532,204,864,820,332
110,713,166,751,326,686,130,543,94,895,921,640,659,158,632,614,258,741,927,605,94,433,239,638,422,639,157,638,79,125,384,158,354,616,434,129,482,224,614,610,671,863,637,791,80,670,574,154,1011,410,608,354,166,130,274,302,767,262,110,34,169,34,79,39,110,870,622,455,942,151,711,557,663,619,634,111,286,908,130,649,669,611,634,791,958,596,769,194,402,172,158,187,263,154,121,902,730,14,544,474,282,761,614,154,592,633,37,354,995,915,98,749,517,738,896,870,614,99,566,14,14,743,27,904,538,639,142,361,713,807,739,634,923,353,401,390,530,574,184,334,247,317,686,162,686,886,481,417,178,226
620,429,821,508,861,384,130,851,508,565,478,297,47,904,581,341,1020,809,874,452,821,980,410,851,85,767,389,388,478,303,895,820,424,500,72,917,468,952,497,297,493,965,616,85,303,983,820,468,819,272,618,309,813,78,105,74,829,501,949,948,500,341,505,700,86,329,265,183,1005,954,978,970,472,364,872,904,811,600,53,552,331,124,970,930,456,724,458,36,812,952,970,965,343,917,597,301,461,985,1001,453,971,440,500,572,800,468,456,979,1008,343,980,883,268,162,460,996,979,64,461,369,820,139,908,948,810,976,980,444,77,456,726,53,43,533,618,564,803,501,348,37,852,906,76,562,503,341,76,300,901,481
970,124,426,2,919,967,221,746,396,430,198,612,586,148,599,405,747,61,36,525,464,970,503,25,911,740,586,647,714,682,250,74,195,73,42,989,104,785,618,429,750,599,348,238,988,586,850,62,14,811,12,222,426,375,266,195,911,748,208,213,586,898,10,939,567,50,203,678,971,445,599,119,659,555,960,714,471,283,51,44,579,666,299,46,836,18,791,720,7,586,279,13,606,589,75,746,1006,404,562,202,11,465,10,599,82,40,206,4,118,431,621,655,55,306,714,195,50,1020,948,145,706,119,214,211,558,50,858,730,850,668,360,643,46,437,533,794,878,177,214,195,494,493,209,602,615,219,951,706,811,527
45,212,876,150,642,685,522,134,950,591,634,525,554,547,282,426,812,216,763,338,620,394,795,917,342,229,874,440,705,670,536,967,707,99,578,250,683,799,343,531,658,799,869,362,683,148,749,547,938,35,295,531,899,529,35,315,418,540,703,938,116,229,636,683,178,191,191,523,451,173,618,107,510,130,815,1004,787,747,733,231,836,532,832,799,93,203,101,1020,18,99,687,539,852,140,266,318,788,149,799,428,1023,167,327,364,621,221,37,743,613,747,795,221,183,751,786,890,898,683,450,188,36,502,43,211,795,852,799,938,618,419,155,683,765,255,343,870,870,4,787,600,997,770,127,106,350,540,304,586,699,959
785,512,416,585,561,32,786,929,509,511,464,857,775,868,484,312,512,403,398,420,882,461,324,713,973,957,174,875,946,110,509,281,948,302,944,497,766,862,849,461,1017,225,593,693,937,444,496,780,892,66,821,509,88,882,945,785,56,333,398,36,340,655,941,105,702,305,118,510,376,488,787,560,469,140,772,59,775,407,777,271,87,265,337,943,506,1015,900,687,1,121,857,492,388,142,777,892,391,862,833,4,76,644,681,301,496,740,391,937,780,207,896,1015,941,688,334,617,696,752,428,409,118,709,613,777,770,638,521,648,793,357,697,841,64,497,257,133,364,893,881,411,768,498,199,427,937,228,921,442,326,302
904,225,149,872,583,460,605,651,4,124,111,289,9,428,403,594,291,592,616,633,589,447,397,362,1002,127,926,860,853,3,628,1010,466,373,221,84,0,629,12,609,370,355,605,818,223,628,769,285,83,954,501,84,672,607,83,149,493,21,412,460,895,524,140,527,884,68,629,906,106,412,617,345,900,76,329,210,525,493,98,699,816,637,421,355,23,945,395,481,331,580,397,493,370,625,893,447,586,122,437,43,320,509,1002,128,8,847,501,624,629,293,104,909,68,630,896,508,364,624,87,629,367,873,875,466,427,657,639,621,913,591,554,509,210,781,52,362,525,353,211,682,330,128,268,769,309,94,892,629,749,395
195,779,471,799,1007,773,314,355,557,563,207,98,770,283,483,793,319,482,1020,514,1014,319,1010,514,314,348,90,100,862,543,26,499,906,206,482,634,290,856,394,543,356,780,213,761,769,260,964,903,547,530,995,3,889,639,995,795,543,2,767,259,261,698,315,1022,903,482,1020,600,401,477,1022,658,543,799,413,558,282,698,965,519,782,226,450,305,524,283,639,15,775,767,513,444,449,607,611,826,127,291,990,271,355,894,451,830,762,290,958,771,475,511,531,195,319,334,989,1014,386,1018,398,775,515,171,239,519,714,451,911,775,469,390,702,451,770,398,826,989,956,1022,308,627,475,889,972,733,641,231,991,67,574,156
632,346,518,910,263,49,198,336,427,135,133,345,919,296,902,439,326,182,390,808,627,593,38,362,427,179,591,512,929,197,187,375,183,334,810,858,6,678,134,439,611,86,89,951,563,68,314,310,538,364,145,919,646,595,262,998,175,121,627,988,622,207,795,54,437,425,322,1015,914,326,636,56,300,764,944,271,423,424,968,205,1015,388,586,76,299,324,452,933,401,755,614,368,291,594,531,491,68,987,512,57,595,1019,859,478,550,141,554,422,156,346,979,393,934,725,924,335,378,75,137,41,716,61,198,657,548,654,432,849,275,19,812,6,375,945,219,190,634,139,138,937,1015,9,41,594,101,948,105,755,922,918
82,105,790,947,81,893,147,751,700,627,150,353,175,995,206,193,982,207,969,367,841,171,777,206,640,110,478,417,503,247,754,899,73,563,835,774,671,578,995,499,774,533,721,340,875,658,38,902,431,915,291,1006,316,626,575,518,111,143,201,526,812,320,947,2,307,519,911,419,278,115,249,581,329,261,250,503,204,289,251,1011,195,1002,902,304,329,699,788,771,1022,840,396,323,948,940,191,377,771,99,20,533,236,574,1010,864,702,662,962,502,112,947,966,496,50,1006,196,635,662,496,200,99,948,1010,953,978,246,178,54,887,111,457,764,300,449,614,1010,887,22,191,326,203,58,58,561,758,35,78,966,55,845,974
34,544,319,163,537,281,603,670,85,999,638,627,172,479,569,613,927,99,51,78,734,219,542,958,544,531,415,226,448,619,609,679,286,155,88,525,441,583,923,132,1015,550,2,551,443,935,667,655,730,867,406,734,623,975,653,627,389,589,625,175,563,424,660,436,441,515,550,638,422,3,655,257,650,392,302,537,574,668,159,451,607,683,727,807,575,43,89,567,671,958,515,326,155,284,154,662,977,559,479,161,501,566,889,515,958,975,881,473,416,150,921,619,228,91,1006,51,94,187,595,1002,623,162,447,91,315,330,497,287,519,997,995,154,26,153,155,583,120,411,59,608,230,446,578,551,270,505,994,798,270,96
495,608,264,809,987,132,512,625,719,721,368,648,157,726,214,549,795,797,147,390,273,120,365,726,737,532,253,644,273,220,664,136,691,1003,336,173,235,245,463,296,813,795,887,53,775,329,312,737,84,799,282,153,189,398,879,159,38,33,721,881,112,145,872,134,260,252,315,641,543,161,532,364,488,493,723,753,294,296,384,557,232,812,240,745,641,84,680,371,665,493,727,827,319,128,232,809,225,222,516,252,145,237,630,132,436,749,198,86,872,782,145,241,738,284,63,671,726,737,769,425,132,241,528,767,280,170,669,204,1009,492,181,237,232,748,840,625,721,726,236,54,232,817,207,225,872,525,617,630,468,801
559,146,730,975,613,1010,94,162,845,599,450,78,548,591,142,412,451,63,690,222,464,578,448,559,429,698,64,495,439,16,398,115,14,563,583,637,610,810,143,14,677,113,122,179,629,587,51,167,962,162,1023,462,975,73,731,138,375,579,960,575,56,485,629,339,39,334,557,839,990,590,62,30,90,17,975,991,591,615,611,23,393,905,737,202,487,202,40,745,851,384,1023,179,437,1005,583,210,586,595,586,681,693,146,588,113,555,184,631,554,978,973,905,898,566,690,582,90,905,1011,587,591,1020,695,581,42,691,202,51,509,50,591,524,910,856,831,722,863,123,582,994,535,142,639,690,30,450,579,583,44,698,130
1005,784,157,663,173,161,660,350,168,150,532,498,893,429,643,364,356,661,248,175,209,668,232,744,140,45,171,372,496,869,446,76,529,865,1004,882,364,989,620,700,209,917,976,775,490,361,140,580,119,172,534,917,918,953,877,869,385,575,848,145,875,160,105,841,147,669,271,895,290,759,875,142,941,916,874,877,404,92,457,154,343,420,172,668,496,549,240,875,12,301,320,565,1004,625,504,645,205,658,482,332,877,884,236,865,328,60,425,488,829,774,753,797,849,173,477,641,794,88,488,512,915,932,844,991,480,496,157,353,337,188,773,444,56,874,109,80,875,464,863,108,910,285,440,890,145,92,939,964,422,349
662,311,660,652,554,17,131,625,65,412,618,701,316,621,220,363,561,686,352,605,93,321,559,172,937,205,511,124,49,240,40,556,699,602,433,386,525,573,186,737,81,49,252,7,100,889,172,625,200,593,593,53,545,685,846,256,698,945,745,690,993,210,740,336,877,433,301,256,609,652,557,656,52,545,401,588,136,771,642,681,652,116,28,544,169,368,269,885,509,716,652,676,172,169,644,381,909,557,687,593,641,813,656,654,652,525,141,412,108,74,124,660,60,682,128,177,185,396,893,716,64,649,653,960,393,873,701,829,252,865,224,153,728,84,253,931,578,735,964,559,203,306,557,147,874,909,134,660,885,412
431,638,379,777,289,999,427,811,470,959,315,935,1018,773,359,1003,289,703,802,339,1004,948,986,999,388,595,464,467,54,986,214,486,789,42,378,309,788,986,427,503,787,717,850,425,802,490,32,411,482,407,264,444,610,474,964,793,628,92,359,110,389,470,822,470,437,415,832,791,64,606,416,822,790,723,783,1006,576,357,32,362,550,846,457,811,479,858,120,101,23,410,488,594,507,811,773,186,277,353,481,795,346,457,839,783,406,878,227,346,452,730,977,351,742,902,1022,536,821,980,5,462,235,891,126,630,459,823,452,815,479,379,479,730,917,251,802,92,922,630,315,425,451,357,170,307,770,93,35,623,811,31
117,165,894,668,722,178,317,219,635,273,724,967,156,881,706,722,174,253,470,266,780,313,695,710,563,206,935,56,119,170,185,780,83,82,734,199,185,181,726,153,632,181,82,170,724,508,213,754,684,519,25,629,696,732,661,920,346,268,626,618,884,371,523,85,150,150,149,776,174,852,341,497,822,778,676,341,142,806,203,329,165,551,4,261,762,238,958,234,342,73,553,439,73,428,298,860,808,13,195,711,818,709,942,103,554,922,596,134,600,724,757,717,240,140,692,148,203,426,685,780,333,54,811,761,683,849,444,195,212,274,191,531,715,757,515,313,599,166,212,170,177,628,243,694,85,215,83,323,173,223
263,866,439,859,672,383,930,479,648,643,352,855,566,279,423,241,192,304,94,187,394,370,966,798,247,786,383,446,646,216,862,838,926,878,718,153,378,458,69,227,615,383,164,970,150,426,569,927,902,183,216,791,518,179,913,394,698,167,263,867,952,398,261,666,375,559,826,671,846,350,758,739,103,30,168,346,546,948,992,330,906,986,443,886,646,798,74,577,902,743,148,856,405,352,742,650,1007,311,311,677,885,435,650,959,846,371,404,352,647,990,879,51,346,127,999,875,902,256,27,907,590,789,175,931,328,294,437,183,666,775,878,235,999,355,162,670,625,161,263,776,858,374,444,406,81,640,382,523,275,71
124,37,147,530,433,39,530,527,108,943,760,28,109,287,490,756,748,205,559,607,241,591,451,164,239,557,29,991,204,195,523,536,139,259,503,620,610,298,721,900,526,786,164,562,617,175,557,198,516,755,603,636,638,789,754,399,55,788,157,43,560,306,152,545,47,548,55,635,769,562,524,607,276,991,484,565,33,743,875,480,586,593,1022,494,556,536,523,808,982,12,547,132,539,530,628,499,909,358,602,483,252,149,132,538,737,530,546,146,359,113,684,247,267,200,372,321,516,530,217,699,715,746,536,536,37,52,25,614,534,219,157,539,45,601,484,301,113,195,730,126,198,548,650,237,747,188,492,646,1009,526
988,449,135,366,171,757,124,157,968,626,805,158,361,488,641,77,605,513,257,860,924,898,779,290,693,71,755,154,888,144,914,170,173,179,222,735,513,833,961,131,417,378,346,305,86,964,900,155,664,369,411,653,515,381,51,42,514,13,150,673,348,129,521,690,962,269,636,804,900,32,676,378,788,984,525,892,527,642,433,311,625,548,43,685,269,725,67,98,321,105,484,270,356,577,828,654,306,898,565,422,154,362,132,885,183,410,423,2,690,9,936,625,653,84,921,1021,786,123,473,353,380,954,980,402,413,226,964,642,389,257,413,557,828,69,964,644,924,111,541,1018,676,186,235,636,441,924,733,124,521,150
329,245,721,313,456,648,706,768,182,308,489,145,662,117,1013,1014,149,707,487,766,305,41,505,497,790,683,264,654,986,565,880,776,401,199,275,944,282,645,598,965,117,119,896,599,1016,301,137,766,553,888,755,755,176,1016,950,759,489,455,654,377,401,485,75,271,471,299,123,305,649,261,561,895,439,807,723,683,729,902,502,624,503,268,383,24,1016,640,276,944,297,489,697,512,86,654,1016,304,827,692,819,262,275,664,264,647,843,646,807,521,276,760,328,1009,387,611,503,760,292,361,734,79,299,204,902,939,491,776,251,859,870,407,328,407,871,635,474,311,441,947,884,215,125,183,286,851,503,950,272,464,429,922
315,223,700,218,950,667,802,246,533,48,755,826,755,555,754,514,405,282,807,57,10,743,767,859,467,469,60,314,228,314,666,599,76,952,678,685,842,203,514,602,858,278,90,469,559,443,163,586,442,443,215,53,475,839,165,2,499,1023,59,250,314,582,715,293,55,266,239,503,192,295,802,68,607,61,680,847,582,802,647,99,854,890,395,448,570,406,687,587,277,223,698,346,290,423,307,707,468,215,343,306,676,193,665,67,668,596,300,650,106,700,565,762,314,49,585,467,685,217,666,479,107,58,314,537,4,61,698,228,817,955,11,469,564,226,459,762,309,607,860,666,795,799,500,450,403,74,139,27,791,775
555,1003,818,927,892,565,76,688,963,834,882,236,836,805,77,852,965,276,78,972,114,589,703,739,753,982,386,957,489,406,46,971,427,466,444,1004,851,427,510,989,724,1,941,3,387,794,571,836,61,66,76,290,450,1010,449,123,34,724,508,820,798,573,418,447,871,263,575,365,967,884,991,384,30,414,808,835,444,598,404,499,835,324,632,562,964,967,1004,66,76,324,77,862,884,976,844,954,814,800,227,88,849,700,438,460,1020,802,587,435,989,459,428,227,290,983,750,462,752,945,571,117,990,962,91,78,459,976,963,430,404,12,83,828,931,819,963,770,511,968,1021,811,968,931,1017,541,947,963,460,76,754,571
511,80,665,283,139,795,325,242,636,247,994,999,6,546,540,975,316,298,20,783,527,876,399,671,818,19,546,6,522,610,733,1009,403,621,457,754,882,227,91,574,95,531,196,29,396,204,747,528,604,97,481,896,556,575,428,989,468,989,803,396,17,97,719,107,164,892,815,798,575,19,651,294,46,406,938,6,721,71,1012,754,564,1,669,19,764,52,530,500,545,387,450,531,481,635,23,478,406,393,719,14,476,914,546,38,95,292,546,8,927,620,659,532,369,604,127,611,566,216,419,611,704,546,38,611,899,387,82,626,530,147,30,5,555,622,763,31,562,926,27,764,122,97,31,150,715,9,882,631,763,44
856,985,351,904,752,31,113,536,390,1015,553,520,233,32,215,966,504,27,571,873,743,749,746,759,608,392,225,526,253,467,617,615,679,1003,232,24,54,591,599,38,339,981,247,176,521,214,504,132,38,230,49,247,25,405,693,609,470,539,491,617,608,470,623,999,544,550,905,235,160,537,101,608,245,742,486,992,31,147,519,520,503,404,608,709,407,41,613,328,536,707,613,38,146,623,1001,526,571,161,1019,24,864,998,18,230,228,751,4,228,160,407,230,485,127,995,224,287,521,228,197,29,537,565,16,116,431,1016,967,584,488,541,693,596,118,968,518,523,29,133,488,19,415,747,616,25,648,102,169,503,393,22
212,508,778,158,595,55,738,383,765,121,427,739,746,844,295,51,420,374,739,858,253,195,380,423,291,248,768,855,602,795,150,868,286,778,521,394,171,138,165,425,643,502,255,51,793,861,404,40,822,222,339,458,810,459,876,481,534,190,918,817,467,282,181,22,237,785,280,855,151,906,241,467,424,374,393,31,113,234,504,797,783,842,881,663,22,284,806,425,899,753,870,766,41,781,946,606,629,36,148,289,124,663,681,92,121,729,614,885,310,253,973,874,14,506,658,180,791,642,146,786,714,866,725,13,778,818,1002,661,534,29,654,348,242,253,210,55,255,356,53,151,650,726,58,739,595,646,149,650,600,55
224,6,840,1000,522,231,368,800,492,1009,924,144,627,732,15,1022,632,768,760,441,781,13,728,240,540,512,638,515,732,958,605,263,82,257,914,552,0,530,530,734,542,574,481,813,24,472,263,245,782,412,540,253,880,256,617,251,750,345,124,128,795,514,249,539,9,615,704,833,262,536,922,775,943,791,584,517,160,862,989,549,231,24,533,419,6,273,224,15,790,128,117,797,227,0,57,528,512,211,96,61,228,565,388,230,766,233,231,644,904,153,0,157,811,728,766,950,728,189,728,978,227,993,632,605,519,390,549,225,280,932,435,205,556,728,599,6,128,508,157,517,892,0,33,287,637,16,263,253,760,935
1017,697,792,902,3,808,37,272,781,588,904,891,160,1015,984,267,129,799,200,987,29,518,726,413,304,304,944,816,533,678,840,829,244,903,904,905,697,797,773,980,175,168,0,165,304,885,772,294,920,809,296,392,774,926,768,462,858,268,308,824,404,503,895,145,791,235,160,504,927,1011,993,739,269,1017,8,819,891,865,792,929,1004,512,830,193,168,783,776,326,174,512,158,195,27,775,456,173,992,111,394,488,449,287,1008,133,842,149,267,808,301,80,699,648,920,897,577,149,824,133,1000,937,731,776,911,774,866,897,889,827,305,54,277,958,296,112,440,925,649,883,456,997,635,302,353,298,336,413,742,261,829,782
535,699,123,861,597,708,521,953,40,511,421,702,161,716,659,201,720,588,527,820,73,853,584,84,108,77,253,663,853,567,714,823,192,516,837,141,614,685,137,688,652,750,427,688,77,690,748,32,509,556,125,859,449,65,719,244,43,199,584,884,80,697,437,661,371,219,1004,829,183,656,573,449,465,8,521,255,688,601,595,323,112,661,187,172,516,588,133,585,385,669,781,637,225,65,457,607,692,203,457,389,45,569,661,33,136,653,812,584,245,594,706,253,849,809,829,54,656,501,215,590,19,44,196,691,77,748,952,73,604,118,584,717,878,45,200,964,808,978,1008,712,201,81,193,77,27,41,457,33,209,176
963,263,594,619,541,791,895,927,115,218,315,739,67,642,150,290,586,597,723,890,90,775,927,971,706,230,605,64,1019,183,895,795,890,997,746,540,23,462,725,1011,1004,415,519,739,219,295,775,127,774,781,696,407,507,733,255,450,549,943,511,359,802,779,891,279,186,291,741,250,999,551,962,962,230,1019,615,549,962,775,995,719,1003,6,544,45,368,796,148,255,359,226,59,962,571,871,540,250,962,997,772,989,522,24,282,59,226,103,283,164,540,553,6,291,995,618,146,540,46,611,995,547,98,1019,547,82,571,420,391,231,1020,291,483,482,315,223,581,958,364,764,940,231,355,626,117,947,925,359,762,775,627,143
1009,884,293,550,559,534,534,369,934,266,794,105,664,230,921,977,828,555,544,296,193,209,750,1013,797,289,977,1013,795,909,565,195,823,293,139,795,360,693,148,270,227,1000,328,264,289,404,550,139,1011,161,305,608,831,328,184,268,974,360,484,268,275,108,294,224,265,225,141,212,1011,295,252,145,275,788,898,175,209,343,299,125,360,173,246,713,17,481,813,196,4,360,616,916,382,307,809,264,984,812,757,307,534,625,950,512,228,744,550,100,209,532,547,339,542,776,261,212,966,532,736,309,227,232,157,958,624,359,915,296,228,265,815,1020,670,663,147,936,267,161,826,785,684,736,360,271,798,467,276,278,538,879
974,777,94,545,745,459,383,62,963,927,961,638,62,775,19,787,639,33,598,390,417,862,509,996,56,959,953,441,387,56,98,6,633,753,795,957,934,995,705,771,914,768,948,733,788,82,959,993,157,220,582,270,66,713,910,947,870,911,959,521,91,79,79,991,768,969,189,110,576,1022,475,155,550,112,1007,959,463,310,119,953,820,519,413,100,743,984,575,246,436,974,629,1014,599,438,524,60,1021,896,639,112,126,555,963,646,979,449,1023,207,62,96,79,961,159,842,799,679,993,921,545,99,895,573,959,859,385,124,798,214,442,390,608,578,127,889,494,630,630,770,501,975,968,367,82,737,128,350,468,821,827,772
657,538,75,15,152,335,787,693,312,214,558,14,731,875,872,694,738,237,16,322,211,208,647,328,584,363,1008,430,262,227,262,463,353,688,810,601,956,68,312,196,15,689,224,843,504,562,550,492,54,692,919,262,533,789,839,723,699,34,821,705,725,207,744,851,759,656,826,729,558,1000,788,88,13,540,106,872,137,876,831,207,282,144,52,127,796,657,1001,754,367,352,209,710,592,749,567,237,856,967,54,481,892,530,216,333,719,163,82,493,765,290,358,38,232,264,716,490,562,699,522,714,649,503,19,704,661,552,128,750,498,611,324,111,227,82,353,169,733,525,528,849,818,334,230,745,216,294,486,618,277,755
708,413,664,136,139,660,657,65,64,365,148,120,237,34,718,734,221,910,963,720,354,917,566,785,880,816,40,22,890,432,701,75,628,1018,286,632,235,150,166,237,2,689,194,632,414,213,793,114,881,104,23,79,136,758,789,147,174,673,766,134,721,198,1000,738,816,782,361,671,249,591,199,591,630,212,798,160,653,363,653,590,354,886,699,723,145,183,112,854,183,248,624,653,945,56,226,239,654,140,751,399,190,655,237,813,352,225,183,183,44,29,890,495,913,759,603,566,815,257,744,213,113,251,404,557,911,224,712,657,854,339,246,158,648,276,129,382,14,439,206,493,657,690,894,135,237,186,1012,675,870,304
771,355,312,651,939,618,436,285,369,341,898,834,641,362,781,323,523,836,193,906,387,377,634,193,906,960,469,901,341,577,948,445,842,352,1012,354,378,954,909,407,139,400,141,954,651,861,132,193,216,132,397,321,384,513,318,698,960,459,241,397,347,754,449,884,899,521,576,649,369,243,812,448,221,371,577,178,323,882,464,605,600,291,958,540,60,947,404,205,177,181,756,353,458,819,1016,211,177,436,149,373,850,352,123,90,107,267,713,618,654,274,634,499,956,841,828,129,970,0,984,379,132,141,826,412,436,978,379,333,266,1008,171,881,130,362,580,864,331,576,381,436,208,554,566,341,842,736,912,924,931,509
904,123,513,513,769,801,112,630,523,405,521,516,784,345,134,527,159,364,137,637,625,508,960,164,757,404,756,115,956,1017,937,548,505,72,128,62,54,774,369,824,113,641,385,777,225,373,113,765,33,183,853,757,398,191,54,849,437,369,95,136,628,296,870,830,137,330,376,342,80,396,232,637,756,519,369,329,379,521,920,777,903,92,375,824,142,657,905,618,513,150,568,873,820,1013,270,337,585,702,409,97,783,180,1016,757,637,230,763,618,265,617,137,472,119,756,293,69,151,521,777,756,637,440,128,70,656,930,456,74,956,521,345,134,369,97,628,580,831,95,657,351,937,503,150,680,183,76,115,263,628,119
725,872,232,287,124,287,853,309,954,882,375,889,211,853,201,680,497,768,431,113,229,216,894,246,325,178,296,138,309,944,186,966,312,896,395,360,780,725,944,713,136,194,756,737,821,880,898,389,264,399,625,369,900,832,1015,54,309,771,499,861,820,501,319,137,305,929,722,912,894,886,358,712,272,396,890,325,500,207,948,232,397,948,888,281,693,880,296,257,400,687,392,237,700,218,366,121,700,840,832,130,757,838,845,819,1002,890,762,848,208,399,198,509,833,944,900,930,845,336,331,853,159,297,195,464,853,883,881,309,890,719,240,342,834,815,407,577,941,1013,934,362,137,271,289,698,875,744,716,914,463,805
659,533,149,491,778,812,868,747,395,922,940,666,307,525,20,960,203,691,19,747,154,891,37,634,138,819,535,958,758,973,645,11,745,7,554,542,60,387,550,139,554,747,747,529,30,905,441,147,104,666,413,406,915,107,151,45,718,14,26,139,747,821,634,983,992,242,535,11,619,436,20,552,22,14,7,1004,539,830,404,908,828,741,340,570,19,9,574,659,570,555,571,1018,207,18,406,244,915,500,428,945,90,0,406,118,29,17,406,4,522,905,885,102,235,659,707,572,965,118,177,37,941,915,884,201,874,491,140,685,211,709,96,523,18,619,307,406,717,781,491,463,142,905,56,213,92,554,714,554,147,657
442,293,902,1,950,808,389,950,801,428,806,302,1019,461,476,439,467,726,1008,858,488,440,854,920,1016,335,942,888,1006,503,555,598,978,117,689,901,441,624,718,1006,553,295,393,776,731,337,587,422,630,431,87,554,706,493,279,958,87,823,553,475,48,475,1022,257,441,337,971,705,390,885,320,768,385,567,1006,786,545,894,430,591,897,806,65,82,424,972,91,209,966,753,885,598,439,342,628,440,595,666,599,447,616,3,464,778,435,2,417,488,83,742,760,273,479,43,41,983,382,948,433,313,718,554,880,473,7,808,475,969,439,989,963,887,966,501,376,1000,441,737,203,475,534,951,305,438,1006,85,567,401,1017,407
509,507,941,341,245,954,528,70,621,1002,148,548,122,486,528,938,69,555,353,17,284,88,208,120,732,120,481,413,676,943,18,1005,913,82,82,604,676,112,13,97,416,754,825,141,240,851,1016,393,94,97,914,89,853,976,70,605,58,0,384,826,613,407,17,88,16,253,548,37,96,592,722,900,85,102,1005,237,594,103,547,535,94,632,2,779,481,525,117,903,97,552,693,647,14,1021,625,52,385,589,393,573,273,605,89,420,16,123,102,26,548,403,30,88,154,417,412,636,968,1021,1005,704,135,616,125,890,742,109,481,195,1,117,592,269,90,597,240,401,676,608,621,145,16,112,45,537,535,9,540,77,528,965
426,605,624,289,792,477,922,380,705,221,930,794,912,455,618,658,828,61,383,829,668,412,213,505,616,984,911,422,469,378,178,797,61,301,908,773,828,497,528,738,1020,897,400,400,413,978,423,798,447,341,623,844,269,576,461,624,651,786,996,802,986,140,795,317,336,257,402,636,285,469,908,65,508,341,892,624,1017,503,418,314,415,316,928,328,437,817,199,909,588,109,917,444,573,59,253,997,1009,412,167,668,386,896,59,853,768,1018,442,736,261,368,1008,579,384,752,792,312,419,417,442,1020,988,624,579,576,17,317,339,336,413,30,97,898,924,981,317,627,265,635,33,611,301,618,775,972,397,828,1022,1021,1010,97
480,513,124,745,513,9,944,241,897,643,471,630,456,603,124,220,874,514,648,58,937,538,422,909,172,49,914,687,424,354,395,145,393,523,248,684,532,653,12,48,698,506,410,570,67,686,533,515,556,456,506,252,144,995,909,481,651,92,571,810,49,937,174,691,829,553,752,552,596,514,642,653,414,604,880,449,513,577,706,959,580,387,813,689,172,571,957,432,643,944,856,902,463,700,122,74,120,554,643,203,817,577,59,470,481,602,899,704,438,212,220,5,214,556,680,742,547,8,623,885,899,902,608,585,65,571,641,476,437,901,522,740,700,518,518,500,581,369,526,468,700,623,452,41,942,396,578,462,652,129
566,786,442,634,139,391,604,346,804,362,552,314,422,454,548,566,651,582,250,346,815,451,592,932,581,987,420,451,858,868,436,548,894,566,950,826,566,427,469,548,343,106,278,804,90,447,339,771,842,474,826,23,802,474,528,915,391,982,340,823,956,434,44,855,132,441,815,566,1016,804,402,794,976,4,964,818,422,67,479,993,43,126,296,987,298,291,89,94,90,660,989,567,474,63,965,571,973,988,987,314,822,439,1015,811,190,963,836,918,324,429,682,339,1003,992,453,986,489,111,852,998,346,118,858,1018,459,290,822,6,813,88,340,827,994,1002,879,846,667,36,644,1019,882,642,458,793,991,474,668,1015,571,604
315,515,691,564,826,724,940,795,647,579,975,454,690,106,810,688,421,319,198,348,203,438,818,665,854,212,206,694,666,821,196,874,307,487,682,916,380,747,454,948,121,434,850,911,630,851,845,975,538,985,866,444,1002,693,306,642,448,716,116,194,819,202,715,748,566,720,443,299,346,987,181,819,323,530,38,259,283,846,308,554,630,211,852,946,1013,697,950,741,197,716,305,323,238,261,851,638,950,458,422,434,450,443,751,333,588,570,82,461,818,214,436,302,1004,867,693,206,307,838,179,454,762,198,716,509,618,101,851,747,307,822,837,197,306,102,1012,693,244,863,494,244,872,186,843,507,295,873,1004,306,307,787
126,102,510,439,196,169,813,390,390,635,476,872,195,645,835,121,392,466,114,117,601,869,160,508,200,902,38,516,901,635,437,295,402,478,420,461,1,743,381,885,119,637,218,527,546,261,442,869,109,568,452,573,730,644,155,898,388,185,121,582,903,521,533,25,791,85,152,194,580,29,397,122,484,387,526,128,660,549,681,869,515,87,40,891,241,412,712,958,195,867,1023,528,124,7,612,378,644,982,0,52,664,485,925,100,633,396,533,114,412,679,87,261,384,466,546,982,385,900,276,692,260,532,574,517,514,932,646,133,917,677,7,388,94,412,313,782,306,533,648,869,29,650,108,187,953,30,416,677,183,669
427,352,289,546,286,768,258,32,751,727,544,790,443,318,1019,695,840,586,846,66,860,683,39,795,286,311,222,170,196,424,951,282,1017,423,422,166,206,74,150,63,674,219,855,223,695,678,679,347,699,806,802,811,234,678,331,718,315,314,427,359,230,515,275,628,291,991,651,573,319,358,586,107,822,894,94,711,713,840,502,21,335,1019,83,832,324,190,218,424,962,595,535,214,525,425,846,476,341,199,59,44,764,292,842,59,478,921,678,597,297,86,991,475,583,573,312,595,701,548,714,545,719,295,138,498,207,156,358,606,803,546,927,189,514,194,221,674,190,842,172,736,571,152,546,150,447,56,923,129,695,348
619,168,544,204,919,598,555,11,686,593,222,551,86,164,994,577,125,428,215,843,431,634,198,101,1004,482,535,582,437,101,622,108,229,859,191,210,254,208,216,177,213,527,903,108,582,160,156,179,592,725,81,87,236,899,907,315,172,82,899,86,587,1006,725,450,593,683,567,552,939,651,603,178,461,110,120,697,627,471,454,583,550,262,841,164,211,82,341,181,694,587,466,727,630,291,620,727,173,117,562,526,723,732,585,754,541,651,613,567,555,77,169,594,642,600,187,727,675,93,174,570,73,120,596,215,165,624,81,232,456,343,151,331,612,87,594,210,557,196,675,584,737,634,705,622,94,171,530,630,81,384
621,410,862,771,549,473,514,804,139,987,949,169,646,721,380,958,62,145,25,606,5,889,503,423,843,696,699,237,358,55,216,435,3,911,895,282,665,775,35,118,710,610,539,391,240,564,933,409,919,154,136,107,163,474,206,633,53,215,149,901,654,805,615,583,35,852,955,560,332,362,478,633,472,76,262,152,568,145,442,949,60,613,170,515,140,6,119,665,638,564,129,3,646,519,805,90,186,8,517,696,485,218,143,229,248,569,182,155,97,865,500,661,933,615,103,13,643,269,576,511,947,335,711,840,208,904,163,164,60,230,468,513,442,97,121,188,109,218,244,964,769,472,635,690,566,586,20,843,130,516
952,830,1,546,781,126,804,451,917,921,68,252,79,388,961,432,812,44,275,68,632,4,441,8,375,667,211,543,829,889,294,40,353,173,450,401,193,924,69,77,644,580,568,13,825,604,769,36,175,737,548,408,616,685,168,149,399,461,186,998,84,21,292,669,510,209,986,1000,51,463,521,845,112,427,1014,981,1018,516,804,897,249,989,988,468,53,750,572,231,962,802,436,485,1020,325,841,641,641,829,451,18,439,429,1002,488,901,1020,457,84,40,786,565,18,400,468,952,94,712,219,639,856,23,1016,914,44,993,451,156,160,32,556,121,981,484,192,921,459,1002,570,996,639,540,539,560,604,356,439,463,775,623,559
430,917,330,358,38,686,863,198,851,106,19,716,646,851,797,530,342,365,170,174,75,86,786,495,331,171,606,861,653,590,851,22,795,435,235,344,235,850,941,591,345,155,755,860,608,561,861,219,354,562,221,701,46,851,83,853,687,575,815,445,702,658,299,348,303,573,655,640,30,865,253,851,995,173,1007,671,850,130,467,227,862,850,862,744,1002,131,130,338,731,237,76,327,851,763,509,171,212,175,645,515,573,861,79,669,918,226,162,163,202,301,600,111,33,596,42,819,170,606,602,733,715,849,403,723,801,887,523,899,134,737,596,662,577,330,367,307,787,111,206,131,480,849,559,597,609,227,302,179,47,691
474,558,423,122,755,632,104,45,748,817,667,792,467,276,528,368,900,442,19,231,729,946,228,1007,731,942,332,822,296,710,530,70,540,442,636,153,538,768,533,165,225,99,286,827,818,651,57,734,576,26,2,515,296,228,507,234,207,728,953,251,634,20,194,538,634,726,540,257,9,143,505,375,123,663,25,263,89,259,99,243,799,294,341,28,446,524,520,903,643,258,99,237,516,114,231,1007,848,533,1023,243,539,546,753,878,913,370,62,107,123,103,1017,551,296,83,413,17,645,1,534,360,582,540,408,533,430,131,748,880,261,21,729,158,82,231,151,114,520,439,100,926,450,119,117,999,1003,318,536,460,855,518
1001,69,493,329,328,314,659,979,595,957,388,627,793,949,468,873,553,953,428,983,400,401,136,48,41,793,789,556,900,529,177,905,835,608,399,424,416,930,394,596,417,334,884,78,829,929,697,354,930,932,325,951,700,813,572,448,317,498,284,360,948,584,420,392,17,900,80,476,408,343,825,777,843,625,599,457,562,644,457,776,416,152,852,700,873,933,953,946,668,72,393,442,29,571,156,932,709,345,884,497,946,789,377,854,329,378,964,117,100,424,953,375,858,461,670,322,797,697,190,899,659,870,853,267,334,440,691,382,613,917,862,167,937,366,398,525,333,500,885,357,333,482,157,953,572,913,448,485,668,325
860,417,33,345,50,737,964,385,352,345,45,592,290,434,178,289,654,444,967,684,386,932,146,748,611,479,926,864,606,895,193,994,870,44,944,735,65,551,960,24,968,130,540,458,351,411,670,988,861,592,30,351,955,264,475,962,983,345,450,988,351,1005,939,359,978,340,358,944,596,993,1009,61,288,679,229,636,307,612,941,340,999,702,961,46,506,356,108,910,528,458,548,900,352,195,319,264,608,351,348,956,340,89,964,996,321,128,347,348,404,677,449,944,536,931,958,12,878,347,935,536,417,898,721,929,873,322,294,322,448,480,833,523,887,825,340,351,49,68,896,350,967,442,345,946,321,351,433,489,598,419
899,890,456,987,389,857,475,212,553,536,610,578,75,1018,804,335,845,806,106,880,549,453,424,952,772,389,845,426,323,462,948,522,1008,867,499,167,75,970,500,950,817,952,970,948,880,571,954,580,857,980,138,525,460,963,251,361,917,970,500,948,564,948,568,409,12,387,968,516,317,446,458,307,645,842,427,13,1012,821,905,343,851,811,335,835,869,36,564,986,473,4,218,147,240,58,426,500,558,956,51,499,523,246,947,857,426,122,564,59,901,21,477,954,901,506,591,570,269,580,845,842,456,445,900,931,797,421,43,622,456,1012,818,499,360,966,866,952,443,434,403,889,884,392,932,956,478,949,458,991,36,84
205,721,390,943,33,560,857,548,963,401,1015,540,799,912,288,590,736,673,556,524,590,576,470,158,102,984,976,294,320,889,976,446,1007,540,541,160,193,380,732,497,561,45,324,262,943,713,422,480,529,287,742,703,984,416,717,862,768,226,560,0,721,704,640,190,993,161,574,135,531,128,791,745,160,112,916,956,188,652,862,590,848,585,940,173,673,486,417,721,477,300,675,210,487,953,33,199,113,292,401,662,598,145,68,275,662,175,855,780,161,707,681,318,144,573,756,263,286,678,63,943,160,633,320,985,667,588,606,684,990,319,288,97,524,489,563,174,734,943,799,853,508,445,943,556,955,81,129,118,332,1014
592,341,835,474,124,275,775,804,655,742,0,112,252,804,425,759,855,314,728,120,876,862,858,196,342,711,326,716,502,168,738,196,324,308,449,703,721,377,219,777,426,809,777,120,144,407,289,293,823,250,221,130,140,772,935,525,681,343,66,855,755,33,794,867,339,742,827,202,735,715,991,645,790,447,183,168,996,193,150,148,354,823,550,473,649,216,476,565,957,713,909,7,390,272,999,814,454,934,89,396,751,735,752,742,178,574,758,728,339,73,867,791,262,743,752,711,669,259,543,862,799,445,647,425,810,710,737,796,737,783,351,742,407,218,300,319,759,172,533,761,125,401,221,114,242,743,166,743,646,414
942,98,610,218,484,514,497,99,595,442,542,282,603,393,330,652,261,869,671,27,314,886,652,516,908,952,106,410,516,945,998,546,477,676,358,866,956,917,909,949,28,853,1011,519,46,839,35,871,989,868,507,1013,966,219,604,907,313,356,972,748,166,683,678,892,610,290,966,1019,924,262,323,633,10,602,907,518,590,114,773,386,162,945,620,356,294,289,866,659,958,358,872,366,382,867,647,659,952,886,363,1011,406,932,323,625,974,582,420,699,542,396,154,379,271,227,813,982,619,890,1012,475,586,937,550,1004,888,366,430,622,364,748,347,327,954,837,614,280,1002,907,957,315,143,478,932,113,947,931,932,606,258,602
290,321,791,498,490,367,287,261,528,444,703,302,508,593,262,639,283,871,427,915,671,348,235,415,999,914,876,914,285,567,395,531,610,918,898,586,366,382,915,245,354,876,257,347,301,369,463,596,1022,855,339,397,466,495,418,466,915,115,487,664,84,416,490,546,499,259,998,174,491,338,530,878,379,475,375,845,735,592,429,455,519,1002,354,322,274,727,430,383,762,919,260,373,407,570,482,483,27,299,703,868,1005,669,876,622,855,932,443,956,914,1003,483,927,999,510,420,354,482,498,259,281,428,329,396,267,344,483,334,347,925,325,990,350,573,867,506,431,277,848,956,258,923,291,906,490,505,355,168,540,1006,141
266,807,839,447,847,755,261,512,775,194,730,454,299,327,886,194,473,192,838,6,849,230,747,783,103,590,345,778,904,808,605,290,591,775,6,192,955,63,851,978,544,511,774,200,63,831,196,315,14,157,250,161,192,88,886,839,598,122,224,957,902,551,711,827,839,459,806,216,587,841,39,150,16,739,248,57,9,839,39,988,133,409,447,459,1021,1023,319,297,187,512,827,309,616,210,807,800,381,587,166,759,608,758,96,295,374,488,219,192,800,143,202,879,216,710,863,221,136,893,294,714,54,183,775,962,831,448,487,455,198,185,800,446,78,54,563,520,775,575,267,119,194,882,163,129,9,639,231,176,838,890
197,448,682,378,141,615,4,523,727,914,48,190,142,560,528,936,775,632,48,50,622,126,1,96,455,572,928,811,837,821,988,5,144,329,433,38,334,204,512,576,766,653,211,120,715,70,718,136,652,193,75,129,136,12,139,38,560,720,616,521,49,204,17,785,130,752,937,889,658,40,46,904,585,710,984,251,73,190,285,145,141,145,556,772,624,720,137,568,1008,948,436,433,569,562,99,654,80,566,552,13,569,51,73,179,32,457,720,217,713,703,49,907,956,959,49,800,569,646,752,41,912,305,47,229,626,815,384,460,697,449,140,775,208,761,992,670,185,82,710,321,132,793,743,752,157,696,732,80,169,103
948,485,997,705,620,116,888,730,962,105,995,898,259,233,768,620,893,17,395,689,527,80,1013,761,901,443,1017,544,138,956,996,652,972,650,885,908,357,12,20,128,364,132,972,148,904,565,184,848,596,383,748,1013,918,387,940,25,131,105,793,100,1012,925,138,673,604,353,997,740,517,253,628,228,108,474,37,577,136,133,968,341,540,741,165,629,597,353,353,756,371,1002,93,867,996,635,849,437,136,21,275,884,361,241,93,457,322,946,132,641,925,908,776,915,189,1010,361,962,188,889,947,164,853,357,378,964,600,436,389,104,33,300,97,361,588,213,89,275,610,83,52,361,664,953,425,842,692,256,996,1,291,139
640,766,6,287,92,895,1009,603,447,654,116,988,596,521,11,226,437,603,639,976,437,157,39,293,610,184,49,593,26,794,411,910,522,564,683,608,885,28,675,635,785,178,417,909,715,195,499,50,588,63,130,791,713,814,293,401,527,435,21,1013,587,167,186,194,196,19,428,874,375,932,247,514,1019,277,514,695,127,978,530,418,275,355,529,247,92,362,34,120,798,714,147,842,96,564,850,405,80,618,27,28,564,83,530,228,52,260,1015,23,850,341,157,939,244,405,580,2,79,154,715,61,1004,180,642,397,1004,864,994,114,17,244,619,715,602,147,594,770,917,729,943,362,611,956,161,988,757,619,947,732,341,934
149,144,505,531,428,556,595,609,845,854,656,792,428,247,664,1005,276,173,643,880,824,692,184,245,217,62,493,548,152,797,781,22,656,561,779,133,70,741,239,20,435,662,43,360,726,873,81,240,281,112,120,85,816,577,84,283,153,3,621,249,217,292,86,189,848,20,133,256,49,138,307,18,563,275,720,432,254,709,152,84,291,364,181,149,340,233,275,989,379,259,616,281,539,535,526,870,668,635,645,595,769,1005,1017,856,706,519,305,276,89,446,152,152,57,109,845,572,585,249,0,525,492,656,581,611,845,435,156,912,158,300,709,531,531,173,680,337,184,567,656,140,686,788,309,156,173,215,306,154,181,9
734,429,845,848,952,859,208,776,572,366,247,96,371,589,973,136,332,599,635,120,651,312,382,35,989,469,459,382,526,334,445,332,558,386,350,390,861,163,173,975,652,490,958,63,588,334,350,44,90,349,952,477,470,236,973,908,700,909,77,259,307,290,728,320,303,592,908,955,332,606,117,299,737,917,270,978,398,520,981,189,533,173,432,78,919,966,558,42,535,1006,941,952,578,320,650,108,469,861,874,877,960,222,238,940,301,853,309,602,773,683,908,918,504,940,637,973,486,776,861,462,451,493,250,86,635,591,254,332,591,771,987,491,920,963,602,973,176,216,429,847,845,855,989,858,581,696,428,933,530,989
446,87,1011,822,876,962,467,180,802,931,974,658,45,66,507,153,991,275,853,475,211,933,306,1022,559,92,271,724,621,435,929,119,932,710,619,484,930,43,597,444,388,429,332,971,802,427,898,546,427,650,462,847,107,962,930,386,642,859,509,447,36,988,459,285,95,692,23,289,307,846,433,612,498,222,124,172,47,946,554,207,423,619,131,947,842,811,693,518,770,467,734,323,586,235,548,915,914,435,932,766,558,535,418,460,807,819,778,513,265,759,402,462,239,633,619,562,323,254,467,238,601,413,770,522,232,893,478,974,469,437,406,546,769,933,437,19,325,787,276,511,77,434,914,972,636,10,658,51,463,852
160,955,90,581,843,330,766,916,186,645,664,130,137,870,158,30,600,579,621,332,759,512,538,351,50,942,728,32,160,611,815,878,608,781,764,661,533,223,12,522,178,930,630,348,557,878,131,765,650,543,172,180,886,174,94,187,476,3,295,938,931,630,500,525,846,910,418,579,290,187,95,370,211,597,142,527,880,755,190,605,573,31,222,92,158,902,223,781,167,296,213,523,384,664,862,165,771,458,675,124,543,168,122,238,550,711,623,21,755,1000,623,878,262,138,34,1014,877,690,673,286,122,957,8,722,620,669,5,40,293,103,311,522,522,522,280,182,134,265,136,126,859,527,696,570,394,817,260,540,672,965
938,970,347,418,288,844,316,941,564,178,634,420,400,144,30,187,202,66,838,85,900,441,560,180,312,906,176,402,887,694,937,172,300,949,9,899,420,586,325,616,894,422,770,329,1010,267,52,548,775,607,135,407,908,938,143,719,1008,966,776,365,983,910,244,695,887,343,733,407,420,299,971,349,344,719,47,60,345,750,951,351,554,884,139,599,180,43,763,406,948,948,87,501,461,413,908,680,860,393,349,292,962,949,504,522,117,604,938,504,1012,975,913,718,966,360,811,936,187,374,87,137,935,187,408,803,635,395,42,240,650,292,108,1012,406,76,187,402,351,567,554,36,139,988,26,443,267,438,447,857,187,436
57,677,198,581,209,857,679,621,185,574,104,185,670,637,645,220,151,191,166,696,668,688,182,79,675,191,47,91,671,80,671,639,586,167,792,663,140,170,677,701,49,208,214,741,855,32,248,337,169,288,1006,369,702,602,146,35,384,661,702,823,857,494,292,525,596,376,292,652,759,177,695,613,176,160,747,869,254,252,871,551,526,161,689,583,349,647,89,668,576,551,448,697,815,215,540,163,139,319,172,871,695,21,102,245,557,1007,129,217,757,89,693,254,693,638,633,862,609,529,636,615,247,259,199,670,572,358,703,347,654,73,663,832,159,213,166,647,739,949,820,679,697,82,847,87,169,661,279,217,779,160
790,550,665,854,739,696,899,3,825,54,132,686,1022,30,1002,608,496,107,918,1016,666,679,758,935,710,710,790,644,348,161,347,776,1,170,702,679,800,658,790,782,224,674,574,234,131,259,283,355,663,97,643,787,777,839,778,863,795,723,1019,863,881,195,967,632,896,991,300,999,456,13,863,677,866,927,370,430,739,663,432,326,800,350,739,867,761,699,699,153,285,12,672,7,249,923,301,291,844,802,33,419,231,822,299,287,344,805,970,732,470,247,791,481,867,486,195,802,291,16,295,934,67,806,775,119,355,693,998,787,341,99,934,848,260,887,551,647,678,534,467,452,416,1022,67,826,457,483,852,991,912,579
848,776,775,333,840,613,701,850,73,381,329,409,537,424,892,840,406,416,854,63,358,504,494,680,857,935,173,447,455,451,912,461,67,891,297,488,771,544,806,344,796,369,864,532,440,294,553,71,939,768,168,539,431,445,424,1022,884,404,843,884,592,872,298,41,595,249,71,848,327,297,79,367,830,347,509,896,430,807,855,518,550,344,151,551,842,321,413,361,495,24,433,219,660,955,649,850,830,541,862,808,623,377,463,88,414,877,86,792,439,850,423,830,543,810,90,474,835,384,94,185,945,800,699,435,351,789,423,331,296,815,908,426,840,727,315,858,437,344,407,473,877,695,959,836,853,423,830,222,836,832
486,916,149,532,934,605,5,543,985,980,237,601,539,97,499,968,256,488,105,992,103,869,286,101,101,415,476,111,64,609,244,118,791,224,311,405,476,985,966,856,193,520,89,294,992,848,992,413,672,998,937,470,532,578,95,43,995,869,951,898,824,614,34,210,407,187,774,537,507,486,554,916,314,1,523,889,969,477,224,490,103,359,997,612,955,100,479,101,595,230,544,378,408,342,392,5,393,485,285,788,888,672,488,661,902,363,340,893,887,539,484,451,968,510,1,888,104,224,480,357,1016,900,868,221,864,524,869,390,104,951,294,656,28,905,499,357,537,95,1018,133,883,1007,393,7,400,459,500,391,487,495
889,672,123,821,184,412,40,297,312,985,308,509,877,8,957,266,61,845,468,972,844,518,293,16,955,365,884,360,488,808,50,728,340,477,887,392,424,244,308,354,184,949,600,850,420,448,499,829,855,496,365,479,483,420,692,291,752,37,469,161,884,534,893,156,888,464,1013,290,614,542,552,61,389,420,516,724,504,45,985,424,429,469,973,884,795,991,440,477,424,931,364,253,589,117,469,692,293,856,920,424,396,324,941,376,1000,876,684,221,173,781,477,266,770,957,479,24,125,520,589,28,324,840,471,251,476,844,37,298,882,299,308,676,260,825,789,309,232,498,468,506,861,765,904,443,369,477,308,1013,347,840
811,924,795,795,1003,447,609,893,908,659,297,826,671,714,322,481,379,419,609,938,735,13,491,635,930,469,994,956,635,441,731,294,422,830,804,22,411,356,441,348,98,351,161,1003,737,340,835,33,468,890,223,844,621,69,464,94,828,512,1004,99,631,405,796,403,955,37,467,787,268,878,933,770,1012,978,361,900,453,100,259,630,839,219,813,350,353,357,770,771,741,952,100,884,345,924,629,849,45,888,355,70,388,1004,545,633,994,865,771,419,361,858,229,729,291,443,105,220,293,291,540,123,99,838,491,877,339,710,165,322,826,850,485,540,443,221,1018,978,987,849,419,894,996,452,390,997,441,607,902,339,736,926
432,845,978,342,210,212,999,362,439,347,347,598,324,468,718,888,411,742,90,363,807,666,77,223,849,487,347,822,513,794,349,863,479,250,853,432,411,368,783,92,799,794,409,387,342,807,342,255,496,346,349,114,371,807,659,378,834,656,857,522,721,839,937,871,424,856,774,347,778,567,345,848,202,999,170,399,847,401,786,722,715,347,407,852,874,863,784,407,103,841,886,338,387,992,407,728,775,175,650,865,986,596,721,358,280,339,312,850,866,503,345,471,307,799,892,338,666,915,288,698,799,854,320,840,882,751,839,599,848,999,566,823,865,569,650,96,880,502,785,39,916,463,882,95,96,191,350,679,178,434
79,375,288,946,475,986,95,988,516,550,59,467,45,695,972,551,801,835,395,21,708,884,577,779,756,302,760,341,888,944,690,980,130,10,528,468,986,493,444,42,92,651,515,292,583,961,503,829,641,459,313,299,409,539,473,816,938,968,223,656,501,936,296,196,481,46,697,82,506,40,651,781,485,514,461,816,907,270,112,517,1012,557,42,431,74,475,392,297,663,433,161,742,394,503,474,530,474,118,98,853,829,117,43,910,575,693,385,42,348,972,861,571,530,552,905,315,730,48,802,549,528,706,132,801,820,552,500,874,991,533,803,337,472,730,117,62,823,993,122,118,316,43,441,43,53,466,530,288,437,692
466,555,901,553,96,461,502,448,846,43,510,743,274,902,160,11,87,35,983,469,459,880,154,67,1002,767,978,460,461,506,987,933,917,932,264,392,191,504,113,880,290,740,928,535,132,530,85,510,904,461,3,11,975,874,719,459,525,921,768,387,746,517,384,466,983,123,475,471,463,498,948,198,581,515,304,677,494,490,516,119,138,888,229,586,0,398,158,730,39,143,646,41,234,158,1018,742,220,37,144,107,974,674,896,501,970,462,123,533,519,316,789,562,781,65,3,804,540,510,123,1002,118,727,540,19,139,236,896,9,531,673,494,952,796,663,517,539,512,929,666,677,417,661,826,469,466,469,83,213,661,663
716,407,98,226,898,515,605,315,193,652,586,953,182,25,456,837,899,576,222,441,868,739,646,899,323,316,32,589,94,305,612,53,195,1004,611,796,599,1009,262,880,258,716,498,242,381,725,224,502,516,193,50,632,67,896,629,422,1008,770,177,670,944,584,861,189,92,305,61,164,547,834,342,311,413,129,625,862,635,32,140,208,193,256,589,545,381,275,472,994,2,158,244,65,222,551,914,904,914,912,612,957,962,929,44,240,1020,895,706,856,908,922,193,704,859,403,280,908,340,576,904,153,182,69,620,828,597,1019,561,799,489,262,848,972,476,0,678,930,200,936,898,286,57,226,19,452,1009,68,637,934,445,927
118,783,450,99,223,26,211,912,412,474,370,540,634,323,515,486,713,708,143,138,966,22,846,905,251,498,202,981,287,861,664,74,235,599,457,516,431,637,490,87,789,838,885,1018,992,24,367,784,166,528,73,651,500,768,406,428,47,365,48,175,910,465,570,1011,492,489,31,321,1002,297,47,366,500,820,313,970,565,516,502,22,794,486,644,983,971,829,1000,466,849,995,975,399,927,777,426,807,969,76,67,316,795,522,796,979,881,51,655,900,712,1006,23,569,332,901,71,569,946,172,535,573,1002,915,377,143,46,479,969,410,568,431,964,860,904,24,761,267,996,231,47,533,459,431,1016,659,917,70,790,499,861,734
414,272,265,482,527,252,367,959,478,278,803,433,907,725,435,718,770,367,669,997,851,213,401,720,536,851,450,867,415,204,899,20,799,613,267,785,150,336,435,805,849,747,994,272,284,305,204,321,269,949,275,532,957,1007,915,628,251,649,905,952,849,2,108,101,758,844,163,758,985,275,869,109,418,861,742,300,103,272,736,275,117,96,285,738,528,1020,150,274,147,361,1003,276,380,669,82,981,765,249,354,723,899,692,365,486,714,979,146,427,348,98,646,175,925,469,764,787,348,855,340,343,492,270,593,608,627,751,797,286,160,333,405,914,589,500,757,630,299,405,693,272,238,612,333,277,285,431,111,651,156,124
751,691,143,523,145,239,319,747,764,227,891,524,157,776,395,35,249,253,615,235,695,215,267,337,619,660,582,312,642,267,187,31,891,171,893,771,255,751,987,227,766,649,648,722,226,604,786,248,255,550,927,215,658,28,11,606,754,259,11,701,691,79,88,157,248,701,28,718,305,10,131,783,211,655,96,952,69,31,239,22,285,251,925,926,643,171,336,979,255,655,92,658,46,558,667,639,635,102,834,161,695,98,22,794,3,389,26,610,67,923,269,542,287,891,363,626,192,251,660,901,218,154,763,415,241,670,14,691,239,621,235,152,684,159,781,766,215,285,612,159,158,220,255,226,352,70,632,120,265,670
818,442,1011,1003,660,811,446,999,836,507,804,983,748,798,507,831,934,354,689,787,268,803,882,129,848,304,195,813,455,803,750,807,807,369,435,500,332,493,107,68,675,804,318,451,795,55,1020,411,231,366,659,800,370,791,931,435,805,68,156,800,381,802,126,282,677,333,995,338,813,988,803,25,495,678,818,675,836,1013,342,395,82,754,813,446,157,894,984,750,862,411,27,227,1021,957,813,791,812,889,726,750,941,63,927,346,858,461,813,984,428,803,193,834,805,992,862,466,775,467,875,1020,748,446,237,738,891,473,659,507,443,473,182,669,811,352,574,771,354,772,289,892,180,78,989,451,419,227,795,828,769,419
845,745,959,76,361,998,1005,706,73,260,336,804,913,568,274,68,47,42,392,437,636,437,90,545,71,976,15,41,467,94,297,493,980,797,1001,405,477,934,18,159,565,380,106,790,952,117,914,422,454,41,782,856,42,302,41,138,55,469,434,171,527,977,568,43,513,840,352,537,1001,336,679,912,88,594,140,402,574,9,502,264,1014,47,458,471,102,81,473,726,71,906,47,519,450,373,199,784,375,577,543,511,421,533,586,450,790,70,93,550,959,149,165,584,16,551,470,550,429,434,560,418,509,790,933,969,715,431,200,790,80,429,20,210,982,429,447,775,952,470,824,468,511,952,1007,369,158,1022,286,29,432,106
502,976,207,14,531,438,532,319,489,271,10,323,639,142,48,615,431,11,811,450,996,910,10,1023,983,846,32,97,956,118,582,462,54,486,790,283,547,467,750,390,754,778,623,514,414,398,283,1,542,759,951,608,576,757,727,910,706,270,496,1016,98,817,535,529,451,207,910,28,343,231,514,520,11,615,526,718,754,758,270,224,7,10,898,498,790,702,259,494,385,2,482,962,515,498,48,108,659,155,561,246,771,30,831,902,198,974,121,782,506,391,534,509,191,369,606,631,1023,399,907,19,48,14,606,579,486,406,1015,691,625,70,235,401,498,527,270,503,514,497,451,383,532,963,568,406,948,635,742,1023,482,107
84,231,506,902,343,253,970,138,257,887,962,228,407,488,967,77,751,159,233,394,1004,68,702,915,1000,879,437,119,751,87,483,198,697,608,592,407,441,345,967,879,852,961,652,781,33,96,593,898,397,251,802,804,110,311,232,946,586,230,403,439,52,95,793,518,620,945,362,47,102,844,167,392,441,19,612,392,916,532,593,388,975,682,841,873,657,921,121,671,187,632,311,597,661,857,964,959,869,649,447,566,297,17,247,969,535,25,113,616,560,103,72,501,68,113,598,998,585,310,1001,239,545,452,72,611,592,313,118,470,365,911,471,439,780,414,585,501,984,104,216,114,795,679,855,124,84,405,131,991,403,874
885,389,392,849,560,120,841,304,460,423,972,300,461,401,1004,592,547,321,1006,113,532,39,913,396,750,304,480,868,424,708,883,40,333,500,296,764,944,677,173,401,544,419,609,984,491,437,65,434,585,465,913,417,521,432,700,44,652,356,521,396,853,844,853,120,633,556,416,297,214,916,50,931,49,661,333,729,884,260,533,12,408,409,948,984,232,913,270,301,72,959,328,933,844,552,937,543,295,448,937,988,671,1006,305,108,294,461,915,472,364,298,461,401,301,832,405,577,257,144,592,336,44,456,657,297,566,408,1001,401,494,940,560,566,860,337,297,472,428,944,57,72,592,455,76,110,620,32,321,424,876,96
116,666,548,248,680,738,569,20,564,596,319,676,68,540,500,803,601,177,136,740,115,206,771,276,590,276,533,764,167,344,789,67,802,244,674,756,466,736,172,687,395,819,116,677,483,796,726,177,274,165,1001,661,340,260,84,845,564,825,501,675,696,340,532,332,433,466,136,493,266,899,822,661,714,236,662,422,553,981,720,18,732,357,886,661,180,45,375,226,459,738,663,310,156,116,661,195,100,369,287,533,680,875,330,659,172,656,723,728,842,432,362,311,299,268,999,532,322,529,188,792,489,87,226,659,457,677,210,252,84,805,579,119,725,310,406,441,318,572,651,297,547,196,558,167,308,685,740,173,248,210
893,836,987,365,781,883,912,243,845,875,602,372,380,403,176,834,1021,848,388,1003,484,212,890,857,374,359,365,818,192,749,1017,805,788,708,1009,314,157,883,670,378,389,927,1004,658,218,352,378,841,409,1018,398,992,783,1019,408,893,876,941,910,925,778,362,698,581,1018,525,657,627,895,269,874,517,786,1017,131,146,788,845,404,706,994,778,164,900,434,333,722,281,884,708,362,364,314,269,837,906,877,352,82,875,881,916,831,452,836,633,331,373,773,882,810,346,789,391,373,786,821,881,162,365,937,974,293,490,218,666,997,266,523,914,1002,802,481,299,359,846,151,404,928,811,648,906,378,297,908,957,868,781,788,859
413,606,615,503,790,509,930,396,474,311,699,772,845,506,507,995,956,845,1018,503,809,951,263,894,324,496,909,127,474,116,615,21,587,915,514,383,326,331,956,496,396,414,135,944,475,895,123,615,414,500,908,450,882,327,311,87,270,571,841,461,962,617,75,379,459,779,931,839,620,930,511,215,498,795,503,390,496,634,847,114,502,831,511,395,956,594,139,875,588,525,432,869,114,573,454,498,506,485,781,615,344,844,1016,717,407,459,899,632,66,459,407,871,992,499,262,501,523,437,475,634,197,301,507,908,1002,944,69,70,346,11,503,406,454,509,909,386,511,443,448,61,391,792,911,786,944,36,1010,72,75,950
141,689,338,755,906,776,300,748,749,845,575,369,254,1021,873,892,717,488,250,461,245,1015,136,835,930,782,268,148,316,933,885,705,233,772,939,200,760,941,749,903,163,563,838,264,9,752,1010,114,142,149,784,760,530,238,501,262,240,486,440,534,887,693,861,369,136,373,198,534,147,206,163,424,547,140,141,629,537,880,693,184,134,166,498,757,756,479,556,903,351,375,563,556,690,424,245,784,534,378,205,800,464,912,753,818,526,290,141,875,266,253,331,274,792,118,755,819,400,568,693,250,498,693,392,551,505,905,738,262,782,627,498,266,626,200,89,895,198,243,886,579,541,664,561,498,630,238,892,270,235,377
598,300,519,296,214,247,666,594,298,805,153,735,5,734,263,219,202,363,735,342,506,185,345,989,819,882,282,445,978,470,666,343,839,826,229,647,161,498,21,186,743,715,670,281,199,198,994,820,738,762,1012,799,186,795,436,518,228,679,135,786,550,482,863,401,593,598,987,487,186,869,654,186,334,736,350,279,722,470,295,839,482,288,662,839,442,228,676,587,541,827,789,842,737,250,201,863,282,402,517,240,994,250,238,647,229,839,844,176,230,827,738,867,196,129,836,130,219,797,498,127,356,298,282,1019,985,699,434,323,986,1015,266,316,626,799,789,191,781,347,709,291,708,210,255,799,208,965,204,295,99,861
846,654,573,14,957,720,290,56,962,573,302,974,716,496,98,402,684,704,392,368,702,959,659,969,538,590,575,496,492,6,713,303,181,846,510,911,718,521,65,512,536,975,63,947,718,565,480,79,351,119,608,391,441,969,71,453,51,57,798,974,449,959,641,994,878,284,480,990,899,313,642,1002,595,436,222,919,477,463,431,334,14,446,33,425,800,446,605,390,143,135,174,109,446,318,454,64,574,1001,421,478,840,655,61,969,397,568,447,312,7,334,1022,69,64,538,557,974,544,106,451,124,514,84,840,616,392,830,961,322,535,184,573,570,124,974,479,713,926,718,838,447,200,851,558,1022,433,177,449,379,446,545
990,718,219,474,168,1001,631,450,988,988,693,683,759,223,741,732,33,734,69,253,247,206,863,185,419,1000,974,61,325,942,691,175,565,705,255,496,11,188,773,686,374,974,607,200,307,32,204,215,88,111,895,179,474,890,912,472,60,207,881,481,69,32,537,454,303,222,981,734,428,750,910,213,171,105,619,898,89,781,325,679,139,942,695,924,28,615,516,596,204,750,211,69,697,210,544,217,715,761,730,177,44,77,994,602,34,227,528,846,382,711,218,425,658,606,717,16,885,791,375,379,560,675,976,654,944,734,222,550,672,516,467,52,460,71,982,808,105,94,460,450,553,528,375,966,15,512,859,4,683,1019
941,621,50,190,21,792,788,941,979,743,214,486,917,916,773,876,667,291,590,162,406,302,273,942,682,264,677,121,779,976,620,278,262,472,880,266,322,667,973,802,693,996,802,850,484,538,349,790,324,470,789,299,497,809,719,673,358,315,966,345,805,904,533,659,228,573,801,277,593,819,324,260,783,340,331,629,174,296,756,21,474,340,285,312,520,373,466,477,443,244,934,955,372,718,941,933,356,482,334,509,841,1004,841,353,699,102,468,353,510,593,401,833,279,941,500,305,246,531,626,973,461,494,970,96,790,465,809,806,594,243,994,396,341,740,661,1003,1000,200,276,414,551,86,340,530,955,277,429,575,804,779
286,149,636,470,314,713,257,956,165,794,881,124,50,642,946,930,693,362,343,441,524,295,250,647,346,837,466,683,214,234,215,199,850,814,146,811,818,906,414,853,680,1018,418,1011,723,172,684,173,362,594,829,113,290,242,676,391,195,802,955,321,324,745,885,650,891,486,191,978,906,269,936,807,252,502,503,893,777,892,329,664,429,36,861,524,846,654,883,421,634,862,878,173,131,379,886,230,534,693,402,698,531,173,178,846,739,755,892,970,853,474,829,209,303,890,892,851,954,770,378,764,384,493,893,676,429,430,851,524,684,951,303,326,100,871,72,851,210,771,862,443,570,699,984,877,411,327,152,697,310,946
903,493,1011,532,415,342,50,629,427,907,987,528,552,707,162,483,941,324,917,873,1015,1023,343,890,413,882,420,902,914,580,532,1012,908,543,907,76,826,445,490,539,492,367,483,397,535,1023,850,500,264,639,907,490,343,427,352,67,495,868,884,378,546,946,484,10,539,883,987,115,264,925,586,394,328,555,898,882,498,445,849,434,902,397,747,383,365,412,347,475,669,116,490,1003,922,336,446,493,21,199,882,18,3,15,360,364,1019,417,581,99,856,487,36,124,950,869,400,739,882,895,902,882,391,838,613,908,427,108,934,411,888,769,904,847,579,391,868,488,415,61,359,264,918,394,391,387,1021,906,963,491,106,436
204,592,647,207,608,117,860,760,586,1006,200,881,192,588,79,877,846,649,429,252,561,41,186,587,972,812,568,617,109,12,583,326,599,115,177,831,929,109,1012,77,73,556,165,134,251,988,512,1018,441,608,185,127,940,125,70,204,951,173,1,555,556,241,654,828,972,497,92,64,175,593,981,336,64,322,77,652,544,879,585,588,35,30,72,920,721,169,67,938,509,47,879,654,241,590,60,969,960,126,418,456,797,69,241,572,553,479,575,587,71,833,977,58,503,122,177,76,463,488,580,593,581,311,212,899,444,192,489,79,899,942,628,87,425,863,94,585,77,177,72,493,433,645,492,134,556,650,901,80,207,144
296,629,918,666,278,1015,169,359,499,567,615,834,934,631,407,87,758,406,935,1001,912,840,399,903,528,403,602,150,431,122,1008,374,1,400,412,631,231,535,928,403,122,391,406,1009,415,934,928,342,118,1017,409,403,418,930,274,999,610,622,409,499,147,910,611,175,936,624,874,946,396,432,54,122,999,662,382,155,351,681,906,415,366,339,790,384,912,422,383,425,431,262,742,921,384,954,287,15,1016,415,169,918,35,978,855,361,767,491,247,944,949,938,431,546,245,848,914,399,798,511,175,648,175,483,166,399,652,545,611,583,930,122,361,246,840,953,377,912,526,938,534,639,329,487,121,530,247,336,439,122,408,399
37,39,1000,957,46,322,1021,675,931,611,570,538,701,39,938,755,973,850,550,245,57,864,990,93,450,194,538,142,56,558,588,900,530,972,553,506,704,192,298,588,863,562,1011,540,39,957,477,608,542,599,37,577,418,171,199,735,192,1011,955,965,704,156,542,613,35,285,686,612,19,942,578,604,80,954,533,734,465,607,93,348,348,491,547,87,48,561,587,266,524,332,933,37,266,159,970,465,187,74,952,302,577,445,556,1010,989,581,896,157,590,956,93,211,933,179,588,576,967,32,192,45,547,960,547,672,479,933,180,160,973,414,908,576,53,37,242,44,332,84,473,844,567,52,43,597,735,63,81,578,515,1015
49,572,167,445,47,842,610,676,509,511,723,65,903,564,650,84,80,47,63,692,27,650,233,761,985,903,440,899,56,69,235,955,41,403,312,54,568,566,52,68,561,498,548,755,208,76,41,700,38,84,621,857,1022,526,198,697,981,199,464,731,922,135,837,60,44,725,441,564,590,417,12,522,682,927,735,744,74,572,62,70,59,780,817,909,54,981,456,393,438,420,497,793,731,431,63,61,919,105,750,81,574,569,985,713,509,688,74,200,416,846,983,40,56,957,88,620,637,565,83,566,898,631,647,972,75,188,725,523,938,308,750,43,516,433,668,736,985,723,416,561,43,535,57,15,467,723,418,651,438,773
149,403,365,514,299,539,477,289,784,259,818,7,262,815,760,267,98,1012,109,446,90,770,581,725,687,186,1007,47,246,795,325,829,840,471,944,815,4,93,536,877,509,972,398,539,846,980,640,569,833,125,735,659,66,734,876,402,932,725,375,516,477,705,124,656,761,526,191,844,733,1018,793,884,413,1017,511,757,453,529,834,1018,1006,524,1004,82,379,513,538,149,296,928,133,544,1018,723,18,661,884,134,536,434,616,773,445,239,149,246,762,70,749,995,243,251,457,786,149,553,890,912,31,147,238,202,813,229,488,645,503,366,442,480,869,241,724,241,56,849,1018,80,752,641,449,706,390,796,1010,147,787,834,204,731
671,350,604,180,144,380,761,186,622,798,130,14,14,158,643,678,226,956,940,236,136,138,397,358,940,876,159,656,189,514,643,559,658,880,658,925,669,93,156,797,257,581,874,216,185,768,236,764,649,833,45,671,570,754,908,177,225,324,850,185,78,749,811,994,68,144,645,15,275,653,846,618,140,542,298,864,655,113,1,537,896,1015,128,774,690,144,527,643,348,382,622,223,76,136,370,399,167,164,189,769,636,368,744,740,158,669,546,292,38,140,188,332,176,223,739,658,876,543,828,678,543,199,217,649,176,692,142,339,344,368,655,581,678,665,253,900,956,781,426,510,601,665,793,182,690,555,586,684,122,324
74,159,409,870,158,372,191,506,327,95,367,860,153,936,895,897,630,876,943,894,642,971,958,886,333,815,183,635,315,482,367,347,108,295,432,751,630,361,896,377,440,158,255,426,386,267,319,570,624,434,150,118,888,270,839,955,382,454,162,921,399,286,319,839,532,993,793,648,166,616,315,924,99,892,890,927,536,135,286,402,182,497,559,239,239,330,863,214,414,831,119,926,833,570,857,734,282,247,324,607,940,743,707,414,837,159,921,934,1006,919,178,479,283,688,571,614,263,158,370,625,1001,943,296,241,903,919,135,890,351,430,890,921,963,583,367,890,550,630,280,682,418,1007,942,921,158,75,938,687,359,479
702,946,15,91,121,77,77,443,449,578,97,1,124,717,43,523,751,564,744,2,989,744,517,543,453,954,125,46,992,90,219,517,410,733,527,127,589,4,538,527,395,749,841,943,66,325,1,613,562,525,346,523,44,963,401,170,346,4,527,935,28,562,717,945,450,386,404,316,973,21,21,582,634,954,442,1002,117,516,716,734,1018,19,115,747,134,1023,904,1010,580,219,42,410,562,579,297,474,87,106,601,514,277,664,607,396,456,472,609,117,77,275,979,29,518,1012,699,223,667,558,556,19,738,3,525,580,684,954,11,1006,971,82,611,643,883,775,97,84,669,571,527,513,750,372,981,82,726,228,277,732,390,531
8,238,621,113,315,125,615,862,394,476,599,859,697,637,63,430,990,689,10,428,120,958,978,601,707,958,895,734,529,61,806,229,73,412,196,430,925,939,8,1006,876,926,564,429,584,953,82,418,765,589,428,420,975,845,187,222,93,418,656,947,35,164,365,600,914,923,424,933,431,608,218,139,686,667,60,625,111,1006,677,350,95,168,453,131,92,598,702,834,933,439,609,959,684,845,96,751,50,50,661,735,914,684,959,604,39,579,61,302,957,928,603,67,475,942,735,773,63,117,561,295,424,679,142,98,434,420,686,88,79,927,156,190,639,50,125,942,216,686,256,687,852,50,430,585,591,220,97,601,154,903
475,1005,746,126,30,37,282,999,467,853,283,107,733,706,30,981,743,449,523,668,994,994,338,63,943,981,268,27,18,44,219,98,703,274,223,735,1,232,29,485,36,465,869,877,754,197,570,121,709,645,39,547,570,41,666,834,367,35,837,997,735,202,47,797,594,534,719,494,27,736,379,82,475,143,549,39,728,824,1003,709,788,709,775,786,767,105,5,20,39,116,753,37,532,645,199,357,735,26,210,212,5,25,996,339,109,4,828,934,714,250,559,176,670,37,213,1008,530,473,1010,57,961,560,705,116,410,221,961,293,696,934,530,682,876,367,172,236,693,833,1020,718,212,637,219,549,814,239,468,70,237,237
245,528,775,125,383,501,1022,271,418,738,130,643,214,35,66,675,138,694,1019,917,11,663,567,1013,252,783,71,907,738,510,124,869,365,381,514,363,197,658,31,89,899,810,69,316,942,118,215,525,60,316,915,867,907,2,766,115,783,498,391,357,251,826,1012,532,263,164,783,15,835,194,525,739,192,31,661,131,412,142,643,327,270,194,60,949,78,162,835,290,523,804,379,4,963,910,1013,695,926,510,680,216,414,347,150,131,948,835,179,268,397,413,738,383,259,376,740,999,285,695,559,883,647,142,900,517,548,506,642,899,694,755,780,498,495,675,268,123,963,314,879,875,7,239,484,366,627,202,523,608,515,975
257,827,632,266,62,249,614,643,70,704,50,739,709,630,6,507,96,639,665,355,252,62,217,49,190,153,6,823,238,181,398,133,253,11,1021,710,635,626,971,122,1017,891,997,589,819,231,254,741,6,392,370,644,670,131,454,881,437,476,905,657,506,460,971,328,753,609,448,53,650,678,648,523,136,523,208,568,249,173,646,192,891,889,77,707,254,817,901,752,134,571,587,920,547,85,287,763,674,189,715,334,357,229,942,753,677,129,715,11,557,634,198,1019,261,58,520,290,1021,454,163,196,385,133,382,649,764,227,451,6,456,571,876,635,512,126,1009,675,943,930,117,96,674,893,765,131,741,794,221,240,0,697
459,67,274,648,498,42,228,587,611,750,667,1009,862,858,665,866,539,883,675,473,742,671,871,460,993,892,684,674,168,191,170,499,178,547,739,33,768,186,431,803,867,162,254,43,675,29,216,539,548,159,146,143,587,396,213,818,219,400,334,223,282,610,675,72,844,175,84,698,855,658,294,879,758,418,542,178,162,675,222,162,86,675,940,702,892,346,35,589,420,702,295,27,26,191,47,737,146,290,66,849,34,667,207,766,691,336,419,803,203,818,347,79,378,222,670,923,655,226,177,43,795,798,851,495,712,193,692,515,667,402,866,766,475,347,66,167,748,211,623,576,498,143,242,187,859,55,847,845,162,737
875,1019,756,443,500,683,89,395,251,131,666,713,210,787,122,106,742,682,517,390,22,84,1018,1022,146,898,766,48,84,953,19,870,101,558,742,805,821,885,394,5,99,312,139,299,875,263,27,475,42,827,743,90,644,942,192,67,395,52,13,107,795,395,741,686,429,261,806,94,425,106,763,522,914,842,536,73,219,742,533,686,627,211,98,754,307,867,622,749,274,942,790,418,709,22,490,451,506,375,906,884,314,999,22,126,642,106,903,935,430,38,85,745,28,706,869,931,491,548,286,759,737,549,1019,1012,395,250,789,591,475,690,949,231,253,726,106,632,96,883,206,141,212,722,706,205,475,629,935,101,83,422
753,129,490,870,393,358,1015,387,902,938,271,582,255,130,518,951,149,130,591,634,686,68,870,753,7,78,358,328,767,452,606,752,550,691,966,758,624,908,190,581,919,138,181,576,690,64,406,414,373,897,67,394,1003,777,432,151,635,168,354,6,579,15,591,695,576,142,618,125,691,373,838,511,127,648,4,630,518,497,674,580,324,926,624,87,172,72,518,682,334,966,88,772,529,639,616,403,584,912,1017,912,1023,971,62,575,986,680,584,758,15,1,9,512,614,387,32,85,510,728,681,911,392,908,889,32,146,862,2,1015,995,926,578,393,369,82,15,138,670,609,639,80,639,446,121,295,749,142,592,72,670,757
55,830,495,920,244,44,12,4,154,616,719,916,940,373,55,533,652,1004,116,12,309,277,108,410,521,40,988,39,12,617,258,403,615,1010,1011,650,452,277,1013,474,484,227,587,404,788,99,581,177,773,11,1016,596,657,399,415,394,491,361,414,919,596,484,154,37,993,21,515,30,228,1000,55,981,457,55,40,228,935,472,458,321,104,799,532,1020,896,616,429,992,215,265,534,43,931,936,936,917,148,996,44,26,660,12,215,152,628,265,494,376,247,580,976,1004,898,610,627,228,986,981,994,915,628,489,163,521,905,115,501,299,37,171,917,228,681,436,494,309,521,101,80,53,922,432,628,532,534,606,601,1013,595,620
579,892,368,321,952,692,640,837,453,191,461,385,53,461,838,883,672,493,672,379,986,443,964,836,896,891,448,348,861,437,424,314,914,744,115,475,881,348,431,456,832,319,347,493,318,847,58,477,1018,648,197,571,512,56,312,600,960,191,965,25,753,672,279,692,901,877,860,376,451,860,774,443,732,457,187,685,185,815,782,249,576,450,669,5,500,964,396,806,960,890,800,329,111,825,413,325,884,332,805,732,256,349,378,190,476,947,584,592,5,53,704,948,544,801,857,692,316,435,509,412,187,1020,718,488,809,469,960,908,711,147,107,672,446,756,348,908,69,117,845,832,964,73,1018,472,412,865,326,968,961,829
441,181,635,26,87,387,314,374,627,60,62,35,133,1019,467,715,446,130,698,350,710,31,387,51,890,978,94,618,411,791,327,452,499,962,387,55,439,578,630,98,59,283,60,154,902,500,350,587,515,103,389,774,71,588,427,409,990,59,53,51,386,930,131,79,95,743,130,818,972,306,903,423,439,47,711,66,930,622,134,954,647,587,327,1023,623,277,451,385,433,702,53,452,844,636,903,817,575,336,1022,579,794,154,863,251,726,698,3,647,624,75,570,743,3,418,774,618,780,956,706,799,227,326,636,446,294,884,143,590,903,50,287,74,245,401,570,611,59,902,31,101,62,442,322,50,717,55,57,957,100,978
393,564,953,93,86,907,572,627,117,131,107,553,584,152,691,101,628,90,939,977,140,784,70,665,300,81,613,628,989,124,104,92,433,428,724,692,1016,146,209,980,681,85,692,755,911,603,197,5,696,724,693,29,347,41,733,20,891,194,909,189,588,596,119,769,189,551,581,78,557,91,696,433,1020,75,196,581,950,630,610,633,725,66,124,468,789,335,947,281,481,59,580,353,696,19,54,924,124,628,764,72,457,61,209,787,753,629,632,14,107,420,477,174,868,53,629,592,88,548,173,977,668,950,122,681,45,984,53,907,621,41,657,436,36,418,213,921,676,68,114,909,139,181,628,630,181,920,113,58,931,952
264,141,333,397,477,356,70,963,796,779,614,878,314,124,515,255,870,109,845,306,778,356,251,372,114,988,771,706,453,855,765,937,583,954,920,204,316,352,516,243,533,641,268,350,311,323,622,765,157,903,349,238,244,189,908,859,637,372,743,415,963,319,669,198,306,434,114,131,779,882,965,54,960,892,372,142,382,877,627,203,382,749,869,834,973,388,178,221,636,83,314,406,326,292,481,244,804,243,623,1022,356,235,507,637,268,1007,308,773,292,221,847,59,149,652,403,311,899,156,612,110,870,965,328,259,281,3,883,243,965,877,854,777,577,1008,882,505,1007,765,508,605,748,351,137,231,780,656,729,921,861,141
723,749,817,124,487,928,21,399,28,729,109,959,605,851,556,37,433,11,52,492,957,309,204,413,593,383,813,186,166,20,977,300,597,468,48,501,4,787,32,811,627,562,556,205,819,121,502,384,949,723,460,246,518,236,844,70,459,572,172,76,429,15,144,540,301,492,594,4,994,976,174,721,731,921,965,718,782,514,741,108,814,124,301,595,929,54,939,392,658,739,591,501,308,17,895,953,174,306,504,565,858,73,438,86,995,802,437,942,587,936,687,462,561,493,365,629,966,557,993,387,952,147,492,684,180,635,20,973,326,799,149,236,302,424,69,425,459,236,160,734,48,777,919,79,609,232,428,393,494,252
581,89,608,1019,80,41,136,421,494,736,648,722,41,361,600,999,160,648,688,616,503,634,601,772,600,320,421,408,230,116,552,611,169,647,637,108,244,536,861,477,598,617,622,416,8,621,978,472,409,589,617,136,600,663,121,89,472,648,617,644,990,656,102,592,417,121,624,666,503,617,577,632,727,617,1002,632,41,609,681,617,693,375,496,855,787,183,441,405,9,469,502,615,513,95,612,320,12,656,529,10,581,760,623,363,740,622,1001,695,614,635,388,238,236,531,905,621,605,633,582,86,784,530,360,405,656,737,747,646,431,130,149,47,688,501,654,677,913,232,622,502,117,13,120,592,46,21,360,680,391,617
284,735,607,146,40,632,330,100,810,612,972,39,403,606,817,37,552,148,686,84,938,727,424,55,627,497,354,987,394,187,945,670,441,808,667,20,423,426,640,951,345,122,485,911,87,333,84,957,417,458,778,55,49,922,791,96,743,121,559,919,873,1002,223,825,92,983,928,397,634,826,957,941,458,808,767,619,818,217,937,424,878,40,232,201,22,149,884,1023,113,551,872,399,559,101,623,339,439,176,99,428,556,609,943,993,23,424,580,213,441,215,815,730,443,930,993,369,816,601,122,340,997,707,42,428,823,437,442,832,215,955,441,711,201,836,970,68,638,537,1004,969,428,394,651,943,857,452,417,951,970,159
701,781,403,618,804,907,296,240,0,139,245,708,760,146,5,645,769,419,328,153,58,1017,257,826,642,583,141,31,753,657,836,29,24,895,580,781,888,757,829,808,188,199,145,238,20,261,131,563,676,1002,257,44,244,255,244,153,97,843,766,737,152,757,130,91,537,395,88,379,354,309,665,645,196,772,337,309,218,760,629,484,546,785,148,220,513,796,124,641,740,721,257,705,769,363,240,228,109,693,269,160,246,702,745,141,668,352,826,743,693,760,233,299,228,131,232,100,216,20,36,156,609,657,177,495,381,152,132,868,253,91,810,599,152,513,243,510,3,708,250,621,656,612,741,131,303,247,625,381,690,380
270,158,673,363,782,274,677,167,678,736,326,831,439,279,459,158,792,164,230,446,806,868,553,805,998,687,368,731,376,566,849,851,71,459,634,1007,383,216,439,619,887,788,84,329,823,806,166,447,351,453,795,1006,658,726,551,142,667,856,673,302,602,863,235,598,769,351,302,656,342,340,399,415,370,881,579,206,338,711,566,678,365,363,731,147,374,662,678,346,343,670,343,282,97,171,603,107,367,152,394,230,664,247,363,174,439,662,142,601,173,568,429,340,363,363,279,859,674,660,613,662,153,350,383,579,806,171,326,346,743,370,593,366,598,443,887,550,147,851,583,802,198,849,392,347,235,383,550,133,849,802
404,339,272,188,511,447,281,134,257,705,955,210,1000,353,720,796,758,1017,1004,343,940,936,77,428,172,948,449,508,736,973,920,664,296,968,158,585,349,926,808,397,656,249,234,295,976,406,265,464,45,976,301,743,296,281,872,872,844,711,451,737,752,281,990,418,307,670,705,808,602,1006,453,972,406,784,1006,464,704,942,560,215,307,646,281,458,830,965,369,236,249,496,732,1017,760,905,819,1000,301,785,761,905,274,758,280,744,840,479,927,549,737,272,201,640,351,465,599,988,351,310,649,10,768,318,1000,272,734,270,960,183,1017,919,976,887,471,705,602,353,736,285,665,774,263,1022,468,953,976,673,550,513,596,872
927,610,406,285,874,562,259,143,605,300,265,495,1023,1002,16,785,90,866,66,926,28,327,1003,869,517,31,630,637,197,709,882,92,287,459,916,531,643,655,387,637,479,953,899,651,723,803,755,930,258,7,375,386,621,932,476,511,729,377,810,34,954,680,860,932,906,402,869,621,162,866,794,115,610,34,809,943,330,383,704,796,866,1,465,466,940,909,950,557,269,474,572,730,812,508,637,95,653,626,845,360,105,954,369,735,704,434,433,535,401,38,903,537,994,147,474,904,26,940,909,63,2,660,866,92,409,66,725,1020,467,503,479,31,360,741,890,380,73,851,442,271,787,794,653,40,10,530,940,940,291,327
972,153,851,856,984,1002,902,300,485,1016,154,1006,853,905,984,839,900,866,363,1014,977,696,268,767,900,1007,280,921,153,700,984,371,361,869,298,755,860,871,583,718,92,712,728,377,363,871,980,516,119,184,548,707,743,165,505,924,503,406,853,903,373,292,505,1000,560,517,905,377,807,1004,992,971,948,724,353,860,865,485,851,858,69,630,1020,925,800,997,270,927,836,158,298,742,862,377,736,909,363,952,842,868,987,192,296,932,772,186,219,706,424,980,319,438,789,220,871,212,805,900,632,962,777,619,424,609,730,986,361,954,541,192,313,575,600,165,816,714,505,92,184,732,916,966,700,981,373,200,761,889,511,216
58,549,289,155,690,299,178,923,31,931,254,539,411,958,42,274,462,460,531,748,959,400,35,234,997,933,899,995,1013,530,467,974,548,339,907,63,75,35,275,610,458,291,162,410,528,30,457,539,159,602,411,227,1010,213,166,313,494,293,543,422,539,902,42,526,970,164,476,543,126,413,219,126,526,306,539,406,291,444,526,270,927,919,261,611,19,842,517,390,258,609,405,2,546,18,422,404,44,531,660,42,446,95,19,539,927,950,170,546,731,644,47,1007,918,963,978,256,462,274,787,546,404,533,963,44,35,14,611,490,603,971,523,538,762,436,415,371,574,931,458,18,310,618,915,211,788,1021,315,454,927,584
495,870,797,987,314,317,183,406,744,1014,259,874,234,499,874,399,873,791,790,422,811,658,307,486,278,72,286,170,286,683,891,104,362,275,398,216,790,370,421,439,315,795,154,16,746,623,662,2,873,294,427,266,223,687,447,978,403,649,123,298,370,722,998,241,687,882,439,619,774,888,399,396,151,850,507,52,277,1023,398,13,151,974,268,887,347,495,815,870,774,887,1010,850,284,271,891,542,786,985,237,786,182,958,402,599,27,305,286,652,893,167,268,114,295,422,967,687,811,798,290,503,774,887,791,40,806,370,124,786,870,819,735,370,498,895,790,23,461,247,771,850,482,642,456,379,380,280,882,789,795,392
322,332,718,191,266,718,428,817,187,242,244,743,719,745,485,928,139,559,861,897,486,741,679,802,823,204,456,883,370,847,390,830,198,348,326,930,668,760,570,143,178,242,485,202,458,714,499,818,351,223,227,777,631,1023,77,882,186,371,1003,322,270,159,244,468,252,335,351,384,706,307,766,283,351,578,330,850,818,243,322,586,829,510,175,719,348,349,230,346,133,202,845,188,778,861,539,442,454,820,786,433,181,822,189,630,266,124,836,439,178,186,381,355,927,319,93,954,822,654,311,438,342,167,191,319,594,898,118,777,781,858,530,309,687,319,713,271,932,441,717,275,786,814,818,117,331,227,479,434,186,268
985,218,467,471,21,142,33,713,978,401,493,823,449,294,950,670,810,167,1018,506,418,99,555,423,823,989,955,33,778,161,793,545,985,274,979,491,966,391,431,891,439,828,987,811,850,275,930,985,467,598,658,33,694,797,423,757,342,826,261,734,707,929,37,422,682,763,594,790,435,430,619,1006,423,613,721,742,745,627,491,466,1021,470,111,725,387,674,417,1022,818,482,982,976,937,466,1000,440,342,595,317,615,591,273,839,943,985,1019,465,338,338,283,354,918,763,458,535,107,994,419,1015,822,778,470,810,978,776,819,439,775,886,1006,913,195,103,471,872,800,15,999,731,338,778,430,86,1003,449,506,950,342,419,775
281,947,334,632,638,368,257,17,783,415,768,226,542,996,612,390,132,417,1006,72,340,481,315,264,825,545,801,966,504,257,517,793,871,143,413,920,563,345,873,375,768,888,408,141,508,608,505,444,15,1023,479,444,573,901,373,161,514,476,456,503,177,377,1009,184,246,246,312,781,541,327,135,504,797,921,5,518,398,461,308,574,481,1002,216,888,769,361,807,1001,281,996,776,485,285,655,272,769,993,446,625,544,25,968,825,249,269,639,945,1005,480,508,619,536,904,285,440,709,925,376,997,57,497,925,996,456,280,449,136,968,486,765,433,265,33,380,310,824,590,825,329,332,397,1012,488,455,763,780,848,760,85,718
91,668,241,578,714,472,431,853,440,347,778,642,891,145,556,59,380,199,259,937,190,347,210,710,320,647,691,380,617,151,683,837,381,287,590,162,811,661,555,479,70,345,210,650,354,770,378,377,250,66,946,901,809,846,583,716,315,665,855,658,823,867,259,649,888,234,950,66,931,286,443,363,420,793,146,847,338,813,1021,357,306,343,427,714,299,962,738,683,716,8,586,338,939,455,710,199,165,149,66,155,291,891,979,731,514,986,851,603,165,297,564,187,259,162,678,272,837,955,775,469,33,174,714,350,902,635,891,668,426,250,300,69,146,236,791,402,323,514,258,118,578,93,502,182,779,313,607,293,694,211
434,238,136,190,171,211,465,787,54,662,131,211,815,268,657,835,815,158,655,534,806,475,156,550,695,905,684,794,150,742,366,969,991,404,174,114,463,306,879,911,974,913,158,194,264,794,387,870,889,751,879,542,214,230,751,894,399,831,751,607,376,928,657,717,342,302,126,626,215,726,433,310,34,734,254,174,115,733,514,598,655,750,262,302,766,1022,15,895,176,471,235,239,214,856,174,414,198,759,135,214,977,926,239,165,947,739,191,162,780,748,983,482,199,323,868,967,471,850,537,274,271,864,322,706,799,514,735,215,302,214,815,780,136,767,751,638,18,279,782,182,302,614,414,31,254,158,892,410,148,147
629,423,286,313,816,452,969,976,713,505,232,409,21,145,277,285,889,791,649,309,704,468,809,761,70,224,8,685,1000,882,823,872,277,470,417,397,136,519,641,870,413,881,639,936,773,250,457,635,510,184,401,469,872,614,808,693,121,88,791,853,358,264,727,260,529,391,232,313,141,133,319,645,720,25,936,969,18,648,425,905,905,277,521,388,162,713,141,723,145,872,1016,388,53,720,407,184,689,673,1000,280,518,957,934,868,841,529,685,149,136,151,817,88,229,440,872,903,727,456,640,198,704,761,529,761,151,638,599,305,783,873,261,870,238,414,361,776,19,1017,789,911,416,318,949,245,105,822,944,221,521,869
626,264,576,784,557,193,483,773,682,330,923,306,809,204,875,798,565,267,366,783,923,564,360,899,477,813,670,819,282,1011,397,141,951,750,202,269,862,779,456,579,437,238,467,212,318,270,799,194,105,876,539,280,813,271,875,266,346,907,360,755,68,665,555,765,914,364,652,350,408,691,654,923,655,613,396,501,413,437,755,404,691,755,14,621,698,364,278,35,631,499,138,698,621,45,491,76,299,854,302,248,882,624,651,581,918,795,364,397,493,46,267,798,295,835,368,406,776,786,795,783,279,555,995,776,699,135,814,784,258,279,199,264,108,10,399,667,728,669,815,594,268,814,298,198,462,750,97,362,875,621
353,858,648,495,305,48,416,102,35,64,162,839,732,951,834,616,874,552,170,845,620,156,485,797,762,531,732,314,285,660,735,753,162,242,852,226,71,60,170,701,700,739,108,788,929,620,733,123,243,532,765,650,933,454,291,732,416,169,722,276,47,543,475,833,931,595,716,876,131,93,229,274,811,77,98,162,832,315,428,359,355,229,252,646,741,581,572,653,837,754,653,123,147,180,314,110,182,236,579,229,157,795,669,522,149,657,820,895,994,676,865,755,761,834,153,608,118,249,600,721,851,188,349,643,534,858,674,852,611,673,28,764,360,675,160,685,34,12,79,597,668,351,35,816,616,156,394,869,685,29
175,562,411,156,742,766,113,74,427,121,938,75,986,454,598,855,327,938,854,63,599,23,603,607,510,247,491,199,7,1003,618,995,695,640,97,967,91,190,518,289,39,295,638,902,894,551,710,736,742,459,441,614,75,855,679,79,582,263,71,906,35,801,132,441,119,439,94,163,347,583,742,720,59,198,53,923,8,938,231,478,74,199,454,293,942,859,958,438,334,99,315,40,71,639,10,414,591,950,583,922,878,535,39,116,479,88,113,759,751,192,935,379,691,934,707,683,226,6,334,71,446,359,614,599,62,994,362,479,295,695,238,615,134,430,161,619,241,536,643,350,84,113,202,614,1014,92,774,838,107,24
31,266,793,289,458,873,193,23,97,755,920,417,245,110,473,529,624,1013,639,47,874,273,227,526,916,796,225,924,55,108,851,485,120,489,17,393,15,716,101,27,1009,17,793,927,17,416,737,654,540,232,113,493,57,974,54,264,487,615,54,718,223,201,513,62,753,1001,465,926,269,665,278,38,548,536,111,569,1020,625,788,917,528,512,761,420,495,22,712,793,280,413,110,993,927,257,957,924,80,1005,780,624,496,729,233,36,528,686,111,822,542,944,783,889,913,528,716,983,921,1009,620,726,912,768,814,634,43,78,111,462,822,529,1,1007,528,424,495,158,17,894,526,936,678,716,718,112,726,639,89,646,464,718
634,605,976,913,949,773,481,18,587,545,387,18,757,469,768,68,973,912,425,979,782,936,269,192,546,89,483,110,560,525,990,1008,430,73,557,681,28,416,987,21,1000,1008,944,876,1014,926,914,587,19,473,543,280,926,762,542,168,983,587,748,553,1000,404,768,1010,904,988,1009,491,981,484,38,927,13,395,1009,939,908,153,653,376,956,419,332,1000,1015,913,972,607,983,25,160,996,997,749,492,405,912,175,997,515,815,430,77,469,821,138,601,896,269,805,899,176,48,744,991,413,981,1,528,44,995,450,977,368,988,592,421,496,471,621,958,958,539,558,528,11,925,585,17,625,11,169,553,458,364,262,473,652,663,704
1014,939,272,391,434,732,243,298,204,286,593,474,475,767,734,979,596,211,296,466,830,273,1013,775,155,456,822,946,436,303,416,911,398,789,812,683,975,831,967,461,86,318,554,338,283,798,177,963,693,305,1007,311,877,783,975,904,974,190,302,720,303,975,969,729,975,462,347,561,776,694,985,958,523,174,652,873,463,978,756,463,303,276,675,768,881,302,886,523,944,46,298,635,738,1013,490,731,37,847,307,827,807,471,283,70,526,309,282,940,305,695,275,948,815,488,456,505,507,891,468,679,317,37,750,382,787,969,801,1003,834,475,504,1000,322,297,823,261,207,983,960,456,190,563,555,299,199,695,307,983,1013,654
479,543,335,46,791,546,480,238,785,722,533,979,480,807,19,807,453,227,459,7,47,714,301,139,167,83,487,352,815,351,761,558,517,42,551,493,553,288,537,1006,531,959,336,46,326,977,326,787,797,977,336,336,558,950,807,785,785,663,735,535,730,601,547,731,737,359,16,352,139,910,151,162,805,4,150,464,374,912,336,336,71,950,535,391,518,729,435,884,535,738,787,983,543,38,19,979,614,799,971,533,142,281,1014,548,407,265,144,915,336,326,42,343,961,302,686,851,695,803,142,494,161,819,95,855,966,771,530,776,809,775,974,297,805,891,531,974,548,855,599,360,1007,799,24,751,1019,1006,803,294,865,334
206,183,778,798,879,486,366,270,320,956,242,426,830,954,251,684,144,879,782,166,1013,979,798,690,471,323,43,1002,178,491,234,802,271,366,970,335,700,306,778,226,179,431,813,323,214,691,180,11,59,814,850,806,255,773,875,799,671,367,332,823,364,778,814,882,1010,307,310,899,210,750,1012,799,890,659,915,49,271,851,687,402,1002,778,773,310,954,714,436,734,367,279,242,847,978,1016,395,303,195,320,847,777,54,922,70,780,150,401,211,1010,963,339,879,762,878,706,819,462,648,851,771,291,786,271,1010,782,283,179,698,314,790,311,815,507,773,207,650,806,308,819,687,652,254,881,205,820,162,777,821,48,332,670
673,619,647,690,774,317,727,765,550,713,579,179,185,607,702,659,560,405,684,105,868,310,575,663,679,862,487,402,127,638,663,55,656,386,743,997,113,69,900,526,446,238,466,623,647,694,71,456,257,663,727,336,340,297,448,877,78,855,875,151,695,766,621,588,399,314,709,807,920,751,954,862,640,64,318,457,869,104,423,240,563,206,595,198,878,247,138,206,441,516,662,487,907,392,951,683,1009,483,912,247,992,384,403,359,119,429,389,532,942,151,675,742,274,634,950,619,911,324,447,812,387,69,407,26,110,256,231,942,662,863,878,825,91,392,270,686,734,407,214,983,893,57,715,126,107,110,144,592,206,14
623,358,123,460,851,351,2,609,110,847,151,718,633,707,199,131,88,84,751,207,1005,199,926,511,921,546,51,367,5,634,31,50,29,766,737,915,1001,638,570,226,542,466,495,23,155,817,110,627,62,287,211,495,3,954,958,571,558,193,193,199,754,751,110,972,24,949,584,135,635,639,574,766,948,666,118,153,46,542,153,125,922,619,922,102,621,538,513,670,702,606,135,554,186,560,1017,741,609,138,18,129,207,219,193,451,793,912,513,716,1017,486,1017,123,79,200,94,613,67,1023,23,699,910,642,110,403,7,550,526,920,381,170,207,19,624,973,818,674,287,738,499,1019,536,446,680,123,576,111,87,766,919,197
850,103,646,334,63,77,463,694,542,163,283,854,34,826,2,889,806,1022,216,27,1011,479,537,801,190,1007,15,860,995,608,822,557,27,800,979,857,990,846,912,978,451,463,942,48,304,431,314,178,571,542,159,184,739,230,611,841,705,31,980,1,807,271,853,630,450,703,674,698,219,387,303,224,753,449,1,207,450,47,344,602,943,806,33,86,814,553,942,9,458,6,195,222,203,814,448,786,835,453,463,741,190,519,254,947,16,399,827,451,594,127,147,838,734,351,830,27,706,929,51,291,220,760,787,1018,58,350,314,382,161,494,873,883,271,415,825,209,571,182,34,291,75,287,670,463,31,307,711,183,479,287
168,225,243,339,556,87,142,479,881,350,3,671,546,215,975,131,270,25,770,55,817,814,1010,223,987,47,56,342,806,685,214,785,191,818,593,641,776,134,487,542,1015,371,169,320,384,1023,671,767,208,923,31,122,136,465,608,155,81,110,430,666,337,761,287,63,685,814,930,286,168,543,674,127,175,131,38,31,815,462,352,339,184,150,62,814,926,308,51,879,25,719,34,296,31,990,160,231,793,550,914,41,110,465,543,25,1007,606,208,287,58,726,670,342,284,0,618,78,231,38,674,795,279,797,191,284,738,686,871,18,566,376,798,295,192,137,223,210,606,927,617,479,195,681,137,41,472,511,154,115,222,767
67,846,415,491,29,29,3,704,532,143,604,907,127,252,818,615,925,671,300,636,101,704,637,636,798,131,5,53,293,785,100,838,558,20,67,512,735,131,604,165,122,165,829,672,636,29,125,226,154,755,220,485,595,738,771,67,876,285,863,723,157,591,650,229,563,16,208,528,69,734,706,666,636,762,154,122,607,29,738,503,67,53,309,829,927,821,180,5,873,199,437,102,614,742,989,21,794,755,53,772,162,140,797,285,20,131,11,642,122,739,277,933,155,579,144,731,930,166,730,220,918,156,860,16,243,484,738,309,352,158,182,925,115,755,839,993,45,964,667,803,412,67,838,965,152,421,915,485,445,108
501,296,997,546,955,937,949,365,981,445,814,258,473,955,268,12,549,165,466,25,164,261,438,315,879,133,454,901,306,459,725,505,82,546,178,920,394,996,219,610,1002,659,356,465,948,290,168,24,389,629,821,919,1017,948,985,298,937,760,219,343,985,936,459,434,879,290,515,786,315,250,459,121,117,199,812,276,579,621,484,1013,507,729,180,629,949,933,487,729,312,869,73,356,471,847,301,450,330,3,345,357,1001,564,917,750,337,232,420,333,898,891,601,629,996,731,679,218,487,904,679,260,795,211,770,518,493,416,365,473,374,869,141,554,67,356,812,567,203,123,320,520,788,1013,932,681,706,420,731,473,393,757
239,661,212,553,996,685,993,648,686,748,996,799,957,468,875,43,640,45,966,719,61,715,705,665,736,194,204,109,328,45,261,388,709,356,391,683,359,640,196,918,260,255,518,222,818,186,673,567,707,916,684,97,712,190,286,836,49,966,540,328,320,34,575,456,571,82,157,456,709,794,664,512,978,725,48,608,262,593,210,696,0,239,196,217,379,716,481,569,13,212,769,593,318,844,937,452,287,708,597,43,645,920,404,370,199,532,7,468,594,965,240,428,884,546,704,528,452,719,456,798,229,912,264,348,341,388,85,485,195,237,693,114,719,569,264,842,620,468,696,521,480,928,542,229,485,668,455,101,321,168
1014,495,734,579,894,314,303,736,383,613,750,668,751,1013,617,514,35,264,318,45,531,991,742,991,738,791,793,686,664,273,742,306,307,760,819,186,807,79,383,930,601,794,807,753,755,832,343,673,766,384,255,379,455,764,223,311,301,339,230,182,754,720,223,950,870,365,762,318,710,791,215,282,734,163,881,450,517,283,535,355,533,832,825,799,799,910,223,805,681,742,295,799,926,851,614,574,657,218,710,366,318,801,318,248,157,305,238,828,711,378,192,210,303,541,798,1009,432,255,237,799,898,799,740,912,775,1020,740,743,766,960,365,142,730,799,851,355,835,141,359,731,801,149,535,414,314,766,752,787,753,378
384,588,1023,324,984,880,596,553,948,981,918,905,980,524,632,437,776,997,896,541,995,1007,341,152,720,64,486,758,241,938,141,452,945,398,797,816,491,977,888,457,230,439,25,1013,440,1013,392,724,344,696,944,907,309,903,859,458,1011,356,493,969,66,793,184,328,817,80,149,21,327,193,884,788,772,256,982,427,436,574,646,13,124,309,7,409,296,40,106,398,328,552,72,663,725,432,846,13,863,800,467,41,630,984,200,62,911,360,57,91,463,267,543,911,904,788,324,783,952,820,917,388,957,133,74,824,322,923,9,72,867,149,501,20,980,661,307,215,168,1017,544,398,983,950,623,754,633,773,944,11,798,793
21,684,177,928,58,291,464,659,251,226,67,611,238,785,35,14,204,881,620,315,34,685,823,274,542,716,142,733,232,90,290,226,435,413,680,419,989,242,659,226,188,36,356,235,304,892,695,819,72,672,1014,11,276,443,22,156,685,882,434,68,541,436,339,389,364,0,230,609,229,502,896,42,695,493,620,157,405,172,781,821,148,665,523,20,282,403,885,789,789,999,1021,43,524,339,631,620,213,309,779,452,900,704,366,234,725,813,661,860,291,160,41,915,455,226,16,218,246,12,229,592,684,608,226,257,29,694,833,83,973,953,865,331,882,534,659,112,816,460,620,396,229,282,461,395,822,441,10,347,734,339
420,678,598,41,679,518,228,606,93,150,168,752,657,40,936,56,601,236,454,32,243,741,799,86,487,725,425,202,692,199,790,86,425,125,234,1002,57,38,782,870,259,745,233,10,518,616,500,609,583,678,235,808,990,664,279,421,919,200,951,36,205,376,241,199,796,762,8,791,965,713,833,122,197,59,233,90,194,80,313,576,273,180,344,337,441,38,814,247,676,324,984,728,430,622,679,228,773,516,424,955,24,806,806,339,411,596,584,618,643,661,745,664,216,661,596,152,319,657,170,598,212,352,420,559,788,535,276,137,696,611,680,550,273,222,42,984,597,248,427,40,743,581,168,855,575,471,948,529,413,950
406,611,592,576,587,250,955,386,846,615,967,446,222,515,534,923,243,44,950,616,174,1022,3,243,556,722,815,583,414,937,519,521,58,63,141,122,227,686,115,206,537,609,255,649,115,509,498,623,415,537,907,30,238,619,130,681,651,270,210,117,67,916,386,603,634,102,191,143,286,918,51,158,122,120,973,483,624,126,579,15,622,896,69,232,123,855,903,590,622,251,955,15,590,964,79,165,210,63,614,444,126,14,103,611,665,701,112,319,103,5,842,834,670,119,715,360,507,794,223,411,805,1,74,911,175,154,392,287,613,955,78,385,747,114,724,107,138,890,30,569,442,103,103,59,408,3,546,996,566,927
612,37,870,893,798,276,444,402,752,288,837,422,412,544,837,605,696,324,169,168,665,657,635,4,356,528,696,576,716,701,550,165,221,645,937,608,424,958,278,675,400,125,549,967,133,531,165,161,98,592,642,612,464,669,672,82,117,671,620,614,642,99,419,868,928,704,672,248,95,548,248,678,162,674,251,687,952,928,410,992,8,676,132,118,165,669,545,241,110,766,825,246,592,577,645,781,781,619,248,417,421,418,766,580,120,420,209,612,861,382,504,676,139,699,118,336,90,240,907,644,160,820,848,656,754,246,96,31,422,446,419,691,20,752,620,115,676,82,799,925,656,412,870,24,264,628,581,647,376,157
609,472,777,185,125,71,935,238,153,920,942,176,235,286,246,358,928,345,960,678,296,587,521,139,339,622,679,929,686,513,626,413,986,57,148,87,931,586,251,586,22,990,486,143,240,803,1016,516,135,198,567,280,506,139,855,777,777,139,382,558,558,216,224,709,617,215,254,631,598,929,102,176,663,855,689,200,846,804,22,73,626,814,249,593,354,746,356,945,175,363,406,342,822,931,689,135,490,832,807,399,103,799,320,186,146,599,873,970,150,622,521,26,778,522,150,860,242,874,971,570,485,472,385,27,585,238,154,587,680,638,894,344,492,522,130,230,531,932,528,94,649,919,148,262,855,167,262,936,104,489
649,346,589,107,147,591,894,2,251,605,122,98,944,173,52,621,252,85,381,914,700,53,608,838,694,153,34,2,619,675,240,98,99,528,618,506,715,663,611,402,322,133,347,697,614,186,17,399,655,153,645,271,4,758,522,42,605,742,7,338,521,940,741,532,603,239,578,660,963,628,101,251,547,676,675,18,2,764,402,335,517,646,358,669,53,738,490,866,614,149,987,487,672,84,900,578,378,642,487,2,98,547,645,742,614,674,114,158,614,15,621,610,463,322,550,854,939,102,621,747,637,1002,251,676,763,642,570,746,653,386,2,98,22,122,517,9,994,870,612,272,603,828,740,742,9,515,101,766,122,645
664,300,986,79,59,682,179,684,622,549,77,758,216,756,778,543,212,587,970,683,197,887,656,731,107,371,232,751,86,104,605,109,859,347,6,826,695,843,136,21,491,308,683,428,204,378,787,472,774,659,360,284,746,99,150,586,683,627,539,699,660,684,847,155,363,146,268,417,795,237,845,357,59,115,76,806,851,879,820,657,469,273,843,600,377,355,138,283,687,701,691,155,230,348,394,115,694,714,694,347,787,556,79,731,243,358,517,155,154,856,362,573,142,88,683,68,134,86,879,587,227,845,21,611,138,187,501,714,3,169,59,107,874,154,208,483,372,882,851,76,372,396,842,140,177,355,148,1003,107,864
525,895,261,680,674,300,825,344,846,138,301,1001,354,865,871,575,915,371,134,710,901,753,205,895,134,261,336,506,311,368,996,468,563,380,675,803,336,627,141,952,880,52,348,515,360,693,348,256,982,549,647,921,33,462,266,360,220,890,80,930,300,667,339,20,281,901,307,496,296,419,688,816,503,290,849,816,609,377,561,324,208,846,945,944,1008,944,710,355,283,315,578,335,389,855,209,244,23,730,291,136,765,802,322,761,113,655,287,639,706,290,450,354,593,332,918,279,367,865,463,753,301,922,286,296,957,92,682,313,606,815,355,360,554,904,369,823,322,65,946,289,387,291,850,243,273,849,322,286,298,582
169,677,563,302,502,559,43,45,814,983,374,690,550,964,689,236,531,851,986,525,643,684,459,403,123,834,604,483,565,614,42,703,657,114,884,773,332,345,955,2,731,731,374,770,54,236,57,721,942,118,168,45,205,710,322,291,53,43,460,869,465,963,504,403,777,770,422,887,82,785,442,483,501,990,475,651,835,770,917,1010,339,621,966,323,377,987,405,814,100,330,322,501,614,651,463,819,469,858,35,651,309,750,309,403,822,907,586,402,454,338,324,234,451,279,965,819,422,38,475,331,787,731,706,654,1007,54,571,411,706,526,75,61,467,946,850,848,859,173,428,50,863,70,970,590,588,781,814,322,1015,13
882,605,402,233,90,371,124,919,451,819,444,451,499,969,587,947,75,428,955,1022,22,637,508,444,451,834,817,453,259,579,579,89,931,545,770,797,95,36,370,836,276,92,479,440,831,481,916,509,797,946,797,964,478,893,507,815,259,286,291,944,580,1018,819,80,483,124,829,124,453,798,317,854,77,970,494,508,882,987,415,63,286,579,759,989,63,894,507,797,292,955,318,445,205,916,577,314,468,882,554,828,985,607,234,573,900,981,964,893,294,834,883,803,626,413,797,970,978,939,466,784,463,753,894,894,586,396,946,395,451,898,450,769,283,259,804,826,510,429,669,813,584,124,549,514,1021,946,320,987,484,94
512,606,232,588,991,961,359,863,297,474,1,125,685,686,683,215,864,145,850,628,353,464,320,775,272,580,327,576,321,429,540,692,196,422,209,166,216,216,824,641,576,745,580,359,472,708,577,464,888,452,1,213,313,416,680,33,928,125,335,429,850,24,905,188,324,294,401,225,166,368,719,236,428,926,466,281,633,916,209,704,14,472,508,225,521,649,639,324,704,199,38,156,423,435,728,39,180,567,412,561,561,984,703,900,268,471,455,288,333,678,664,382,525,85,165,476,681,841,501,511,292,772,150,452,209,339,692,417,225,629,49,755,479,977,465,593,586,656,359,39,721,686,755,84,220,583,856,737,304,305
411,594,439,583,562,1021,958,922,903,751,269,82,514,977,324,523,432,661,619,903,589,91,647,435,187,419,535,29,542,891,1020,581,373,549,637,83,441,924,105,164,514,509,700,685,898,464,83,183,146,901,287,274,530,36,847,519,146,877,243,349,260,26,499,605,203,339,220,867,547,928,286,175,437,378,44,570,430,266,866,635,174,933,155,164,924,336,51,540,511,748,698,388,154,578,109,420,677,867,642,573,163,637,931,997,540,475,707,418,588,154,527,898,422,947,551,32,355,523,533,567,911,371,640,927,540,916,957,708,157,918,684,147,659,463,301,218,635,179,202,903,91,153,588,954,83,702,987,931,386,675
670,293,887,507,795,975,251,220,147,263,938,661,773,507,951,980,423,869,276,480,363,187,98,412,664,757,155,852,325,310,945,535,546,284,1020,795,531,285,534,103,228,919,660,611,1002,966,261,635,482,106,660,796,484,940,805,508,541,484,265,118,660,647,283,67,815,803,429,992,239,157,798,104,459,926,389,124,515,962,635,283,427,324,228,506,490,791,469,295,799,791,1003,510,832,1022,241,778,267,918,378,874,795,297,324,986,487,1012,158,938,873,895,267,716,659,283,363,771,660,923,276,508,476,217,1014,467,276,508,68,874,484,733,299,656,411,510,387,123,812,1002,864,580,504,485,268,908,924,791,804,101,1004,453
22,474,918,569,341,278,169,571,575,109,952,30,939,314,49,617,1000,966,278,2,995,968,925,987,571,266,521,214,440,936,887,955,572,537,43,441,953,745,781,572,110,942,144,57,40,902,33,104,924,200,175,542,109,312,1007,167,918,406,960,163,520,202,426,539,6,529,441,67,278,989,54,326,534,39,339,582,763,11,168,39,231,430,188,683,1006,329,807,919,411,30,39,495,803,214,87,565,604,154,152,71,494,964,936,40,569,503,1021,40,454,765,294,507,533,838,974,293,597,83,69,327,710,601,986,274,222,480,512,258,755,278,569,75,810,537,754,717,40,919,571,39,138,489,298,46,72,49,25,949,55,342
234,255,145,64,565,993,613,717,36,397,48,420,360,230,253,226,167,893,160,988,293,242,156,721,250,609,675,530,685,586,209,545,214,573,259,706,1013,60,249,133,709,588,540,863,244,252,241,226,540,409,205,413,246,215,226,244,17,488,80,110,753,753,232,209,417,753,145,605,473,700,721,236,573,859,679,217,689,518,255,217,689,509,685,156,103,226,893,2,161,532,192,404,301,249,575,217,749,716,684,691,173,660,6,518,518,858,166,34,37,500,161,673,642,841,321,296,465,188,32,252,128,540,701,677,238,765,892,759,393,177,506,604,240,700,182,422,70,194,220,250,733,284,561,530,305,516,541,844,564,172
182,398,786,173,441,74,975,950,378,258,176,151,922,280,888,656,773,197,662,905,860,774,747,726,310,325,137,302,353,937,606,767,378,688,843,453,973,901,991,249,881,902,161,794,662,342,374,720,134,320,310,724,823,376,821,250,374,541,1023,530,277,477,604,330,182,824,271,985,181,498,340,821,324,951,524,282,143,781,807,806,231,880,851,650,135,683,350,619,285,352,768,837,335,814,807,878,880,880,146,179,983,771,29,421,190,814,583,559,50,654,621,391,117,686,471,930,846,631,167,270,879,336,716,950,782,905,388,743,202,319,672,688,390,841,182,827,476,305,325,793,350,778,654,200,182,181,445,684,481,597
984,789,510,693,966,71,273,309,457,968,493,51,823,814,942,99,413,141,156,284,961,37,278,776,979,285,365,477,276,367,813,993,552,629,386,921,257,22,48,548,89,468,791,668,274,254,277,913,15,189,406,167,489,718,625,788,984,493,1015,648,185,49,966,808,569,780,272,1005,964,268,932,1017,348,542,904,350,264,921,320,967,260,983,173,769,365,856,508,263,938,482,274,437,999,743,28,97,825,984,493,902,685,301,350,277,477,461,388,999,882,529,129,924,974,790,404,48,485,273,1008,102,472,880,407,766,742,404,88,817,397,671,678,783,265,485,980,16,541,411,13,46,40,57,926,485,169,776,673,385,141,977
423,533,208,210,64,957,948,535,768,896,708,987,109,54,45,116,210,972,592,432,39,39,52,972,428,207,422,143,279,57,730,760,452,68,552,24,17,1006,478,1,288,451,175,528,492,29,703,50,212,210,498,616,1000,917,44,912,77,844,781,924,20,13,920,445,533,71,603,596,65,944,110,24,403,48,757,1002,366,952,61,135,916,562,691,848,948,593,480,450,552,637,712,511,1000,722,134,519,871,931,970,796,210,948,717,97,424,160,525,194,161,757,526,750,756,418,69,408,69,61,645,470,730,533,60,822,951,528,566,775,947,986,631,941,475,103,386,517,21,410,460,552,204,683,615,985,929,452,50,690,52,44
407,378,959,920,33,978,479,395,940,39,397,682,822,552,621,552,81,538,796,4,385,880,903,322,401,945,785,1000,540,80,343,927,1001,528,391,791,577,606,37,975,481,38,114,572,969,983,395,998,237,493,796,653,922,1001,85,38,781,444,657,236,351,528,209,879,513,409,246,367,717,444,781,42,809,444,1007,21,97,29,849,963,788,108,988,81,97,537,1008,515,216,537,905,538,678,585,681,593,984,530,556,791,673,82,841,748,809,407,551,385,554,983,398,127,977,400,945,998,710,401,398,415,936,820,77,121,500,609,61,306,32,852,986,617,1006,430,311,385,975,585,161,97,408,502,785,969,871,482,466,1002,17,580
483,557,431,558,465,965,418,422,807,489,727,536,122,684,697,588,953,451,477,438,448,26,452,607,743,455,634,458,889,596,681,47,54,32,44,42,558,536,28,223,128,178,770,801,973,751,891,248,251,929,504,811,191,568,542,1007,762,689,375,663,191,12,99,562,465,482,140,146,995,540,727,817,145,1015,486,497,481,582,819,570,671,34,576,621,450,241,546,472,431,575,807,718,218,729,319,508,41,826,608,1005,433,759,167,429,56,498,981,544,264,352,191,609,1015,1009,593,979,314,447,563,47,960,417,509,36,129,91,963,907,412,773,409,542,983,906,167,45,553,343,671,401,749,197,34,522,805,239,60,855,587,542
756,470,89,85,118,277,269,547,862,831,927,737,459,555,374,82,523,602,202,890,807,218,688,123,11,127,890,951,118,882,58,430,438,874,818,821,93,566,66,886,250,861,978,81,483,551,814,135,556,871,605,369,106,116,413,854,727,231,418,809,687,558,673,64,340,4,858,558,450,810,320,686,473,524,436,842,771,838,66,84,167,135,450,683,162,570,309,210,420,141,7,948,762,944,525,922,186,555,939,35,354,116,170,490,842,442,618,340,330,1007,812,858,995,499,998,371,978,527,826,231,378,59,986,851,986,573,91,198,338,938,972,987,459,839,376,910,378,83,146,258,182,669,979,307,13,429,556,910,515,404
816,857,216,928,848,798,840,826,876,844,838,254,712,930,303,56,942,339,329,664,854,286,677,1022,757,845,311,329,396,690,669,182,994,448,174,348,589,948,846,951,854,478,174,859,792,258,478,141,647,678,249,716,146,291,342,292,848,297,617,332,934,334,301,944,467,278,662,176,678,728,78,306,173,672,162,560,70,291,672,844,855,229,142,101,115,183,936,498,108,222,575,832,570,936,238,654,624,369,114,288,704,439,101,760,168,295,305,492,755,366,733,680,231,749,872,459,712,903,163,832,662,878,455,113,732,708,359,776,846,465,789,793,174,626,208,743,470,843,617,222,406,494,170,316,451,272,15,265,182,717
377,348,819,350,672,666,414,857,398,910,857,819,808,910,690,350,719,828,479,700,676,974,824,298,378,158,833,509,660,290,363,506,622,799,323,879,281,982,262,378,1017,377,872,643,786,677,215,580,598,822,378,279,323,246,690,425,855,758,174,855,347,275,759,334,863,744,323,942,327,378,550,733,378,229,917,132,348,493,582,329,810,976,211,875,698,723,699,380,157,452,290,1003,350,188,322,923,410,694,532,166,226,347,107,349,912,979,1,368,362,295,19,62,348,1003,678,295,842,426,350,334,688,323,411,421,873,242,427,954,351,857,716,832,811,273,233,822,896,734,718,33,906,414,367,334,410,182,355,348,939,843
898,463,69,24,520,1016,597,984,194,793,401,520,873,121,582,793,224,502,21,573,668,5,118,808,776,273,17,527,71,712,356,189,569,371,809,25,81,926,80,23,347,897,956,521,550,41,421,952,1020,905,21,525,165,1013,387,607,488,773,357,985,977,505,54,120,1020,1020,243,17,766,140,773,773,760,646,1014,13,341,224,503,100,293,436,16,105,13,321,157,884,1,257,397,776,904,513,697,1008,287,508,540,127,133,248,817,901,77,952,389,391,81,892,197,250,345,167,133,553,706,278,235,265,597,953,770,101,1014,193,740,388,320,104,1,525,770,165,605,521,433,405,489,497,817,101,504,121,409,828,81,393,386,71
894,937,445,230,765,191,127,670,390,996,787,767,717,34,601,142,531,595,514,25,141,395,687,518,594,23,948,145,68,62,628,810,711,943,153,287,798,30,650,532,4,135,509,763,565,942,366,249,575,134,614,273,976,143,190,941,35,143,534,934,526,941,672,428,150,398,526,767,492,979,510,810,989,441,8,239,447,790,158,151,45,846,143,961,559,793,99,775,555,96,659,797,444,543,745,128,559,23,440,767,260,156,134,115,472,86,105,298,47,65,722,657,763,904,786,732,142,49,270,761,19,521,414,54,239,540,522,191,145,1006,767,840,578,360,764,162,186,366,782,250,143,142,181,782,390,361,877,659,302,874
281,190,881,253,992,572,829,757,717,355,357,466,260,909,596,256,217,256,289,638,200,200,816,912,654,992,513,563,325,14,567,711,896,901,320,996,902,40,781,504,1005,316,983,257,981,449,765,661,197,864,681,256,504,488,401,877,257,822,1017,301,304,889,300,287,992,753,821,801,301,0,1009,614,301,328,488,725,240,966,270,412,963,595,189,253,43,1016,909,12,298,593,504,205,500,237,300,344,941,789,645,912,717,618,160,1016,381,268,383,376,353,245,784,358,341,973,209,197,281,301,213,1016,657,755,513,865,427,39,301,892,849,612,357,257,513,245,726,657,236,12,513,353,776,696,810,973,898,717,273,616,616,641
59,839,164,486,933,411,456,404,582,223,994,669,295,774,188,244,733,693,37,773,412,478,465,487,778,789,422,82,531,473,222,69,42,357,482,486,741,725,795,839,733,790,968,139,872,179,869,314,807,421,837,971,355,115,571,357,161,882,649,295,320,658,775,292,699,359,189,476,68,774,971,505,69,250,764,783,533,827,799,423,76,837,539,869,663,825,680,567,386,39,992,840,333,1022,325,311,220,872,155,196,393,834,838,501,667,815,899,866,319,965,950,869,179,307,39,920,258,706,385,981,866,324,986,371,818,57,749,1012,859,165,890,825,695,926,774,1019,476,890,517,521,452,784,198,476,581,98,243,194,788,67
494,338,293,873,931,558,620,363,343,407,352,878,378,790,254,627,595,923,292,247,367,64,270,177,880,771,1019,366,903,546,128,731,873,242,880,398,578,145,882,240,66,946,56,343,239,363,779,755,887,363,771,236,675,370,319,979,342,924,82,126,355,978,672,877,882,314,923,295,696,800,430,1010,514,543,657,837,178,1019,466,979,494,661,420,303,187,101,738,800,94,944,878,83,875,522,520,66,320,381,722,658,251,786,555,235,379,488,322,944,322,851,988,50,283,430,391,355,335,177,328,962,880,887,376,788,402,712,398,691,391,684,330,307,476,334,804,876,143,878,322,796,732,372,433,94,299,791,355,590,878,785
215,374,90,919,583,616,367,626,755,646,27,615,625,704,176,107,991,867,90,70,39,770,1013,678,43,213,727,922,119,62,676,720,181,683,90,126,99,91,608,667,951,725,65,681,86,70,579,742,410,729,683,59,599,203,750,551,410,156,887,887,944,346,539,167,839,619,910,982,614,391,710,445,662,346,675,985,103,427,20,171,74,631,154,849,801,389,946,932,599,391,740,38,111,695,175,627,662,631,607,614,991,678,895,678,347,241,586,101,619,790,161,637,813,501,725,582,31,839,423,90,623,71,230,614,53,402,581,167,50,165,459,615,1019,699,645,615,877,71,378,694,992,692,860,710,472,70,635,167,113,11
794,363,281,516,294,760,466,530,786,131,740,326,820,555,805,347,900,1019,272,314,651,190,864,538,273,701,490,356,267,923,379,939,971,1022,854,942,194,453,613,756,316,395,362,435,628,451,645,834,325,197,193,317,196,371,246,194,296,827,324,820,852,978,772,971,230,540,992,235,851,46,939,824,684,166,744,908,876,800,316,426,212,592,955,516,259,338,187,788,274,447,467,468,822,826,826,538,794,937,898,778,779,802,787,453,850,682,975,725,59,722,874,449,448,196,275,612,955,285,326,347,316,779,382,324,661,714,730,779,708,250,795,778,657,922,588,268,603,342,953,973,259,879,948,347,427,698,954,235,354,731
475,56,541,548,652,675,216,24,921,101,36,217,37,123,565,662,452,740,546,107,5,478,800,88,1013,610,42,501,996,757,424,25,0,38,280,690,417,716,998,964,18,476,0,901,120,661,491,221,33,399,854,484,542,620,505,551,142,456,18,101,96,305,0,908,841,736,489,475,420,537,197,25,792,615,61,438,584,277,20,26,757,740,729,481,629,106,121,932,97,459,57,478,71,671,420,640,555,192,775,624,740,957,213,664,740,6,24,89,473,417,630,632,937,400,884,904,644,657,792,545,401,692,917,664,7,901,99,357,610,18,741,36,740,913,965,153,928,539,940,420,545,612,768,468,306,660,261,933,648,896
900,993,334,174,148,52,897,220,674,838,39,850,579,867,68,191,365,2,458,927,311,895,241,848,443,255,222,852,188,321,654,174,450,671,226,170,942,190,834,194,322,753,207,579,690,204,62,383,208,353,314,318,321,170,495,902,322,610,565,213,1007,129,545,831,390,135,209,642,306,641,208,174,686,770,151,263,935,922,295,334,314,383,926,511,711,591,711,166,380,639,174,258,417,858,865,295,128,162,166,607,218,995,255,316,854,345,188,78,271,391,175,705,852,153,895,154,687,711,929,799,756,858,326,368,536,440,146,472,939,871,263,592,220,142,607,967,71,256,606,674,945,332,831,858,262,70,871,316,829,877
989,434,426,686,936,14,377,1016,513,955,781,894,336,805,760,764,416,465,929,835,1021,661,216,1020,684,409,814,827,809,401,368,881,817,319,323,444,768,409,360,544,454,465,52,733,1014,433,883,871,817,437,411,436,80,322,773,209,645,925,319,756,268,991,420,960,290,667,1021,607,267,695,465,433,349,160,442,368,320,432,345,636,54,284,380,800,321,385,208,444,829,220,801,549,701,302,735,457,668,296,848,884,881,733,869,325,314,382,311,444,764,68,343,439,945,592,50,802,286,940,450,370,391,389,256,128,657,62,812,380,929,672,177,832,679,829,160,231,966,931,753,957,348,655,65,445,1016,368,0,1014,1008,444
783,287,118,977,466,562,522,770,824,904,714,963,495,806,1016,489,524,223,874,952,967,438,29,1006,49,33,958,906,848,56,104,303,503,64,1011,609,916,982,968,586,618,896,503,1014,450,832,36,273,831,422,872,482,800,94,527,906,246,1001,134,505,1008,992,866,231,654,784,186,542,94,113,984,603,465,64,38,957,47,775,421,576,1015,55,527,570,1000,117,905,497,990,505,512,743,412,897,781,442,229,998,190,976,732,488,127,784,996,902,945,503,899,832,1013,503,94,908,304,995,777,488,287,503,458,976,398,746,128,608,558,495,200,374,388,712,309,543,997,983,521,965,119,875,393,481,1010,522,463,784,830,800,783,606
349,482,391,365,732,1008,750,365,852,341,491,387,23,424,253,534,564,991,418,990,860,940,478,925,387,970,708,928,941,391,825,683,110,736,420,314,576,294,293,475,216,367,171,321,217,184,141,916,379,957,530,589,936,928,732,366,819,422,978,150,987,367,565,156,440,238,339,987,158,541,979,124,595,192,138,367,223,1021,760,327,604,792,635,452,349,292,212,640,733,2,808,853,769,420,315,320,366,373,674,222,984,895,477,588,272,349,226,901,797,954,317,738,381,381,381,612,368,420,605,288,792,921,312,818,428,784,220,657,685,317,956,473,357,164,928,317,288,322,472,407,379,17,305,980,327,349,269,734,581,603
857,888,889,822,810,162,322,115,24,5,189,801,796,835,794,232,417,221,309,3,673,780,778,265,181,820,156,803,13,83,252,196,380,794,292,297,784,711,145,168,792,241,930,525,533,164,69,889,885,1018,380,473,1009,783,893,513,681,252,196,147,217,253,560,321,296,992,869,700,964,1007,807,166,172,961,275,340,384,857,323,209,156,380,554,197,666,165,536,285,801,547,223,859,753,506,874,984,519,945,387,646,314,669,138,143,156,811,540,122,107,780,651,156,889,293,577,996,745,533,392,701,160,641,285,976,817,794,864,646,812,211,775,252,732,653,102,498,605,933,25,811,157,25,444,197,980,352,540,975,965,857
283,230,969,41,761,933,8,292,677,4,830,651,236,962,532,1008,797,633,94,489,8,206,657,638,257,532,224,989,853,387,849,8,499,764,20,112,349,936,233,483,650,489,681,648,233,739,666,108,503,315,421,852,407,562,13,421,714,783,506,433,674,85,917,137,620,888,890,33,18,83,473,196,352,233,853,893,1022,104,293,355,289,737,136,1013,1000,910,640,665,251,876,207,489,465,297,565,554,209,465,933,641,729,896,233,245,215,992,761,885,0,503,869,671,4,975,85,137,18,507,89,672,265,516,936,16,671,229,214,970,106,215,424,570,26,216,53,351,18,154,149,483,878,559,104,497,104,759,168,559,137,568
20,190,894,626,880,76,119,530,749,108,1022,588,748,364,594,287,992,375,746,692,792,49,84,740,975,70,366,911,958,754,919,657,341,776,882,110,626,14,924,373,542,87,602,851,227,370,397,866,11,626,355,453,628,627,721,980,789,917,782,964,594,123,907,85,727,236,139,14,580,657,243,293,41,148,682,161,986,917,86,81,430,916,381,746,269,915,626,858,636,991,884,25,618,60,352,531,698,595,117,388,624,362,564,405,151,522,294,274,980,337,855,460,631,626,364,141,364,586,601,913,306,901,1004,750,717,692,699,756,626,214,361,433,375,150,626,99,775,291,740,83,57,682,1011,874,151,172,40,979,682,995
690,166,523,159,699,227,201,240,44,964,275,40,237,141,88,173,225,468,823,721,572,484,49,1003,673,68,766,40,58,724,133,159,242,351,528,496,824,456,808,201,22,53,15,290,8,45,184,701,721,147,550,250,648,574,962,366,1005,552,63,205,11,267,962,452,5,966,958,572,214,729,208,139,68,321,197,728,3,289,627,881,566,324,308,578,193,50,565,496,649,822,244,209,967,560,978,48,183,497,637,563,35,776,40,208,557,881,564,797,269,967,955,360,291,209,54,552,244,581,566,890,834,401,411,523,42,842,60,823,1009,836,253,708,488,737,248,13,49,145,88,45,713,553,1004,829,133,186,136,180,721,76
499,879,932,903,618,813,330,771,882,336,435,387,724,104,395,397,883,880,947,506,882,886,56,461,203,630,467,866,364,198,614,270,892,813,266,714,486,850,507,924,372,289,372,397,115,945,877,754,373,936,499,938,413,292,626,871,27,466,1020,371,293,506,936,515,813,886,975,466,643,221,886,955,1002,882,847,958,334,460,849,973,499,389,314,459,376,573,203,370,525,618,716,397,116,916,370,883,116,381,742,458,330,500,509,847,467,867,666,117,610,906,589,883,888,691,308,318,822,266,762,850,588,808,847,882,227,337,356,819,458,402,458,691,643,467,308,116,854,947,467,698,794,143,508,266,324,883,732,420,873,406
244,636,693,9,399,37,568,29,73,1000,429,616,653,660,710,13,408,916,408,5,317,436,127,392,684,393,520,63,412,539,567,616,508,992,753,625,829,948,4,641,596,29,96,915,664,596,124,241,1000,896,112,753,916,868,856,616,655,253,301,938,401,628,747,909,29,996,6,627,536,97,8,904,440,583,636,616,27,24,744,1009,632,800,253,929,896,620,20,720,696,584,632,849,11,529,638,616,61,8,247,588,1021,929,649,874,13,632,56,363,609,1002,117,952,421,590,46,652,53,132,53,125,145,488,1017,1015,369,8,1017,977,381,68,917,937,485,388,631,908,465,629,616,256,287,488,916,252,616,121,116,713,992,440
946,875,920,607,861,601,81,741,844,972,979,435,732,416,790,372,431,937,31,39,948,454,307,857,861,423,55,928,934,305,859,98,483,151,837,32,722,925,856,77,26,841,991,179,27,884,272,19,833,363,980,303,268,222,966,857,953,843,402,538,429,968,1017,933,289,939,503,863,312,936,921,845,861,345,837,35,598,431,346,36,930,833,430,732,490,1023,1011,994,297,935,213,364,332,967,118,387,38,966,609,864,844,154,384,178,892,462,418,696,425,327,796,945,978,950,726,907,951,792,300,431,293,329,953,422,331,499,272,415,321,159,161,945,697,880,97,416,358,847,358,936,163,485,899,868,32,669,954,301,971,591
933,283,386,74,514,526,406,369,319,858,959,443,951,944,450,39,603,510,504,399,756,397,565,487,866,546,910,312,597,527,742,350,912,382,860,423,391,542,986,874,402,402,441,408,49,875,532,908,411,479,479,399,889,918,359,96,816,935,455,443,626,126,159,745,85,630,537,319,950,523,70,217,630,505,106,248,120,938,6,399,727,26,443,33,974,875,903,542,78,619,664,155,403,903,71,327,983,449,68,524,447,81,504,801,862,70,647,407,935,942,64,655,106,78,896,78,911,798,622,322,78,959,280,408,344,97,386,399,409,527,154,55,894,951,415,71,31,776,938,636,463,402,956,258,126,833,998,399,222,639
375,791,961,831,880,383,323,574,507,465,272,880,762,449,894,491,505,990,638,808,591,345,128,256,193,250,110,670,244,767,992,992,740,451,818,894,640,297,29,103,91,942,377,873,513,705,722,359,224,767,127,338,510,960,277,639,894,733,894,242,736,622,1023,627,791,608,615,297,148,312,519,227,942,926,833,912,131,35,610,814,387,297,175,966,529,55,526,639,245,504,240,897,431,835,444,580,108,500,467,931,112,193,319,251,503,961,14,128,96,487,387,48,254,325,580,286,654,733,934,24,615,535,825,21,227,815,29,381,192,814,505,29,9,64,897,601,498,539,636,814,627,224,974,1010,808,547,762,481,551,226
201,257,248,910,279,68,665,827,900,593,265,744,617,781,208,1023,152,885,1001,305,246,367,284,901,142,1009,414,754,505,768,268,377,905,716,140,201,583,605,375,271,374,749,335,846,425,887,885,504,553,461,201,244,261,457,753,326,880,144,968,920,993,929,233,713,532,375,911,1014,1000,1004,838,230,278,1006,905,816,265,503,340,319,912,829,271,868,335,281,361,285,652,913,648,335,481,666,526,393,1001,528,652,973,868,935,765,373,1023,953,248,340,201,905,385,324,311,644,275,654,384,1001,494,147,1014,967,321,345,268,840,1006,846,848,900,269,1015,633,876,325,378,436,182,1000,249,244,798,969,676,580,846,401,478,858,577
961,433,597,193,975,820,369,920,992,905,184,732,384,688,310,633,1009,853,948,437,1017,872,432,156,280,961,1008,620,429,583,837,885,335,73,289,945,880,577,589,425,936,664,9,808,208,1013,437,53,632,765,809,425,581,500,212,610,578,856,637,956,117,1009,467,336,265,72,433,28,469,401,936,688,628,77,81,820,54,265,856,961,948,540,53,451,38,1016,372,779,371,626,972,982,616,840,908,843,344,920,936,956,797,413,945,1012,53,243,981,946,136,421,213,270,329,40,911,837,592,917,105,73,693,437,685,289,294,35,1012,777,431,881,945,847,884,204,437,433,879,104,920,895,117,395,994,373,888,238,5,950,961,915
228,424,705,463,366,607,79,631,437,364,703,773,891,330,504,56,473,642,973,838,144,710,136,877,951,760,841,316,88,379,427,278,579,578,926,850,36,450,454,964,1015,342,483,186,713,277,420,394,836,582,525,326,455,961,461,873,483,834,236,761,426,57,575,821,69,880,584,134,357,757,761,868,579,870,314,437,757,319,333,453,876,74,645,361,386,637,80,965,437,419,184,779,240,582,693,349,173,901,346,628,582,710,206,308,536,858,499,504,312,836,56,966,681,400,336,438,641,192,102,372,858,56,342,77,514,453,312,675,318,638,152,427,925,431,342,820,959,831,367,320,446,312,24,456,865,605,997,661,971,885
630,603,360,923,149,354,146,154,53,598,728,903,200,956,109,950,950,138,502,138,393,200,210,254,247,815,362,302,983,779,148,528,526,662,647,787,90,520,311,757,937,742,120,491,364,304,1008,215,55,1008,262,665,759,791,79,330,133,271,930,726,26,815,673,710,62,362,319,534,209,552,237,55,248,935,926,346,215,260,122,517,378,977,856,603,26,314,827,630,758,521,719,241,78,553,376,761,63,774,607,586,681,200,104,210,146,320,929,24,563,746,969,106,642,988,934,247,807,149,268,665,479,761,740,74,393,364,906,70,918,713,695,202,72,544,202,113,418,514,663,104,815,194,634,663,593,663,662,362,950,617
317,193,202,10,139,759,759,375,127,797,630,154,536,1007,631,718,642,55,327,890,816,159,695,15,334,722,643,635,203,406,215,216,630,499,834,234,439,606,699,707,150,542,606,55,238,378,635,706,374,672,162,596,1023,135,951,135,86,48,859,251,673,758,207,82,183,358,172,374,758,79,332,975,27,139,752,247,13,347,577,183,37,1023,763,375,363,196,202,1019,311,242,530,227,146,232,875,295,267,662,267,286,594,615,583,522,987,975,713,246,226,626,63,799,139,880,7,203,366,627,646,903,14,370,705,742,512,694,719,168,694,324,240,704,127,276,238,519,609,688,370,80,830,311,374,811,555,679,706,1019,747,503
379,947,428,74,580,941,1012,310,387,114,599,688,1008,626,974,555,974,816,410,910,153,242,470,393,33,663,560,945,903,568,982,339,371,624,629,822,913,970,302,67,974,682,370,975,649,169,818,123,587,843,86,529,127,395,355,1009,938,626,323,943,598,377,629,464,511,680,644,562,576,576,74,983,651,49,685,138,142,241,438,510,864,360,856,68,718,351,69,599,817,615,206,816,335,1018,770,15,136,927,694,479,820,638,54,83,990,266,587,494,830,874,622,268,447,254,918,360,880,837,599,929,849,159,451,618,615,371,339,1002,682,200,457,574,1008,26,613,887,370,584,827,845,153,435,207,247,504,329,576,399,848,76
554,674,946,738,389,275,692,430,415,606,563,635,259,478,535,419,935,286,459,33,435,722,423,50,851,661,123,179,427,523,452,223,450,957,897,564,46,498,927,362,606,163,423,476,174,123,946,946,482,378,963,66,267,870,442,550,427,121,203,235,404,67,347,685,546,302,658,325,163,990,939,491,475,563,564,283,419,357,523,475,203,412,449,511,550,346,462,52,235,523,939,263,958,686,694,615,323,507,914,387,446,611,602,550,557,450,449,363,859,581,859,220,454,347,599,126,363,957,986,23,935,548,939,515,548,791,399,418,511,674,461,930,185,838,438,37,155,342,454,111,66,579,82,991,147,852,117,596,450,410
701,415,235,603,525,597,913,545,465,32,961,617,463,280,41,425,529,647,600,57,431,491,996,207,872,495,920,61,431,919,25,494,384,436,415,433,543,102,622,469,932,72,41,781,444,957,430,326,15,39,426,615,679,425,961,974,664,545,59,927,839,425,798,953,586,519,494,431,38,481,489,1003,446,547,929,536,415,958,369,806,989,422,228,417,592,671,597,286,733,63,609,513,956,469,939,536,321,547,957,491,721,702,698,593,931,597,52,661,943,448,733,917,271,945,474,452,533,430,218,474,287,2,925,559,992,855,447,388,93,615,465,884,868,536,671,625,105,94,518,417,82,388,591,28,744,405,806,933,920,702
474,301,721,174,97,301,537,360,60,960,798,195,776,772,292,56,460,925,858,947,432,942,820,814,334,378,965,921,930,850,540,805,93,1022,953,952,312,149,921,37,376,173,956,819,61,839,861,952,928,8,825,317,923,1005,865,130,291,585,960,151,325,933,942,544,291,913,314,770,83,133,289,434,476,929,444,962,66,849,807,851,186,322,733,965,293,194,63,593,296,53,806,456,1013,966,349,484,173,48,1010,832,984,825,83,925,775,456,929,708,273,48,827,1021,942,96,59,76,839,833,789,864,925,933,721,501,476,174,605,553,128,929,298,569,122,952,807,544,732,373,771,937,40,861,503,936,189,317,169,277,353,379
918,382,500,595,11,103,80,374,104,771,502,927,454,239,430,642,44,160,702,937,34,919,87,476,614,682,969,22,32,433,341,424,465,841,934,511,492,939,911,973,160,915,86,745,878,941,966,205,518,438,246,862,947,919,896,938,979,935,373,9,782,909,338,615,963,41,969,975,476,919,430,438,189,911,256,446,436,21,493,86,120,349,849,490,615,835,755,856,446,17,851,935,463,964,841,488,595,933,366,0,198,256,595,46,648,111,906,23,631,559,492,966,1010,846,851,999,478,84,653,51,287,489,470,302,890,860,416,473,841,993,538,920,689,5,882,595,471,774,31,599,847,98,351,943,746,95,975,256,270,573
736,485,165,137,461,806,443,195,252,741,64,544,560,893,704,724,135,45,823,56,142,647,86,69,760,143,205,320,137,118,504,800,632,138,637,73,165,838,152,373,852,217,120,439,699,857,510,569,441,382,752,509,902,717,332,736,678,333,734,672,889,62,144,581,841,265,4,700,67,32,725,672,326,741,186,261,140,837,736,163,729,105,651,852,613,699,126,732,633,958,686,49,859,321,587,376,261,731,433,1017,731,42,680,237,613,985,575,350,549,204,838,893,624,433,638,544,155,40,519,168,815,496,751,209,320,214,752,441,72,710,32,637,697,85,729,76,92,771,229,726,754,543,928,720,396,120,229,256,863,734
917,961,379,578,660,560,120,30,827,284,394,643,505,293,467,387,490,22,1012,1022,747,998,490,23,564,420,494,407,459,739,19,504,954,388,658,916,23,527,934,490,23,854,930,303,10,953,556,486,835,959,490,643,683,915,495,718,323,658,548,511,474,467,611,467,716,877,388,275,475,122,879,577,387,406,826,786,386,259,554,829,784,504,101,993,920,532,889,930,938,1008,869,534,900,905,397,449,119,851,490,914,873,314,508,323,1016,418,800,572,918,693,662,926,324,133,554,49,622,454,360,179,211,622,959,136,828,994,641,992,953,483,521,870,609,947,657,525,397,240,680,6,926,494,874,10,839,623,870,489,953,364
891,467,783,355,967,799,826,510,104,22,485,127,775,290,998,667,708,985,300,511,101,1002,894,807,511,516,34,783,892,199,627,869,967,987,787,229,769,194,1014,994,781,668,991,998,994,157,962,391,507,430,47,511,564,1013,394,1003,250,884,906,292,299,293,499,824,982,601,487,464,83,290,824,834,1008,1014,598,487,1008,872,805,518,972,295,103,418,107,44,467,1006,845,863,1014,89,477,980,410,280,482,94,394,1022,578,935,475,205,934,790,976,560,294,622,474,524,1003,101,552,61,290,176,1004,979,118,227,836,962,770,398,805,958,578,290,401,829,622,1002,187,775,958,412,773,302,522,989,523,618,375,1004,406,71,1016,783
41,501,1003,525,479,600,553,840,816,295,54,454,848,87,582,560,408,840,799,227,712,680,953,494,366,472,471,469,551,553,532,680,41,935,951,568,220,983,278,424,431,840,52,148,929,870,510,476,968,200,382,318,488,679,888,492,843,359,598,441,606,501,377,498,801,469,472,501,838,935,872,937,791,807,568,696,408,534,40,323,45,939,854,181,471,832,109,913,921,848,465,520,940,834,343,63,310,974,446,840,548,441,511,202,936,809,439,41,891,173,534,583,467,63,232,344,472,85,720,310,467,41,846,873,687,680,886,574,264,838,298,513,768,71,822,850,939,455,834,73,452,455,438,471,659,912,487,498,300,743
390,757,453,32,1008,460,642,981,467,588,396,1018,841,882,125,778,355,298,759,981,820,265,6,471,629,982,1005,491,262,306,8,908,502,549,3,970,780,460,820,509,779,1013,789,842,316,498,974,519,3,502,892,352,556,55,919,594,886,492,757,491,1013,171,85,499,533,619,393,500,393,11,821,637,572,502,1011,445,466,1016,946,11,1011,811,1004,905,1010,970,268,435,399,972,780,483,791,971,291,525,258,23,520,950,261,53,467,596,19,437,1013,267,401,899,286,314,814,475,1012,778,778,266,1000,119,1013,928,906,804,965,973,456,139,465,76,597,819,309,468,5,790,371,387,752,23,963,637,982,917,510,1013,453,420,396,1021
722,592,921,528,227,106,606,276,349,610,842,162,513,679,362,123,466,604,348,485,434,668,1010,559,363,567,618,626,157,18,995,852,107,476,403,580,62,813,316,923,559,796,111,210,42,415,980,446,411,354,173,495,264,360,587,141,227,608,550,180,963,836,181,148,866,685,916,147,331,320,578,914,82,470,83,147,764,530,82,591,987,595,987,606,398,382,506,578,523,143,159,1002,149,190,862,180,435,838,333,198,111,163,482,35,836,351,468,439,909,45,111,917,283,339,354,979,454,625,197,701,339,485,989,1003,606,596,194,159,41,54,1006,397,354,51,147,105,917,930,812,82,625,197,676,98,365,93,291,341,442,587
1001,916,821,40,303,489,827,265,932,297,488,681,470,960,307,296,629,484,681,749,80,467,982,464,392,877,965,984,982,309,449,757,489,916,875,389,96,164,331,846,464,1001,473,807,988,964,842,68,861,861,942,415,902,47,936,96,404,269,197,1003,872,277,107,852,821,827,466,980,599,479,431,596,964,474,975,122,1007,462,104,856,392,438,431,264,634,914,449,488,100,464,937,905,328,285,373,782,11,453,269,206,975,980,982,503,292,799,469,799,285,80,968,467,829,1013,904,373,278,392,424,619,810,601,489,297,272,983,305,829,907,932,472,92,456,89,941,714,472,808,936,126,420,301,200,597,200,858,271,488,1009,673
770,734,223,565,274,535,151,509,174,903,313,292,379,611,240,1014,199,805,975,58,350,898,864,856,182,123,542,1018,728,821,677,278,36,329,663,283,848,882,274,39,165,275,471,232,672,694,901,565,825,624,650,697,992,113,193,371,391,514,506,540,198,927,82,859,267,735,983,65,808,960,50,277,97,229,249,213,825,946,703,803,966,912,858,651,75,704,455,817,69,153,851,176,848,269,171,197,654,276,357,683,717,354,480,377,560,146,146,999,236,629,174,697,45,841,544,886,904,518,426,141,856,348,297,564,209,41,537,274,442,981,359,820,1013,940,297,966,533,328,520,242,634,261,259,167,776,802,415,818,334,144
407,501,843,802,616,898,843,1005,835,992,567,804,652,419,436,983,330,442,106,420,410,898,730,102,446,842,794,251,843,896,419,438,505,744,539,105,626,500,507,127,492,66,907,804,712,522,879,554,755,116,364,554,940,231,429,571,810,855,46,807,961,389,90,154,827,86,835,437,116,961,522,65,825,325,443,116,959,491,436,810,337,454,69,407,443,950,844,938,868,177,374,407,855,447,530,445,463,77,898,511,400,407,728,696,216,567,932,116,118,725,673,829,188,635,342,410,2,409,996,68,682,740,843,543,274,154,742,748,370,522,426,884,922,213,126,508,628,858,628,411,466,693,508,127,464,522,522,814,116,108
47,338,219,293,382,195,738,623,778,554,550,422,530,612,195,296,695,174,610,791,766,528,342,913,38,430,11,526,86,411,310,756,554,163,275,432,38,310,920,546,287,618,27,966,767,36,875,634,94,115,483,302,403,619,113,740,35,315,342,306,742,518,594,986,86,854,715,35,850,1023,482,751,403,10,556,1018,87,740,870,395,342,150,275,694,247,546,54,14,805,532,923,11,928,411,554,686,899,586,48,770,42,50,29,70,62,82,35,163,618,558,611,550,310,931,366,104,218,638,293,48,483,306,550,600,290,810,310,790,195,85,411,547,731,806,907,610,32,254,550,750,1011,19,63,1023,732,688,800,606,47,155
309,402,681,692,242,864,61,32,564,202,565,928,143,566,1011,995,156,306,204,562,141,169,204,18,915,542,210,747,690,207,69,718,332,801,172,45,125,784,70,243,212,634,107,820,696,780,50,708,175,914,694,101,981,939,595,882,212,94,709,37,44,460,382,178,194,658,210,204,725,200,51,211,212,723,754,131,464,579,339,846,579,245,84,202,193,595,197,529,579,821,843,195,723,786,212,241,301,212,740,194,304,179,50,866,109,62,49,204,194,521,203,195,339,690,214,61,474,561,868,339,206,513,240,1005,715,799,566,587,816,577,178,223,530,365,191,235,562,571,850,70,242,242,51,875,196,882,924,530,76,573
688,167,557,222,18,988,547,751,1002,19,675,798,540,620,406,621,580,464,402,261,589,611,707,747,165,540,116,406,565,98,92,656,289,559,557,739,831,692,136,15,515,683,244,210,986,215,384,1011,949,591,222,994,559,567,2,677,897,80,26,624,757,44,106,69,923,48,707,917,556,1002,189,745,477,917,707,15,0,50,42,620,202,985,291,879,210,538,98,626,899,563,767,681,545,963,611,911,589,195,234,941,703,61,538,616,757,252,624,525,28,597,208,900,7,98,154,551,582,897,352,227,330,42,400,30,931,1011,90,47,18,654,14,543,108,610,515,7,874,42,997,852,767,547,707,531,39,618,594,47,423,98
336,548,101,965,936,500,266,996,526,45,933,982,936,519,904,962,604,515,999,165,797,907,219,363,332,963,616,645,215,221,789,602,26,1016,508,517,890,906,190,1009,310,164,566,322,387,1015,930,677,205,41,59,437,996,866,303,564,934,987,838,124,36,357,936,987,475,999,1005,394,365,439,795,1012,165,837,475,876,517,556,165,149,262,199,515,519,22,571,108,789,626,351,199,325,660,578,419,1012,855,949,939,947,904,987,398,390,86,994,901,556,858,443,824,588,475,437,62,669,242,571,749,965,934,197,516,475,902,443,1014,132,507,195,475,51,841,990,851,579,370,971,666,793,988,519,1016,526,884,403,578,190,565,999
325,858,299,427,480,355,707,633,232,320,772,422,167,90,249,748,710,688,743,323,838,826,737,839,374,183,830,347,856,329,711,185,423,707,418,994,707,873,167,937,761,64,472,791,184,797,673,839,822,331,285,955,368,724,840,374,807,381,255,963,951,888,483,889,872,778,446,903,509,903,417,462,744,222,223,195,448,711,785,122,377,734,474,489,773,221,466,343,474,343,816,751,450,729,763,256,824,455,967,817,777,570,741,258,803,711,346,195,727,333,326,84,741,509,417,426,199,262,833,474,331,321,857,859,903,762,776,312,967,282,266,249,841,264,639,683,330,889,185,95,663,202,324,500,351,121,335,715,698,765
684,277,557,1005,615,93,240,677,444,121,669,524,119,528,512,712,164,577,89,306,627,398,768,60,221,261,523,572,208,188,532,9,767,161,65,569,572,62,575,216,860,186,560,432,719,663,444,161,655,685,460,285,105,239,553,896,579,571,65,973,160,264,100,825,125,906,196,580,121,177,244,655,525,913,528,649,424,56,957,586,444,708,669,188,65,572,722,180,125,444,577,917,187,685,882,573,604,589,398,284,117,701,524,277,93,572,73,225,41,716,197,573,472,973,492,174,49,218,432,116,172,356,188,176,496,410,981,527,593,629,210,706,892,808,445,573,581,643,373,701,556,161,277,441,1,513,296,16,60,501
98,107,488,466,514,756,379,465,747,24,536,486,14,594,436,245,157,637,102,611,58,539,19,662,177,670,634,902,767,598,655,610,111,108,667,139,656,0,644,115,188,465,129,126,155,468,24,413,386,122,190,608,1009,84,112,490,14,587,301,623,163,116,1000,616,148,6,660,171,320,165,116,917,211,616,83,115,113,114,538,103,594,482,110,994,6,115,986,1011,582,131,590,423,115,107,605,1006,126,617,449,893,608,621,600,115,582,549,14,690,619,470,29,614,429,683,470,594,42,6,159,837,113,131,107,429,674,755,510,7,188,587,285,189,652,755,499,984,107,104,179,431,686,429,173,494,371,618,100,592,490,99
982,593,713,495,495,407,207,917,210,178,1007,853,786,699,681,798,472,639,359,161,965,126,652,271,385,911,291,907,335,942,210,501,1004,681,234,781,994,16,748,656,923,127,111,389,800,746,585,913,363,527,298,823,912,305,337,275,590,749,105,394,400,16,1010,366,856,244,164,746,32,534,942,465,463,687,288,724,993,207,567,266,983,532,814,580,275,380,937,918,409,262,58,53,660,38,801,803,84,797,34,406,15,790,609,384,412,453,335,657,818,999,943,782,439,65,809,234,912,822,751,285,17,405,355,343,401,489,433,68,335,623,496,1007,787,7,807,290,325,273,110,405,278,959,403,401,27,55,749,813,401,74
476,642,34,739,35,95,853,747,164,362,35,34,522,611,606,163,194,828,942,290,610,547,522,21,203,613,69,723,362,726,224,516,736,769,564,575,611,675,709,618,322,199,393,253,222,162,195,683,398,834,283,170,14,748,736,200,607,21,660,210,88,482,10,171,722,123,608,83,866,730,546,147,612,539,439,162,28,80,11,590,724,175,597,403,55,358,203,87,511,627,347,746,594,626,95,725,567,306,541,607,558,298,610,539,341,725,385,140,745,499,455,194,171,575,154,17,396,750,216,66,154,159,1015,306,183,762,408,155,331,711,735,650,611,862,675,735,523,564,720,610,276,736,642,555,148,658,154,726,227,224
85,924,688,95,213,213,145,217,50,619,691,851,718,44,708,126,81,851,177,189,688,185,129,137,102,317,135,228,587,748,273,676,149,141,624,486,909,317,905,177,83,75,714,597,42,876,989,524,511,698,603,281,273,75,688,664,486,145,706,213,5,700,5,98,658,223,260,284,493,42,137,654,871,257,390,919,147,91,437,192,905,277,946,432,129,387,231,752,354,252,617,362,688,875,44,125,651,213,626,579,110,616,192,752,932,87,664,857,44,1012,266,251,528,264,585,757,288,661,760,708,81,683,523,560,169,185,200,773,660,173,44,642,714,82,716,428,205,429,213,172,89,198,760,693,48,179,44,203,594,152
813,105,177,725,316,392,710,195,664,808,308,473,213,224,968,996,661,488,370,208,497,606,926,669,846,977,813,92,913,976,316,318,304,925,951,368,596,724,444,528,487,272,914,272,880,816,465,993,316,332,490,511,201,201,953,337,805,256,572,375,300,536,912,341,912,309,124,805,673,308,269,929,149,901,756,570,209,907,807,165,272,355,588,737,457,293,601,276,275,86,920,29,21,724,933,451,980,350,810,813,1004,183,976,972,550,116,805,957,828,226,568,588,981,902,497,981,945,966,195,813,217,213,929,913,913,817,277,240,336,284,787,726,996,817,765,359,560,968,733,664,1021,951,954,880,240,174,53,402,216,371
831,815,433,425,330,180,274,210,298,25,566,259,315,291,679,282,419,623,297,1000,402,454,786,14,473,202,20,977,543,975,761,803,605,765,454,441,811,937,993,40,753,591,554,305,790,918,535,234,785,439,782,435,187,305,450,790,337,801,516,603,977,534,287,283,587,308,1019,739,426,283,160,1019,681,971,945,767,463,534,338,272,363,510,274,958,431,832,308,942,584,837,436,463,1015,847,683,602,531,918,464,569,84,265,398,1007,722,436,802,615,1015,463,584,265,743,436,204,918,591,274,20,499,573,942,442,274,851,823,815,745,422,542,468,950,352,199,217,258,42,639,726,297,241,435,154,335,951,957,267,487,143,814
901,783,333,59,496,908,905,200,618,522,460,524,521,586,627,424,419,686,688,985,33,965,594,629,291,306,459,746,629,4,416,208,67,999,554,478,140,852,556,140,140,906,515,866,76,169,60,441,5,460,956,899,138,897,1021,133,698,665,986,132,50,37,957,508,620,964,997,596,624,908,77,653,243,523,60,461,513,539,526,836,682,531,209,460,60,410,464,252,60,579,92,660,1017,956,701,835,240,58,33,493,214,579,1,56,411,816,249,899,658,1023,589,267,960,44,411,54,69,508,447,39,60,692,547,524,60,156,193,61,64,991,111,507,385,285,460,588,682,562,125,561,700,570,157,165,957,596,251,845,188,899
13,673,756,668,204,877,700,236,757,461,109,650,458,668,369,660,168,232,651,173,238,140,142,364,767,140,749,885,781,165,745,9,822,737,525,732,629,13,891,328,761,76,776,528,625,394,249,173,691,138,153,158,241,684,755,616,681,887,596,629,603,195,680,268,680,803,868,669,245,669,836,395,779,527,684,51,330,650,332,234,565,763,788,741,637,885,483,875,891,1017,173,565,396,337,644,651,288,369,640,721,908,669,943,265,213,330,793,128,668,699,221,171,378,65,1003,229,835,410,620,748,332,649,158,796,372,768,310,616,635,763,132,616,696,669,364,315,744,136,659,623,323,49,727,676,128,337,724,713,140,893
172,617,861,1006,380,52,562,974,174,975,793,531,337,200,681,735,702,375,159,424,620,210,383,517,857,796,553,327,737,151,337,295,876,16,329,690,658,791,329,674,49,643,306,870,364,173,295,660,739,988,617,749,677,184,592,531,238,808,60,645,603,531,169,531,166,873,1014,761,989,606,3,654,149,421,318,648,961,265,430,655,97,240,621,690,337,787,434,843,754,991,22,60,321,796,30,987,911,180,861,225,654,29,338,1001,441,768,719,735,356,225,672,615,473,621,966,665,31,609,356,395,839,228,748,359,669,723,973,278,340,688,604,732,108,690,916,147,301,649,225,54,160,26,619,706,623,108,607,535,1007,646
649,390,85,447,521,911,344,654,24,289,607,607,703,558,302,284,966,719,104,152,93,877,997,78,169,209,125,567,915,14,885,1,974,343,233,932,60,894,934,351,9,471,573,1023,369,8,415,24,798,926,5,585,59,156,174,560,137,233,221,173,127,804,511,352,671,204,254,927,127,915,988,335,915,216,24,983,905,510,1018,961,132,888,894,252,136,627,52,527,548,160,376,670,32,1016,1016,233,592,545,89,521,969,927,1023,132,1021,525,52,383,394,351,731,964,547,793,1020,801,353,1021,1008,645,922,585,255,390,567,1019,985,384,265,374,924,454,671,581,77,12,17,103,969,156,6,550,979,598,521,381,1021,661,957,1011
87,939,168,286,791,743,435,501,466,773,785,23,37,205,791,1019,125,74,921,6,31,791,1023,754,123,963,986,390,498,395,233,407,439,983,773,38,807,6,83,874,575,791,31,633,675,347,322,43,983,350,555,43,999,999,123,791,278,50,490,371,633,802,455,973,727,134,87,823,810,215,786,783,722,71,868,727,77,15,407,47,454,964,1018,735,1012,967,407,674,989,482,211,463,118,194,1017,340,907,810,941,1002,987,963,395,434,208,471,551,940,783,987,871,541,904,87,971,304,43,433,370,962,963,690,38,279,481,969,222,495,677,234,859,962,75,864,599,530,607,358,569,607,73,215,463,935,795,464,962,92,850,1007
98,653,435,156,615,954,330,415,347,474,994,483,355,638,188,43,476,131,783,388,1019,129,670,649,930,543,643,237,386,812,523,149,135,903,495,28,413,854,162,131,3,3,159,516,460,131,227,10,5,658,354,953,442,956,658,482,915,893,847,498,136,899,581,866,671,167,225,671,357,914,192,385,98,185,623,351,109,271,1013,633,410,917,34,647,155,109,361,65,778,603,167,211,354,34,342,201,812,954,378,1,131,698,162,915,530,370,476,796,164,157,71,927,511,778,365,447,775,103,168,425,323,162,154,314,935,18,900,932,59,1001,627,682,159,671,508,395,130,762,491,3,925,485,607,841,489,146,347,39,322,995
128,438,920,323,960,134,800,966,704,577,30,825,679,451,215,226,438,928,976,831,486,323,83,438,496,688,326,451,564,305,265,96,29,545,801,801,944,813,345,683,800,975,800,387,805,318,321,719,704,259,562,580,616,815,9,321,417,800,966,31,1016,604,830,83,494,829,825,539,479,959,275,767,440,726,960,976,809,807,932,729,309,624,815,824,995,630,1020,510,321,217,161,673,998,767,961,928,941,733,278,711,275,439,205,704,707,702,960,987,733,704,217,92,358,795,686,222,966,305,710,345,707,304,161,935,293,731,270,869,399,792,296,934,920,211,829,350,95,568,326,879,65,53,736,550,582,719,166,966,569,472
203,291,735,735,633,86,750,340,211,726,726,579,658,46,831,155,863,678,515,762,83,518,750,711,469,718,212,681,852,809,67,408,553,963,217,842,601,863,599,569,17,172,136,390,407,113,447,728,964,711,761,249,576,88,663,760,831,570,349,539,758,669,246,718,758,187,724,726,515,380,548,152,38,536,87,136,214,70,498,225,659,215,583,934,721,726,640,659,746,632,662,837,605,731,667,516,848,14,810,683,8,1021,358,75,938,585,731,710,41,551,977,298,664,856,735,665,937,286,989,875,367,408,230,654,691,220,614,550,598,132,80,622,669,93,522,890,42,646,541,111,551,62,376,701,921,539,91,489,756,935
340,889,89,436,756,490,660,827,263,77,842,842,374,884,435,486,69,419,523,406,311,853,643,441,683,345,330,690,438,507,119,813,1005,437,838,886,136,510,329,171,686,79,461,54,886,771,720,662,2,861,555,266,276,555,851,886,401,298,823,272,370,559,715,971,497,292,947,134,565,474,670,594,695,599,950,806,343,947,57,345,716,353,589,657,399,465,891,831,775,823,881,419,437,544,200,757,345,76,480,468,311,270,343,775,607,310,965,522,471,652,662,246,874,470,202,891,608,279,606,82,291,336,881,647,808,112,134,562,271,477,842,804,963,342,490,309,694,571,605,588,315,790,317,182,437,278,656,948,470,317
740,773,332,379,898,247,159,413,101,159,664,220,958,845,638,1011,159,885,190,839,548,831,894,383,924,159,190,454,133,999,944,347,315,379,1019,130,379,836,347,269,446,509,480,893,886,1002,918,922,131,237,1017,949,355,363,861,753,499,360,446,159,287,611,379,890,894,379,128,291,371,486,442,121,323,420,261,286,841,613,830,333,884,1013,355,356,502,530,1020,554,265,289,903,924,636,316,780,261,446,668,446,933,443,268,900,389,889,361,894,544,889,429,270,363,603,767,864,157,849,1016,923,503,894,272,894,383,638,491,566,348,926,881,996,903,155,867,398,827,490,355,133,823,387,955,396,130,662,610,507,436,924,765
717,478,799,973,8,387,234,653,829,222,904,829,1019,58,234,446,765,1012,800,587,654,851,397,717,453,262,320,800,764,256,175,353,54,300,62,699,385,527,764,366,360,654,753,267,141,960,207,300,449,177,214,893,904,845,952,237,575,922,1012,1004,157,127,441,61,680,829,27,397,541,157,127,1004,136,906,639,708,821,1016,620,400,812,1018,104,261,236,58,291,464,912,257,46,1020,64,484,60,1000,447,157,635,216,223,754,174,815,81,257,448,139,785,189,445,34,756,955,64,227,895,14,818,474,829,445,373,398,433,897,308,204,446,333,56,925,387,771,62,246,60,212,177,812,829,911,716,971,28,829,792,456,60,838
144,229,329,791,914,783,820,761,565,296,277,418,741,661,936,735,808,1002,855,647,413,619,596,276,340,661,555,86,119,263,814,810,789,534,20,309,904,410,731,731,557,660,127,530,1005,301,130,509,792,522,810,808,397,748,421,620,151,997,784,810,530,431,747,970,834,738,301,810,42,47,714,325,199,821,429,119,810,466,516,651,260,172,264,791,810,457,909,315,765,517,830,731,939,93,660,808,804,724,706,74,906,82,276,260,260,304,157,890,43,458,1005,699,213,276,148,309,299,197,645,79,302,43,127,660,1007,469,855,291,586,438,286,868,990,138,821,866,452,336,409,467,7,826,220,850,129,284,853,727,674,25
708,196,753,368,869,159,780,948,673,356,837,258,209,861,385,183,283,636,835,914,648,888,858,908,717,325,703,218,140,919,977,365,51,381,759,269,674,563,548,642,164,237,33,151,833,96,607,127,345,145,765,748,151,493,679,980,717,324,279,51,236,133,787,908,1004,156,204,917,257,753,637,155,778,65,240,365,273,589,13,685,705,417,173,642,166,246,163,685,621,169,117,872,650,356,271,599,397,897,244,906,332,636,671,835,644,644,147,765,871,631,348,877,612,228,253,305,591,852,984,363,952,151,292,147,844,848,188,871,261,140,20,287,156,897,432,181,652,555,228,140,269,655,993,581,531,663,884,708,362,285
981,653,792,58,657,664,904,792,146,791,845,376,798,976,209,673,465,939,527,256,957,290,780,488,271,999,313,798,161,279,505,488,835,261,233,642,549,272,832,401,306,505,564,858,793,973,296,417,281,609,807,49,999,348,699,872,278,369,985,737,708,645,749,495,305,873,239,60,776,114,753,639,216,1003,792,656,794,743,382,353,262,728,991,365,358,696,296,225,136,289,544,353,317,775,269,792,417,540,681,734,541,257,192,1001,803,833,497,1017,904,302,40,977,743,337,395,721,272,689,100,343,750,908,970,737,368,326,296,416,679,44,789,213,359,744,260,348,686,880,737,336,748,748,688,865,497,322,912,750,741,365
424,407,230,366,728,353,982,232,712,57,737,165,230,392,224,390,773,766,889,273,864,388,1016,681,357,924,395,764,229,270,101,292,472,229,414,189,956,107,517,741,229,631,284,1010,549,457,805,872,935,888,348,434,393,358,80,987,390,974,900,337,805,551,406,5,272,265,947,57,741,91,460,885,661,889,392,988,531,860,952,393,469,512,99,616,89,232,864,185,552,134,380,91,229,441,287,641,893,357,57,252,388,813,224,743,281,344,263,533,789,239,232,785,1017,363,584,996,644,493,592,361,484,518,578,1000,348,361,916,165,756,800,263,149,185,797,992,864,237,787,956,869,517,992,552,209,357,1021,687,377,358,187
664,771,757,765,903,344,252,97,445,961,646,74,124,319,653,568,868,892,1012,486,566,321,929,397,436,124,161,933,113,764,214,225,335,396,102,654,710,425,712,719,123,851,114,840,74,610,421,278,833,535,653,228,770,741,706,571,787,851,756,444,381,321,412,661,771,526,308,460,764,774,292,932,510,410,772,739,492,22,388,666,384,977,1013,708,931,80,888,964,607,154,309,893,839,344,644,1010,739,202,651,877,445,268,472,777,72,901,931,986,124,13,320,572,508,437,98,225,427,220,986,777,310,672,306,436,788,44,82,723,80,220,120,355,438,885,431,327,832,931,807,899,822,294,306,45,899,669,470,411,511,740
733,908,1021,236,105,531,260,536,92,96,1021,592,532,384,1018,677,108,478,55,97,23,31,995,932,225,1009,1021,449,992,939,633,140,117,172,765,108,125,350,205,573,541,74,1013,571,880,844,988,197,540,241,11,608,641,1021,225,76,209,352,672,929,344,753,933,96,192,272,217,125,943,684,864,463,670,498,309,134,1020,229,152,851,928,284,524,648,765,448,640,676,397,453,736,947,758,96,29,227,541,110,216,415,96,176,765,901,100,893,101,474,325,520,623,865,241,613,992,208,193,496,484,920,84,672,155,709,573,880,576,283,216,256,539,210,202,517,992,465,128,536,88,364,523,737,549,21,484,532,816,33,864,512
858,658,484,836,256,327,482,53,458,288,148,891,934,465,871,383,641,383,342,255,247,319,414,885,377,262,728,411,466,327,890,395,703,643,527,794,493,482,666,476,648,831,294,542,890,636,885,815,666,643,475,261,699,699,154,662,343,654,563,262,965,651,228,354,464,522,866,305,387,739,612,881,418,384,916,158,871,484,874,889,428,639,308,294,870,643,916,666,738,651,148,869,840,679,736,552,894,890,649,771,868,779,872,894,399,386,674,743,762,710,941,378,93,10,938,658,484,682,863,973,356,952,874,700,232,353,293,859,272,811,486,128,958,895,895,818,662,277,612,746,886,327,260,139,874,778,269,579,386,298
29,360,720,344,160,292,821,641,156,289,677,533,193,190,876,520,656,824,901,696,544,890,172,534,165,826,937,860,712,830,825,540,701,235,337,600,821,256,421,880,383,878,246,224,64,276,789,576,905,592,767,36,1016,264,325,349,156,271,389,292,901,984,600,736,648,477,4,358,80,888,381,324,863,72,696,310,894,720,360,825,532,517,697,152,862,1011,158,564,416,531,835,177,160,512,492,67,1016,504,150,424,536,540,171,128,618,516,796,180,992,517,994,520,541,837,539,757,531,513,100,158,68,168,148,800,849,319,955,875,171,580,580,737,520,272,708,209,260,163,933,296,704,761,604,180,69,856,516,327,421,163
757,268,589,69,666,811,940,299,277,398,530,808,658,644,335,50,338,78,438,626,744,317,619,473,824,244,725,885,300,858,205,236,629,661,661,666,168,0,907,300,310,448,626,544,764,868,721,811,844,242,877,274,354,1011,594,280,716,716,543,284,876,1019,756,430,752,546,565,660,885,331,323,780,837,878,292,688,588,765,885,255,310,752,375,244,469,707,201,195,731,339,346,331,306,694,364,845,886,938,1013,236,748,894,698,776,842,336,687,645,213,636,69,522,474,376,608,365,765,1000,370,658,237,324,753,242,626,608,338,690,725,330,877,82,668,428,92,107,465,648,493,333,626,586,332,716,261,172,320,272,736,667
668,91,235,881,743,893,677,545,388,564,757,259,483,135,89,59,711,262,634,254,57,339,222,251,53,54,725,953,264,705,723,337,573,293,54,255,401,491,57,576,41,490,442,253,725,537,397,736,451,175,620,432,770,857,715,44,582,1004,116,76,487,882,139,14,57,301,479,577,673,933,120,513,61,825,324,699,267,164,827,697,766,463,974,987,356,625,751,21,369,703,241,506,474,805,908,185,801,741,276,544,709,516,161,554,601,53,59,235,1,95,997,568,50,255,673,271,518,95,845,57,487,730,495,962,235,197,434,710,219,267,540,475,57,929,289,253,15,9,1,692,291,204,114,893,304,804,952,576,330,1
582,678,431,607,805,416,372,493,238,32,534,85,85,419,161,594,986,977,533,312,55,937,420,36,493,36,484,686,416,815,836,256,233,664,384,254,429,87,849,879,240,576,477,535,629,435,941,534,473,640,721,943,939,985,433,420,37,702,687,196,44,52,276,534,55,702,139,213,680,842,87,168,943,477,985,138,206,528,538,452,820,1005,546,400,544,111,563,154,160,615,985,712,615,400,500,532,676,85,420,1007,598,59,1007,562,32,582,942,707,846,36,693,594,35,383,576,538,26,36,362,1005,1007,196,589,693,996,212,20,604,929,470,1016,596,202,586,629,508,486,58,44,747,45,583,164,20,404,996,80,679,825,60
491,410,524,356,124,503,340,985,503,518,567,846,633,669,953,485,633,508,239,338,924,533,679,923,598,940,612,859,260,951,270,415,300,558,896,582,404,612,484,604,412,906,424,508,924,281,347,537,468,395,428,910,43,923,490,857,425,28,375,333,373,421,601,297,1004,244,846,697,924,540,402,516,315,505,171,990,378,940,485,25,927,372,522,380,373,5,908,482,975,492,995,344,124,1019,400,861,172,253,382,356,421,24,283,579,413,603,964,28,373,990,454,490,368,265,533,506,1002,366,348,917,632,103,286,357,905,433,505,246,924,584,293,1004,450,901,130,540,153,268,980,82,100,623,13,361,268,506,472,565,44,476
700,614,891,610,259,443,512,643,804,511,671,490,114,386,310,923,316,303,963,702,955,837,979,380,489,258,102,507,844,409,310,794,870,771,318,583,571,993,894,908,892,894,843,510,719,321,379,928,394,67,987,478,839,891,698,792,806,884,955,386,442,466,835,449,614,418,619,507,827,91,796,154,347,325,460,511,252,158,774,902,956,909,754,270,299,604,950,904,206,458,838,136,839,258,517,850,299,651,93,972,858,316,449,775,527,1009,323,943,460,571,510,934,187,318,988,877,270,309,316,410,548,880,970,955,870,950,933,465,846,494,123,792,834,371,316,27,135,640,839,839,415,408,846,768,764,110,638,95,828,868
311,312,878,3,277,982,730,597,583,216,813,339,775,66,587,1022,315,824,843,166,745,375,294,715,275,818,809,682,259,323,284,826,651,728,607,882,683,683,206,235,243,194,711,54,813,85,678,558,43,420,115,811,562,679,6,307,806,306,701,362,762,275,683,255,231,221,434,235,986,311,609,683,215,641,591,349,246,247,275,802,679,259,63,587,731,475,375,847,250,602,591,371,671,557,910,235,718,752,589,259,298,259,299,659,119,94,298,213,743,683,671,759,367,811,18,223,461,743,653,248,327,570,375,82,683,631,899,522,904,108,587,294,791,266,587,3,672,567,154,210,423,736,283,779,725,787,643,504,685,372
880,735,184,680,122,681,214,714,326,545,984,206,211,583,150,710,856,728,585,951,206,191,583,103,583,712,600,664,122,713,808,789,215,306,182,303,177,601,196,48,933,196,40,186,792,1023,682,605,710,709,583,754,880,253,958,216,630,696,793,391,182,343,832,180,487,379,638,56,948,767,434,259,953,934,68,222,566,518,226,524,704,567,327,806,390,225,516,543,198,248,106,233,789,71,759,583,290,171,926,305,128,616,929,681,937,568,1010,192,130,327,694,699,304,736,712,245,640,253,712,825,165,212,278,106,185,1014,634,743,432,689,354,742,248,644,583,596,1009,919,184,182,189,896,186,390,936,161,56,390,266,165
779,540,126,434,381,843,95,19,181,258,251,511,764,115,982,732,680,854,324,203,505,772,252,762,483,397,487,844,267,775,235,640,822,875,653,188,62,959,829,764,11,254,538,562,206,1007,327,782,299,200,714,830,11,883,515,335,19,723,973,203,734,958,36,459,91,938,372,269,987,183,221,818,219,200,251,803,471,381,717,336,522,7,807,165,1015,956,970,195,3,11,994,28,979,251,383,651,562,693,710,323,933,8,375,915,1017,994,3,124,253,254,331,186,115,588,562,0,103,994,511,381,131,17,699,308,34,445,269,181,196,28,674,828,455,654,183,75,471,34,60,759,343,531,259,974,459,29,919,654,778,1010
694,183,587,406,707,568,517,175,142,388,119,691,879,306,223,606,691,250,943,243,306,467,594,108,82,437,111,130,394,436,306,205,304,557,778,295,36,141,346,173,323,652,596,691,560,50,700,50,237,549,819,140,300,606,128,652,686,272,549,418,523,439,181,592,702,78,931,211,599,182,411,562,463,116,50,306,359,261,307,126,755,683,559,739,110,710,180,434,438,211,117,844,380,1019,195,439,598,511,595,627,658,693,430,627,715,435,927,586,229,850,255,380,893,819,117,127,952,181,690,53,85,762,415,323,658,692,109,843,176,243,599,620,421,176,685,77,700,982,907,371,758,564,692,390,370,178,197,842,47,691
723,979,762,518,653,591,145,205,212,621,371,546,812,842,68,268,183,179,573,66,181,172,564,581,334,118,68,78,42,557,562,693,127,93,139,99,168,54,941,339,664,179,44,544,692,200,116,936,729,96,566,502,164,948,941,567,562,960,829,125,410,176,708,692,900,268,45,161,593,569,602,76,564,949,504,189,832,79,99,204,39,53,403,196,70,195,580,562,562,483,1015,557,159,173,567,559,181,691,101,675,573,428,188,611,587,856,292,36,564,118,544,108,83,710,68,764,566,604,558,331,46,436,88,723,176,117,582,595,123,560,68,587,36,43,67,78,564,230,181,144,779,435,161,722,946,941,365,232,116,48
468,80,54,994,169,318,51,62,140,156,62,587,86,549,392,943,215,402,86,438,177,723,617,402,859,106,599,959,72,87,254,10,612,169,431,43,654,919,643,62,172,58,735,396,35,410,38,318,633,139,695,398,619,76,574,923,403,116,106,446,983,183,844,874,106,938,51,1010,74,617,945,50,974,843,906,336,84,106,729,446,944,842,951,650,219,429,62,618,404,122,1022,630,762,50,703,438,43,86,366,63,295,466,242,584,878,394,6,443,926,295,511,315,450,87,981,564,581,490,746,74,46,820,98,466,82,901,7,91,52,789,923,991,579,643,618,314,186,962,394,1010,580,404,54,1022,50,411,196,918,59,619
511,842,158,449,915,736,390,454,309,181,932,36,286,445,510,496,160,133,323,896,477,895,932,284,280,474,688,304,743,422,260,820,304,700,221,829,823,481,689,504,828,316,670,721,1009,310,828,228,265,135,445,182,280,173,222,493,13,542,322,445,189,1014,668,845,678,348,398,317,608,817,22,255,433,307,429,351,316,863,800,148,185,707,280,478,441,983,718,442,292,289,387,831,640,768,265,829,779,197,289,782,318,267,842,673,829,314,318,801,501,275,483,870,807,477,829,448,356,493,803,981,988,774,288,780,346,798,929,189,467,896,445,240,376,304,420,316,453,988,448,227,260,301,318,289,349,801,584,129,348,292
252,143,797,643,91,739,98,46,828,108,512,891,778,58,364,566,187,470,184,42,307,765,724,514,704,1023,978,68,810,162,731,738,539,708,118,532,779,444,60,774,891,747,58,797,444,746,885,204,750,27,417,12,64,563,804,804,531,31,648,475,117,739,38,450,406,195,351,970,692,212,254,876,546,192,889,1023,475,318,485,646,824,52,566,775,66,479,167,29,810,868,62,349,364,20,388,539,718,421,9,512,341,186,1016,343,4,503,300,548,479,478,573,227,546,380,921,418,227,658,17,30,548,830,698,84,492,554,387,74,68,60,634,713,826,551,523,479,23,312,46,2,761,1020,994,778,524,861,815,300,546,26
963,240,522,19,483,764,442,436,234,362,235,316,171,739,618,258,132,308,59,693,460,197,270,570,707,639,124,791,764,203,707,371,938,574,220,565,576,363,771,779,331,299,826,506,782,426,373,567,938,970,203,202,789,147,282,190,991,618,1022,330,282,995,610,968,226,970,355,250,459,923,38,222,195,743,207,380,730,556,10,374,630,716,663,266,179,10,827,778,890,250,770,119,746,498,746,241,135,946,727,778,252,899,896,138,710,846,455,323,4,554,727,234,218,84,7,759,18,54,730,38,824,455,204,210,219,227,746,821,423,455,571,547,575,58,41,795,944,707,514,426,355,767,203,742,12,307,999,198,520,204
192,503,5,390,299,426,134,150,990,117,400,425,636,354,93,154,128,198,130,521,121,487,367,795,128,906,727,537,992,409,409,910,107,410,399,196,636,901,84,575,281,56,107,352,952,319,447,637,128,901,523,122,399,114,96,479,618,176,103,185,760,398,536,151,606,190,132,5,634,247,997,760,122,142,183,49,487,901,770,121,3,921,32,903,178,639,142,300,613,412,84,351,180,681,506,613,332,989,441,95,187,618,153,55,636,1021,926,158,615,259,295,402,985,901,61,131,507,1007,390,521,101,705,884,1017,132,116,954,124,782,634,11,382,521,555,102,839,634,523,101,769,40,90,383,11,185,119,839,45,267,624
270,385,992,177,66,30,458,911,372,843,112,902,384,107,391,529,950,104,917,104,792,591,756,908,1008,885,10,406,40,510,925,689,875,949,230,584,915,272,8,17,398,392,788,275,8,336,19,959,379,916,371,334,246,635,498,476,432,950,384,363,823,462,118,398,789,432,496,596,584,406,979,898,919,394,342,72,889,980,152,35,527,462,104,394,947,366,1014,761,588,197,502,484,404,398,976,808,973,500,334,844,98,904,980,123,381,523,925,271,979,591,111,296,912,398,411,1013,443,303,948,947,349,1003,150,390,425,326,632,16,336,578,634,32,342,117,460,80,310,42,950,330,900,394,976,624,388,14,529,8,390,883
297,444,170,709,556,546,677,142,602,713,94,224,930,318,193,642,220,638,928,116,141,427,544,732,596,289,849,393,501,476,95,930,930,739,45,140,585,428,707,546,707,682,236,768,747,171,520,730,861,860,254,198,729,65,236,61,925,236,234,476,381,674,428,305,713,159,221,852,42,234,924,305,962,124,188,988,556,992,249,572,78,161,198,268,763,749,208,416,234,469,716,554,222,685,733,295,10,554,620,571,704,682,10,458,510,564,615,933,580,331,732,546,217,274,496,180,146,210,294,710,64,988,916,571,409,839,851,94,476,532,193,1004,218,82,299,572,914,195,290,299,674,220,847,220,764,554,28,577,606,668
869,861,134,332,689,175,191,594,292,778,823,93,966,348,529,987,831,1004,803,838,828,322,341,340,487,940,945,165,959,223,94,865,337,223,228,431,345,193,787,288,860,940,875,858,879,440,209,996,345,872,593,337,541,869,809,859,165,221,359,157,869,869,870,557,363,101,867,354,324,971,350,356,959,987,276,145,623,338,152,160,156,432,252,812,354,356,413,892,495,430,111,441,296,732,882,113,979,570,850,332,36,817,357,708,993,290,486,795,350,996,914,861,892,812,102,967,803,351,396,122,596,913,916,805,599,512,753,886,201,947,611,204,602,100,446,171,881,919,850,145,932,879,165,817,204,161,872,863,786,167
921,956,853,25,476,182,32,37,439,212,567,680,181,393,32,1015,211,280,429,381,966,928,200,959,169,979,178,79,440,93,177,201,473,47,953,520,454,179,437,141,530,151,51,569,368,439,93,497,57,813,178,83,1008,496,496,386,471,903,897,945,83,181,781,203,359,91,190,997,898,207,216,188,208,967,350,461,119,1020,431,436,528,191,176,814,183,693,1018,176,522,592,432,93,126,468,392,188,70,170,726,1009,93,818,472,832,561,433,102,203,1009,966,345,280,945,417,580,169,800,452,702,284,93,88,555,956,679,413,37,341,944,966,432,368,519,351,953,943,160,201,429,974,85,967,811,165,495,515,473,37,821,815
690,244,763,110,1,514,456,348,767,731,605,864,30,694,723,622,253,258,770,530,252,303,358,364,300,159,208,641,158,98,252,134,712,926,600,119,356,619,484,36,69,194,216,375,495,523,5,194,738,551,729,701,795,229,212,895,800,252,793,754,837,868,54,197,852,649,831,213,253,12,779,668,901,224,517,524,514,255,683,574,635,158,690,568,607,36,380,120,283,37,156,37,152,960,239,698,126,779,748,378,487,637,493,961,370,639,146,793,743,97,770,770,229,252,650,612,141,261,446,923,604,252,114,700,45,27,484,927,890,996,113,798,135,509,602,544,351,787,382,741,594,519,696,356,925,608,370,28,480,741
729,350,331,880,601,524,56,152,753,909,862,589,504,675,117,703,48,238,718,686,80,589,274,176,80,205,39,701,886,885,615,798,702,82,77,70,758,712,739,318,567,405,432,347,975,48,194,312,149,641,832,893,846,768,731,731,148,377,269,763,445,613,301,707,539,743,574,689,326,583,335,542,56,641,862,579,24,558,168,542,654,547,28,627,726,438,134,557,312,835,80,535,886,714,369,248,589,556,704,688,227,316,180,296,644,600,238,40,1009,553,189,582,268,580,240,218,572,686,585,803,668,782,548,186,558,838,728,711,243,435,115,336,887,960,615,177,453,367,77,547,373,849,648,725,692,717,576,755,63,834
117,740,532,469,339,611,853,731,720,336,267,840,340,284,94,99,380,101,941,676,584,188,369,802,204,504,714,111,896,735,810,493,348,307,325,124,489,989,802,685,910,471,948,48,208,220,348,353,599,746,239,685,956,717,723,933,83,587,164,276,757,441,417,811,369,355,372,8,477,156,353,701,362,365,676,348,658,202,292,120,351,948,917,215,723,318,892,171,469,361,994,956,868,765,943,357,547,708,28,924,336,575,452,307,738,800,662,122,997,348,515,556,220,220,853,960,804,804,522,218,852,53,148,260,247,84,414,356,725,245,609,806,332,405,164,960,104,19,857,860,674,703,153,859,917,761,806,968,491,859
406,863,583,612,933,110,950,904,111,262,71,43,259,2,319,82,418,947,892,10,35,539,937,878,414,954,18,601,346,71,546,420,926,991,46,676,558,390,606,621,941,495,633,71,412,407,111,928,174,910,275,932,791,99,443,909,423,423,167,574,722,600,831,588,681,86,839,482,39,522,41,430,217,113,433,633,937,698,674,588,612,49,452,935,411,943,417,601,562,418,448,551,314,456,108,411,422,595,471,734,72,767,603,669,685,77,36,63,953,327,27,103,612,550,605,736,934,920,672,784,577,446,134,904,30,610,116,63,583,954,590,23,794,71,327,123,583,619,425,920,551,953,603,568,136,834,71,114,990,727
434,494,828,140,129,868,999,402,482,43,133,128,137,144,31,794,884,164,733,410,462,120,153,641,130,365,110,318,194,769,577,812,671,512,672,660,376,790,98,705,901,723,48,133,780,799,96,797,674,800,615,942,824,29,264,830,800,909,785,157,586,548,111,655,2,129,98,797,824,567,129,131,828,230,439,864,625,673,879,345,628,220,56,605,892,352,128,868,337,774,473,669,291,797,416,147,176,836,669,738,509,409,700,245,130,378,253,771,592,865,669,925,880,636,867,817,845,54,660,824,880,733,352,147,195,797,241,364,124,144,243,8,845,753,992,193,157,624,162,43,870,379,728,824,12,908,712,184,765,800
46,555,747,747,300,393,220,772,113,231,698,247,358,237,201,143,646,732,643,22,180,642,369,54,131,234,16,248,67,206,762,613,45,682,741,748,679,646,726,827,223,150,310,99,514,677,203,143,538,747,238,886,662,83,651,349,662,110,862,647,738,115,490,20,367,211,909,867,219,149,640,212,4,357,853,642,792,760,198,139,859,880,307,311,590,865,574,938,982,138,211,808,131,239,358,257,682,212,56,180,814,808,34,825,135,48,10,150,340,592,342,326,538,117,647,762,213,715,166,371,34,726,62,644,794,86,709,276,170,886,596,382,759,38,810,221,72,102,741,46,215,678,382,731,234,747,358,226,371,154
758,933,105,984,119,986,68,988,834,800,835,808,902,315,859,784,450,989,119,940,393,995,197,434,88,4,349,451,993,781,862,158,194,820,561,481,965,958,177,550,55,45,1015,53,177,631,795,950,577,545,1022,479,328,484,214,987,862,71,824,616,826,513,105,315,914,377,1016,755,972,835,984,209,981,478,930,990,838,224,479,965,763,930,635,465,225,249,849,416,929,478,969,971,631,490,743,5,249,516,208,855,470,872,441,1000,817,103,281,216,500,716,764,469,971,967,967,609,611,824,968,542,475,326,294,800,98,469,297,107,260,980,315,71,39,451,622,1022,82,347,451,475,475,70,160,71,471,870,255,956,468,971
422,698,969,795,914,990,361,935,821,659,200,273,457,823,277,148,505,286,760,897,882,290,788,926,916,666,331,628,80,755,919,233,1001,207,689,472,135,681,278,463,749,375,790,343,985,363,393,852,956,704,894,873,689,660,648,415,134,902,294,894,472,926,464,337,490,1007,872,281,324,456,954,942,712,786,260,438,894,939,23,375,80,737,965,598,80,77,879,444,265,788,870,657,538,215,745,758,464,362,365,951,600,746,1013,824,3,695,873,887,249,686,1005,1006,383,1,330,894,337,894,695,987,793,464,265,982,290,646,159,980,343,366,975,724,407,820,471,449,634,247,375,812,462,898,359,378,704,896,1016,885,697,913
928,675,8,1,931,883,719,182,191,185,807,147,697,131,887,836,287,404,343,124,134,654,146,696,636,151,986,347,635,878,958,638,464,826,892,782,705,819,94,383,512,834,318,1011,169,799,711,311,279,131,821,273,811,241,134,758,643,3,137,158,902,119,708,158,156,534,166,169,702,855,382,858,715,148,378,691,886,265,137,212,367,130,863,645,185,815,615,692,185,406,337,406,756,183,257,255,332,180,138,838,937,225,212,402,227,979,281,780,650,698,155,645,191,776,281,778,651,129,319,182,153,340,407,855,82,225,155,250,276,466,833,830,169,818,919,691,193,159,668,640,62,338,787,839,209,991,82,375,892,117
372,275,187,750,128,238,994,864,271,595,511,250,319,795,899,864,761,516,363,130,214,744,882,490,696,1000,488,135,904,670,443,825,703,408,511,398,719,329,135,328,773,486,70,335,363,899,716,475,665,871,366,459,412,483,465,824,262,241,488,904,167,888,326,815,374,795,313,791,841,329,889,898,749,283,794,745,352,615,360,957,511,259,641,817,390,502,743,366,648,1008,944,758,450,50,480,256,411,158,361,242,295,7,679,366,712,644,713,326,279,593,519,527,374,188,494,439,238,282,415,231,623,838,279,390,470,345,543,192,766,497,727,484,409,795,486,607,450,513,656,881,95,134,359,416,400,782,792,746,968,782
344,243,985,525,36,555,283,837,915,153,550,290,849,88,543,528,163,513,743,779,470,341,974,799,159,230,472,554,539,870,781,871,575,346,456,883,995,527,58,774,764,163,790,795,539,729,758,703,858,810,751,473,709,662,24,795,817,177,566,799,346,751,901,211,855,129,299,207,550,809,551,431,364,774,755,449,970,86,109,999,24,990,536,838,532,623,26,871,935,351,495,751,552,756,743,758,826,682,985,473,876,591,626,687,511,979,787,666,403,415,506,815,167,810,534,745,167,456,872,397,39,920,454,559,175,793,540,429,981,27,93,731,797,553,122,808,33,772,381,470,274,877,93,679,123,963,1018,138,22,618
314,58,722,290,35,567,69,763,588,218,563,50,439,243,953,103,828,506,703,434,741,56,58,947,726,980,70,14,723,253,12,69,845,212,715,207,514,571,51,778,458,579,730,445,23,104,716,456,570,766,742,903,189,970,461,510,538,472,62,82,150,742,3,709,170,736,470,840,63,722,116,483,722,565,836,874,818,265,50,757,506,699,523,565,709,197,621,716,555,566,254,43,67,122,563,906,71,55,567,196,566,6,844,571,406,947,899,563,525,434,446,563,458,311,435,204,563,900,467,766,591,981,45,755,730,730,186,200,18,589,102,427,554,419,439,570,194,314,954,1004,899,6,586,332,519,334,567,209,469,50
933,843,457,156,357,249,188,166,928,363,993,457,153,254,364,43,999,433,405,998,436,514,942,482,227,742,407,930,1002,800,421,99,427,1006,439,415,312,370,353,228,898,483,862,1016,576,377,96,364,998,777,792,543,156,614,943,943,480,944,681,677,269,457,614,896,568,162,779,694,489,360,431,1023,959,225,460,400,675,823,160,907,405,353,593,519,325,424,671,918,501,521,799,793,158,409,437,831,953,941,668,959,451,776,408,363,827,172,810,921,937,363,616,259,445,576,956,844,537,575,925,838,930,877,304,284,927,864,662,937,911,927,39,361,489,560,284,659,249,902,293,267,801,840,639,243,902,900,928,847,491,227
295,207,866,827,2,211,354,995,842,291,335,382,355,312,184,236,235,193,291,828,340,640,218,347,193,194,850,807,195,855,474,47,323,56,157,156,892,763,153,206,50,782,826,646,321,824,923,819,193,863,206,705,194,722,824,218,47,613,37,706,733,728,547,967,664,642,198,268,79,419,195,846,119,327,215,295,699,6,703,666,323,684,335,836,542,956,374,911,162,407,838,63,598,235,847,335,293,829,469,530,415,823,294,293,300,986,193,327,47,249,693,295,47,374,54,270,682,678,126,246,682,217,171,206,296,866,544,234,451,643,967,719,722,692,199,730,248,198,198,847,807,379,255,197,255,892,379,334,818,403
470,255,352,655,243,58,176,508,225,967,265,952,601,409,266,355,33,932,224,370,7,392,227,230,1017,516,472,625,172,601,342,923,70,669,480,473,473,744,346,1022,371,615,553,979,975,896,994,900,998,849,694,201,605,756,69,944,639,812,368,1011,144,112,625,267,559,986,753,34,97,217,991,431,173,612,531,348,320,995,393,210,224,99,521,138,484,325,228,134,120,917,1020,214,62,261,332,393,353,516,463,136,521,599,609,623,7,41,892,473,387,160,47,235,691,993,791,162,199,100,96,523,41,368,917,935,1009,242,479,47,335,516,253,625,870,983,526,538,521,101,902,47,533,938,172,768,836,71,181,757,515,641
694,414,870,277,120,869,251,949,503,998,821,931,378,814,871,950,1015,265,920,997,555,890,923,807,876,711,823,574,911,134,243,439,846,883,1018,920,103,1022,186,422,773,976,902,286,801,866,795,963,487,23,486,899,615,925,886,294,920,982,126,276,283,44,374,648,926,777,6,350,378,791,891,6,541,891,195,875,614,489,326,944,500,790,503,888,926,382,578,921,967,792,999,915,149,920,1001,22,283,535,993,904,397,905,393,418,14,357,832,887,350,283,507,83,294,11,432,973,99,423,271,807,925,310,32,883,153,846,486,734,902,542,917,736,354,871,393,486,945,789,353,926,461,294,361,1011,551,923,902,792,933,497
410,765,946,1015,361,463,577,26,86,842,1008,208,420,800,673,792,982,774,906,309,218,827,855,509,568,1009,892,217,1019,265,464,1014,464,165,863,825,372,881,463,297,956,855,214,818,788,967,991,1013,508,160,711,246,190,635,887,68,107,66,313,999,625,240,505,1014,983,73,315,480,361,791,682,41,288,974,687,94,450,707,906,816,266,279,898,290,757,979,822,360,710,698,806,183,603,220,552,859,693,693,44,590,599,678,866,501,1000,190,313,303,488,540,208,905,746,280,905,742,40,937,845,964,781,704,242,214,472,595,230,386,319,697,810,150,821,761,752,305,251,432,466,87,678,59,983,998,332,777,297,951,890,929
672,170,514,447,754,848,302,177,38,43,526,142,38,55,504,687,687,526,548,300,570,736,191,354,546,766,382,339,190,850,518,607,243,586,282,766,174,688,674,223,267,575,834,732,543,562,690,82,840,53,85,137,723,664,771,1014,570,371,471,850,676,735,578,574,802,154,335,995,831,568,47,602,23,856,191,50,711,209,764,505,879,663,334,50,75,358,275,764,222,340,136,435,570,223,280,742,665,850,760,833,842,60,188,856,314,129,167,466,553,834,319,270,809,690,865,300,507,337,366,502,167,822,55,760,639,311,695,78,568,183,250,688,343,343,690,398,680,346,126,264,702,200,830,328,386,154,975,177,345,896
221,949,228,717,310,265,45,569,253,740,667,161,722,723,644,704,568,932,27,193,679,54,236,281,388,69,331,737,543,775,172,598,547,888,858,253,519,432,186,236,755,1005,336,860,36,755,292,708,710,527,928,423,858,671,588,763,223,673,584,862,226,284,156,580,728,237,730,602,54,561,825,11,655,424,197,21,759,213,266,292,163,132,228,195,731,728,842,793,75,635,200,166,570,486,198,82,683,584,870,312,988,234,217,532,933,677,947,131,237,164,223,505,605,715,510,678,36,876,728,757,36,219,40,50,754,704,275,504,723,276,899,601,627,719,12,635,535,193,309,647,153,909,533,620,841,56,424,457,36,171
445,283,391,888,274,43,1009,503,774,828,29,230,648,388,285,652,813,369,36,17,796,259,20,785,1005,770,706,994,792,292,771,960,774,277,1010,471,806,263,813,987,365,451,781,285,1004,508,84,1020,799,786,940,184,276,817,796,503,960,994,827,440,869,768,296,1004,533,710,916,683,664,159,802,213,716,216,20,772,776,1016,794,932,795,501,530,9,790,155,476,389,834,1016,525,410,34,279,988,504,162,952,232,562,772,787,696,1010,995,994,404,173,25,274,794,197,920,639,776,678,770,465,173,994,652,796,765,932,424,208,1000,265,616,483,256,794,136,268,405,872,811,453,482,771,217,509,347,440,389,787,795,26,312,509
765,999,215,171,302,254,1010,902,189,218,196,377,829,100,150,1011,372,752,93,307,354,330,148,310,149,716,146,118,148,754,674,211,344,379,757,426,147,749,787,102,104,764,723,365,562,627,787,770,324,632,108,448,340,403,365,547,754,1002,627,757,331,318,374,834,149,771,43,788,22,108,538,941,404,787,290,220,807,363,578,768,29,403,704,726,720,649,731,368,407,293,579,757,253,690,874,639,940,844,61,755,127,882,644,149,949,765,168,146,793,115,314,340,829,131,406,720,778,918,365,672,318,872,707,364,774,575,731,735,211,148,210,174,176,50,324,324,230,6,646,834,915,371,752,714,213,507,704,1014,662,350
397,816,894,252,408,808,820,854,788,511,118,827,903,851,33,514,290,1018,680,859,315,382,828,319,372,931,330,346,11,45,973,394,924,988,712,244,958,435,882,956,473,420,114,843,917,826,816,421,923,994,91,706,292,156,980,372,843,408,746,826,424,475,876,762,992,1023,888,50,828,779,470,35,973,511,890,956,958,218,11,285,956,779,378,1009,948,327,802,987,700,821,316,305,900,780,976,802,536,414,828,780,467,882,27,829,280,536,414,420,819,800,268,381,383,378,820,975,834,819,133,925,620,332,828,287,300,926,290,780,327,269,667,173,354,664,729,452,834,796,332,895,90,960,772,477,356,376,966,55,1004,372
968,823,987,153,334,382,499,955,575,838,54,569,576,990,551,166,82,569,974,73,480,775,555,839,622,26,378,984,360,604,574,302,265,318,494,297,550,822,594,856,80,750,806,343,368,982,263,542,783,38,250,967,471,583,859,843,574,991,983,967,567,279,698,78,815,558,827,982,559,678,524,457,987,78,217,415,1003,302,751,334,1015,514,572,460,142,863,567,567,553,966,416,192,795,369,330,446,550,182,455,311,529,710,524,167,423,203,717,168,63,762,775,294,102,494,843,535,969,448,960,568,967,323,825,923,180,711,230,407,337,953,261,103,951,303,720,736,604,1015,842,728,69,432,992,84,564,823,455,598,310,154
413,539,471,178,63,988,188,977,582,733,94,965,266,994,571,995,937,31,604,9,7,767,859,306,51,549,919,114,723,774,888,172,544,521,498,846,591,1007,785,614,980,547,575,358,70,569,29,871,989,228,862,476,960,24,110,704,190,603,16,480,604,24,748,659,742,577,949,60,994,979,166,549,48,44,63,444,488,7,678,16,206,188,48,717,466,789,122,472,979,833,862,647,459,121,663,311,805,366,207,79,731,41,186,213,30,112,988,1013,912,603,956,888,96,987,119,117,1003,48,966,891,98,961,686,795,1016,595,279,751,491,463,553,827,977,569,215,808,114,1019,187,230,588,471,86,96,690,519,533,21,672,80
770,825,328,578,256,791,112,320,616,64,866,945,948,789,969,247,448,87,683,202,425,501,73,554,993,296,460,773,72,245,778,999,428,939,942,836,428,384,880,54,533,451,945,820,1009,579,1013,1014,853,992,200,68,837,793,153,202,880,648,392,448,72,457,921,820,368,328,328,368,951,497,112,349,120,437,633,280,881,917,951,617,388,420,364,885,791,885,533,993,995,216,1005,573,688,504,400,585,505,217,112,280,264,79,464,304,200,816,601,889,617,534,208,456,805,825,773,389,505,73,141,933,329,112,249,192,73,592,36,901,79,437,793,1015,520,420,45,112,488,288,256,564,919,964,328,493,85,841,72,23,320,9
211,264,662,225,258,766,211,642,507,92,343,678,740,700,224,870,59,389,397,364,642,532,97,827,102,227,83,92,65,763,363,513,357,308,339,322,373,318,97,747,229,599,636,303,612,699,957,380,166,74,763,39,578,254,159,227,196,693,245,693,178,371,767,133,924,326,683,365,925,83,284,68,957,668,168,740,922,156,871,59,459,322,163,891,570,308,213,973,225,195,283,508,252,284,363,339,1018,869,248,58,92,998,669,196,230,710,61,636,417,225,225,666,165,287,670,706,169,738,92,406,701,834,606,733,65,651,959,349,38,756,268,127,932,636,578,739,183,55,774,106,536,358,376,238,336,280,197,642,846,268
457,337,701,487,53,976,439,305,45,457,793,93,328,292,303,940,303,272,563,972,929,622,292,176,115,49,753,309,308,861,489,305,793,73,494,977,958,1019,469,309,750,416,816,297,573,357,632,103,460,1009,429,136,321,833,817,494,981,961,305,16,841,772,39,910,277,416,952,686,168,681,437,305,336,680,944,824,817,272,329,55,288,940,899,463,583,298,753,521,369,1016,141,179,988,327,519,780,635,140,568,568,882,920,517,808,288,73,983,983,1009,988,87,989,501,243,935,958,209,545,85,497,495,948,469,920,528,297,16,520,855,81,243,196,947,305,49,948,822,471,295,176,32,305,983,829,973,1008,476,288,975,499
763,865,995,585,143,843,304,369,752,341,293,914,832,143,1021,785,793,1000,684,191,490,234,905,935,865,267,900,800,354,289,795,796,285,924,742,337,392,892,427,159,259,989,858,847,213,779,832,863,116,931,134,673,150,135,976,715,460,282,96,943,850,609,91,151,305,268,739,881,152,951,197,113,220,679,429,488,19,481,990,1010,889,374,367,841,332,199,807,47,389,736,399,321,285,969,319,857,771,844,1007,945,888,939,628,143,368,348,881,835,796,354,689,655,816,284,197,738,335,114,881,1020,29,996,876,818,131,306,745,364,421,973,281,625,396,777,988,632,755,367,294,338,733,358,1001,480,913,996,232,152,511,265
614,359,358,353,259,863,998,67,878,644,902,668,470,877,23,294,147,496,225,731,306,934,486,31,102,323,257,770,295,546,838,542,947,482,162,639,531,415,611,381,899,819,267,862,98,353,670,843,865,160,861,408,257,159,238,238,1015,873,41,126,772,435,239,918,671,231,215,23,899,222,876,257,245,355,129,33,355,999,342,287,142,670,355,942,865,881,903,166,799,898,919,499,207,887,748,809,866,787,670,255,838,253,206,851,767,926,356,499,322,926,135,881,864,755,926,13,354,186,128,38,867,183,435,195,1010,1007,640,849,891,387,991,610,67,446,415,671,926,843,239,891,291,378,900,399,588,206,635,931,297,737
364,51,467,66,50,748,50,387,36,898,830,876,1012,968,326,292,356,114,514,959,131,451,514,347,380,802,962,836,949,60,934,901,931,754,820,943,35,260,435,979,659,477,66,910,958,964,693,110,325,310,412,831,433,442,404,515,381,125,566,787,1020,515,982,1009,11,356,477,965,895,316,449,964,324,930,367,800,539,442,435,738,34,970,622,970,958,89,900,997,946,986,665,932,53,3,562,275,316,827,755,107,899,916,1010,83,993,700,644,12,802,4,444,1022,642,766,831,325,965,66,354,691,613,674,973,324,708,432,987,609,743,977,434,334,715,901,194,435,563,902,277,580,66,464,795,12,395,499,549,562,995,101
740,1002,532,210,225,376,173,920,804,357,820,41,212,193,181,617,155,285,380,210,226,340,41,709,1011,660,529,361,564,193,719,244,972,526,568,672,198,788,459,66,169,539,212,516,213,751,629,687,912,829,875,369,53,668,201,712,848,793,786,853,756,40,565,1013,80,517,200,153,756,533,757,916,733,109,723,357,786,372,662,539,537,189,840,230,650,471,348,794,293,980,473,341,371,18,760,813,214,733,515,794,18,200,589,357,737,981,658,75,524,136,709,934,833,715,464,760,151,726,966,664,629,757,200,788,340,213,1021,200,756,153,848,659,788,76,488,621,885,672,68,342,597,21,740,356,249,555,21,32,25,180
263,141,820,627,384,393,684,479,124,225,409,392,288,611,382,651,367,126,409,638,167,153,241,38,199,471,644,126,617,825,693,267,628,707,325,157,749,956,222,80,768,963,247,709,153,224,312,880,502,372,362,160,626,343,46,96,661,327,772,149,807,600,771,384,739,610,319,319,579,518,383,457,32,739,701,890,167,438,351,766,64,143,147,661,774,796,190,811,151,591,325,636,384,606,369,409,894,771,775,656,643,660,644,321,145,247,36,197,283,743,3,145,638,72,380,341,382,149,934,198,727,704,272,369,260,758,775,160,303,710,182,612,945,359,193,788,366,145,297,473,1016,376,695,337,395,775,527,790,997,644
408,867,117,624,720,59,893,725,581,893,890,960,388,876,319,282,818,712,8,325,901,196,667,413,444,121,961,88,504,720,102,920,709,968,408,749,1020,440,461,708,932,853,120,412,187,200,444,248,773,288,187,549,519,314,113,565,635,753,389,579,356,172,720,879,281,709,58,106,804,120,91,54,99,828,409,880,445,280,100,773,1016,505,874,288,804,904,836,805,903,248,196,48,585,780,749,828,445,603,101,3,1019,455,853,316,376,828,684,249,509,936,57,1012,1016,716,740,1012,741,517,773,965,965,188,484,891,640,316,868,709,966,292,148,499,900,433,946,747,964,884,248,132,827,154,463,930,484,773,968,773,634,509
899,523,623,593,142,142,22,31,1018,238,315,556,913,436,572,418,598,180,742,574,14,599,891,952,18,191,166,548,923,610,907,640,531,76,526,629,199,399,233,495,181,713,179,542,34,191,408,89,553,732,427,593,926,503,985,54,558,45,564,425,884,37,584,7,73,188,550,606,152,521,209,948,318,231,2,291,605,252,825,110,748,250,415,606,71,198,521,548,435,610,607,591,484,195,536,31,193,550,986,553,220,912,39,600,546,550,959,733,218,467,736,285,582,926,596,247,850,35,986,438,218,601,546,32,15,623,923,207,11,550,45,548,31,288,723,463,167,169,622,553,89,816,763,802,142,179,32,544,578,622
571,93,724,532,380,413,628,448,171,674,664,401,896,885,859,101,881,885,380,1005,584,468,276,648,421,816,969,764,404,714,301,816,815,881,808,28,125,455,425,453,780,468,833,265,788,264,877,148,658,621,668,339,780,782,854,856,888,788,804,478,134,461,717,755,802,494,450,652,165,747,191,487,424,307,477,456,800,176,493,686,284,879,779,453,308,456,123,401,543,300,300,716,448,781,1000,210,787,760,113,191,747,299,721,850,374,72,829,373,967,16,668,43,842,73,913,717,801,30,621,465,661,447,473,445,197,899,236,171,459,891,427,204,264,9,108,455,494,146,813,494,749,156,816,666,585,1007,554,874,6,296
571,68,401,176,941,952,920,20,819,62,581,949,256,84,75,47,84,518,187,187,401,648,281,290,120,181,762,953,217,350,94,457,128,668,829,644,137,919,408,282,359,924,136,749,72,30,41,877,897,69,91,140,892,196,302,136,184,209,635,638,89,254,711,893,619,319,645,515,714,633,895,646,312,321,140,381,134,110,448,441,68,185,118,906,644,339,181,964,309,675,273,815,183,171,186,107,666,829,644,159,737,824,144,120,699,612,996,153,696,292,183,717,163,619,1,157,825,931,175,141,189,564,61,544,558,314,292,536,772,65,683,74,152,572,766,572,182,299,132,99,256,696,314,697,141,717,309,568,717,213
915,951,884,55,55,382,938,566,311,566,951,992,234,49,630,822,165,455,255,754,503,484,983,312,520,758,254,310,49,589,46,168,263,934,706,815,935,886,734,983,938,258,571,27,711,906,52,329,247,587,210,983,55,6,49,147,166,944,311,250,49,246,135,550,138,821,939,866,14,210,568,842,534,242,247,712,767,59,702,23,320,727,502,1017,240,983,511,311,47,711,256,630,566,270,303,566,946,915,639,311,303,726,527,7,742,22,14,1002,89,497,566,678,990,820,47,822,711,847,526,563,731,58,613,176,503,562,851,55,58,15,191,641,823,608,2,395,847,502,6,234,279,310,1012,47,783,246,261,7,952,322
619,695,244,705,630,492,234,118,569,479,216,743,964,358,520,626,491,647,516,688,1019,38,536,150,310,770,98,1019,902,467,42,747,506,548,508,826,29,902,785,952,629,770,58,620,388,575,202,202,280,1022,489,425,450,455,754,22,76,276,98,50,154,387,765,948,362,26,719,230,694,659,639,488,470,756,58,767,199,693,834,397,495,617,965,958,402,996,927,1023,969,39,620,308,195,242,827,34,127,869,228,891,618,119,950,1002,344,58,278,741,506,510,887,975,755,157,14,646,868,752,874,443,853,552,743,1016,5,115,582,663,58,346,556,983,490,890,194,455,775,637,39,113,458,794,656,425,199,569,119,57,150,215
691,754,701,877,515,536,29,82,475,2,473,503,241,773,956,828,167,358,147,235,44,0,629,540,549,104,841,138,131,121,441,227,386,1008,813,1,602,861,428,200,749,740,268,267,244,68,515,489,465,14,48,738,1023,701,5,573,519,737,82,384,392,62,649,132,514,243,643,531,709,995,86,31,433,941,130,225,16,25,177,134,135,788,678,129,257,139,961,1,536,914,708,136,630,556,429,961,758,704,636,336,335,741,959,698,791,792,80,786,477,1005,947,535,447,568,79,935,535,824,369,935,16,882,535,196,144,547,388,127,205,961,86,26,82,15,857,18,752,703,43,148,146,336,211,51,64,241,675,306,343,140
1004,898,270,874,118,784,352,1014,654,846,480,367,936,159,145,520,80,446,923,927,785,496,129,267,514,210,857,238,934,81,96,639,377,991,0,423,402,161,411,128,369,95,124,13,402,256,112,98,801,622,118,275,54,925,412,736,695,999,641,343,185,321,387,693,759,654,126,638,766,610,866,128,386,86,895,554,191,992,259,270,658,129,397,397,259,80,194,80,919,95,1010,55,556,387,624,654,653,942,750,259,416,945,1020,113,66,815,902,647,713,790,1,638,653,898,867,874,485,751,116,153,927,767,848,521,787,162,111,904,273,108,799,76,686,145,928,55,147,865,384,127,379,71,835,261,547,384,896,7,97,641
855,998,622,65,778,402,22,950,851,383,80,345,287,489,623,655,986,434,873,835,439,322,962,918,718,270,73,971,632,409,167,615,443,166,402,795,526,812,499,64,408,694,499,523,82,947,618,225,279,855,71,436,1006,770,727,495,150,150,406,170,962,491,494,558,411,406,72,978,439,42,618,887,353,510,801,947,282,395,82,127,439,30,392,464,807,1010,79,872,400,514,980,107,235,409,87,913,801,420,919,552,886,150,371,610,978,335,877,566,179,791,334,1002,363,791,436,820,991,791,1006,279,406,407,791,39,863,469,905,76,406,426,926,178,879,978,286,783,329,906,1000,443,66,146,847,148,745,140,150,397,426,402
382,169,337,676,321,656,292,85,672,341,231,48,890,551,461,200,328,487,225,304,292,4,277,553,120,276,678,9,802,1001,824,228,868,92,304,784,285,338,120,555,861,660,984,312,804,1015,982,87,793,941,481,984,493,277,343,113,1001,287,807,642,745,976,802,39,307,264,800,588,724,733,968,552,288,36,229,383,282,824,672,714,263,41,898,801,836,205,170,1001,812,209,806,312,985,27,821,801,304,0,703,640,824,465,212,477,157,1004,632,200,798,993,208,716,572,728,93,806,545,1001,29,684,183,304,814,240,308,335,725,337,784,360,997,768,341,799,148,377,297,293,766,720,983,513,169,676,921,675,341,548,912,932
375,939,323,445,457,829,807,975,169,350,818,974,939,778,658,703,323,221,171,450,971,969,818,449,782,462,331,855,180,963,914,868,333,990,378,490,804,462,432,765,58,204,174,778,325,724,311,506,815,843,681,439,590,491,195,369,842,974,458,82,816,844,755,662,334,1011,782,190,400,844,331,451,302,379,605,413,788,829,818,642,50,446,392,702,319,439,882,844,182,850,451,358,846,169,470,866,120,222,861,961,174,367,306,335,312,181,323,787,434,226,969,93,888,334,958,954,528,885,182,71,507,978,478,752,841,815,719,358,93,790,445,778,259,931,57,470,307,439,462,320,782,967,890,1005,48,525,388,804,334,375
852,354,22,820,972,282,363,553,171,265,11,780,218,155,153,621,525,9,209,531,636,894,177,136,671,810,970,114,748,747,522,245,49,124,27,986,371,364,125,449,878,77,126,529,640,364,88,570,456,409,549,379,723,335,524,756,524,415,884,840,868,721,759,745,505,9,547,381,254,626,144,661,389,47,649,306,276,731,524,715,139,204,665,145,371,101,136,12,785,120,662,166,211,24,750,829,535,721,369,208,756,5,648,76,586,74,900,645,893,515,649,107,216,730,671,154,250,625,660,543,113,7,948,741,856,65,203,584,468,756,724,818,43,200,19,789,525,492,745,650,626,666,523,851,650,146,4,557,756,76
759,307,881,567,207,65,625,6,271,386,813,446,22,562,83,950,536,270,33,717,975,6,822,770,547,625,893,200,240,63,587,696,138,784,32,246,974,878,170,271,669,321,619,526,16,662,640,257,694,195,637,513,859,165,819,6,783,494,190,177,325,605,918,56,630,424,598,786,87,2,949,693,582,280,8,966,25,582,264,689,22,305,203,567,469,703,841,687,815,547,519,689,839,188,519,256,193,762,631,595,831,168,8,557,657,872,838,48,27,190,82,521,49,864,66,179,673,686,631,737,224,51,140,437,879,555,974,58,63,566,424,847,57,784,576,625,808,61,751,464,183,563,625,599,72,950,595,198,62,85
872,396,733,770,3,137,403,361,793,247,748,237,540,715,335,944,677,848,872,428,844,484,812,852,687,209,784,812,469,938,44,940,464,806,754,746,341,437,802,280,873,349,867,104,849,312,140,860,400,1005,131,353,888,208,92,316,634,980,348,171,424,849,229,300,847,102,236,406,98,236,348,337,548,876,745,396,888,561,396,894,135,632,872,846,209,454,841,312,884,150,564,427,164,316,76,533,413,824,332,82,961,529,300,971,112,901,800,845,116,1004,605,732,889,476,464,540,753,337,311,524,465,457,220,827,403,220,280,316,858,425,648,209,385,145,761,480,396,816,538,363,888,887,807,812,213,332,453,619,458,789
110,713,1008,221,855,202,579,28,78,191,586,215,215,654,915,768,761,425,874,918,627,284,678,636,494,796,223,471,748,337,300,12,139,675,980,443,766,364,332,251,59,711,331,540,1001,850,159,219,596,936,311,875,168,415,510,427,822,989,59,863,676,321,747,702,162,228,507,344,170,193,963,600,713,415,471,467,427,43,300,287,111,576,426,803,683,670,885,637,927,875,907,495,2,343,640,1017,380,234,210,307,716,151,55,576,260,686,495,927,905,934,137,415,484,282,234,731,1003,999,31,338,221,239,127,903,1003,298,418,1003,171,747,443,466,298,32,585,714,195,753,159,734,996,489,267,904,473,247,479,101,169,660
789,148,608,88,65,319,63,124,23,921,320,60,578,478,753,910,57,110,446,174,230,556,640,23,1023,214,706,984,448,637,30,528,672,174,26,670,226,286,126,455,37,440,924,490,161,992,39,127,993,756,583,545,495,621,41,616,0,991,223,21,72,48,998,765,769,542,528,514,596,79,959,704,499,991,19,80,437,464,442,48,605,648,486,422,336,476,592,528,122,941,239,313,60,446,1021,997,273,742,101,404,761,16,146,39,639,430,441,127,239,118,143,243,510,530,350,426,960,62,976,741,991,30,658,769,629,752,63,569,769,324,16,187,28,446,776,422,758,8,49,14,112,57,998,990,96,584,576,483,756,286
457,65,690,581,832,704,810,844,1001,520,524,189,716,721,668,337,61,541,582,77,837,1003,582,741,432,328,408,50,34,356,323,565,728,837,200,693,553,953,50,865,523,807,378,55,661,27,456,548,670,465,704,844,492,342,952,581,773,1010,34,497,517,576,69,516,517,837,935,1013,569,953,501,408,704,844,1003,420,1007,935,688,443,697,728,570,5,960,537,5,1023,836,985,729,699,558,50,219,855,456,511,304,727,856,493,62,929,8,575,54,817,458,310,973,935,463,313,584,4,519,938,998,529,367,93,552,956,548,53,577,674,386,682,569,839,69,844,578,104,413,973,855,671,768,955,947,256,441,500,221,833,957,37
897,1011,501,347,106,126,982,677,52,424,583,145,370,400,946,44,1012,973,262,875,935,746,306,437,488,940,116,433,958,804,333,851,867,886,840,534,138,534,286,36,507,918,992,50,908,910,437,653,988,516,721,979,595,632,29,547,426,912,10,15,244,267,625,548,600,490,207,299,877,901,486,410,933,265,987,170,369,191,886,900,917,400,1,659,977,44,465,453,274,73,139,370,275,102,642,18,410,979,994,170,849,434,508,30,1017,404,972,170,467,411,551,103,126,620,137,404,183,74,1009,68,15,671,520,1011,291,11,363,994,531,24,170,263,365,298,43,982,98,223,97,130,143,126,979,147,126,32,99,402,466,20
925,862,557,818,253,428,273,840,333,190,257,129,793,533,316,540,1020,829,385,493,488,317,162,957,44,920,835,317,372,840,491,852,42,446,484,571,484,895,381,261,56,916,150,814,573,980,173,35,849,422,284,568,861,601,925,760,846,101,924,857,557,959,853,805,229,573,841,509,1016,380,799,176,814,877,973,365,872,459,231,457,875,504,157,573,928,336,317,900,720,410,480,93,831,360,917,299,120,833,957,381,929,670,372,637,769,399,891,991,581,573,215,952,501,929,317,459,738,660,271,541,360,509,837,152,865,137,968,453,829,529,924,317,345,509,953,596,182,647,414,537,579,227,382,265,135,599,313,530,873,153
854,666,752,582,280,305,147,875,139,738,720,815,319,663,748,16,529,278,545,147,815,417,47,254,264,272,174,785,474,287,559,743,542,17,886,146,274,362,495,495,646,531,369,454,32,801,977,272,545,97,530,564,454,466,744,210,881,794,162,454,134,726,283,286,722,917,870,906,883,12,470,175,243,251,802,727,15,774,779,143,813,1007,274,281,174,494,354,152,347,190,325,806,41,751,235,281,983,18,664,475,147,1019,717,525,594,990,464,892,357,788,605,465,278,490,456,364,775,241,102,21,312,278,288,684,257,241,927,502,701,13,98,726,785,454,145,785,352,218,559,529,775,452,743,318,804,227,26,394,354,27
306,831,790,466,207,441,787,526,287,641,427,823,701,141,667,1009,22,804,68,940,765,476,979,397,167,792,652,690,878,427,796,940,503,360,932,427,222,343,642,54,318,362,807,742,72,721,489,557,262,151,791,807,765,903,347,46,683,83,299,406,879,422,905,647,428,271,427,135,311,46,407,336,906,4,727,135,475,1000,982,522,916,914,107,263,996,773,939,776,879,676,862,46,1004,779,846,906,503,873,857,258,343,877,150,645,85,735,88,593,115,143,474,430,211,474,402,810,82,793,427,359,798,983,327,364,655,343,393,888,555,391,395,939,998,235,146,715,462,401,873,425,1006,739,270,314,467,371,43,677,438,22
963,606,153,131,805,850,178,366,230,95,367,330,918,659,375,927,906,168,876,913,133,434,338,772,631,851,338,77,179,818,996,914,701,573,131,354,1023,613,338,995,915,143,787,927,853,938,659,151,684,362,463,854,682,895,211,659,858,43,851,416,807,906,917,138,340,222,619,853,749,979,279,618,41,915,202,758,211,115,938,338,886,810,681,274,474,761,429,814,791,683,604,335,963,727,547,789,874,591,886,434,247,223,843,165,842,919,237,938,902,867,434,323,762,999,805,143,142,938,859,270,787,717,358,343,847,847,447,114,340,77,343,276,831,675,827,139,212,458,435,178,527,210,862,791,883,797,892,853,101,751
710,686,370,450,355,50,530,600,87,587,853,342,138,162,600,92,349,860,419,479,158,179,274,852,877,178,770,173,592,643,675,239,623,138,834,578,578,540,898,187,348,942,66,707,382,581,590,534,341,77,834,178,171,635,635,514,833,323,975,379,249,70,715,603,699,611,761,189,355,164,251,675,515,544,146,1003,156,177,1013,254,685,164,338,180,177,599,955,842,1011,154,844,444,131,323,373,948,444,829,349,158,227,950,554,156,613,132,634,987,372,588,608,164,175,867,244,341,312,453,959,667,131,478,699,687,30,635,678,446,581,699,753,562,230,975,846,189,276,386,191,834,834,14,803,586,962,604,226,821,450,844
238,756,242,879,208,182,809,93,637,683,333,624,83,404,900,621,781,963,756,140,399,887,139,68,494,332,889,690,402,148,371,840,876,498,772,620,168,276,627,405,403,202,892,683,365,621,401,621,694,499,480,341,171,668,684,860,198,746,268,941,944,480,466,333,588,336,557,315,701,67,146,626,242,641,114,236,77,236,299,514,183,393,941,42,716,504,365,770,787,748,909,912,1011,816,706,720,179,206,267,178,277,749,205,526,892,525,645,943,325,172,636,768,947,898,748,924,283,148,205,148,396,499,528,716,274,236,434,498,653,494,405,148,643,146,235,686,340,525,659,158,883,1004,236,668,132,186,373,955,206,364
556,480,8,278,848,542,62,641,294,236,241,385,1008,528,374,684,656,373,5,212,811,428,905,224,536,108,955,621,208,403,295,537,1,801,741,572,29,592,519,465,463,1004,1016,769,900,578,465,241,880,682,521,768,153,1006,159,233,896,489,702,606,768,784,50,138,434,135,304,529,239,656,529,313,584,675,180,504,368,565,386,529,752,1008,229,104,592,966,968,992,329,847,1008,635,524,95,574,828,284,536,520,952,12,546,144,149,976,528,534,182,159,17,969,233,214,182,936,649,630,778,177,261,939,989,470,898,598,481,880,481,538,257,913,361,630,741,55,147,1004,327,716,94,9,1008,633,182,126,615,825,585,713,561
992,320,225,114,639,155,879,412,650,382,609,122,345,959,449,771,833,286,604,376,908,206,78,703,343,188,572,338,732,382,61,320,374,343,669,570,526,676,357,922,8,1000,846,852,179,856,442,188,143,771,906,501,278,202,819,1008,984,681,713,844,284,155,378,826,931,979,112,130,289,910,235,902,146,606,259,314,190,590,654,990,737,723,1008,74,642,619,673,498,190,799,954,120,114,208,15,143,73,922,867,687,689,254,675,7,570,239,609,745,500,561,540,98,910,975,956,239,72,723,880,875,884,927,337,257,270,186,640,64,320,571,330,770,706,703,930,765,150,984,841,73,251,970,119,213,286,158,15,257,513,124
571,582,766,1019,954,635,571,510,635,974,923,212,774,177,739,349,3,122,278,230,179,891,638,57,541,603,914,231,718,739,38,87,638,670,730,166,294,969,248,386,1022,632,254,969,603,54,806,7,610,539,512,855,71,391,938,231,418,490,80,552,215,598,159,422,27,55,633,75,970,918,134,87,610,1014,939,730,62,926,382,248,347,290,266,982,970,293,496,539,832,251,611,280,1,583,988,742,51,486,247,138,198,1021,187,282,870,542,1015,165,319,599,729,394,601,798,535,585,58,230,936,788,323,455,932,614,790,536,647,90,422,356,254,1002,603,410,363,3,981,570,251,478,102,919,988,486,102,794,503,475,243,250
271,940,256,919,272,877,353,976,987,808,208,8,535,476,956,552,929,990,880,425,329,996,849,103,942,481,62,321,87,145,849,122,417,401,548,41,593,793,269,445,265,977,426,456,932,849,172,526,301,238,432,969,519,286,573,942,296,679,368,425,496,1020,895,316,990,984,988,279,1000,346,330,417,816,969,24,944,374,527,990,401,205,488,936,1020,878,973,849,940,936,955,839,45,399,357,407,501,981,625,809,960,269,374,425,995,490,112,559,817,361,980,168,987,984,527,840,285,272,951,880,449,511,942,956,951,872,511,369,951,432,193,794,109,329,495,944,321,941,984,527,829,271,134,600,553,535,1008,303,936,449,65
671,390,435,216,673,765,726,601,350,165,270,661,483,669,163,164,70,703,171,290,478,731,448,443,913,795,208,350,604,570,458,824,827,803,133,368,782,414,288,801,478,430,230,474,418,802,658,858,803,216,292,307,523,198,187,123,94,214,802,160,556,448,19,58,579,422,827,719,700,166,222,782,981,835,862,294,193,167,555,729,163,232,762,675,603,829,27,443,187,6,691,27,891,672,196,354,810,830,258,699,722,326,732,96,424,798,711,339,722,808,374,336,295,344,171,379,449,411,43,416,501,323,603,668,1019,451,897,27,287,443,574,603,805,1013,750,811,339,370,672,902,70,187,711,627,955,198,675,38,545,419
553,561,484,981,944,982,753,41,408,922,676,415,334,944,149,390,713,994,1015,276,321,340,753,1015,329,1001,335,844,289,918,996,793,170,798,470,504,789,225,807,724,241,716,516,873,164,974,584,300,488,179,415,270,364,212,608,985,382,936,852,778,404,223,941,482,726,727,112,817,584,420,584,294,265,305,1003,465,720,424,292,261,889,903,729,338,215,495,782,610,737,823,776,585,280,328,345,4,492,67,368,815,388,462,118,440,261,361,424,345,714,451,287,959,817,932,798,414,575,592,413,483,902,1015,392,709,295,377,584,489,809,902,948,759,544,394,1001,645,428,71,983,753,328,410,212,649,709,654,983,646,268,969
1008,632,134,641,540,124,260,760,127,526,1001,159,131,729,409,470,418,226,169,878,339,893,535,639,580,641,755,673,978,147,611,649,252,766,175,119,767,31,366,17,191,95,990,609,271,281,634,622,673,611,288,991,137,537,866,836,63,767,914,1007,159,95,248,238,539,844,720,399,162,86,162,889,412,671,159,243,865,530,718,122,230,767,382,250,174,878,378,582,886,170,995,174,27,189,386,671,639,58,985,528,159,503,755,527,566,350,606,691,158,414,857,318,582,886,665,767,232,118,539,535,766,27,226,271,873,62,114,127,536,98,989,574,259,611,89,233,564,698,588,566,1006,158,758,671,142,271,265,366,158,147
625,432,733,997,577,18,420,581,872,435,221,113,55,926,446,11,925,447,332,31,890,797,244,16,268,896,913,856,843,1010,957,678,183,223,393,475,760,800,423,615,942,522,63,180,108,593,894,50,398,125,286,945,902,297,642,792,760,268,292,768,801,887,1022,1,926,455,632,167,764,856,719,913,496,366,880,957,199,127,268,264,496,1009,180,313,152,871,183,102,276,927,248,509,767,368,29,188,964,749,1009,100,925,188,920,1010,888,135,880,633,959,1021,864,242,142,17,429,888,444,1021,307,760,673,434,493,19,167,95,508,141,927,895,933,926,767,344,444,190,814,919,504,896,396,107,520,187,292,441,909,446,334,926
453,562,675,251,106,54,559,154,246,723,282,583,506,90,418,219,550,108,650,675,347,646,388,715,170,612,742,719,594,363,221,83,383,387,668,315,730,806,678,746,221,711,703,754,277,743,931,99,467,393,28,722,762,602,639,518,685,200,863,635,706,214,669,854,310,750,731,669,747,346,647,340,611,123,743,539,163,320,515,167,950,403,679,534,104,123,61,740,704,7,227,858,225,812,475,751,518,834,210,666,731,680,623,7,229,108,922,576,214,1006,536,644,775,154,747,356,679,619,106,187,251,553,998,792,723,155,687,516,248,536,235,373,749,351,147,363,726,163,440,314,127,157,740,518,339,719,723,630,597,678
440,382,655,14,171,566,550,321,831,854,2,656,517,531,1,122,187,513,735,527,776,520,438,347,863,169,177,859,261,783,630,966,268,803,229,221,232,199,113,806,229,526,606,164,618,640,167,183,263,168,784,640,77,96,662,33,546,656,1022,249,842,310,674,979,271,935,183,693,74,183,78,235,836,227,991,605,1,140,271,170,398,964,717,70,102,353,79,162,711,310,766,111,74,135,463,322,188,7,568,435,986,320,773,321,970,673,527,1010,707,410,624,413,271,398,383,330,150,223,510,854,913,119,377,632,714,576,690,878,544,415,350,71,14,185,888,422,263,205,767,823,382,868,551,261,735,191,64,290,893,49
468,639,588,469,435,139,395,133,459,141,722,71,455,956,417,214,468,631,658,491,846,147,614,970,610,943,76,183,82,970,199,970,1019,459,667,91,330,182,686,476,181,589,427,733,565,437,610,91,691,99,75,694,871,587,61,207,138,955,568,1017,586,957,91,908,395,435,1018,111,435,590,203,215,567,855,452,203,475,584,978,842,626,117,698,699,437,299,811,619,806,371,407,170,684,662,780,600,955,695,456,181,390,695,587,563,583,589,10,59,11,166,955,598,203,451,127,84,68,591,82,68,659,42,338,939,52,674,855,695,71,619,652,745,714,635,586,533,40,102,716,301,171,386,10,83,479,138,973,125,654,421
427,903,682,594,458,490,175,873,944,583,802,578,434,599,446,895,601,582,439,84,565,569,283,82,633,34,864,293,679,678,678,1,72,827,674,86,446,694,58,853,844,27,311,559,202,694,539,215,482,326,52,227,283,937,470,119,407,86,3,596,626,311,51,602,631,250,326,105,459,680,650,755,543,694,822,85,567,414,706,103,310,585,50,663,635,714,277,335,437,653,737,82,458,415,306,919,598,825,367,7,999,917,439,992,400,949,759,516,692,682,755,1007,471,867,443,714,660,822,598,693,32,247,687,215,64,681,114,763,767,105,114,106,183,74,646,806,545,474,777,695,602,439,770,687,610,854,663,80,650,435
285,987,995,278,852,257,950,469,1004,340,548,732,668,299,547,843,772,734,340,219,620,204,602,256,644,5,18,282,741,191,337,747,330,203,157,443,604,837,753,577,828,988,387,590,208,846,787,320,291,330,396,874,142,283,142,156,676,842,345,916,184,965,282,347,330,347,741,453,547,494,726,826,364,1021,806,921,709,82,876,293,570,952,53,604,525,730,46,826,900,702,953,890,332,695,640,331,741,161,644,871,545,217,537,837,818,792,459,283,326,581,298,86,218,283,700,12,301,212,114,300,487,167,236,821,784,805,117,281,300,522,621,18,722,933,842,361,332,615,925,209,286,974,199,826,838,201,944,347,68,429
797,868,930,387,866,506,842,668,885,785,354,251,835,513,502,792,895,354,1009,85,907,713,703,967,840,401,647,257,49,438,860,374,40,939,205,779,392,938,420,352,444,111,128,878,293,1016,69,985,125,735,252,86,832,840,64,502,509,1000,333,202,617,994,348,277,760,51,390,683,875,902,66,1002,469,863,931,848,755,848,803,488,200,387,102,964,260,342,845,769,416,586,964,85,1009,1001,869,537,909,715,992,957,669,1010,937,902,835,841,799,840,215,66,1018,65,199,587,931,348,729,755,952,948,869,518,709,584,405,646,589,1009,67,420,901,883,56,421,87,865,71,1017,1008,758,426,43,847,320,928,758,43,424,656,861
501,849,1009,841,821,785,1008,972,974,417,44,272,789,745,86,969,801,560,798,407,780,969,578,418,902,1018,1009,774,489,816,1009,21,433,646,483,792,28,624,481,788,974,433,944,681,296,846,1022,981,140,807,816,980,55,497,429,113,69,569,416,400,653,425,28,562,433,361,585,1011,224,441,1008,276,737,817,496,465,381,501,41,592,768,752,927,374,727,432,1009,380,993,621,785,76,1023,115,272,374,465,501,336,821,449,1015,491,470,3,337,969,41,889,808,488,464,340,780,489,973,808,854,32,289,368,28,785,381,496,401,751,524,455,983,589,526,231,986,780,496,548,288,526,168,355,570,116,401,493,461,788,993,461,1009
65,103,101,678,132,239,758,141,112,800,88,225,678,592,631,1,705,10,912,701,753,577,833,857,501,223,1,693,144,910,732,423,384,948,424,581,755,677,924,574,333,645,145,64,805,103,160,336,152,592,645,749,560,181,757,741,351,286,749,46,124,165,796,928,540,935,161,65,166,0,0,797,160,607,862,0,167,752,64,81,989,30,672,89,50,981,916,836,992,96,189,658,71,8,173,560,181,743,130,543,188,545,528,569,71,161,572,48,712,536,988,929,256,0,635,124,73,815,801,627,226,69,145,577,641,855,249,137,933,984,4,185,153,165,801,659,144,349,158,158,128,684,838,185,838,695,809,173,703,829
266,49,931,350,723,266,245,310,210,909,211,605,243,559,226,196,610,244,36,428,14,36,272,34,529,235,549,277,601,389,104,339,923,758,288,724,784,38,460,199,341,267,556,524,923,594,755,805,16,290,559,200,11,972,86,10,619,716,754,298,999,341,211,814,222,460,658,681,730,861,604,531,940,686,20,470,755,420,258,979,530,264,839,731,852,743,499,207,290,363,91,882,786,456,683,501,301,651,174,293,170,208,56,672,462,181,202,733,533,42,674,208,371,578,565,243,586,603,727,312,365,300,474,202,2,238,27,812,301,301,531,555,680,802,451,666,708,84,428,596,458,908,749,816,650,316,84,437,181,277
313,464,168,990,57,610,518,453,108,951,346,450,197,607,24,839,248,619,487,947,761,636,729,760,474,738,268,426,293,136,427,549,587,733,738,74,410,984,354,11,867,453,82,2,187,995,27,716,460,594,24,395,547,35,633,134,994,601,730,545,476,675,216,118,622,649,610,83,119,550,595,997,170,582,997,503,513,545,601,992,682,557,986,135,227,472,458,78,479,455,569,477,665,567,676,46,919,631,569,107,218,482,771,703,1015,38,552,594,15,472,877,497,721,460,483,19,70,613,580,403,924,746,747,378,45,582,1023,26,573,515,907,396,419,599,99,607,546,966,546,523,474,544,814,66,39,170,313,764,471,583
38,936,936,467,993,826,468,57,1000,680,865,344,230,230,623,785,343,599,529,161,1009,680,532,849,793,166,281,358,289,40,613,855,793,380,309,903,431,657,352,161,8,836,929,342,213,224,424,488,85,36,504,224,841,981,625,960,836,857,252,936,449,40,428,953,367,324,316,286,680,274,372,155,1005,352,157,360,88,952,298,136,467,342,488,992,360,417,193,977,648,129,821,213,360,636,17,685,856,364,14,829,424,871,616,344,322,478,648,993,466,801,309,8,985,965,657,959,464,233,861,44,479,188,872,995,452,33,938,324,452,857,336,678,992,603,33,529,472,327,356,8,932,217,292,9,295,36,897,337,580,801
163,6,773,707,202,54,785,318,795,702,29,6,963,677,731,702,682,61,87,40,58,730,606,422,438,4,695,119,259,17,434,766,510,806,695,640,390,184,702,41,347,675,527,748,202,721,647,83,734,157,699,652,198,699,496,240,771,204,835,10,699,290,826,721,734,696,296,583,58,826,509,10,141,38,650,310,443,75,919,710,524,154,59,96,390,126,664,909,822,259,198,411,331,1,562,612,338,291,189,75,889,186,842,777,294,187,606,91,826,961,820,698,134,650,6,189,487,923,791,172,583,29,91,379,505,391,59,6,741,710,647,695,530,674,143,970,298,835,651,253,626,662,682,583,695,742,698,886,43,581
908,491,890,503,387,737,603,571,952,884,132,964,136,47,293,670,9,735,331,520,291,997,920,92,868,966,997,359,496,54,839,666,905,589,171,581,485,406,504,518,119,111,1009,891,518,996,626,514,359,473,997,391,499,735,762,115,782,1016,981,391,996,825,916,906,391,500,543,146,775,274,1001,988,884,128,464,890,101,628,524,387,934,262,813,507,659,630,1015,843,866,630,71,383,327,383,851,482,836,184,575,496,278,522,585,180,607,760,837,576,966,863,63,946,542,319,1017,509,240,929,515,195,904,247,887,902,9,371,841,903,389,255,775,441,964,780,103,735,1012,358,709,162,480,684,741,880,692,912,262,997,975,944
234,194,529,512,986,247,699,561,698,665,774,1010,770,234,625,225,944,659,779,1017,758,902,382,372,697,204,940,183,516,577,965,595,569,379,963,610,695,823,255,31,713,758,567,820,697,230,188,98,950,669,178,555,134,47,387,532,196,42,194,499,96,577,242,247,498,178,693,130,134,535,181,543,329,752,525,250,554,98,194,363,874,16,206,874,992,7,335,623,732,596,694,55,534,727,375,627,874,237,89,898,908,699,525,834,660,635,697,199,223,563,242,543,633,923,240,561,664,462,396,652,138,705,643,337,194,1012,616,258,288,607,874,114,288,694,665,319,729,234,649,535,194,666,363,590,758,480,354,701,234,255
513,632,716,655,253,620,222,460,608,108,194,97,30,727,242,463,143,137,1009,237,135,879,141,204,743,557,924,632,592,530,737,121,540,547,365,8,536,240,382,232,144,641,751,249,659,867,641,674,29,559,797,98,65,684,1021,193,368,685,724,371,129,588,876,737,670,588,609,904,143,237,146,28,255,31,589,653,31,31,113,242,976,1004,235,193,11,241,97,663,207,255,698,628,693,33,189,29,706,96,156,678,742,29,88,128,251,244,178,536,573,353,227,76,159,196,339,540,868,4,194,744,636,372,251,1009,377,753,753,641,81,245,552,273,242,108,141,9,785,167,748,922,238,739,560,528,97,237,682,816,201,752
59,509,52,316,312,230,895,422,276,560,714,254,823,31,635,453,570,87,473,633,271,444,441,523,31,239,498,10,969,599,23,203,779,44,51,271,994,583,866,584,826,839,55,7,899,247,373,589,251,559,534,430,802,198,901,855,891,315,887,439,795,202,695,304,258,570,455,57,246,690,265,859,880,218,176,479,166,570,568,931,165,564,843,732,32,166,518,759,585,860,570,280,967,1014,27,923,955,393,511,678,15,771,650,95,457,208,374,698,7,602,343,799,842,79,924,35,637,682,969,778,127,722,38,285,793,732,678,472,651,246,230,207,923,278,502,447,204,631,12,630,656,457,107,951,294,801,759,234,95,458
147,654,619,617,227,604,819,716,725,850,1011,425,842,914,612,180,363,466,374,206,831,803,883,691,883,2,627,275,914,14,879,883,244,802,403,322,271,331,739,918,955,559,574,315,239,855,979,658,619,315,480,1004,481,694,950,158,334,402,942,332,510,923,918,18,402,619,739,971,367,437,2,821,410,654,958,287,815,211,145,596,885,819,467,181,726,851,47,277,605,714,420,276,799,854,243,940,36,399,942,146,211,974,942,912,293,358,881,470,702,1006,883,14,411,406,98,877,945,563,290,599,662,619,906,389,371,19,501,962,782,182,902,995,159,867,659,619,292,726,1023,638,995,875,853,923,386,885,246,912,850,158
115,573,210,156,294,103,761,64,745,845,705,189,735,812,4,20,962,812,647,833,545,130,753,1010,758,68,157,830,948,852,68,154,304,724,830,181,112,476,724,644,451,864,137,768,777,519,835,160,757,653,351,136,517,765,771,867,381,324,252,780,71,452,579,725,281,652,768,700,736,132,328,836,80,755,929,36,828,173,833,255,761,307,365,193,831,137,113,598,65,664,72,328,64,128,189,511,148,85,143,86,136,90,483,352,949,621,249,381,360,380,865,87,704,176,584,909,211,652,379,705,204,185,833,128,768,109,413,348,902,759,736,692,893,475,657,176,92,252,748,621,371,141,845,128,205,525,4,219,343,728
461,335,644,61,530,481,383,547,71,569,444,571,946,683,445,703,844,590,55,562,506,751,675,35,508,95,649,443,631,955,95,298,447,854,414,59,607,703,115,50,488,964,963,1000,334,706,47,252,962,875,756,447,19,882,359,10,939,531,445,284,749,468,298,970,67,505,558,477,701,306,362,490,249,397,609,519,303,1020,747,302,106,59,499,507,364,926,487,31,175,963,62,439,55,926,458,146,658,603,919,102,155,565,927,564,962,420,507,468,984,494,637,542,927,964,627,55,499,13,477,699,995,87,434,46,421,467,495,842,683,671,939,447,46,387,63,990,57,886,956,478,471,1002,345,508,31,963,350,687,44,986
647,108,774,118,179,590,545,337,346,782,606,308,551,780,160,810,312,862,729,154,660,660,874,312,169,664,757,5,21,212,603,524,457,436,154,561,681,462,807,596,579,171,949,683,90,200,673,838,169,590,497,430,729,685,647,340,645,116,212,732,23,100,730,664,340,1009,164,540,860,108,616,727,664,70,868,542,695,212,545,760,118,590,535,466,551,457,617,567,674,76,353,329,115,148,664,759,425,6,281,491,759,951,283,615,103,582,426,595,360,108,84,86,69,86,845,305,580,108,110,52,246,1009,314,246,18,721,568,605,695,732,722,360,438,734,785,318,92,568,180,305,943,569,180,567,674,481,697,999,679,753
204,722,426,157,138,860,316,706,743,349,290,301,19,563,890,426,337,366,701,339,667,301,347,664,893,730,860,941,908,6,222,339,715,949,849,138,69,339,476,347,343,463,141,784,938,634,779,424,182,823,661,221,190,674,632,832,268,446,691,11,814,370,373,34,441,700,356,695,912,864,341,310,17,972,762,520,430,270,269,268,995,847,951,194,43,947,397,77,378,603,866,872,202,802,351,468,322,672,204,877,476,684,890,1016,673,791,339,722,351,939,426,426,38,685,613,185,413,940,1002,871,387,849,956,851,323,508,144,380,754,341,466,741,474,77,716,1012,686,356,781,394,208,440,857,895,732,691,229,260,650,1000
743,600,35,935,163,455,240,542,231,384,491,595,454,99,720,610,611,96,464,647,134,481,526,80,158,231,102,995,540,511,462,111,415,102,705,706,670,897,523,514,621,542,695,552,94,525,38,106,609,58,852,231,682,765,742,633,640,96,158,230,568,606,455,131,760,527,298,667,616,542,999,735,111,829,63,925,740,611,33,465,449,487,14,711,467,864,710,391,993,96,231,511,583,39,739,113,82,421,600,731,102,289,942,99,548,119,897,387,102,769,222,536,743,609,22,705,551,552,486,417,743,330,110,48,33,122,391,570,511,267,111,543,755,613,95,710,543,743,722,763,583,824,718,485,128,707,615,760,1017,390
361,799,752,684,278,364,369,437,610,915,202,26,1002,946,585,135,110,985,736,873,420,403,865,873,359,315,871,342,835,67,746,489,617,908,808,846,313,843,242,822,302,668,899,215,885,254,904,908,802,379,204,610,14,729,714,865,692,34,277,696,265,787,699,163,873,275,308,529,846,357,499,881,364,890,310,716,286,873,649,754,481,365,530,820,956,546,748,231,879,273,375,953,966,524,206,877,716,653,861,946,403,174,956,225,861,286,883,889,914,171,279,19,151,81,748,243,262,348,690,500,26,785,883,329,787,862,704,680,771,268,331,780,811,337,231,535,287,886,666,927,174,878,499,683,384,329,793,354,395,925
