783,683,804,148,793,674,543,619,27,1023,870,564,983,735,386,656,295,239,620,452,653,343,452,257,43,994,580,598,791,192,894,737,837,166,277,161,113,735,805,799,607,337,486,276,544,14,929,269,808,496,169,875,290,367,16,14,1015,124,594,7,873,729,88,232,1015,735,113,0,151,663,303,872,798,1012,36,553,4,1006,722,402,500,507,393,965,989,478,403,2,298,34,28,721,978,665,587,172,899,942,112,122,1015,148,878,945,70,272,113,737,425,290,152,278,89,731,671,851,637,152,979,779,712,658,300,228,40,87,457,605,311,974,116,85,671,773,102,760,106,803,383,594,31,118,980,836,340,101,16,7,155,671
362,164,507,1003,123,288,432,112,440,487,410,449,512,421,279,332,997,608,397,122,748,450,336,269,647,204,304,927,807,355,793,261,831,358,963,639,179,629,717,284,416,757,853,440,5,842,688,368,67,0,466,301,760,84,468,483,334,427,963,7,115,353,411,842,682,599,505,439,981,483,2,346,39,410,185,970,239,298,155,389,476,155,629,842,607,384,425,243,517,407,79,661,938,274,173,331,360,416,286,503,356,139,362,457,203,278,971,983,148,126,616,189,460,194,151,360,803,555,663,423,328,826,26,306,872,460,407,77,461,226,583,751,826,151,227,441,627,356,278,955,620,245,197,488,284,751,136,335,861,208
501,22,196,123,795,437,70,337,1019,667,27,59,823,57,823,742,493,728,375,59,998,247,263,12,681,874,174,868,706,308,733,74,762,448,1023,160,837,417,640,807,999,133,54,30,729,232,404,93,772,1007,634,27,567,517,779,80,123,72,775,507,917,860,686,481,724,573,670,331,791,740,92,1010,982,810,804,283,359,956,292,121,766,519,525,256,263,119,626,343,420,539,907,884,856,792,823,16,21,71,992,829,72,770,509,689,151,758,605,807,564,1013,703,974,16,374,234,110,779,962,775,708,837,551,632,825,1000,108,17,1000,824,94,873,333,871,391,203,996,58,546,764,1000,836,910,74,5,885,660,775,603,724,260
968,61,709,898,25,847,140,469,633,21,654,914,764,672,508,978,490,555,937,854,710,599,368,1021,104,70,28,860,489,431,230,851,926,902,5,667,680,25,481,473,883,1019,493,980,909,469,954,416,871,626,985,438,961,824,793,307,912,175,534,486,911,25,24,489,650,492,85,355,907,473,904,645,1000,315,170,809,899,1017,51,435,66,903,24,919,502,999,458,695,655,903,108,839,485,508,633,19,464,185,999,778,647,669,669,773,523,728,473,596,221,926,528,653,85,636,860,666,949,424,980,211,379,435,761,464,935,238,871,676,202,678,457,317,869,372,710,117,716,139,509,679,308,734,874,25,805,823,850,584,575,299
766,745,380,214,785,624,156,777,824,988,913,58,82,882,670,80,588,832,847,578,430,802,814,612,914,225,946,448,2,56,353,799,705,239,691,416,211,945,924,763,923,923,684,971,543,161,268,314,669,921,859,888,238,330,994,230,219,314,764,866,942,850,206,14,576,8,52,91,864,313,626,586,926,752,337,959,294,498,216,177,484,741,294,110,928,544,250,87,665,168,281,711,155,786,721,744,239,356,593,802,843,366,701,498,206,622,251,340,934,448,733,512,508,929,489,673,634,291,88,396,176,634,503,701,646,512,192,795,3,95,257,926,710,481,43,0,691,626,369,749,959,309,729,322,673,524,284,238,751,924
8,529,199,43,537,339,547,80,419,879,684,356,512,537,711,83,1023,1013,98,274,63,785,50,996,192,781,170,794,387,823,943,766,461,73,1020,333,779,54,573,978,757,674,1012,69,312,728,883,763,895,794,573,1023,383,828,818,578,112,381,315,256,361,468,669,391,801,567,640,460,585,543,730,451,74,453,855,352,212,266,754,347,887,449,768,326,916,521,976,831,579,531,985,817,848,539,200,807,737,787,474,803,83,162,711,50,267,648,803,734,826,779,57,699,719,749,987,798,293,642,300,688,537,772,783,730,63,799,810,789,757,801,760,371,984,828,343,34,607,709,603,579,148,20,8,964,233,1023,845,601,774,81
197,576,299,929,900,963,110,587,257,787,363,806,730,432,898,492,957,660,367,753,97,437,957,71,89,658,693,337,879,748,672,270,147,109,815,487,281,147,347,987,990,818,173,884,49,698,845,868,798,901,172,243,843,814,321,289,349,219,230,437,425,881,285,599,83,664,893,54,126,337,806,967,942,627,273,740,1022,980,301,876,1015,893,863,977,87,316,171,541,510,321,792,367,778,510,901,130,394,301,225,401,301,400,801,543,590,138,460,895,223,876,300,337,292,493,628,578,801,918,244,753,798,561,285,818,380,971,102,353,301,190,85,669,104,414,277,601,956,521,487,493,157,855,847,11,340,416,704,628,673,668
120,861,227,735,772,225,704,275,414,97,78,875,3,809,4,1,30,793,923,510,980,798,420,846,817,193,337,413,117,217,194,632,43,722,923,759,565,750,5,954,798,620,954,530,600,536,1,272,32,171,913,239,33,273,612,921,761,962,121,632,907,610,814,938,62,553,650,786,811,57,875,1003,120,589,311,577,832,160,211,702,769,446,327,248,615,35,69,779,812,285,714,674,790,812,63,348,932,186,672,134,976,314,986,793,347,731,909,94,288,27,25,635,222,784,1022,364,36,199,775,40,1007,577,491,59,38,295,198,244,958,155,93,208,32,24,60,620,405,532,304,594,841,161,77,184,547,16,572,632,97,692
84,372,353,360,591,398,843,44,265,827,892,931,955,336,551,646,638,355,438,875,391,76,613,873,616,752,240,374,585,352,220,507,414,676,114,328,515,433,921,522,270,742,571,527,652,642,679,551,178,131,352,416,452,404,675,124,935,736,943,271,275,884,295,370,101,561,820,32,343,68,344,917,209,898,140,799,439,662,597,679,928,439,597,903,584,813,523,160,326,169,70,779,580,750,84,975,974,532,44,372,76,346,414,734,984,415,376,687,540,149,364,84,72,185,580,606,453,224,44,490,440,596,998,422,64,444,440,834,863,928,885,471,140,652,79,546,328,576,984,139,624,664,780,432,860,76,641,381,390,672
78,720,575,527,720,397,418,288,345,81,324,479,319,971,49,639,692,790,729,915,203,202,711,761,78,564,982,940,494,692,581,298,573,680,554,566,868,954,894,639,730,985,639,603,454,601,914,703,695,680,111,685,201,89,436,494,243,562,185,849,321,685,645,353,895,854,291,403,582,675,987,575,557,812,232,347,758,429,382,676,9,908,436,122,528,715,972,41,838,525,356,567,735,317,194,687,319,516,311,137,403,973,710,677,490,567,704,630,643,114,684,345,567,564,127,676,639,125,53,371,642,147,719,626,202,676,548,946,920,548,577,525,960,676,175,604,231,984,973,729,957,570,626,629,176,417,157,760,8,819
129,622,25,447,89,607,965,1016,802,744,458,860,543,1000,429,739,472,225,217,225,38,736,588,236,771,622,222,316,117,25,407,41,27,40,188,492,35,34,729,818,491,123,742,765,317,610,736,996,408,546,294,816,728,747,63,517,770,517,292,485,31,425,289,334,899,478,221,720,583,146,879,240,882,274,490,985,494,729,118,421,739,856,301,35,226,486,25,413,413,260,40,413,225,194,27,206,999,490,35,353,473,879,796,458,337,396,434,739,202,274,224,883,344,105,128,873,797,762,610,0,19,417,472,87,754,21,58,537,111,480,274,472,212,934,940,42,261,537,610,146,281,291,307,770,295,592,719,217,70,525
824,873,312,251,614,737,395,752,274,773,771,885,752,79,485,382,203,840,932,770,84,949,779,454,939,342,487,25,86,879,967,285,165,194,230,744,806,391,141,821,377,150,804,955,1019,939,967,564,932,944,966,948,434,881,24,213,105,223,70,670,859,638,829,793,422,934,800,911,255,268,202,583,916,939,212,104,98,948,528,699,740,869,543,189,624,379,613,827,559,111,323,973,75,127,485,122,670,344,766,999,71,337,265,900,543,450,893,793,793,281,996,270,967,645,780,971,574,926,281,753,559,872,340,219,665,167,121,976,247,825,894,41,865,160,245,570,762,235,807,75,662,629,342,979,670,967,120,125,642,373
803,43,466,690,491,188,666,97,239,575,242,975,329,283,808,881,779,599,707,893,818,201,644,181,966,561,705,611,431,447,851,273,230,573,235,275,937,260,734,772,644,575,114,25,664,288,792,814,101,379,88,612,385,310,668,938,69,584,694,709,938,221,950,958,752,794,665,831,475,283,711,454,399,954,948,950,831,63,325,685,786,394,723,542,583,401,916,687,317,421,453,637,714,716,998,233,286,644,184,293,273,374,337,474,615,695,684,102,961,587,765,288,499,82,253,77,1010,164,393,736,946,109,51,717,758,693,275,704,1023,953,33,704,644,137,716,87,475,740,644,792,946,385,955,648,946,451,19,31,275,729
752,979,324,158,403,696,943,110,584,123,679,344,136,499,691,631,863,260,175,114,679,247,55,284,657,448,408,35,680,464,343,859,574,519,3,414,280,519,295,616,158,414,199,143,145,448,611,85,895,175,237,463,219,877,109,504,966,464,876,991,747,804,26,567,21,212,150,982,210,407,269,3,199,192,639,733,249,875,518,175,350,140,765,852,891,384,772,855,259,79,32,224,125,341,224,743,693,97,190,212,79,789,157,944,382,183,482,687,225,755,271,41,217,671,679,176,868,814,736,36,843,81,641,202,913,255,953,820,703,798,14,760,834,671,451,542,994,227,927,3,180,175,339,305,192,729,63,808,377,353
24,799,776,101,27,530,601,280,998,272,142,296,896,789,144,777,358,43,534,147,867,16,668,422,483,1019,1017,991,303,1007,664,182,41,971,105,504,504,886,254,5,840,579,461,529,712,73,27,897,233,587,25,456,879,530,710,188,177,776,667,275,49,986,192,624,639,172,730,361,971,439,775,293,456,495,486,843,147,268,773,215,105,279,329,109,733,806,515,1012,798,612,201,39,528,274,952,507,31,506,327,660,790,1013,302,49,40,272,589,5,1007,486,285,216,952,500,709,948,203,442,940,336,2,480,207,393,1016,429,1022,626,268,375,1003,751,534,224,400,798,750,318,753,963,142,288,729,107,735,265,274,510,104,840
455,690,642,622,389,410,308,997,237,690,745,137,400,177,647,197,97,649,879,48,747,600,903,662,599,356,506,385,123,634,687,401,783,226,644,990,964,250,424,397,754,849,412,695,602,749,250,126,491,391,935,419,852,305,102,994,444,220,935,853,233,1004,435,164,993,451,477,1004,864,351,887,440,818,696,954,956,272,883,477,78,943,929,349,839,480,409,419,690,913,649,380,55,933,965,436,320,229,286,18,463,661,460,917,651,940,649,932,477,78,1010,1021,428,577,185,751,801,837,464,572,565,600,570,966,439,70,919,276,987,154,660,703,349,401,479,419,406,133,143,416,81,491,416,400,439,644,656,6,760,700,412
805,464,896,275,314,982,524,462,6,955,878,813,435,289,754,140,206,213,557,513,778,537,439,334,561,750,681,666,863,545,439,760,810,422,129,765,412,439,367,777,909,327,633,761,731,377,810,758,557,347,278,758,685,586,1017,553,311,569,762,628,585,202,542,176,142,37,590,820,303,761,212,881,1019,570,558,710,219,761,1021,1001,32,253,802,694,261,605,437,665,573,716,839,749,905,800,305,133,258,1005,760,81,791,587,437,630,459,717,878,108,704,580,831,452,426,561,602,309,721,928,975,728,718,797,781,537,565,705,548,935,752,470,680,802,289,979,517,747,641,314,332,779,961,760,718,1001,549,446,513,262,203,495
933,297,931,744,932,996,949,792,968,173,289,571,666,391,394,456,127,191,238,973,44,391,45,621,407,77,536,138,436,541,681,451,481,421,304,269,197,41,682,350,348,987,996,481,214,891,458,129,195,976,157,235,535,456,396,833,177,969,82,48,946,378,392,221,980,198,634,355,664,170,385,551,672,459,346,813,497,19,66,9,109,583,5,468,456,967,170,490,535,47,494,264,196,10,733,988,555,962,285,275,546,300,336,330,996,448,930,996,421,351,170,87,492,409,33,856,655,346,212,1,908,66,236,725,49,962,782,584,928,47,313,389,157,683,173,29,992,1,39,980,991,992,288,952,146,673,472,301,934,397
336,826,921,697,597,121,162,952,89,1005,384,746,803,686,32,165,653,853,997,305,126,935,21,1005,337,125,659,718,667,728,496,543,733,916,657,144,835,928,268,525,393,39,61,919,433,641,339,120,117,1002,550,892,150,959,919,958,1004,636,566,951,136,323,815,601,474,863,696,653,718,570,789,672,565,686,304,482,79,103,747,549,415,637,224,414,653,89,881,556,549,698,340,524,774,657,1008,357,703,581,338,849,614,967,910,853,541,657,914,705,529,236,437,118,298,359,345,338,294,19,359,841,958,345,351,913,799,613,369,85,928,744,661,813,675,594,25,617,335,620,930,414,781,881,617,849,831,149,329,331,527,823
651,43,615,677,363,868,59,643,138,536,393,487,617,366,878,614,268,661,246,101,281,937,688,648,109,190,920,709,677,309,599,865,995,553,86,357,124,131,941,101,627,601,845,614,865,93,6,637,50,74,950,774,553,532,277,156,71,665,551,582,892,349,202,858,341,898,637,515,651,19,93,649,118,108,97,343,672,876,645,398,301,7,474,229,583,814,92,523,81,112,30,868,404,502,211,72,109,839,493,88,78,455,433,898,675,100,741,805,998,562,38,410,870,105,361,919,45,997,99,553,168,601,581,582,890,629,84,669,666,139,430,118,101,833,29,373,53,787,726,110,398,677,886,30,709,94,860,647,715,68
272,310,578,816,61,215,842,330,314,396,749,329,545,9,956,269,977,563,706,288,108,496,254,252,948,559,728,150,60,578,494,947,848,945,889,317,702,316,65,506,175,337,481,146,826,294,1015,314,627,625,612,913,744,222,952,713,838,598,435,269,322,205,758,899,474,208,124,144,850,642,682,219,449,883,853,186,940,525,184,634,212,270,234,342,184,202,134,762,330,689,986,688,84,843,458,126,653,197,374,745,508,629,354,563,578,269,588,1009,865,175,244,137,691,456,100,622,590,117,316,208,959,782,628,294,323,707,102,114,449,890,58,634,94,843,14,625,982,787,962,212,941,924,635,707,431,846,154,285,544,598
320,573,385,185,900,264,260,650,757,591,706,201,774,500,468,122,478,199,124,53,326,57,987,843,720,482,153,1004,904,949,988,818,886,263,846,683,262,144,509,229,222,546,794,949,763,432,772,16,468,693,901,747,378,133,43,637,600,709,638,911,743,804,91,368,244,986,185,688,294,36,664,454,79,260,842,829,847,632,355,688,528,273,502,262,229,437,570,841,1023,504,884,968,34,253,55,644,262,793,249,771,144,346,772,278,98,604,489,960,924,790,483,522,821,392,86,478,354,487,500,442,585,280,77,75,262,319,452,260,262,513,766,5,821,729,168,361,250,775,775,249,526,8,377,922,248,305,111,928,900,118
240,36,935,217,1002,76,375,297,160,931,93,332,76,737,32,115,184,844,1019,446,345,592,654,512,363,922,283,432,200,139,865,65,553,32,120,96,756,600,180,951,284,983,121,412,635,544,311,80,424,300,176,324,867,983,708,837,322,293,166,979,294,17,971,297,931,187,362,94,891,510,296,569,990,211,153,32,888,324,928,188,313,129,92,48,701,226,240,432,256,388,268,675,181,888,166,727,126,398,569,366,388,907,375,762,635,296,20,846,735,444,476,608,594,873,444,896,180,1007,442,613,862,793,749,45,644,275,833,205,581,702,343,347,195,348,448,533,4,69,718,919,228,688,846,404,89,384,496,506,292,214
299,534,512,88,685,657,975,461,665,241,296,680,523,434,311,274,299,558,662,885,720,452,478,914,63,986,506,171,168,469,126,876,402,842,687,467,334,685,1010,724,692,447,813,473,685,11,98,10,832,821,541,373,155,795,91,373,373,488,60,937,11,79,90,405,439,637,190,403,403,599,495,833,806,1012,959,275,61,348,329,362,475,659,939,328,384,491,369,167,229,301,975,272,841,224,508,694,117,365,474,685,994,685,692,885,267,640,613,713,919,309,375,333,530,894,72,663,938,1023,470,46,948,441,428,620,528,675,852,316,588,662,821,348,49,301,347,302,712,209,1015,760,46,474,839,836,198,455,885,927,825,647
367,684,618,255,817,848,931,75,952,121,735,795,22,750,602,158,872,20,780,984,865,815,590,777,985,608,828,744,278,219,933,879,198,630,884,325,932,906,239,46,758,764,725,964,102,791,891,929,911,37,958,752,606,748,984,282,174,734,651,872,33,612,144,872,1006,943,933,282,860,205,147,912,868,836,101,319,253,721,879,592,286,596,167,721,824,81,948,939,271,860,304,618,107,7,659,609,577,891,243,366,751,84,408,40,55,128,616,894,187,180,92,425,379,464,384,587,698,913,729,361,948,403,431,875,758,881,97,960,318,287,869,3,147,300,274,727,992,935,984,988,613,817,530,940,940,938,513,410,265,678
714,583,164,213,8,246,375,838,918,268,864,17,25,265,488,534,151,1012,512,684,286,164,57,678,791,243,438,247,288,362,246,623,102,696,392,818,652,1016,165,714,290,504,969,911,253,312,279,407,1002,334,658,939,190,1003,142,277,245,512,372,120,52,83,521,41,252,312,982,449,529,270,206,1000,271,185,216,226,575,722,928,202,218,180,370,249,361,21,266,186,620,902,458,62,187,51,556,769,978,153,682,452,554,769,791,310,713,490,21,475,198,809,282,970,508,22,950,171,282,245,249,196,450,479,512,261,201,456,111,1002,195,296,890,678,748,473,124,457,652,970,234,299,677,1002,491,260,1011,667,775,113,149,151
573,366,265,41,971,905,1017,329,428,174,819,477,558,635,3,54,754,366,524,805,214,805,593,751,79,261,116,625,126,256,206,830,1014,239,36,268,674,748,100,470,734,718,974,261,154,398,823,388,445,722,594,265,211,905,658,750,146,750,322,426,593,671,851,526,741,993,866,172,190,202,751,649,861,634,809,82,755,228,430,174,769,329,445,203,211,694,197,13,358,146,122,137,756,909,725,792,756,34,937,818,801,107,737,386,333,424,156,761,796,381,243,945,327,86,763,745,761,95,556,406,150,47,714,714,750,376,714,439,819,274,349,323,788,420,940,771,780,127,174,1005,753,829,128,746,428,302,223,150,642,341
449,261,474,605,976,589,834,630,53,456,105,421,970,469,794,499,843,152,472,951,181,138,322,218,520,165,566,48,274,258,589,808,566,246,139,657,511,717,63,982,317,5,70,74,550,369,586,40,349,275,266,924,887,586,630,453,39,429,920,538,504,633,613,671,497,806,506,118,957,502,587,845,465,956,607,940,772,77,201,389,562,903,21,198,178,261,21,263,628,53,57,309,128,616,499,559,560,343,906,142,566,845,81,838,952,130,326,437,595,299,10,460,76,9,503,463,576,840,602,390,564,610,29,113,646,831,217,120,138,682,522,823,136,919,173,118,470,44,60,611,758,952,294,319,181,602,485,652,52,666
144,270,396,338,615,92,532,480,585,685,783,83,968,467,214,350,429,632,786,613,227,1002,575,429,604,992,660,597,189,430,416,750,551,128,601,591,509,531,98,263,141,675,839,685,250,709,576,474,509,234,586,690,951,242,429,471,594,938,613,386,78,377,224,339,651,335,803,231,693,906,939,46,475,674,425,531,252,312,599,932,50,810,612,256,117,934,118,861,229,495,998,617,788,80,387,596,409,467,547,249,316,729,569,917,455,591,750,196,742,425,429,286,877,759,205,754,605,578,543,177,113,676,429,80,745,471,727,100,594,295,206,82,592,185,172,486,237,919,80,858,939,603,359,930,1020,369,877,329,89,222
615,442,154,129,446,657,1012,580,26,804,696,920,562,641,895,405,652,33,673,423,85,817,202,123,416,580,668,188,647,691,113,702,452,198,34,225,588,422,844,835,127,163,689,422,513,675,657,881,561,192,872,300,426,258,66,509,144,419,422,334,354,835,810,654,178,198,668,468,191,286,69,396,659,413,460,254,409,657,641,901,319,833,653,604,440,627,805,730,282,370,375,188,378,2,685,609,34,868,953,884,103,605,548,995,567,719,835,156,447,877,231,429,562,833,330,696,691,701,703,600,634,202,154,324,441,642,830,586,582,980,184,577,195,653,395,972,747,458,431,30,696,824,585,359,509,895,188,653,703,831
146,229,938,128,467,403,852,20,151,438,516,368,956,764,786,500,957,938,668,716,955,538,391,66,625,448,193,742,218,921,826,461,867,70,194,590,465,301,814,135,790,70,590,71,147,638,759,78,944,220,655,934,720,430,531,39,72,987,374,826,823,458,667,149,731,497,204,416,974,999,686,416,460,999,511,117,305,238,453,974,970,633,837,514,951,486,961,817,349,242,430,809,938,655,6,463,452,627,199,289,471,942,177,452,814,309,142,229,73,165,837,1023,477,647,444,624,415,898,1006,152,615,438,644,786,386,861,909,271,283,204,974,962,127,78,342,378,999,117,559,987,97,503,33,404,709,710,728,354,987,195
41,330,229,429,969,996,715,777,292,37,63,1013,491,973,628,334,125,88,647,881,633,452,772,555,42,693,120,292,627,280,875,591,938,401,699,400,260,967,174,177,623,817,43,784,375,475,35,388,40,500,287,938,228,58,64,328,772,461,114,306,16,826,429,933,883,844,762,633,161,458,606,694,1002,263,396,640,306,143,503,454,52,225,625,1023,942,766,553,131,467,954,269,510,681,280,885,40,488,758,731,509,676,676,306,456,965,37,141,330,552,465,299,824,645,581,425,698,856,565,464,472,264,620,475,1011,260,705,468,890,351,570,120,440,996,473,626,900,698,308,280,56,694,180,475,932,768,955,322,203,939,300
369,844,913,751,863,322,542,456,507,977,269,995,464,2,271,526,367,711,532,877,648,49,977,955,800,111,649,207,618,534,416,47,394,336,534,1008,25,721,717,580,291,719,876,133,578,534,553,968,945,935,194,133,818,277,12,705,673,961,739,797,824,1021,591,445,493,946,784,827,450,269,817,823,527,726,303,658,75,86,843,946,991,501,8,464,857,98,109,886,989,83,569,65,1023,514,233,574,979,110,817,312,651,615,207,80,565,250,964,574,781,1023,489,13,443,1021,588,188,793,299,268,200,391,585,670,135,78,1004,599,204,456,193,962,298,514,0,578,962,393,818,28,66,285,248,815,393,200,657,468,696,547,427
265,412,934,907,394,834,346,192,118,892,355,446,596,441,368,399,414,193,359,119,444,304,912,331,209,209,641,803,721,132,440,58,582,814,897,764,378,246,316,626,399,590,651,622,945,876,907,524,636,383,697,0,391,636,399,268,77,61,859,425,402,414,70,398,414,173,518,368,156,884,644,378,579,639,335,270,442,270,252,423,125,252,615,124,419,444,697,98,244,70,415,383,762,440,699,660,703,212,291,512,417,77,335,423,120,262,118,717,734,159,377,416,378,242,482,673,763,99,368,348,611,442,418,643,552,418,480,366,414,689,596,707,497,715,414,924,290,576,262,995,330,368,502,370,330,362,107,370,98,66
630,986,841,52,976,657,112,351,868,343,113,735,668,700,479,163,482,910,696,170,360,594,357,401,971,208,653,500,727,982,433,263,656,714,803,133,557,178,191,116,188,881,129,469,846,263,360,707,377,906,638,751,881,819,429,621,689,673,760,314,705,365,171,624,989,902,621,361,45,262,612,836,966,234,578,593,809,713,703,914,239,410,794,402,712,896,111,584,890,168,596,1007,650,673,559,689,554,845,175,410,577,166,656,457,77,817,277,169,111,81,155,332,862,401,653,360,6,458,857,339,382,887,516,162,757,362,313,170,625,263,137,370,80,630,373,824,601,33,366,597,700,920,367,154,215,602,633,7,904,936
679,15,514,823,272,233,375,64,302,536,27,101,29,966,912,375,281,569,490,1021,701,1006,75,911,131,213,996,27,958,314,211,311,887,955,670,126,747,343,953,442,787,346,764,74,887,943,189,13,689,1019,914,747,743,876,261,281,27,671,475,6,878,932,138,983,911,669,298,96,725,919,151,407,696,1020,668,1012,428,499,37,13,355,322,1004,792,697,891,86,726,772,165,193,215,60,281,37,27,253,236,151,796,305,924,492,727,918,205,876,61,801,229,519,955,658,103,594,697,1004,225,210,993,993,19,485,737,999,729,937,942,208,450,436,57,368,848,796,947,201,70,952,67,174,833,703,1001,207,1019,529,307,879,729
798,692,394,237,910,125,573,908,27,219,714,255,114,43,752,933,445,70,931,78,992,4,576,201,177,326,544,139,17,717,59,900,620,113,151,275,842,928,694,418,794,201,1018,187,455,633,34,437,796,928,845,949,331,481,330,568,392,138,75,236,395,622,768,420,509,928,75,728,217,64,186,370,445,799,965,714,382,300,395,816,952,177,886,292,432,37,965,837,211,315,443,166,377,625,83,102,176,347,477,790,976,335,1019,582,494,14,237,5,620,1020,251,709,612,187,344,946,818,314,466,166,90,433,278,758,785,266,932,972,395,979,1003,384,474,242,236,390,565,92,278,709,888,968,85,972,256,1010,637,778,541,806
686,220,904,220,520,36,979,218,883,92,574,533,236,257,570,379,86,519,846,229,57,528,624,225,929,629,259,114,81,529,81,188,226,917,871,660,799,864,828,468,403,225,531,136,642,204,932,533,648,979,739,373,716,460,593,830,221,229,244,350,636,632,84,433,943,625,570,738,91,96,512,96,383,529,739,44,967,986,409,963,526,147,815,1006,239,297,569,622,84,314,722,995,704,656,425,978,728,920,672,697,963,80,979,917,261,229,312,998,354,616,540,268,530,155,354,284,248,303,576,287,991,391,426,899,199,916,121,800,277,753,161,52,608,44,397,315,224,25,883,700,462,990,462,545,274,12,118,786,580,552
1007,773,957,883,58,535,466,398,154,561,357,884,179,389,543,27,613,224,388,583,985,75,989,189,197,479,580,176,846,648,877,794,125,576,74,190,997,755,817,561,17,566,427,229,218,115,753,64,800,508,247,201,11,181,639,532,819,73,48,925,859,974,232,87,603,891,73,567,748,74,778,451,408,379,394,116,389,156,775,997,176,578,71,757,703,411,35,75,157,10,936,72,393,819,560,523,784,255,784,435,578,74,0,499,62,71,997,351,880,836,89,519,9,476,252,602,41,336,763,569,52,656,819,232,315,75,551,408,626,756,136,139,135,869,349,832,420,388,833,531,396,434,330,561,691,112,167,521,504,791
222,528,234,78,567,983,538,946,120,578,256,136,818,765,253,925,561,564,628,600,98,828,157,86,417,254,250,19,325,250,197,7,550,755,532,251,788,687,693,359,775,1001,325,782,365,66,186,771,768,693,524,351,305,197,995,26,897,767,628,279,56,157,1001,524,227,867,296,865,285,200,826,959,462,895,864,959,527,893,515,766,655,770,304,927,50,524,646,497,337,28,79,284,708,537,797,376,19,353,312,126,285,881,565,588,895,293,353,238,122,0,814,483,837,203,531,71,321,848,680,687,914,806,881,765,790,742,31,280,514,350,567,986,320,850,459,192,197,233,820,614,286,275,593,722,344,249,911,470,3,936
82,865,786,618,312,726,643,289,770,940,861,610,678,460,557,478,673,295,88,237,615,360,546,924,709,236,325,676,333,0,26,200,493,478,921,386,664,255,749,509,676,99,255,655,674,935,125,637,971,494,343,415,673,211,968,625,806,684,606,921,350,599,237,165,45,199,675,377,457,806,224,610,702,727,476,695,733,828,309,609,618,851,669,984,397,335,189,54,707,420,1018,388,644,891,870,581,687,657,887,998,428,979,709,458,787,889,205,580,509,673,47,657,689,546,618,417,303,41,14,412,702,397,402,673,701,678,90,837,610,574,801,707,289,951,694,604,99,941,422,198,85,411,865,619,1006,664,263,492,623,408
565,791,68,893,563,4,223,777,533,36,653,483,677,958,843,346,21,805,931,737,670,929,686,875,162,167,719,531,933,125,612,429,471,364,252,881,407,753,382,195,720,40,929,945,687,222,116,272,348,985,663,816,676,112,469,732,515,311,863,44,567,928,517,968,777,413,209,827,117,706,935,336,266,622,315,940,728,659,349,595,215,278,939,948,720,31,500,945,718,138,208,709,421,53,875,542,229,486,241,901,195,861,837,675,816,706,370,48,734,412,417,627,689,990,85,821,297,805,703,780,252,90,934,158,684,680,629,823,239,91,770,686,673,945,239,251,126,359,568,3,98,67,461,893,609,687,170,703,95,118
976,231,1003,408,992,805,356,804,597,1001,290,410,73,837,618,330,24,161,212,1017,231,239,301,829,730,173,980,709,869,52,623,713,781,180,295,923,968,703,484,199,745,905,741,111,298,745,529,527,786,971,239,426,490,410,278,560,816,602,834,151,726,679,820,135,410,804,33,406,780,796,71,774,431,261,425,554,697,155,166,322,708,931,261,772,786,469,494,1012,244,968,278,27,971,1016,426,14,630,733,67,164,158,559,885,200,711,1010,71,327,151,359,172,919,748,297,971,804,834,741,943,794,948,175,920,711,282,234,792,761,261,470,985,296,866,277,660,751,551,1016,624,570,71,325,8,42,278,150,76,730,230,284
940,666,536,670,813,315,871,932,239,635,952,686,991,828,950,233,792,988,486,804,211,112,964,420,399,477,794,72,929,924,748,628,220,327,855,938,420,637,835,605,448,206,176,928,670,462,479,732,288,849,608,1016,197,269,47,320,762,479,854,315,668,941,15,599,368,684,18,952,940,812,715,64,307,231,973,645,448,952,251,284,441,969,543,939,694,36,171,708,632,952,299,960,59,423,254,287,299,59,200,160,194,448,835,250,220,918,208,222,536,506,500,845,928,856,173,956,496,673,205,928,993,427,624,158,282,25,210,981,299,171,416,951,991,981,20,392,854,192,351,257,17,20,496,27,673,919,460,500,496,205
708,229,786,612,604,649,169,70,249,889,342,818,968,546,593,577,87,952,173,527,498,38,824,249,501,133,908,909,270,335,386,283,711,872,887,926,435,891,784,880,66,374,501,617,20,527,908,346,1000,331,446,113,615,281,599,89,196,392,199,54,713,20,663,628,91,591,774,609,870,790,159,775,804,281,905,71,588,438,248,775,386,679,363,264,285,370,361,358,54,776,591,334,648,398,116,281,513,936,669,406,105,502,783,404,589,173,373,874,657,372,1002,904,436,261,121,206,781,711,497,158,761,162,695,381,261,535,1000,173,774,965,200,398,604,568,105,483,636,628,441,449,940,532,648,573,666,618,53,375,762,917
551,152,473,983,441,175,969,895,956,208,717,754,182,824,680,565,139,755,498,258,627,991,737,184,778,143,157,710,146,55,281,492,153,691,972,359,551,705,146,146,267,815,190,704,753,895,523,548,402,432,705,47,812,829,84,703,867,140,717,782,722,722,903,887,819,855,398,495,565,5,717,723,435,518,575,563,707,713,575,601,667,316,733,641,704,878,141,146,683,536,207,30,672,175,1017,729,470,700,884,324,430,706,1022,760,301,180,528,770,514,722,445,465,764,985,728,245,496,488,275,722,174,716,304,1013,360,589,738,13,967,514,624,139,560,342,830,214,895,745,525,278,808,886,641,4,569,166,973,147,671,199
56,211,14,135,1014,552,313,165,618,185,311,201,966,976,279,36,224,499,381,388,938,477,620,260,654,537,803,620,181,37,651,647,523,37,135,622,123,313,763,357,704,710,772,956,1010,198,341,17,153,519,740,256,614,1015,842,572,905,923,669,771,260,346,776,515,910,999,763,663,297,839,445,782,252,17,924,1004,189,764,966,376,892,820,189,647,503,612,699,745,129,700,558,33,261,149,54,688,983,616,1015,523,964,175,893,829,377,656,586,859,985,168,162,282,912,772,866,272,282,245,37,692,175,170,496,1,233,669,861,0,146,733,810,856,637,422,672,820,187,808,575,786,70,971,356,772,179,746,1016,836,715,526
361,793,905,2,481,595,50,460,953,943,956,871,626,528,883,461,714,942,390,474,26,238,992,914,459,771,385,924,774,412,1005,494,458,348,620,385,907,910,414,637,361,627,600,327,277,448,848,966,60,102,459,955,369,854,35,552,352,668,676,905,631,586,118,420,878,643,445,904,550,243,914,132,133,629,449,886,922,766,587,254,344,458,243,246,508,422,149,755,573,617,955,700,545,132,481,345,626,612,575,6,1013,734,203,500,187,44,381,550,301,760,396,75,53,843,402,849,684,908,654,499,896,11,330,1010,160,417,350,958,163,95,726,18,481,458,166,160,913,630,897,386,787,954,945,793,883,592,916,953,373,754
214,160,689,800,649,351,256,892,742,464,139,381,449,484,175,137,545,718,659,164,190,813,300,175,692,847,943,431,638,721,574,96,736,702,382,538,1007,209,892,727,672,527,365,175,322,685,838,318,639,641,753,444,181,49,251,181,203,258,746,612,738,878,338,978,534,830,385,655,710,582,420,480,37,318,608,651,702,830,320,909,800,684,718,880,696,945,843,559,667,964,616,591,785,526,365,622,68,976,35,385,651,272,884,834,674,1,159,15,907,177,702,31,609,607,742,644,114,766,242,468,32,892,674,76,95,524,610,858,849,159,702,693,888,702,892,866,75,512,655,832,146,179,410,214,945,638,842,366,84,577
11,680,846,139,807,860,391,790,237,943,882,270,578,792,955,890,724,47,936,252,50,11,422,872,470,426,952,39,1009,962,28,537,814,756,4,501,675,507,834,473,964,1020,41,464,852,727,53,709,648,474,814,473,183,217,268,613,238,11,941,133,648,456,508,402,597,171,9,783,452,322,324,449,556,360,680,756,559,9,936,455,205,409,843,648,261,232,585,394,592,609,619,361,21,956,504,647,891,756,374,152,939,749,793,166,636,437,699,1016,485,834,764,216,32,840,187,65,40,500,532,644,211,473,587,624,708,33,653,709,142,770,166,760,943,936,502,499,918,197,7,560,373,950,10,15,840,188,370,480,107,756
503,392,405,486,497,88,817,765,574,113,651,600,813,573,517,309,224,923,598,277,708,977,718,232,563,309,38,702,463,818,822,594,736,406,994,321,395,475,458,613,986,726,931,448,394,567,22,748,486,489,233,264,969,651,261,789,373,110,279,1013,745,734,242,388,170,293,821,562,736,797,554,232,734,384,267,935,489,97,415,657,44,849,240,488,929,372,393,296,586,394,520,110,471,926,813,852,431,907,575,275,720,133,679,11,261,947,199,76,453,27,384,394,426,54,741,797,94,418,181,748,488,90,213,928,458,727,805,718,228,493,726,775,85,814,778,318,430,1020,86,261,965,649,722,934,787,490,936,375,98,814
192,331,67,417,42,536,649,89,856,915,427,392,754,83,706,915,657,58,562,28,594,1014,808,22,691,524,1,322,1008,341,666,28,969,622,298,489,149,315,883,521,1,704,1007,843,773,361,66,841,579,882,907,449,321,687,684,715,638,554,577,723,892,876,898,61,810,860,449,148,889,802,307,562,140,35,920,994,711,6,450,139,711,517,588,147,445,905,587,206,797,1003,549,539,871,892,707,595,972,92,676,22,690,872,776,543,140,922,947,579,591,185,510,428,163,882,125,808,2,915,139,687,206,432,444,540,787,715,494,594,449,661,340,969,811,358,465,705,875,900,178,183,754,423,477,648,20,846,195,300,687,697
792,479,807,736,85,566,968,599,665,907,915,579,833,15,807,975,880,879,217,679,874,839,729,209,431,211,198,748,710,89,884,225,979,410,17,394,358,412,70,711,337,672,327,977,236,501,398,138,985,110,489,198,11,531,71,849,822,855,927,837,166,874,1023,935,870,6,722,418,339,237,1000,606,151,922,878,935,837,472,518,235,89,357,828,950,606,53,797,683,734,580,814,896,203,879,787,507,786,736,349,924,823,687,820,163,810,635,61,738,838,361,250,317,468,879,818,494,757,414,902,793,280,878,891,194,105,467,313,299,408,583,53,890,826,524,981,671,455,495,843,757,623,799,345,723,162,595,575,793,908,744
134,808,122,643,356,360,328,322,562,408,377,578,666,785,188,438,595,638,803,348,678,543,311,380,619,363,360,828,590,261,320,131,948,231,239,428,788,325,825,418,809,360,383,599,88,759,933,353,197,320,746,58,196,366,381,158,135,343,290,442,808,448,948,789,455,223,92,933,759,650,564,600,647,765,1018,187,951,955,636,619,217,837,637,146,268,564,301,752,221,236,359,637,461,681,624,900,873,352,558,552,373,298,373,604,325,442,326,412,481,326,619,280,318,955,292,863,764,237,595,598,957,73,668,251,394,361,23,814,379,776,381,428,892,342,416,658,411,453,361,268,929,360,404,397,428,510,428,228,844,367
683,405,736,281,682,673,68,996,423,510,438,358,150,618,920,592,406,623,343,870,936,743,920,160,166,615,1000,948,791,661,142,837,210,881,402,612,590,474,217,705,676,607,410,678,677,948,288,842,152,479,922,91,967,778,924,870,914,496,161,838,222,436,566,362,519,716,919,218,934,616,938,558,914,172,1003,346,836,154,507,666,629,151,489,729,141,165,811,851,1023,682,475,278,747,301,785,457,728,793,890,741,101,547,995,911,669,927,154,82,632,914,171,922,31,868,682,533,741,654,774,14,857,122,144,719,160,913,660,286,218,608,192,93,438,890,31,460,346,709,144,338,167,30,146,658,842,868,171,672,196,339
931,27,163,320,34,789,403,434,400,999,328,877,167,925,625,631,43,834,294,591,376,932,23,767,602,777,58,540,905,850,852,517,525,422,836,870,408,159,296,261,17,70,960,287,944,364,540,164,31,1003,431,299,1004,540,412,861,952,91,889,376,96,877,293,269,975,635,213,276,830,104,64,119,863,492,376,924,924,621,415,179,863,108,1010,32,864,253,364,337,125,895,811,619,430,736,98,864,337,464,588,848,320,770,662,953,400,535,791,839,774,280,515,250,248,464,898,294,364,30,581,924,831,96,927,636,186,319,213,876,921,960,187,313,848,160,880,952,320,622,824,834,941,17,670,662,789,711,278,941,116,320
204,173,190,680,940,989,470,30,205,876,623,680,483,365,126,850,929,243,467,239,1021,415,843,150,662,129,323,779,876,676,1011,658,90,94,435,952,804,190,218,68,188,656,131,660,187,746,202,529,435,237,197,124,170,360,515,56,879,879,225,350,703,598,69,162,273,814,138,879,499,142,421,671,989,176,941,86,495,713,450,632,381,650,115,859,623,313,89,943,310,190,636,627,961,703,605,134,688,190,985,390,559,731,828,521,300,285,629,341,145,7,731,685,809,599,869,29,941,650,788,821,873,367,225,128,96,131,164,684,806,534,287,741,672,142,167,738,566,0,1017,499,674,987,868,608,598,508,1006,145,89,89
708,655,164,221,876,846,1010,165,955,169,591,229,351,867,178,236,154,241,761,875,774,663,700,150,749,705,655,561,141,973,36,815,945,419,469,497,844,940,522,845,520,524,845,164,525,917,317,981,471,1016,604,340,505,445,795,105,4,495,691,754,93,644,841,84,245,866,41,281,622,629,182,653,305,185,853,980,8,647,1,714,250,628,685,888,613,3,489,595,725,945,508,864,467,539,472,533,7,845,529,987,628,1011,694,606,919,162,402,1020,331,514,697,927,228,950,4,36,489,236,399,186,975,351,748,42,438,1017,596,605,336,19,865,121,502,555,709,539,734,845,562,738,212,852,946,980,974,837,183,676,241,217
546,375,664,341,526,806,946,363,267,32,870,276,801,646,197,851,234,163,790,258,122,393,344,897,363,44,70,559,787,912,136,239,555,694,470,104,786,630,677,122,354,76,82,669,650,965,105,611,457,330,600,424,143,782,664,826,138,267,969,450,611,123,871,139,187,14,121,455,675,444,854,653,118,34,452,123,27,376,857,354,376,974,356,519,309,796,756,969,7,251,692,533,650,166,122,107,692,894,611,439,840,953,344,894,106,356,488,86,158,14,4,139,349,807,115,968,890,697,593,29,8,858,728,229,214,852,935,985,98,634,98,118,89,677,944,654,886,371,114,654,581,167,839,67,513,468,666,344,129,744
840,844,312,1021,683,79,881,29,294,951,813,462,590,992,875,614,972,273,635,504,180,201,123,1020,582,638,76,68,103,870,191,163,258,979,174,680,763,386,841,979,258,183,789,170,31,552,213,947,379,638,287,179,241,778,23,996,964,763,391,70,160,882,238,959,195,402,396,905,915,657,940,656,22,537,388,102,509,355,861,663,322,902,163,604,390,1008,1008,1023,663,989,442,55,61,1020,251,189,349,648,834,188,110,210,837,833,578,344,788,891,115,527,689,1004,706,418,761,924,860,240,27,411,184,911,544,616,841,755,823,824,664,162,412,866,785,198,152,932,271,970,932,123,242,876,541,945,249,258,770,834,283,444
88,982,146,158,952,738,43,74,41,932,48,237,117,77,979,697,859,918,681,25,953,156,338,82,417,107,619,218,954,866,649,1006,699,254,172,133,666,772,351,606,205,139,736,74,45,958,1010,909,10,945,178,968,377,682,302,925,869,470,165,5,7,113,489,801,106,77,41,587,882,925,421,699,142,905,501,657,495,184,45,949,628,234,323,897,669,184,413,764,925,996,541,485,921,611,383,113,397,509,913,415,661,716,759,96,718,785,730,909,751,657,140,411,803,170,669,169,225,939,746,617,109,920,14,926,260,693,297,1012,229,46,925,41,417,10,473,425,215,901,133,980,378,810,234,750,633,195,56,863,341,282
87,384,992,928,218,134,297,7,724,1016,590,600,1002,472,380,626,1016,390,53,432,908,722,641,858,422,123,417,634,558,770,357,362,673,11,942,587,382,637,269,564,320,554,127,898,914,271,490,98,151,159,937,191,852,81,261,878,578,325,635,822,625,617,1001,928,173,837,970,911,614,135,598,132,698,281,666,519,954,119,966,273,536,263,762,59,1002,448,709,427,884,649,159,177,1008,363,174,103,124,120,114,250,517,75,874,602,1015,459,362,326,626,372,570,155,256,719,361,634,582,416,233,118,544,513,602,570,920,802,997,587,271,352,578,52,244,591,742,75,704,859,26,714,167,584,635,170,648,134,261,637,374,822
450,980,499,256,443,373,429,986,930,498,556,468,139,31,676,488,427,505,404,363,238,720,649,456,908,189,550,728,319,681,785,685,356,292,238,451,68,17,56,552,523,623,667,556,319,363,95,511,256,751,196,452,319,940,984,181,333,964,876,11,7,63,695,495,874,57,397,556,918,998,452,536,559,874,360,908,928,1013,494,641,492,1004,661,419,868,164,892,277,456,488,479,429,495,464,168,38,692,478,586,1012,548,495,629,918,261,429,617,620,859,880,684,867,540,419,94,429,575,932,637,917,588,453,756,464,421,316,906,840,479,856,729,626,190,82,21,658,671,767,575,247,529,697,972,277,588,460,490,360,779,388
240,91,324,473,304,391,252,27,992,156,708,511,511,509,506,742,314,24,188,985,453,285,647,897,913,579,832,1000,620,940,968,289,670,129,386,508,449,955,88,976,454,197,831,1008,256,163,898,504,501,702,974,749,238,647,204,766,282,1016,310,993,248,508,247,189,1008,555,270,484,1009,629,312,866,1022,254,465,319,892,750,1008,177,65,184,662,510,24,137,227,832,992,672,508,643,265,518,143,478,145,271,835,579,481,779,894,149,988,997,207,578,555,911,259,17,964,917,540,454,696,102,273,65,293,380,273,797,763,349,545,574,704,651,312,690,255,579,516,251,783,69,462,881,270,209,702,400,958,116,655,510,253,974
939,778,995,459,993,814,867,303,197,391,343,966,918,312,234,425,1003,436,218,434,997,243,108,939,1017,58,818,1021,232,616,169,233,639,619,611,582,923,1011,984,855,474,1003,363,570,434,205,984,530,166,933,552,426,380,1001,967,18,705,288,409,989,69,977,601,885,799,565,494,101,668,216,939,243,91,37,246,689,711,410,740,664,318,502,220,438,41,405,1011,563,639,895,352,503,416,10,994,871,966,198,857,867,871,53,930,838,866,134,407,147,612,85,147,698,900,197,363,864,867,37,967,239,418,930,673,874,855,703,147,806,937,459,737,948,139,385,818,970,783,1007,150,12,228,750,547,875,426,907,1001,994,230,995
238,832,767,693,925,157,953,1003,19,42,200,959,881,814,659,726,758,189,92,415,104,925,378,73,923,828,441,291,4,332,361,75,258,778,164,196,92,110,109,601,927,229,758,898,968,2,229,941,294,618,740,956,4,676,221,669,769,372,414,401,720,946,257,880,788,101,893,474,288,925,956,618,541,884,246,225,513,763,811,145,928,177,299,889,113,141,116,791,304,92,227,12,172,222,386,684,218,296,913,838,505,577,153,163,87,194,924,719,827,957,114,788,141,599,160,220,674,448,921,551,752,487,255,42,79,233,232,366,468,4,316,725,318,922,738,299,249,228,897,103,926,350,657,381,48,97,715,161,790,225
1018,757,1002,74,455,903,634,368,549,151,647,139,189,629,916,797,133,380,796,267,1016,60,175,352,135,1018,600,26,582,191,1005,183,907,630,69,79,101,770,615,902,576,614,513,45,898,351,554,261,171,587,21,594,908,511,606,708,442,917,634,896,447,133,615,231,209,451,136,918,173,610,256,66,645,440,664,117,135,636,630,726,635,389,715,686,767,927,635,395,359,351,899,156,605,1000,686,746,127,917,694,554,59,437,1007,422,520,645,213,857,900,1008,443,155,907,590,392,634,131,928,47,376,536,171,349,905,23,746,976,966,582,635,143,766,635,743,605,737,376,962,1004,143,139,637,913,970,968,645,139,922,183,376
127,290,16,103,356,589,29,463,940,920,797,44,695,363,476,503,298,608,441,744,373,943,226,183,466,990,844,940,499,732,501,990,923,306,886,767,191,491,588,889,228,867,211,713,277,650,887,988,349,808,104,964,919,26,455,908,4,101,234,414,173,484,949,110,680,501,323,920,650,684,604,527,478,0,335,783,317,767,479,742,826,790,880,331,621,26,344,446,184,982,31,4,497,141,468,920,511,498,468,649,872,78,490,534,661,996,220,575,880,8,476,224,843,868,84,45,437,429,503,717,839,478,980,501,1,721,402,751,619,677,215,53,909,452,516,684,913,954,271,231,357,987,7,487,299,994,401,387,235,1
454,764,384,960,495,1017,1014,188,442,510,239,140,970,496,109,521,510,267,574,394,193,1013,750,179,362,571,529,158,688,139,737,953,876,506,35,581,974,140,1022,559,574,51,281,469,317,772,163,243,556,127,289,1017,412,909,107,675,62,706,732,963,171,637,635,508,492,783,517,1008,989,462,515,157,814,848,750,646,960,276,429,252,995,397,542,980,798,506,504,14,523,555,317,527,254,697,269,1020,13,769,932,319,238,461,5,1016,1021,510,523,72,496,68,269,280,846,61,97,133,772,398,1021,473,924,337,61,1022,352,982,964,453,986,400,660,793,545,454,668,281,574,481,994,1021,555,767,448,448,474,240,145,319,480,182
775,832,889,115,293,22,24,893,792,994,229,939,409,394,787,830,199,741,487,567,997,58,984,809,706,906,552,841,500,160,235,109,486,671,471,61,40,563,603,500,709,827,551,733,999,568,253,1017,723,28,94,988,58,151,158,227,36,971,230,403,683,547,988,32,506,617,1021,818,840,940,594,851,343,213,869,822,994,1022,419,939,907,146,745,997,1000,263,233,832,434,252,1013,491,1011,595,35,612,791,831,98,566,528,493,926,938,158,922,213,922,924,216,897,201,920,21,979,288,105,855,288,306,901,809,995,993,803,727,261,119,945,156,790,483,872,6,745,384,995,933,593,985,683,585,312,565,234,431,906,199,247,511
367,97,781,657,718,693,664,168,166,520,550,178,539,396,568,60,969,334,392,1007,139,714,525,453,628,357,566,416,607,531,83,949,979,451,367,684,808,338,372,1014,565,170,1000,614,906,390,232,387,420,652,170,463,38,508,173,291,337,842,232,966,367,406,943,880,16,727,564,565,679,212,664,137,64,131,1017,664,729,384,471,981,297,101,155,504,42,172,310,1016,48,467,783,166,414,782,725,778,565,980,934,400,232,282,660,283,693,235,890,308,29,464,711,761,309,693,375,767,344,628,102,690,525,1000,232,573,884,621,729,1017,617,1023,781,467,408,679,358,235,532,362,354,761,42,403,361,903,745,164,799,227,410,649
473,674,532,386,550,129,72,292,475,667,123,314,657,870,868,612,22,471,250,684,902,66,26,337,275,35,470,473,178,843,158,257,420,10,648,58,710,167,226,307,120,629,855,306,857,101,569,147,713,569,113,963,378,774,306,58,246,968,164,297,975,154,308,901,377,228,114,763,58,310,290,237,779,667,686,259,314,439,444,360,136,718,394,449,774,256,357,942,990,267,220,374,306,513,162,569,377,569,881,561,127,84,300,65,548,762,126,78,737,58,571,375,231,127,654,420,464,122,63,174,476,687,26,297,126,571,306,505,213,65,892,524,7,275,994,204,522,449,388,387,267,774,771,853,501,821,849,313,58,228
701,207,953,129,599,649,174,187,442,766,943,962,144,213,909,44,246,845,234,714,1009,593,855,431,83,992,478,398,392,531,816,440,604,409,653,565,485,445,162,759,221,87,940,178,431,569,429,899,575,878,852,526,321,141,465,66,589,832,743,255,527,938,914,816,917,29,910,875,71,784,936,332,957,629,617,631,255,948,698,623,342,906,238,743,846,863,313,787,610,399,494,403,641,656,272,443,282,431,40,539,995,527,617,905,318,78,65,176,375,949,176,286,995,978,74,631,581,661,183,635,969,176,693,365,845,73,848,727,241,548,641,521,718,579,895,845,500,816,545,876,597,205,617,797,91,162,16,641,704,66
431,265,594,419,111,265,375,835,128,80,258,579,838,888,42,750,718,721,850,74,9,939,145,526,992,932,680,221,692,578,701,45,283,420,386,501,108,478,24,201,638,769,616,346,932,259,963,833,196,634,655,373,909,878,681,939,752,763,196,818,874,430,630,819,106,52,577,306,465,627,422,418,67,753,897,579,113,156,286,297,331,322,902,826,604,798,884,339,788,312,431,923,354,842,862,386,137,716,942,33,105,260,33,719,279,933,115,618,742,449,263,783,1,717,630,720,862,400,13,337,274,308,913,335,849,787,406,942,576,398,194,123,834,156,355,798,49,882,628,207,283,207,425,92,557,589,347,819,723,336
597,803,165,758,821,157,371,973,741,113,87,899,809,245,754,833,557,310,557,785,319,881,544,800,181,564,287,669,15,657,741,973,820,62,801,876,780,747,992,349,46,31,920,754,723,959,865,973,891,29,238,245,128,128,820,992,556,909,334,235,953,814,881,338,799,883,881,310,801,523,268,836,1007,125,880,819,320,5,959,478,720,140,1010,765,705,820,785,238,1021,492,812,230,460,374,765,829,910,528,305,716,371,382,941,282,57,434,51,862,941,333,639,14,877,307,873,801,661,79,781,33,730,883,821,118,809,819,40,156,961,167,925,245,811,973,243,945,296,460,745,737,926,879,973,831,821,397,517,800,326,958
659,386,1008,840,400,372,941,325,371,384,36,656,371,941,621,333,236,535,268,421,1012,259,300,948,800,19,268,561,979,272,558,810,868,880,18,604,245,426,889,914,850,787,687,393,328,32,690,992,21,768,915,835,272,761,896,648,583,279,211,889,524,402,981,278,886,880,914,344,1004,691,386,629,376,367,226,274,797,190,140,889,419,889,460,277,844,837,1013,272,770,257,465,726,909,652,917,397,989,992,1014,601,601,853,704,849,958,723,885,73,709,35,849,240,580,268,659,1023,80,847,275,400,85,785,906,970,660,321,18,704,178,862,310,295,927,861,940,592,941,637,419,613,627,753,605,668,957,640,261,868,222,499
572,676,412,863,858,915,347,878,747,612,732,815,560,469,827,473,811,451,180,820,363,263,46,89,135,399,165,297,352,307,303,46,164,352,831,105,314,222,919,479,705,191,253,791,173,403,66,135,863,969,137,127,76,874,292,635,151,71,81,227,700,535,711,455,990,290,847,840,691,781,470,327,975,72,539,650,363,407,265,399,302,1007,214,713,686,739,729,897,586,66,369,52,646,91,445,820,161,44,1015,302,959,339,708,770,732,123,851,733,879,214,548,302,136,177,601,900,12,874,41,807,868,689,454,200,658,796,110,875,673,839,17,136,795,110,981,441,419,709,954,213,859,647,23,362,987,6,753,787,728,366
227,194,682,848,333,998,414,939,1006,936,975,275,676,321,264,301,990,203,440,863,1001,685,203,221,839,242,662,968,718,286,920,130,91,551,207,977,49,203,908,91,178,869,972,89,352,972,1020,792,691,23,826,957,876,404,355,650,716,958,784,817,942,242,275,759,42,673,460,364,599,913,289,165,206,138,442,8,1,413,223,12,814,243,16,1014,104,800,998,246,971,36,1015,219,473,607,879,497,546,204,858,605,778,494,1005,809,828,883,852,1015,419,928,462,77,1005,179,728,758,647,254,848,960,417,359,937,262,135,29,167,908,543,804,832,773,694,518,930,968,310,757,337,306,940,216,938,60,206,710,960,74,322,1021
183,117,517,880,911,898,445,770,808,328,45,515,531,530,5,800,515,643,907,568,351,943,186,775,83,514,565,492,965,387,712,277,984,891,623,568,847,371,776,691,117,172,413,999,989,875,640,551,589,522,120,376,66,367,300,515,177,371,212,328,641,557,977,885,335,972,387,843,205,713,312,253,344,120,1012,525,205,371,745,881,1021,612,15,374,842,685,706,1021,598,727,371,982,93,554,1021,571,39,95,568,413,328,892,520,242,899,943,771,578,117,610,584,527,47,513,468,643,875,264,228,633,779,573,379,79,461,1004,75,907,287,983,89,548,1008,770,632,515,674,467,24,771,565,512,550,375,1016,601,939,930,246,369
120,949,141,466,122,653,45,1014,410,838,236,976,977,812,64,884,514,80,219,85,104,866,152,795,884,1019,912,74,355,367,893,788,602,373,63,258,64,637,42,147,163,367,281,104,258,850,406,347,942,287,501,70,106,174,862,1013,115,554,414,850,578,813,866,884,628,804,893,924,760,66,966,1009,589,1008,367,183,836,149,903,440,265,72,838,881,935,952,856,586,101,893,881,893,749,784,672,543,284,106,759,76,260,755,848,841,279,287,1013,262,206,70,368,653,793,312,934,584,723,767,751,253,119,771,373,641,555,296,941,617,100,366,838,71,109,239,853,514,781,764,788,688,607,869,102,988,63,1012,260,121,911,782
601,797,482,119,478,7,440,325,166,407,118,754,803,901,583,332,762,695,882,675,250,330,382,154,466,680,263,667,498,765,453,504,747,158,252,601,966,691,414,716,414,172,413,254,442,306,594,111,634,414,582,321,252,115,93,164,14,64,580,302,933,942,72,389,940,296,638,681,750,840,882,115,882,191,236,719,30,408,365,305,326,1003,254,239,914,413,435,805,670,806,905,167,288,691,104,552,14,134,157,674,442,130,434,296,424,349,592,578,500,482,666,108,28,656,786,310,190,682,126,173,285,509,448,327,28,237,462,410,327,210,282,997,585,349,832,442,270,674,408,996,599,365,107,717,412,993,184,580,838,378
563,276,1012,134,802,646,323,868,794,350,386,310,334,257,350,578,102,62,671,260,1002,106,169,803,692,861,546,643,345,244,675,476,99,901,786,719,253,93,318,524,99,906,987,232,769,563,442,99,282,500,987,0,544,640,225,929,907,206,650,14,286,771,862,986,119,720,931,803,911,289,610,682,794,865,254,354,390,572,351,987,545,749,753,78,582,878,656,291,144,222,738,528,705,229,414,680,732,750,382,985,538,194,861,789,555,65,1007,398,868,530,986,675,97,769,227,706,102,942,60,461,290,602,209,852,209,890,155,620,562,664,250,573,610,558,780,412,545,773,337,996,952,209,870,466,1021,210,398,985,804,294
417,553,492,33,342,564,369,476,870,473,610,6,473,43,636,17,212,853,1017,462,161,238,472,172,93,347,15,99,487,987,961,998,162,87,260,872,211,627,28,930,928,364,117,561,870,252,13,749,473,427,420,950,540,718,6,331,876,32,333,814,31,441,683,165,462,917,201,325,512,27,153,985,418,1022,133,174,1001,408,557,574,5,332,257,405,623,21,33,45,827,741,564,108,557,787,580,951,26,732,813,918,172,293,630,101,551,37,33,37,614,439,558,152,86,622,28,37,891,396,855,300,277,7,555,796,516,1017,11,269,399,495,342,841,818,567,155,37,1016,577,630,630,514,414,101,881,595,558,596,489,559,6
1010,796,752,964,947,520,812,744,553,877,332,734,734,928,639,473,487,1007,5,560,321,211,960,852,519,922,355,614,288,735,644,266,550,74,169,935,192,940,564,148,415,295,721,812,834,558,699,920,349,924,871,684,541,404,644,423,800,542,292,211,292,109,211,540,158,315,428,917,781,249,900,981,540,56,1020,293,919,377,706,294,551,161,854,475,995,812,948,854,150,295,228,503,812,310,924,675,959,527,82,721,476,437,364,223,506,812,286,533,216,541,864,778,567,408,793,524,198,628,461,412,363,766,604,906,914,82,924,551,162,656,371,404,540,353,1012,66,784,343,288,723,160,216,286,780,1012,14,470,310,851,574
493,1018,494,89,981,488,95,58,275,278,330,644,171,202,910,89,483,370,631,976,553,419,503,964,435,471,1001,50,94,80,918,1005,686,387,10,885,977,489,312,557,29,1012,740,556,685,360,439,449,264,747,718,58,137,114,13,723,411,731,790,741,557,278,147,925,298,391,472,996,993,306,830,260,439,277,664,330,435,497,410,423,88,168,97,922,1009,468,493,546,276,559,489,70,815,465,1023,714,326,907,279,13,1003,1003,662,279,220,545,298,27,1009,34,486,644,407,68,81,225,858,964,420,407,741,169,687,184,918,488,503,979,930,488,155,372,497,541,577,493,307,184,963,545,465,58,762,43,704,979,465,327,481,909
311,369,623,667,594,465,763,240,823,689,450,910,575,301,515,957,541,722,177,950,269,191,366,539,817,767,176,836,74,318,945,8,861,588,795,48,351,637,527,391,314,525,297,279,364,639,211,777,254,23,279,813,409,712,308,972,731,639,471,630,749,612,841,560,463,343,598,240,523,255,972,887,712,980,448,715,540,83,514,801,701,938,512,689,891,1007,657,396,473,618,625,695,311,361,242,643,279,343,171,750,570,79,1011,305,754,807,701,852,268,327,596,989,292,174,582,343,403,857,957,792,327,584,239,300,662,319,776,797,688,751,364,704,311,977,245,817,314,211,374,950,972,836,358,117,683,706,572,259,134,945
806,536,824,709,324,673,709,773,995,472,6,715,21,882,137,187,317,1013,455,484,438,226,391,1021,148,25,192,505,25,416,709,705,965,577,426,3,371,131,562,97,377,582,630,626,552,196,548,214,182,794,761,214,769,164,725,1013,607,6,549,646,434,40,202,137,450,987,759,118,993,226,462,24,27,1016,483,605,821,24,52,58,334,864,711,483,165,884,729,201,966,213,801,488,476,27,536,87,470,245,388,695,823,389,476,793,805,205,717,398,726,607,568,552,6,319,350,544,503,192,330,998,489,789,500,281,193,187,887,486,266,50,773,649,709,472,987,170,506,226,883,993,497,550,142,246,955,265,60,130,1021,422
335,30,259,448,71,411,606,797,845,920,817,69,912,75,107,664,766,854,723,463,482,766,374,773,125,900,693,335,928,3,273,974,370,630,758,566,54,553,441,379,21,691,919,59,318,803,726,569,770,261,529,127,501,626,50,802,350,962,246,999,489,947,378,918,105,170,79,491,924,549,506,509,463,518,962,350,926,369,456,508,247,941,718,380,900,626,387,255,275,567,694,463,369,369,1,1003,518,517,680,989,961,289,319,291,906,550,510,566,261,565,387,630,107,463,374,250,967,451,425,259,818,472,900,758,813,770,316,103,711,701,10,388,676,325,99,1009,338,403,8,68,1013,910,91,897,335,514,888,200,602,1006
729,436,864,335,59,108,920,956,666,184,696,636,326,461,954,1005,307,328,271,265,328,532,176,578,944,1011,849,628,387,428,491,863,415,507,333,242,624,454,867,637,271,862,339,0,993,19,715,82,799,696,598,852,670,171,176,606,484,908,730,634,307,686,634,426,606,313,659,64,50,419,998,324,982,42,574,307,421,904,592,310,42,532,107,993,882,178,82,411,159,291,579,783,811,303,617,826,134,973,578,579,39,912,598,338,854,148,606,511,355,906,926,269,148,778,707,459,72,997,596,259,162,329,60,148,830,814,457,231,571,76,774,578,479,519,563,658,378,835,22,914,877,639,331,625,555,461,0,506,465,823
539,887,89,307,948,45,785,49,452,54,900,363,374,20,648,337,122,108,494,152,478,274,887,850,875,462,691,312,524,917,501,33,582,94,454,567,777,824,560,827,457,571,571,52,714,238,987,549,972,542,841,743,693,317,757,953,284,297,270,611,533,710,534,564,710,876,778,392,518,201,379,358,494,14,525,652,197,712,811,216,563,860,1014,517,320,194,180,534,284,397,467,505,478,742,43,136,9,398,474,472,612,198,120,540,354,542,312,558,309,105,569,196,622,835,229,302,716,254,101,833,350,418,190,265,478,693,245,241,58,582,290,518,21,265,68,197,955,531,571,181,709,756,571,693,252,706,525,110,521,752
686,691,192,980,312,203,417,482,464,370,189,955,357,437,369,970,209,243,122,527,171,834,230,417,742,413,466,46,465,330,230,431,953,353,81,226,944,428,194,722,236,145,934,696,242,373,8,273,236,912,209,976,820,466,30,854,485,532,670,244,925,972,322,521,1000,211,465,36,948,86,1015,313,166,722,82,18,683,670,723,221,1001,273,403,913,595,499,990,857,652,210,297,533,470,239,75,1023,737,315,722,612,934,476,321,50,820,267,367,354,871,308,411,574,206,172,278,913,676,176,482,929,935,897,1006,754,646,954,612,213,984,219,906,593,439,176,303,682,152,947,671,418,528,209,402,1021,462,258,466,214,255,123
309,147,843,799,333,221,820,885,745,885,409,323,449,340,891,277,101,484,779,33,884,310,884,674,895,607,541,252,972,891,580,67,131,251,634,524,884,1004,1023,156,257,327,70,344,515,620,727,637,910,462,693,594,6,55,61,345,29,211,877,524,746,976,354,313,237,884,494,493,466,518,1,608,474,200,207,789,33,333,705,367,145,427,788,451,683,134,502,70,135,769,1021,259,732,308,551,868,269,192,491,956,956,33,609,822,568,43,198,185,35,442,0,61,393,12,609,733,604,206,96,914,637,14,27,474,653,301,94,822,221,251,1017,964,996,217,417,38,269,409,204,881,887,860,9,238,51,176,1013,354,984,335
6,131,581,946,101,510,347,100,580,907,576,177,633,131,158,59,417,850,3,293,611,869,115,55,475,148,70,85,820,1003,122,522,428,90,549,933,149,875,605,5,126,988,700,292,913,133,57,11,240,863,841,85,743,901,878,837,549,919,261,260,722,799,574,84,139,875,935,637,39,842,477,222,149,324,46,263,837,60,84,574,870,147,433,420,707,70,970,435,1011,1022,641,90,900,138,46,917,432,464,561,1012,836,222,286,580,7,94,325,873,729,557,862,716,853,491,597,126,462,881,869,812,958,486,433,862,14,674,406,793,281,955,580,833,908,353,126,468,581,85,853,931,130,588,489,873,1012,13,985,649,635,539
344,108,281,68,791,421,979,6,36,252,416,119,198,987,224,147,219,64,422,929,73,258,943,162,84,864,480,752,131,635,72,310,290,27,734,1020,114,766,310,126,202,262,633,388,720,287,394,404,392,268,892,221,641,152,237,68,219,906,860,417,480,102,812,441,42,511,44,168,4,530,920,733,416,902,480,185,64,755,66,668,136,287,143,416,339,32,738,724,406,785,152,83,270,506,185,393,713,102,88,133,32,596,788,44,303,763,98,956,585,882,788,246,208,158,600,4,153,788,66,426,636,736,378,169,958,312,260,220,249,50,671,496,798,664,180,384,168,490,90,237,954,878,108,829,792,160,1007,68,246,984
582,24,235,292,405,529,339,54,418,666,1013,376,207,569,497,308,106,316,942,827,197,553,308,225,292,789,1019,316,982,937,175,548,234,553,746,86,658,726,440,629,111,567,978,976,207,278,413,41,85,292,739,727,303,333,940,422,106,36,131,676,8,597,320,938,182,457,960,734,297,961,377,54,343,513,467,387,447,447,3,297,292,899,128,597,358,278,724,247,579,165,365,501,244,344,730,982,405,45,85,984,813,343,825,754,571,207,489,300,662,852,501,618,965,37,693,321,899,47,580,357,174,604,54,107,485,780,347,506,804,592,300,191,532,124,80,791,292,755,299,864,963,294,466,859,297,358,576,550,891,293
699,276,734,369,904,207,372,753,232,114,1004,679,229,279,1011,220,730,770,118,783,973,671,887,86,883,374,923,611,373,104,69,999,834,440,500,1012,595,902,655,685,730,242,344,313,285,895,1,588,378,122,340,376,21,813,193,431,11,646,796,842,933,947,873,983,572,911,947,766,372,333,769,507,239,371,666,24,909,947,1019,224,67,909,613,367,338,111,986,925,983,886,447,83,181,813,720,783,517,444,941,852,369,898,905,611,943,114,5,751,883,117,47,273,424,282,293,230,914,226,240,895,589,580,199,630,895,912,65,682,633,877,446,65,439,947,579,835,547,905,952,893,893,612,104,485,952,303,112,374,616,966
906,433,542,643,396,662,751,742,220,679,306,194,970,154,575,347,493,1010,1012,53,873,195,809,163,517,631,758,779,507,435,53,134,19,176,33,507,250,387,991,978,50,678,874,125,90,781,913,349,509,985,194,773,713,33,677,381,323,1018,962,145,828,183,137,524,183,227,426,369,974,291,673,331,666,76,634,841,313,253,300,762,305,271,10,771,529,974,146,650,549,476,365,243,525,34,481,493,34,759,992,315,475,586,521,808,523,691,862,602,873,735,318,831,1005,295,803,996,638,324,308,878,749,541,507,138,311,177,886,75,44,763,194,907,9,523,1018,34,524,509,8,503,885,871,369,713,341,841,400,52,408,371
946,383,890,642,368,33,55,3,124,251,583,1,632,446,78,389,636,371,280,752,320,971,452,971,321,175,727,727,1010,636,893,372,380,883,762,3,355,321,504,323,639,123,924,553,927,761,728,963,516,613,640,265,888,545,720,1011,93,346,372,262,124,638,68,669,819,906,333,887,888,431,447,374,441,888,636,970,551,608,772,632,685,31,704,120,118,383,947,521,386,991,632,666,576,932,915,8,585,949,727,631,512,824,747,213,567,637,375,346,442,932,131,298,512,598,548,875,494,932,940,321,835,696,948,906,632,30,12,42,589,543,326,287,335,912,345,7,402,71,20,324,680,455,426,20,612,764,434,1011,516,267
727,449,824,538,295,549,260,143,667,267,548,56,513,992,263,340,445,389,848,88,772,824,396,608,650,255,709,351,276,330,480,858,869,634,505,272,184,645,186,538,451,66,344,307,786,444,497,231,366,137,744,355,785,797,141,296,312,167,216,100,312,264,828,143,515,134,394,449,679,203,959,522,280,32,779,141,36,374,567,826,1000,476,888,368,792,276,31,477,864,132,519,116,340,480,407,522,820,495,743,388,297,820,27,308,150,299,388,665,413,876,775,1017,674,660,765,813,781,118,376,896,607,424,46,394,527,24,324,836,775,376,334,971,46,480,356,654,484,474,284,345,372,308,709,224,494,866,312,871,179,829
633,476,515,58,22,230,135,979,230,106,954,724,239,61,876,870,888,434,339,501,79,9,9,692,230,595,191,94,408,889,65,469,294,130,550,6,650,471,545,939,755,649,358,974,256,554,290,670,36,215,633,40,834,0,190,220,873,353,984,63,650,6,19,754,436,34,225,34,529,420,107,939,529,1002,610,937,10,146,890,835,966,413,290,709,247,749,6,974,171,149,497,34,161,36,269,631,369,211,63,429,766,63,668,645,240,118,130,964,473,367,310,353,973,833,569,867,816,161,641,994,288,208,221,315,346,330,2,0,257,20,662,149,661,761,34,549,455,701,249,507,907,674,258,332,223,476,993,982,876,993
603,958,245,103,797,258,985,10,322,595,281,618,926,781,526,276,17,806,781,441,563,229,82,134,254,206,497,92,89,33,186,539,942,367,469,593,625,841,140,241,181,273,854,810,206,539,625,859,680,221,590,543,275,366,975,613,318,926,20,681,372,548,545,677,749,845,601,229,589,613,150,176,467,262,249,162,883,846,142,179,677,602,272,86,245,306,467,886,229,693,357,467,395,782,192,949,156,109,445,686,228,120,440,548,494,81,813,172,436,373,821,358,806,589,276,158,909,558,305,305,309,179,466,467,416,851,228,205,885,813,961,204,686,309,131,467,238,301,916,898,142,273,422,896,400,182,704,222,593,148
206,684,210,693,1013,526,210,812,11,99,671,924,700,940,422,209,815,125,345,95,174,943,220,739,985,694,945,363,300,682,174,72,328,503,979,511,735,563,411,320,64,971,932,640,152,947,244,172,74,44,496,761,980,733,668,570,812,999,652,2,282,496,1004,945,708,221,238,66,910,212,273,711,72,222,20,997,938,303,560,568,916,291,490,134,210,805,173,99,228,455,82,735,650,325,228,257,963,357,874,174,813,669,386,972,890,193,166,550,164,960,288,672,220,963,95,217,753,214,10,450,667,112,193,42,214,736,231,143,613,692,671,897,672,222,951,164,709,505,949,55,674,301,157,28,938,214,139,81,797,399
613,280,829,873,114,196,200,762,524,971,274,71,556,180,378,764,531,304,820,636,763,26,728,310,621,397,253,792,763,762,989,588,286,221,929,114,740,630,200,86,276,493,235,181,756,776,148,740,829,555,708,876,318,638,868,722,44,796,202,762,116,924,513,812,381,179,512,219,102,743,120,3,823,260,730,368,653,243,652,895,993,722,96,865,764,248,529,547,765,740,309,211,172,101,645,728,200,260,786,837,203,52,254,937,799,253,808,251,894,274,1011,217,668,564,530,357,172,179,715,776,829,203,516,448,530,796,215,911,103,891,688,216,604,460,71,741,180,499,226,700,455,50,407,874,480,80,724,314,211,267
766,509,213,132,905,53,571,733,408,132,532,355,455,287,45,766,548,522,837,996,216,673,92,1001,969,753,1004,147,217,42,521,809,794,299,521,355,755,713,41,557,763,135,527,32,969,8,5,627,753,536,514,522,410,471,968,517,831,301,58,704,438,578,349,501,165,745,549,745,569,1021,135,407,625,37,965,317,824,710,4,713,763,319,628,780,685,258,15,838,454,822,839,745,512,547,467,729,507,541,194,969,715,614,1000,541,414,6,45,5,862,735,578,275,305,826,525,538,956,565,136,524,255,348,202,626,773,965,472,137,986,454,182,753,746,134,890,491,713,779,471,838,527,705,667,399,178,603,754,182,39,1017
15,54,258,708,662,28,916,438,581,779,284,548,22,752,551,935,742,519,745,712,1017,201,276,192,779,548,664,488,205,815,235,839,581,82,759,614,146,975,282,632,759,821,484,436,457,413,26,980,276,1014,502,877,982,935,18,790,826,154,484,943,963,1002,901,315,153,968,615,912,744,758,980,251,589,388,965,18,184,974,995,462,439,614,442,838,699,191,152,282,286,796,249,980,397,146,678,278,546,916,621,779,498,456,598,1000,634,346,250,14,250,759,307,826,797,54,532,708,1006,418,231,475,397,796,132,594,598,18,400,608,143,980,488,762,715,820,597,805,918,20,234,52,433,154,918,883,826,68,210,591,719,284
621,482,999,36,290,210,458,389,434,722,938,702,487,555,645,140,789,180,103,798,512,827,663,954,80,805,624,652,39,349,445,272,43,442,168,52,195,160,760,262,49,453,388,75,341,820,693,388,663,293,81,140,332,279,671,213,613,172,473,92,140,133,319,628,703,290,112,999,346,216,929,722,434,860,595,533,5,204,434,387,167,946,530,948,225,729,622,139,332,504,682,971,418,933,164,391,290,161,919,638,68,253,795,279,680,32,741,184,174,232,68,578,632,100,100,539,263,741,17,180,892,231,30,971,176,96,420,23,210,31,736,430,946,236,600,686,412,977,290,750,749,172,228,216,68,1003,303,232,48,290
556,459,731,340,492,900,842,697,15,696,271,963,377,686,412,945,446,436,130,648,884,146,760,754,728,629,617,964,584,156,481,956,171,536,395,642,978,226,962,224,552,356,361,160,460,19,589,427,377,805,20,864,859,383,978,155,877,608,636,975,482,312,306,643,601,154,158,922,531,304,388,729,957,255,1018,647,119,916,572,157,710,450,505,787,674,388,295,701,396,156,260,189,693,633,252,441,856,510,585,351,395,646,47,511,384,968,672,158,155,469,824,673,441,18,510,998,93,967,252,760,1011,868,914,925,761,50,115,72,925,691,672,674,259,55,579,647,418,271,99,1014,587,1007,983,868,365,608,431,864,972,132
15,628,227,92,725,88,666,610,597,278,200,601,613,577,749,185,721,204,280,239,42,392,105,276,649,282,775,618,479,34,728,277,607,107,765,429,341,888,220,944,352,337,18,465,490,641,644,293,959,807,18,618,711,852,657,810,773,273,304,140,732,605,29,43,719,295,279,277,937,216,657,733,815,355,494,262,604,975,32,627,851,322,704,356,744,312,98,1015,613,807,308,615,265,465,430,717,277,248,697,706,263,610,975,453,798,620,1003,688,100,623,528,620,620,4,641,601,63,671,734,569,905,810,721,48,38,729,602,899,344,610,441,6,133,814,732,8,344,455,1010,785,37,754,43,69,978,659,1004,129,606,761
944,129,405,976,932,410,278,981,839,1002,124,797,609,410,838,502,1015,187,436,839,448,847,165,971,513,157,388,492,785,777,742,762,951,181,213,27,455,689,832,559,296,581,318,770,234,1004,298,976,473,85,180,161,874,208,951,923,971,398,586,1015,475,445,68,805,490,1014,1007,549,539,864,683,20,670,434,858,759,981,856,274,18,474,752,572,165,165,980,574,455,438,731,466,154,962,539,981,839,4,883,172,5,404,953,149,456,370,574,476,442,755,935,138,708,490,567,347,542,171,980,165,148,908,394,466,926,240,868,667,85,545,887,984,635,190,834,750,1019,22,701,586,146,120,133,159,954,517,168,648,557,780,822
942,347,55,145,884,162,134,590,958,227,678,144,328,302,336,344,149,475,133,975,144,930,69,606,758,64,608,112,122,164,339,468,465,859,281,614,682,495,285,614,305,418,761,108,347,540,923,200,173,94,696,994,325,910,42,920,302,172,673,672,931,528,201,169,225,615,81,593,1013,347,152,126,82,729,492,701,162,681,69,160,188,138,289,359,200,467,740,408,541,203,857,922,224,17,697,269,714,200,741,801,409,216,612,611,949,169,684,355,38,327,422,861,97,603,737,200,678,740,324,32,157,287,400,927,19,689,424,711,611,57,334,202,197,131,175,412,593,16,968,717,609,612,930,750,970,570,169,614,32,887
859,287,54,229,1011,195,1021,23,657,38,1018,295,904,822,53,326,260,260,856,355,511,330,410,665,783,578,26,125,231,758,838,632,929,226,866,600,776,229,765,997,934,782,873,391,382,992,193,782,579,665,824,831,22,838,254,218,397,227,890,753,246,814,351,830,430,61,434,1016,289,636,884,313,662,816,105,125,847,985,331,730,701,282,326,387,864,709,323,442,164,624,511,583,316,202,301,7,796,858,26,317,345,838,771,265,305,134,892,196,295,836,896,813,340,250,442,186,120,313,18,200,532,27,1012,1020,979,621,643,830,1012,1022,907,399,318,349,580,836,351,398,88,203,652,297,0,346,87,913,709,602,900,330
898,399,986,230,76,725,440,394,733,935,76,934,229,932,134,241,37,869,881,863,331,854,417,390,742,218,727,883,38,821,414,415,934,940,835,525,739,479,61,320,425,959,656,825,937,861,351,74,982,148,934,541,37,512,866,331,300,564,225,357,311,977,1007,895,1002,898,876,95,986,277,926,849,61,65,515,409,726,568,978,329,723,893,682,917,877,525,1004,140,748,429,562,389,987,898,28,180,95,389,409,104,245,408,986,928,474,742,322,913,408,541,859,1001,839,673,397,836,447,90,773,642,879,218,229,295,596,952,71,483,184,281,982,733,991,897,99,762,425,863,987,983,601,831,982,155,996,473,15,726,982,265
600,764,535,752,226,170,815,421,736,301,359,673,82,235,799,351,915,619,811,805,786,929,628,750,882,439,466,55,704,303,161,544,283,367,353,736,811,16,593,1003,100,895,752,479,851,920,426,605,460,339,748,743,748,109,721,714,537,782,156,403,124,153,800,752,487,406,805,698,656,341,603,760,704,725,808,752,476,735,503,764,846,184,43,236,584,487,800,211,1007,782,883,792,648,741,241,731,112,564,428,864,30,959,403,801,748,499,928,156,720,113,384,92,536,815,812,158,85,476,156,752,470,352,764,787,851,391,258,723,153,32,515,75,664,582,810,782,384,748,152,781,80,176,712,431,770,354,672,658,156,220
699,453,66,398,985,667,181,463,318,539,104,959,413,705,607,614,901,853,680,113,266,504,322,910,650,433,106,273,1009,40,30,527,672,71,488,659,195,904,364,821,176,477,1011,304,135,434,20,988,805,139,188,50,983,445,889,648,869,898,35,838,931,1008,49,86,273,593,861,67,634,545,500,304,481,464,277,611,155,166,305,620,565,323,762,716,444,147,177,284,43,689,459,397,49,893,748,448,529,853,398,718,480,853,893,857,813,433,909,108,401,143,611,326,1005,496,703,187,819,13,480,896,898,990,893,516,189,881,146,637,707,370,482,222,60,855,176,436,266,922,434,285,13,876,139,48,177,608,635,946,966,439
317,937,144,1013,1005,48,354,678,901,581,817,703,181,866,1022,974,643,402,295,477,727,411,649,656,532,267,678,377,298,610,942,297,692,969,423,1006,425,222,220,341,795,548,962,167,1005,70,599,36,830,988,690,683,443,423,706,794,436,427,1005,808,776,1011,351,686,798,928,734,876,375,980,991,704,239,363,700,468,387,619,48,344,525,190,32,1008,477,114,981,159,326,715,239,731,174,702,413,691,173,991,359,720,672,86,1001,699,833,71,467,988,873,696,346,477,134,452,452,584,816,587,726,91,969,157,185,765,91,71,987,580,480,507,37,880,337,692,648,674,800,731,928,612,413,355,442,1002,994,418,720,683,773,627
929,305,107,172,98,889,226,179,650,719,324,547,672,920,570,916,378,62,248,276,210,225,941,622,929,670,673,854,214,353,531,723,51,225,75,162,323,65,702,25,235,580,939,232,31,878,246,936,549,312,91,161,432,34,27,832,530,224,225,742,956,719,293,964,889,987,730,938,988,65,672,420,961,934,733,862,294,635,225,194,412,845,943,672,987,750,945,574,75,146,572,206,790,742,770,622,604,52,594,0,892,870,506,550,828,993,252,607,675,555,236,729,315,19,763,324,348,98,606,674,333,848,845,277,249,929,719,761,273,784,555,169,411,735,177,859,733,113,219,766,571,830,937,546,174,96,964,521,347,894
842,24,299,902,157,737,774,607,546,26,217,419,519,340,205,771,546,833,441,343,790,89,701,432,581,70,197,798,798,484,767,440,677,431,645,926,510,201,235,1005,526,824,901,224,583,653,940,498,984,50,595,673,667,499,943,753,268,753,690,146,589,653,623,652,226,210,969,387,654,605,794,319,685,607,226,888,208,708,926,6,793,939,722,201,504,210,159,859,213,210,243,841,474,641,246,232,872,353,691,940,329,672,984,427,518,892,753,724,697,838,981,985,890,896,947,48,664,102,343,277,226,754,19,993,692,157,261,88,691,722,228,190,729,630,224,225,134,88,171,160,607,679,760,947,746,887,57,240,64,944
998,250,494,187,784,82,1023,882,282,772,81,420,98,260,92,529,365,82,347,405,174,337,416,220,341,360,488,98,411,535,877,863,818,904,396,993,941,985,365,811,667,74,532,865,498,535,92,482,510,849,80,112,799,240,175,108,381,801,938,880,19,98,535,680,138,385,535,365,400,508,153,411,414,409,504,123,142,362,569,414,270,69,720,347,47,494,628,925,108,920,849,500,366,912,937,581,266,530,995,94,396,396,1012,802,400,120,773,169,404,786,528,377,187,446,361,609,731,348,157,187,599,119,2,865,416,2,759,718,364,775,540,354,752,717,610,262,237,698,480,692,93,364,233,680,152,364,888,280,633,735
353,923,548,593,661,176,225,599,466,677,407,608,247,596,980,660,788,165,238,852,612,570,637,432,559,624,665,882,787,595,375,644,10,848,370,330,883,758,560,339,394,459,522,518,45,602,148,559,248,430,346,581,616,140,866,180,862,916,193,653,389,778,297,681,676,537,867,100,809,915,354,450,772,832,712,685,60,637,854,912,938,855,616,614,333,912,213,748,297,303,870,547,277,549,856,696,982,551,521,621,1000,154,181,665,302,80,265,874,852,477,870,918,856,338,139,136,586,537,613,535,297,676,350,237,428,807,632,208,378,488,558,906,525,185,223,821,86,624,315,303,531,450,565,418,575,684,109,983,471,324
604,900,796,494,496,248,340,81,843,749,96,950,843,488,88,817,178,938,604,704,504,340,1020,238,390,1021,746,325,14,546,205,79,228,1009,407,388,740,732,24,823,314,332,875,71,93,179,690,1011,977,246,28,148,392,532,464,73,329,395,604,769,698,1018,920,302,580,156,98,132,582,72,466,332,522,814,504,291,269,757,912,107,372,398,60,214,54,24,681,703,423,968,958,74,676,540,272,817,332,1009,951,714,437,307,111,215,383,683,383,1020,71,1017,393,932,394,932,476,719,833,923,675,399,840,844,775,591,18,453,24,958,929,324,330,824,394,412,7,822,727,932,794,783,101,665,581,32,363,940,75,692,123,280
431,449,598,652,718,168,716,133,405,313,838,424,718,289,235,246,634,52,724,291,0,715,744,347,444,1014,220,900,578,613,769,591,265,185,463,511,496,238,578,222,197,140,177,187,81,120,983,156,575,0,22,394,886,829,24,920,65,152,414,121,402,318,212,401,874,140,122,836,496,6,179,186,408,48,155,28,934,8,858,84,321,399,925,438,113,53,900,120,858,307,850,886,30,311,269,348,428,375,776,28,411,848,195,184,211,806,28,825,494,939,699,415,520,630,406,769,122,182,184,58,836,553,311,739,806,157,571,10,182,335,669,184,120,795,385,184,177,824,632,409,83,70,598,417,376,48,524,590,417,102
6,91,333,409,27,385,1001,937,950,36,933,841,344,151,281,937,840,425,478,361,144,276,793,429,530,337,801,1,106,941,937,394,865,929,928,881,809,145,727,817,994,854,302,393,335,59,298,985,462,714,353,696,341,985,152,1008,821,608,869,254,713,476,897,1019,793,157,920,20,661,25,980,174,147,801,558,864,151,154,14,103,282,840,977,543,800,777,586,1005,347,313,478,313,416,820,558,367,463,792,520,352,333,589,333,912,832,217,163,480,538,317,980,150,534,188,335,178,107,361,579,19,225,964,793,89,539,252,207,329,243,821,333,25,538,598,937,321,468,422,610,737,19,422,683,801,38,366,363,821,495,516
318,854,446,990,295,462,646,528,135,335,711,782,818,320,886,750,746,757,786,728,42,297,495,452,261,173,261,532,601,990,1018,866,237,478,35,352,27,887,391,873,725,450,1001,722,762,318,165,74,735,165,543,186,735,473,370,560,944,312,241,275,144,283,946,699,629,939,725,960,545,661,895,848,273,734,784,103,545,668,668,39,710,529,370,775,999,294,329,712,788,600,31,677,312,337,841,296,46,463,81,824,350,21,609,978,46,823,387,215,848,240,394,978,743,31,875,73,293,841,313,30,184,565,981,998,173,1010,813,717,39,678,601,678,244,33,566,21,512,608,424,935,294,835,553,423,888,767,528,41,692,797
587,888,823,276,664,532,292,206,398,132,790,793,276,548,706,384,634,231,239,857,920,162,776,563,264,668,217,177,894,87,950,556,918,706,649,897,791,694,394,823,449,145,134,47,227,681,915,280,77,915,678,619,280,467,29,797,93,544,282,823,576,481,529,732,489,758,458,345,32,56,290,989,149,172,1007,920,870,407,618,880,457,121,691,110,157,357,162,868,256,21,394,998,103,522,886,992,680,944,493,154,663,258,439,982,489,850,463,790,450,132,970,334,710,886,993,297,806,856,712,115,168,958,409,874,78,732,428,349,222,305,891,184,615,771,862,72,857,65,665,439,519,326,649,158,158,507,384,871,456,477
70,703,351,583,734,685,958,30,194,867,509,882,158,1022,30,832,190,230,170,736,407,509,673,99,355,241,928,3,189,448,702,732,883,706,204,842,332,865,509,867,652,152,74,205,269,249,686,717,416,671,662,576,51,482,174,812,738,999,150,76,805,14,865,151,248,509,258,673,323,337,253,204,760,702,96,423,625,50,978,480,359,803,376,48,385,2,105,197,196,443,956,671,350,405,639,700,543,578,96,401,204,789,150,658,150,49,669,652,538,55,723,741,656,967,540,337,793,397,702,809,60,733,767,607,480,14,49,24,999,499,103,690,503,249,204,912,717,733,149,521,576,403,611,869,981,198,396,480,249,313
815,224,340,572,594,779,819,1002,853,946,319,672,455,175,520,1014,171,9,124,520,379,781,970,810,779,612,505,252,640,137,576,815,434,249,573,459,872,779,193,597,401,898,604,348,279,321,385,910,317,463,191,893,137,447,596,970,137,680,775,776,834,407,506,597,707,779,386,377,776,906,775,649,502,1003,137,244,1021,47,148,263,327,564,494,963,498,1004,502,395,248,178,267,703,327,584,458,579,258,264,191,244,267,278,153,172,779,651,9,624,677,1011,501,228,596,703,822,471,302,579,164,808,306,452,372,498,47,963,47,815,0,387,779,327,552,573,957,153,971,876,306,455,171,274,318,691,1003,999,455,998,11,267
781,291,465,423,359,479,529,209,719,403,60,1005,399,278,743,170,310,759,636,1016,37,29,776,212,720,911,685,362,930,816,835,1007,738,784,46,492,719,479,321,558,722,365,56,88,945,1005,673,717,11,358,101,277,981,976,266,654,305,245,446,661,304,184,1013,65,832,903,781,341,526,557,202,426,649,994,177,465,743,171,755,465,978,82,403,958,275,753,311,911,988,622,798,467,1008,637,680,245,488,242,103,949,759,337,269,245,940,822,463,31,499,211,426,44,322,966,797,930,256,717,530,465,930,816,209,717,17,286,300,379,157,426,37,291,195,958,75,325,945,214,72,992,351,118,119,229,90,575,792,304,124,277
551,0,557,37,762,631,426,909,598,546,920,576,374,61,417,583,256,287,72,608,98,793,400,574,526,535,737,283,709,897,356,902,401,637,582,1015,755,1022,170,738,1015,866,614,762,14,438,455,512,482,639,70,614,766,333,737,916,530,425,532,1021,200,540,5,312,727,582,860,509,391,310,638,109,550,364,255,671,381,582,378,316,528,125,424,358,636,3,482,541,742,254,674,540,545,639,549,637,532,421,613,540,926,764,598,309,705,327,659,338,542,465,713,762,518,964,814,524,257,377,314,550,550,623,119,423,506,346,638,381,298,918,570,713,729,665,614,749,728,292,1017,58,296,992,374,519,834,519,640,542,96,523
42,428,277,59,625,38,453,57,758,423,823,651,282,496,949,221,88,385,509,663,627,123,967,456,255,803,891,295,612,652,341,881,393,537,421,931,492,788,950,938,421,932,813,155,928,202,356,550,441,293,879,598,986,474,418,251,325,235,771,825,221,38,297,487,616,95,851,989,457,730,81,296,196,458,606,534,470,629,537,986,928,504,205,579,314,693,557,649,281,889,202,405,241,485,928,857,202,806,231,325,443,561,717,199,985,372,341,348,285,889,385,299,858,734,726,421,361,680,640,406,988,94,613,197,777,717,441,492,17,410,812,613,678,111,666,810,818,672,101,938,653,456,487,59,890,331,405,958,730,855
916,726,807,488,877,856,956,914,789,216,944,533,288,67,952,756,220,85,882,565,401,392,84,355,544,965,42,639,928,806,814,1005,743,1021,848,993,97,151,832,512,989,337,736,57,843,916,110,902,734,166,995,1008,513,982,926,174,538,140,867,517,992,533,676,598,362,748,86,215,786,483,549,617,483,176,951,535,483,1002,308,597,42,554,288,928,941,73,953,898,901,959,919,592,495,627,546,112,383,791,737,215,107,908,516,414,490,896,240,256,916,898,519,298,1006,115,992,674,277,376,894,513,660,246,949,696,474,403,795,903,432,481,96,959,48,273,916,468,107,319,914,533,163,538,510,107,123,319,44,227,507,163
191,216,802,79,49,599,864,284,803,642,796,18,64,200,772,778,765,422,655,909,65,675,68,601,822,403,307,217,831,2,144,491,342,825,1006,772,623,512,757,512,394,1011,787,332,348,372,943,93,973,414,187,192,527,188,97,108,135,5,66,695,770,589,1000,537,881,547,895,97,902,28,156,502,353,140,783,286,348,822,275,89,785,693,185,888,49,211,33,677,271,570,627,403,209,284,184,192,874,579,620,140,6,768,771,116,7,263,722,245,566,1013,383,713,367,12,920,289,271,115,367,1008,76,353,701,792,1014,180,282,259,851,340,1011,158,140,6,377,198,710,275,584,655,674,496,711,778,763,19,771,434,174,895
588,119,720,86,939,903,397,652,114,942,947,918,909,46,424,463,386,366,229,910,625,600,246,909,625,793,994,268,790,530,625,115,114,589,240,931,432,899,955,435,110,358,264,1005,405,178,799,611,587,958,1021,845,407,669,866,209,169,500,880,438,912,714,208,690,291,909,78,418,68,483,32,406,422,436,787,78,995,450,366,390,942,716,1021,582,145,937,750,678,142,899,437,860,17,584,618,141,934,130,934,967,68,226,365,696,431,114,21,393,307,910,168,662,763,553,492,849,366,328,651,455,127,1019,88,217,92,422,765,77,947,253,950,920,753,883,93,146,114,82,602,1013,930,103,898,78,520,305,875,932,26,524
942,655,795,923,932,946,280,449,977,332,961,264,175,554,477,812,305,344,634,71,0,578,773,929,609,3,337,957,460,83,328,357,433,625,399,472,152,1005,158,79,373,642,931,265,630,1001,329,670,993,897,167,593,445,330,941,705,245,201,609,730,265,623,615,654,323,266,908,897,781,586,901,454,980,429,428,105,178,323,777,612,579,348,384,779,887,718,320,1008,969,633,833,444,843,428,779,378,344,820,769,186,389,614,566,450,318,917,615,648,833,881,632,896,440,383,997,520,905,239,684,311,496,449,896,322,465,177,654,449,143,377,881,769,376,97,914,238,375,258,623,343,428,933,989,942,147,192,1012,450,933,255
742,997,645,90,230,641,694,26,489,211,77,195,994,823,297,367,326,730,450,739,727,810,221,875,247,856,29,742,850,294,583,28,108,913,346,94,982,381,758,431,875,1000,657,7,869,407,825,677,984,852,854,14,233,285,664,294,623,512,674,227,883,685,438,613,829,214,726,0,813,914,394,728,731,353,659,293,731,727,814,979,715,346,6,170,766,678,640,269,285,730,525,613,205,752,196,734,208,767,487,830,600,731,728,555,912,695,715,956,158,6,765,539,531,448,734,734,742,272,379,736,997,389,194,607,824,745,992,645,814,231,948,715,288,806,813,910,483,808,869,80,997,829,0,195,735,714,1022,755,642,659
229,509,38,435,353,1020,499,489,797,353,71,184,262,476,757,1011,1014,399,800,268,497,435,23,396,495,328,399,19,51,14,896,724,9,388,10,51,977,332,496,652,295,280,914,706,1023,652,287,494,327,917,99,710,646,463,345,697,694,505,432,417,207,611,752,87,331,227,808,350,463,652,42,213,267,373,491,973,471,521,459,435,41,575,36,503,448,752,640,277,540,423,641,135,542,293,1018,507,899,271,237,409,501,99,497,387,433,1011,447,364,435,119,2,753,499,128,253,432,415,79,753,899,713,998,809,433,0,713,435,273,54,924,101,463,713,447,505,193,652,441,369,449,673,160,41,715,353,192,522,273,354,384
675,554,304,853,402,290,829,684,556,42,608,404,564,997,216,826,683,322,541,953,982,907,298,683,580,200,997,681,743,709,679,216,693,356,418,736,132,2,210,788,157,586,396,152,284,555,106,322,710,150,604,240,634,597,564,325,731,551,746,466,736,621,713,482,751,860,612,370,429,178,802,549,541,663,219,394,493,840,920,668,672,394,439,936,291,695,977,683,842,550,99,179,95,85,239,786,221,871,750,695,971,481,199,402,154,778,411,855,433,987,824,759,729,433,284,170,372,452,714,747,746,996,663,678,912,407,958,171,824,695,666,367,382,178,86,311,811,356,472,42,216,423,354,762,750,316,172,441,194,419
1006,269,872,616,434,874,483,275,881,47,246,344,797,301,446,686,179,921,853,773,289,112,507,908,605,417,797,869,552,853,808,498,339,426,627,950,516,561,593,329,569,20,421,597,313,57,237,405,173,901,981,286,357,901,601,79,787,206,443,610,469,561,593,1022,728,899,237,287,298,797,810,608,517,85,532,440,343,815,140,625,597,345,786,117,229,339,128,138,971,443,416,395,175,686,49,18,419,198,761,802,761,801,75,754,507,430,313,13,172,85,549,303,324,811,816,898,518,13,622,843,240,39,737,725,277,112,607,209,41,31,872,365,68,339,296,1015,397,463,37,709,858,610,879,215,490,427,786,148,578,69
26,17,28,1023,877,1018,130,687,956,247,358,16,69,877,687,897,18,272,590,367,186,250,262,353,766,896,623,897,181,440,243,143,20,552,203,272,172,193,465,527,992,470,225,300,207,243,545,438,247,462,72,400,59,765,161,538,746,670,1018,485,713,394,339,877,831,713,523,977,276,50,653,468,758,1017,169,77,221,856,481,312,539,454,784,712,801,328,9,77,432,948,1016,478,384,687,516,470,610,994,396,909,827,212,503,504,961,136,26,207,402,218,873,396,620,766,368,364,437,561,140,398,687,1009,239,142,505,769,264,337,1013,865,456,232,521,13,1013,252,430,720,305,11,817,975,898,772,766,716,330,134,12,378
908,376,956,641,268,666,511,740,836,648,396,446,925,198,941,730,701,449,255,892,762,729,873,1020,561,730,578,910,412,410,618,696,357,846,282,918,31,646,2,464,920,600,244,390,13,653,675,809,675,736,369,254,437,117,222,722,649,622,946,920,586,313,717,190,603,291,323,158,562,352,690,602,217,836,360,427,412,924,120,725,990,120,629,446,629,540,96,438,1010,271,691,318,568,829,906,76,268,444,565,333,313,1022,866,918,637,905,997,269,253,480,935,755,647,62,996,136,242,626,656,543,354,812,424,412,21,955,676,778,883,796,450,946,174,597,958,387,546,983,692,426,940,441,653,353,679,994,456,597,190,197
455,842,850,493,148,693,533,970,346,202,382,627,868,723,742,341,518,152,24,466,578,746,555,79,843,786,67,585,541,954,280,345,652,55,462,362,232,805,699,500,686,363,675,822,599,66,344,362,734,697,346,344,378,682,652,402,643,707,597,128,879,867,493,472,56,180,646,742,684,535,793,848,533,137,444,323,144,915,138,165,433,956,158,743,327,2,152,452,684,2,658,969,567,344,84,439,579,976,88,43,43,425,753,8,326,109,316,1022,551,4,425,686,944,471,1010,895,375,676,182,40,429,44,555,664,2,390,24,239,55,687,336,857,719,45,248,738,98,919,93,636,556,981,242,750,858,22,144,760,850,530
395,348,951,586,652,403,915,78,259,157,591,147,546,299,163,263,139,198,699,612,816,690,354,807,427,433,1016,887,303,111,83,365,220,919,146,70,406,664,423,171,229,658,357,967,406,633,777,436,163,607,47,982,141,179,211,46,437,934,169,141,310,447,293,459,147,272,479,942,881,211,223,604,179,199,215,129,919,259,221,131,179,72,93,657,909,93,7,25,687,173,171,148,656,263,147,365,180,179,189,396,703,628,915,724,406,645,281,205,616,190,187,627,671,259,467,141,673,699,918,497,131,630,461,173,177,687,623,700,731,627,223,160,751,591,877,108,223,173,93,917,81,968,284,492,696,438,652,144,803,153
113,449,618,488,610,867,675,527,12,814,84,410,836,619,991,64,210,400,260,1022,139,0,300,404,282,723,878,843,115,293,280,873,272,787,975,1013,472,37,378,216,237,868,312,918,320,638,925,923,18,1009,962,272,280,141,702,202,99,614,822,1008,465,652,780,39,382,758,256,42,283,552,305,406,280,555,558,851,749,143,1022,748,400,978,865,981,165,83,561,252,373,772,467,238,197,961,502,554,97,746,557,280,202,587,1011,325,359,531,866,414,238,336,918,942,982,325,239,101,102,822,10,996,940,340,476,901,405,128,502,260,32,148,204,621,869,113,767,495,157,651,324,192,865,237,10,824,827,552,976,212,310,17
192,927,330,929,865,990,657,49,451,106,417,174,465,486,1018,339,836,547,541,480,486,907,452,540,196,664,643,164,975,342,475,459,345,490,671,109,522,572,284,912,988,1012,270,285,232,72,849,420,68,132,301,230,263,55,986,744,706,284,267,987,20,686,622,449,382,492,614,423,264,664,981,354,294,248,602,549,265,933,516,355,724,596,304,401,33,155,527,212,1018,695,756,555,610,2,682,206,817,448,340,653,664,39,783,187,334,639,794,856,565,517,691,941,486,62,26,710,676,26,353,481,436,366,661,21,691,196,691,132,104,861,149,1003,112,403,537,979,644,474,799,962,486,33,22,602,318,468,28,48,14,213
243,514,111,827,457,682,532,676,271,156,325,708,67,965,138,266,957,20,59,398,763,573,159,144,426,816,559,271,855,479,305,995,135,711,792,363,251,432,414,964,232,444,944,1003,941,123,644,596,26,319,445,133,389,62,175,391,175,392,894,850,499,1022,115,698,907,40,784,131,778,630,238,716,183,170,947,67,211,111,247,955,301,28,73,112,147,169,839,768,246,358,4,195,526,1008,323,746,507,958,245,508,14,147,271,102,522,58,625,424,909,867,50,944,249,71,797,284,878,590,15,471,955,220,900,481,231,976,455,5,14,359,752,251,147,16,427,138,931,130,596,137,244,283,934,288,147,576,798,900,840,414
527,552,580,433,479,358,911,539,876,389,755,425,122,907,583,132,0,511,928,431,615,900,940,952,884,526,143,804,903,932,956,98,408,479,12,105,98,443,254,445,148,623,1006,198,475,647,943,98,463,700,546,366,232,82,932,952,68,45,882,499,772,940,932,836,952,891,957,939,148,983,957,885,585,692,463,857,897,80,600,902,731,866,98,901,207,970,383,484,857,834,989,845,388,928,930,768,115,876,216,15,930,14,2,546,610,161,218,971,129,957,73,982,583,812,887,981,836,980,190,496,671,956,956,956,167,221,881,836,510,625,328,844,694,469,242,908,411,897,443,53,940,341,956,934,667,246,957,832,194,62
927,1000,774,630,471,968,868,744,48,740,587,831,423,682,560,152,650,463,646,667,571,480,564,485,141,763,752,39,244,564,20,685,554,233,233,1003,52,540,670,555,716,772,152,237,672,389,516,465,400,795,893,974,310,539,764,119,559,720,216,511,598,879,528,90,395,824,763,901,235,890,741,496,58,463,132,944,526,586,719,505,858,500,174,524,724,858,681,855,83,18,992,415,772,507,24,501,734,340,730,767,997,359,855,614,663,890,502,146,524,56,438,744,220,998,823,529,50,1022,575,196,727,663,587,529,699,775,879,679,964,195,219,551,913,759,500,511,678,27,667,1004,435,634,555,54,636,998,648,20,535,27
89,674,661,258,758,490,899,357,346,487,301,917,393,412,93,101,29,458,355,563,337,30,669,725,733,458,986,747,994,919,932,997,405,123,994,678,485,934,457,994,421,46,287,984,316,429,413,93,421,683,412,882,571,501,738,107,26,201,4,557,934,344,391,697,260,493,614,898,533,462,600,690,982,60,929,492,469,435,337,326,485,1001,457,664,360,650,687,60,742,81,195,230,377,104,994,442,699,66,404,747,298,556,556,514,994,956,489,735,959,634,421,341,583,405,697,184,674,707,314,514,849,444,62,585,491,260,393,699,357,1019,952,901,19,1014,365,389,735,55,649,423,57,997,552,306,455,878,347,994,277,4
832,923,852,880,800,171,917,772,744,850,153,752,343,33,377,499,627,843,511,987,736,953,30,1001,833,187,376,748,405,923,635,609,665,679,743,75,721,772,842,327,102,732,23,920,633,11,872,779,11,173,646,405,249,728,297,87,279,369,885,413,215,213,494,996,981,523,283,479,405,748,884,862,601,869,710,397,615,359,1003,955,213,154,153,904,312,1002,961,163,636,957,570,966,995,165,548,889,667,800,838,377,702,771,329,837,724,483,888,91,101,862,293,133,341,920,891,970,71,838,389,889,501,62,696,501,974,140,45,457,101,713,411,87,126,106,203,233,840,657,752,155,165,917,297,151,411,888,491,437,435,151
920,942,947,982,563,440,12,888,10,861,14,142,1010,322,878,578,919,535,78,78,964,93,188,824,528,586,655,25,991,586,672,774,895,497,130,174,185,48,76,181,218,866,542,254,603,810,471,963,959,70,339,164,844,693,640,111,944,93,708,935,857,72,17,422,420,606,235,567,248,124,86,200,240,364,447,840,52,635,860,587,512,316,440,48,716,455,68,620,252,470,857,516,866,484,352,337,154,288,48,869,66,382,357,73,691,820,71,434,260,577,177,957,278,434,341,48,794,551,440,57,963,174,184,834,890,964,800,28,51,326,588,22,811,69,128,302,855,48,623,758,258,683,588,811,176,563,933,216,160,289
525,499,661,373,597,542,752,904,918,661,603,689,614,604,241,321,889,853,883,365,225,786,414,408,528,657,341,423,541,748,3,254,139,309,806,751,675,507,899,173,197,808,69,542,977,648,296,245,231,319,807,877,410,89,425,581,245,323,851,905,43,793,377,611,570,337,211,886,633,577,624,427,851,670,637,97,21,240,222,865,369,823,576,135,840,873,696,486,853,363,976,762,643,77,764,215,450,461,599,57,829,561,576,497,225,732,504,592,30,585,254,610,414,782,370,345,745,993,153,716,375,54,193,281,482,263,181,262,279,541,393,6,661,585,466,599,341,608,109,531,620,492,988,240,465,532,382,563,320,371
714,600,497,842,427,954,121,746,183,762,390,883,164,511,165,40,372,906,958,149,189,485,577,151,290,1,973,692,553,9,692,880,933,117,761,472,698,728,193,698,195,328,414,65,627,839,938,391,373,706,873,844,860,337,934,62,530,898,170,830,190,690,810,138,252,153,249,276,807,472,491,950,440,358,824,636,956,588,185,358,780,97,874,449,803,51,396,185,382,954,565,917,263,463,925,1017,151,954,837,896,122,483,126,969,778,519,879,840,954,577,358,720,589,164,327,190,1018,394,949,923,440,547,624,738,29,937,193,10,934,877,982,698,304,966,870,949,480,603,958,165,727,346,801,930,321,237,773,668,218,923
306,717,363,384,275,203,502,264,689,5,209,21,49,933,958,276,262,296,460,753,402,840,306,463,460,878,1005,1014,326,274,445,486,708,463,272,451,845,541,689,951,438,463,333,427,55,748,507,271,362,452,454,452,443,7,966,11,754,120,0,988,940,625,806,460,721,271,461,374,761,738,636,343,331,431,595,716,505,472,463,591,721,357,339,898,990,786,408,239,828,507,271,413,794,391,693,208,203,383,125,203,530,461,511,117,840,278,97,70,340,649,393,248,463,567,449,974,310,754,272,502,673,791,364,229,765,343,481,531,397,673,983,503,3,423,459,488,765,70,736,822,738,311,828,744,13,927,268,298,460,404
972,54,213,745,622,28,476,608,610,998,878,465,910,225,797,12,156,785,83,7,383,795,351,479,878,262,553,26,132,499,205,283,1004,643,177,294,495,55,870,226,785,239,905,1004,781,975,61,306,994,495,854,854,236,544,786,137,669,691,959,366,75,476,969,152,444,1011,27,1007,620,278,797,461,364,1006,230,625,959,505,45,317,529,752,521,896,485,619,493,209,18,391,970,862,782,177,953,40,947,669,779,15,450,835,944,132,860,974,835,504,967,28,865,851,913,98,497,884,748,998,401,883,628,476,266,226,514,143,874,382,205,247,518,237,918,786,502,191,535,968,862,477,476,365,481,361,17,285,512,211,236,319
385,696,818,568,1009,1015,395,11,11,595,461,961,548,192,710,728,829,200,308,323,209,435,470,431,574,820,154,635,286,691,788,829,312,463,286,309,312,753,188,520,0,504,569,75,21,805,484,952,397,534,303,449,449,719,554,762,150,202,753,328,397,343,449,705,456,598,63,587,768,704,1014,833,813,442,438,331,989,79,520,79,303,760,1005,110,504,809,203,516,312,251,698,115,810,482,385,257,640,150,863,961,264,330,248,713,741,1012,397,515,943,713,222,337,88,715,984,715,913,972,527,384,191,257,428,182,460,9,525,582,715,550,950,756,394,202,390,369,638,90,320,461,269,448,286,286,300,946,435,544,463,385
181,668,768,880,385,31,44,768,896,341,877,688,8,904,115,897,638,930,53,643,751,890,433,894,888,19,505,31,259,270,947,667,579,104,508,1004,10,756,611,428,669,735,808,963,866,1005,196,590,948,956,1002,611,915,622,839,25,366,127,496,675,103,676,127,655,591,623,154,586,531,284,112,119,451,583,31,18,570,808,321,896,14,517,643,341,811,542,643,775,915,779,152,655,743,538,755,532,55,505,583,943,735,208,752,975,0,904,167,131,262,568,417,879,984,0,55,611,660,926,666,983,495,332,224,12,721,792,814,539,587,687,856,809,795,904,723,55,175,158,643,469,76,688,783,69,427,688,462,400,58,624
550,864,626,777,317,292,29,668,832,591,945,337,378,72,286,688,776,709,532,321,44,894,355,902,358,669,314,199,414,874,70,947,132,473,37,187,441,666,809,885,358,483,769,536,528,202,371,602,522,654,824,143,947,196,654,540,197,411,688,552,250,838,512,350,781,892,375,881,693,384,341,488,532,661,712,516,641,281,583,203,363,14,808,886,833,888,226,777,949,901,555,755,747,532,778,872,192,906,112,413,389,890,816,881,469,800,161,800,107,341,252,358,567,283,635,654,914,340,179,774,448,592,1016,839,894,693,161,838,137,907,321,1023,826,337,149,697,783,706,497,832,447,168,917,785,842,707,226,751,145,960
72,228,900,42,364,918,253,214,7,964,828,88,200,247,744,92,645,360,217,10,516,200,17,956,253,951,776,584,313,744,102,235,230,409,633,1014,739,994,308,712,29,350,405,958,454,205,536,244,425,679,505,967,48,442,56,183,1012,253,740,0,296,637,456,409,391,390,119,851,323,516,244,923,967,610,964,100,962,197,60,59,52,742,373,258,199,1019,119,1005,923,425,12,329,5,537,315,968,889,972,485,260,840,855,740,236,740,86,514,980,148,233,596,1013,230,999,129,951,228,827,764,1015,592,343,921,515,998,740,600,862,772,88,951,518,247,325,887,69,234,313,632,631,740,472,354,429,955,440,859,578,358,756
709,212,198,50,315,977,902,566,981,234,486,97,51,98,629,7,834,283,993,543,687,107,202,372,154,230,514,776,222,38,340,296,559,976,589,183,539,296,518,522,549,634,589,311,677,694,715,509,504,107,667,259,346,530,963,518,335,878,515,358,287,306,631,504,593,235,787,205,646,494,312,913,569,382,970,464,109,975,296,934,113,964,633,233,575,438,482,780,962,107,969,514,517,336,418,402,466,238,310,296,807,595,291,274,526,340,45,517,354,861,562,760,470,999,670,238,963,353,1016,204,149,976,554,248,887,694,303,714,234,463,922,28,516,539,933,151,51,706,976,504,984,709,80,904,1006,247,207,491,218,909
57,896,850,648,233,325,462,778,949,106,944,472,221,659,557,43,212,715,659,755,912,587,477,931,425,398,749,957,586,520,332,800,959,739,146,1011,329,590,430,475,530,893,755,253,388,356,794,652,212,622,803,217,450,915,417,517,193,394,707,353,851,1021,658,721,172,685,907,335,253,911,948,754,216,408,302,752,294,665,931,360,664,1011,564,10,528,814,659,831,778,335,436,333,883,558,139,170,175,460,659,142,797,993,812,631,119,595,758,877,993,801,1019,338,915,761,935,853,5,1011,354,138,445,51,888,947,421,436,369,931,981,340,632,876,651,647,736,653,516,920,341,592,0,731,944,551,135,163,428,333,426,249
431,270,681,1011,537,676,240,691,238,725,685,465,584,204,464,509,570,234,5,232,85,629,519,727,453,489,542,28,567,403,484,579,998,701,341,981,629,837,493,132,757,72,660,84,720,160,665,5,542,938,629,837,528,725,420,248,129,808,355,851,749,143,279,301,31,698,479,218,342,42,163,735,153,84,877,237,554,701,167,604,283,257,829,799,725,1003,414,128,129,660,485,231,282,976,661,479,299,8,85,906,255,346,48,200,808,234,764,981,241,297,426,502,816,278,1014,981,212,283,939,598,1004,62,160,153,244,976,682,593,228,661,228,725,250,212,787,504,330,826,117,157,240,132,998,488,800,711,234,725,258,180
544,1001,343,351,1021,528,326,160,181,751,572,109,393,334,1016,872,22,724,174,294,140,737,687,763,533,727,8,25,735,734,640,294,965,119,654,902,370,791,536,552,539,864,1013,769,878,385,160,1016,536,263,955,537,514,49,794,228,735,70,580,187,948,59,36,681,248,934,840,379,173,620,215,728,323,154,693,920,891,569,869,503,655,153,616,62,249,648,435,63,625,752,647,776,123,407,532,733,133,8,4,78,834,520,203,920,90,527,643,792,455,326,668,793,471,786,728,307,36,817,793,512,972,1007,109,827,868,968,395,5,737,455,998,587,341,417,312,99,708,558,35,857,987,706,319,119,407,520,665,382,151,341
951,420,452,634,283,762,96,932,584,59,831,424,668,148,959,548,824,288,731,359,105,824,800,764,787,824,165,600,4,703,917,150,23,23,120,321,772,773,373,143,731,870,792,993,966,472,101,731,773,144,796,894,356,811,352,377,768,1003,759,818,406,780,182,803,73,653,995,422,321,5,705,878,111,916,78,121,8,356,431,921,113,315,518,872,420,268,276,922,802,643,374,971,482,1000,545,328,88,128,340,677,517,321,156,67,99,119,644,215,714,309,878,1,632,212,963,641,218,68,997,824,1019,657,817,193,623,17,321,993,774,649,68,878,776,700,765,994,326,751,837,919,768,452,360,3,614,471,867,952,67,171
460,633,500,286,777,487,823,896,460,779,208,504,524,758,536,753,638,758,263,758,1004,924,558,504,256,147,481,364,498,499,288,785,304,273,204,708,779,433,159,302,943,748,831,883,504,440,907,582,305,750,504,49,316,759,202,313,767,500,652,260,410,907,896,827,249,522,444,748,208,360,490,944,1017,306,499,774,561,416,460,649,500,401,745,758,416,236,304,520,230,488,758,505,500,714,559,457,399,624,780,368,416,604,448,944,369,302,144,694,451,873,40,1014,390,683,280,497,304,579,760,200,307,49,236,6,501,0,244,385,500,433,787,819,987,306,356,456,512,257,831,887,360,1001,718,440,349,873,625,758,369,1004
567,478,886,928,47,850,990,481,313,410,147,326,1017,688,656,1020,480,818,279,279,59,41,278,370,533,481,85,489,651,419,900,124,887,489,41,270,476,478,857,851,135,15,364,870,190,320,992,557,74,493,642,148,279,811,615,912,414,472,647,423,736,846,592,426,537,373,122,77,622,6,270,1018,286,440,410,38,842,930,406,931,115,14,198,259,318,592,95,374,254,256,47,327,100,1019,52,8,286,569,652,101,303,965,273,313,666,123,658,484,571,151,485,778,425,356,887,282,314,348,76,960,845,101,518,119,58,869,695,690,675,22,9,167,154,193,382,461,486,279,848,279,192,278,965,412,373,48,467,270,375,841
1012,55,466,592,34,784,912,945,860,208,536,224,8,585,107,441,830,416,638,252,670,1016,781,504,401,145,24,127,408,479,473,406,764,749,3,638,1000,968,403,856,54,504,251,929,306,106,420,656,603,851,479,948,929,997,915,40,167,675,946,565,449,449,423,416,790,190,78,190,808,855,667,783,454,190,168,432,566,470,333,152,832,984,289,941,190,948,473,476,482,152,121,992,510,958,824,126,503,418,624,680,857,941,586,152,745,1001,964,941,564,429,984,643,670,128,979,417,302,136,99,363,687,1000,163,544,914,429,1020,410,387,413,792,578,792,888,482,879,158,978,417,766,932,979,466,435,672,658,472,659,408,160
697,298,801,1019,432,129,388,77,815,192,286,1011,150,563,773,504,448,151,815,549,160,913,390,705,161,819,300,262,243,192,819,82,308,819,897,231,178,767,8,563,28,109,705,586,207,202,413,888,194,924,343,213,210,688,154,563,399,398,929,311,131,509,274,51,417,135,185,192,1009,760,291,477,455,973,388,307,1004,183,277,844,135,190,897,719,75,563,233,192,685,912,893,826,773,413,241,381,257,1011,579,125,418,920,459,153,956,842,179,481,991,815,873,370,758,984,192,563,246,212,830,131,383,249,101,583,316,459,344,29,43,916,731,547,491,636,865,178,10,156,1008,62,194,213,282,518,237,238,197,190,346,737
850,598,27,201,73,468,269,364,466,474,27,290,8,704,698,427,322,898,309,302,863,280,204,747,595,219,959,455,897,484,595,289,208,116,549,742,660,420,274,586,592,626,785,789,363,446,644,338,656,637,679,52,73,756,613,185,362,470,467,930,358,88,458,165,397,533,786,608,664,816,942,576,599,312,456,229,274,339,61,907,427,795,657,299,986,618,70,808,619,814,363,915,427,338,161,363,427,427,471,315,830,5,717,454,842,468,895,371,830,96,786,54,336,275,113,165,539,682,773,274,527,544,454,144,405,467,623,315,910,358,479,536,404,133,668,331,988,394,786,313,521,296,702,864,34,121,462,603,310,392
306,247,650,960,747,256,959,693,379,644,416,512,550,922,689,303,726,81,623,251,657,197,893,508,620,377,339,776,369,684,708,255,136,204,799,172,79,165,465,561,110,614,95,562,228,288,554,705,676,239,689,303,687,827,200,320,799,342,261,367,861,251,503,389,637,175,56,688,1009,60,254,869,8,548,497,453,371,816,688,767,168,1015,6,852,828,573,826,228,671,729,885,243,715,951,890,923,223,139,288,378,902,542,639,746,927,258,202,561,427,704,659,370,714,266,304,478,426,544,228,962,639,134,44,875,916,30,375,259,195,257,811,833,688,305,996,742,634,364,964,653,683,79,490,58,512,703,100,184,694,767
706,841,344,803,929,848,852,508,842,836,309,660,939,856,995,253,811,494,998,161,878,808,950,516,287,854,801,321,272,1001,390,415,96,745,292,240,89,905,834,901,1015,367,102,578,985,22,585,969,284,408,105,110,851,894,112,970,112,951,112,816,110,783,161,1001,954,348,353,313,773,884,528,156,415,860,793,770,130,479,804,224,1017,373,684,869,251,880,231,865,840,1019,96,683,534,144,873,103,691,857,949,541,3,792,937,788,891,667,937,872,295,799,404,218,128,766,97,865,921,760,850,939,777,116,648,528,681,861,854,914,857,587,858,969,630,1004,253,613,110,804,159,939,845,756,519,105,921,874,977,810,834,811
876,421,284,32,233,896,768,483,600,262,838,31,825,24,845,555,894,36,603,683,420,634,976,563,196,827,839,197,376,295,205,198,400,451,152,294,907,704,613,56,55,96,412,3,658,826,405,176,201,411,231,814,750,472,726,309,902,750,1005,857,312,976,784,188,193,549,694,267,872,792,568,757,40,664,196,725,24,948,888,996,317,789,750,476,848,744,19,611,797,619,224,533,248,723,248,155,918,607,430,572,435,170,629,28,856,28,542,309,800,863,761,3,471,475,811,613,830,298,549,796,545,273,234,56,512,729,771,418,421,54,629,557,768,320,747,810,537,750,200,888,54,760,69,768,273,875,223,402,19,475
174,524,168,509,701,203,558,416,561,603,447,403,884,854,853,860,984,346,982,984,868,372,878,854,280,266,899,435,842,397,691,604,841,379,344,464,765,453,832,467,247,59,110,422,405,481,320,821,838,736,116,51,400,1000,411,208,857,434,976,858,959,427,362,935,306,726,607,445,850,467,184,146,435,26,173,832,622,539,982,353,41,323,286,875,401,178,603,64,410,726,390,473,417,900,916,870,799,292,336,740,132,920,622,916,538,497,336,475,209,447,638,404,464,48,326,62,667,552,354,376,171,740,347,294,868,769,432,367,303,88,735,694,879,860,909,823,123,762,259,139,889,873,868,622,945,533,390,624,623,849
969,113,983,45,955,119,107,21,825,39,988,919,950,259,871,754,72,726,1020,1018,137,784,999,839,883,887,744,738,1022,695,488,969,90,1017,887,873,328,758,662,1022,113,1002,23,566,512,987,266,378,455,463,509,117,799,779,994,647,706,64,515,316,778,984,806,643,323,488,726,867,768,714,540,407,590,608,143,765,573,557,71,777,736,290,658,654,328,518,311,227,849,742,968,43,930,29,534,483,85,399,1002,797,782,860,138,618,823,635,751,497,644,631,658,435,776,34,430,375,523,507,950,802,507,921,421,521,1023,828,743,469,867,247,554,64,772,560,505,531,167,809,935,1011,839,1021,341,8,39,459,611,24,781,404
227,23,606,671,736,9,712,952,615,82,820,70,604,391,137,371,102,64,814,1012,0,21,552,489,750,646,13,311,584,195,645,50,269,584,576,499,124,473,132,579,627,316,52,256,636,441,0,91,295,499,604,341,564,963,496,515,590,329,799,516,290,128,29,502,650,624,195,707,103,174,74,954,50,341,373,941,707,808,519,71,933,707,434,155,174,265,443,121,67,18,303,1000,916,91,500,50,844,519,276,951,991,301,115,634,962,79,99,232,578,584,730,467,584,94,696,464,119,488,684,441,946,397,142,696,707,780,910,985,761,77,263,274,586,622,697,584,675,598,786,665,576,327,94,691,57,126,79,951,728,718
444,570,822,267,500,372,290,1000,344,534,759,408,827,5,528,172,809,852,391,493,733,856,714,890,42,740,628,508,813,853,427,856,768,910,630,712,29,316,579,237,709,639,108,36,1001,868,829,924,491,769,152,365,185,732,162,292,312,493,957,393,866,243,33,168,436,480,252,362,159,931,248,963,44,61,919,391,901,733,543,713,540,715,709,708,148,216,395,765,203,964,797,708,663,741,709,391,252,371,986,631,708,661,602,505,653,836,562,502,0,460,403,773,522,396,840,581,263,905,853,909,644,584,827,647,40,488,484,762,444,583,216,712,215,454,135,632,902,465,922,114,255,247,250,794,391,26,408,398,230,271
118,218,39,340,558,86,826,18,339,276,600,527,992,775,543,56,779,780,9,816,875,806,863,529,854,64,58,395,163,787,227,282,1019,179,844,346,1019,504,597,232,38,880,508,765,741,490,802,980,534,790,611,8,925,24,18,509,467,44,52,41,536,37,321,56,892,468,184,292,874,480,469,1007,1001,236,873,689,782,889,51,1007,981,605,774,8,586,281,775,840,99,771,854,232,68,357,306,248,406,484,635,17,871,507,70,78,600,751,211,26,600,793,726,615,1023,20,122,761,36,40,255,214,774,164,718,931,765,23,19,874,446,70,445,830,279,196,435,943,504,379,537,467,1001,550,171,357,966,129,273,735,248,745
736,311,788,298,392,394,215,910,537,805,410,897,588,954,363,36,231,645,551,720,25,399,660,507,280,308,613,985,740,393,68,420,224,197,35,228,574,298,300,939,945,958,926,104,264,39,584,810,706,21,999,563,990,163,387,456,295,475,924,393,718,404,788,215,737,913,364,250,347,39,420,171,224,816,252,163,731,808,946,147,936,415,407,234,619,119,307,296,681,930,439,425,295,496,552,456,512,227,940,823,995,652,407,296,415,347,97,929,37,816,344,276,738,632,303,401,440,316,96,527,480,425,442,932,920,652,762,370,744,142,740,103,292,330,408,448,424,802,306,403,217,340,502,403,633,526,602,744,213,580
365,152,246,92,388,28,399,951,536,362,995,447,411,391,92,914,940,28,32,815,840,456,263,826,880,432,253,866,755,210,602,931,858,546,303,416,382,998,866,501,976,542,410,98,384,607,40,653,428,586,149,770,600,430,376,226,509,631,159,877,150,654,113,354,415,421,794,400,249,536,131,670,875,427,491,992,108,676,167,955,741,675,352,381,384,782,527,91,263,790,865,870,862,740,561,391,121,349,681,775,912,995,671,864,658,360,225,819,862,464,46,942,672,418,671,66,750,315,601,252,34,269,747,386,866,637,875,850,111,511,376,400,639,782,234,502,628,159,559,108,672,926,876,108,860,156,873,558,381,28
805,899,362,383,409,415,384,825,739,330,449,831,791,437,32,361,209,742,1021,479,949,938,269,490,773,966,756,798,94,119,734,32,380,301,770,819,1021,927,494,42,253,682,582,884,415,739,234,921,1020,750,162,933,1013,512,253,373,798,250,279,426,817,949,359,413,615,542,762,695,372,418,765,509,965,441,224,50,836,186,221,88,818,578,136,1004,409,887,127,493,970,461,493,26,1009,533,614,369,409,216,705,495,299,308,302,903,110,207,250,422,294,490,804,285,488,365,42,407,867,178,873,777,746,734,53,961,751,597,264,931,280,874,623,442,224,485,230,384,641,283,937,7,422,136,963,761,120,290,899,381,463,771
44,284,166,383,58,447,640,940,597,870,692,403,81,798,851,875,817,300,810,901,687,689,207,839,67,175,297,1008,692,336,209,1011,489,94,715,837,367,869,867,429,861,191,935,416,787,76,683,422,704,95,846,113,209,849,848,686,140,967,23,841,946,522,240,443,771,410,133,413,638,94,252,683,675,724,190,640,352,861,880,348,142,255,330,802,895,349,234,332,336,64,211,68,120,758,676,769,391,351,423,240,591,262,1023,286,393,59,854,999,181,131,1007,959,559,19,127,137,439,555,851,971,859,232,415,447,879,936,1008,264,331,133,259,752,1019,874,993,262,371,791,431,283,432,27,565,959,331,528,390,726,489,972
650,424,948,65,100,759,309,235,965,961,127,198,669,680,730,854,936,673,583,503,653,913,71,173,312,61,822,846,202,134,456,496,162,55,452,658,362,366,130,167,72,727,43,247,959,247,129,598,363,625,58,837,214,218,366,658,198,961,47,599,497,146,148,358,181,202,87,159,246,232,65,231,133,247,76,216,205,202,794,297,234,343,342,836,527,95,74,485,547,495,554,840,24,947,200,305,181,16,138,959,158,468,293,527,382,985,83,22,132,373,975,605,266,294,957,683,788,422,368,948,42,313,230,362,693,140,1010,78,717,957,55,599,71,645,793,202,648,327,892,38,374,245,282,134,688,597,708,968,72,90
270,72,841,334,517,1021,544,452,955,892,826,6,192,465,120,903,609,185,54,383,983,78,863,986,27,246,894,418,887,326,932,709,566,958,999,183,794,87,243,826,346,583,120,604,358,922,940,133,249,605,537,901,1006,618,932,102,327,1020,920,447,567,409,189,841,551,909,217,531,134,806,871,932,320,806,934,869,53,844,881,938,965,972,344,889,128,986,134,930,185,784,933,410,358,666,826,858,710,874,360,10,1015,659,292,1004,927,1015,214,949,15,804,726,512,655,48,360,25,229,909,698,728,629,847,549,982,847,950,238,224,252,978,1008,593,972,826,585,827,923,294,806,839,543,986,822,932,903,10,95,543,600,962
472,288,48,588,919,533,453,172,353,768,786,48,16,176,815,21,284,140,895,292,117,733,47,751,256,99,31,712,46,48,791,274,453,216,666,286,509,490,497,786,396,284,99,284,721,327,984,95,365,954,944,1000,668,612,284,496,944,763,268,284,976,588,496,414,815,668,266,652,791,132,652,75,4,878,147,211,276,15,860,364,18,911,202,180,356,500,946,596,373,996,846,284,565,284,369,108,1009,657,177,28,576,540,1015,266,28,738,490,992,739,118,614,47,510,152,875,327,515,847,927,82,267,148,562,772,755,793,593,882,188,482,879,687,13,389,625,781,624,291,282,42,978,799,1004,866,830,784,492,16,807,28
435,300,689,524,21,684,96,975,171,181,483,363,372,13,459,55,986,144,682,528,169,239,334,5,790,388,126,406,745,688,175,654,278,198,191,11,665,363,906,984,788,491,371,266,22,473,337,656,691,195,246,491,986,1019,157,10,14,595,89,150,869,993,533,875,147,24,646,486,750,375,424,616,394,106,484,57,846,416,679,974,310,80,209,464,495,528,656,185,73,374,1011,68,696,239,895,97,937,91,450,87,286,259,991,143,764,363,95,685,424,748,736,245,226,12,283,931,817,304,756,123,920,543,167,938,721,938,320,1006,467,215,633,340,31,1006,1,167,363,1017,645,59,367,155,951,798,944,549,321,764,400,0
314,184,529,904,33,71,587,911,331,968,237,359,861,382,268,80,756,796,768,602,114,202,287,828,958,689,688,797,525,936,54,858,820,747,245,641,196,514,939,563,90,245,617,160,642,884,845,230,966,894,877,192,939,268,619,116,500,697,955,187,394,821,705,112,248,937,97,965,421,693,689,378,64,697,187,214,836,877,602,480,894,961,681,292,641,700,330,237,361,306,54,691,346,823,971,425,478,506,72,308,241,245,897,194,903,298,218,756,399,169,84,1013,587,963,26,922,919,139,531,937,988,692,24,907,168,278,458,84,438,246,440,169,330,689,909,950,176,399,896,641,517,18,266,177,400,843,897,589,745,128
486,822,0,679,295,345,512,543,450,396,468,426,166,62,467,463,130,704,957,332,943,82,446,691,95,746,362,320,531,364,544,640,999,989,671,715,687,540,334,575,647,325,989,392,165,982,962,674,689,264,416,619,997,682,349,362,311,320,989,605,441,439,174,895,318,585,953,483,556,813,437,602,950,469,808,556,310,812,496,612,446,376,573,322,124,136,431,783,575,485,713,332,485,985,1017,678,429,985,146,630,987,358,58,172,352,363,592,174,16,1002,418,131,462,286,82,763,433,573,119,405,334,478,44,334,318,763,879,446,961,306,582,959,144,143,29,954,24,439,161,575,577,613,316,614,88,65,606,446,103,320
549,13,128,868,36,318,879,709,17,368,115,421,89,761,593,88,704,853,816,831,790,164,95,268,785,540,63,359,899,362,580,18,899,708,834,291,1019,63,100,32,347,427,1020,859,487,264,61,721,918,811,82,287,984,92,918,625,806,111,987,824,832,274,314,880,788,453,92,260,160,757,785,354,829,46,865,517,163,843,222,541,1023,784,389,628,724,272,68,303,593,829,451,398,634,154,233,838,643,68,603,464,1010,939,84,512,756,664,815,822,21,644,517,974,561,97,289,570,938,507,74,277,573,967,389,867,124,957,736,288,277,350,806,337,80,360,325,830,840,59,577,448,962,220,512,47,77,643,423,318,831,972
841,409,42,570,489,342,592,43,402,951,35,985,550,526,918,550,850,540,958,957,654,95,920,916,241,551,542,25,808,543,542,732,532,90,591,85,359,974,115,495,1,333,493,746,296,520,39,351,1001,544,23,569,135,674,417,553,534,989,354,374,802,106,728,472,826,534,738,538,720,504,36,464,159,154,222,297,732,752,973,996,980,784,19,740,942,682,516,422,544,672,480,494,227,802,482,710,495,119,607,221,520,776,425,265,998,990,481,977,682,548,550,278,722,1014,2,888,278,986,321,437,550,847,842,397,672,407,175,345,215,381,374,976,786,732,558,376,681,542,870,221,738,678,534,732,663,32,346,200,974,651
478,670,34,331,969,70,625,663,473,919,19,310,494,210,230,11,545,254,936,478,870,583,475,6,926,556,56,594,478,679,505,448,22,566,615,939,70,603,46,1011,403,1011,812,277,487,268,163,952,849,46,130,912,432,678,698,625,936,107,809,672,526,887,411,38,977,995,72,554,594,317,977,626,10,880,853,461,861,663,333,943,732,527,131,868,754,103,456,676,559,236,802,509,346,288,302,427,958,11,679,248,858,468,888,798,983,468,39,383,917,471,299,798,995,679,3,935,946,811,493,41,691,522,990,486,326,429,625,627,876,670,691,644,926,940,33,540,679,864,182,615,478,658,464,658,345,177,330,967,8,927
141,142,231,526,621,977,143,135,228,76,1005,841,766,1,23,428,74,832,259,130,86,282,712,54,527,116,1022,642,905,750,367,855,10,600,791,654,438,527,604,158,571,793,527,773,914,10,163,247,153,739,880,89,578,263,267,400,793,332,227,1011,371,138,239,712,831,130,706,342,124,965,237,829,226,23,946,758,843,266,655,150,714,600,241,880,448,77,583,106,284,654,372,26,998,663,438,535,58,239,497,750,832,265,234,628,2,534,639,751,138,600,389,266,369,541,325,167,441,763,519,372,174,639,624,1004,398,749,756,348,911,969,369,229,109,178,430,583,28,362,23,124,27,454,792,610,530,719,368,234,142,766
983,198,500,428,529,755,52,447,120,574,797,284,604,819,927,496,572,286,66,28,761,220,807,492,696,91,717,194,896,680,523,90,252,647,767,395,282,781,193,929,284,1017,959,979,681,562,459,761,1005,973,817,292,103,454,108,124,604,876,669,569,478,183,530,864,378,335,582,198,120,270,911,792,381,536,798,127,191,257,764,711,637,279,966,927,355,82,108,396,447,510,753,518,868,480,716,252,254,120,512,426,959,732,194,710,704,1021,391,1013,759,493,986,678,900,374,58,305,73,383,665,191,391,50,511,791,96,351,1019,665,92,124,191,357,414,1011,638,903,765,393,449,934,441,629,274,801,577,605,945,284,399,1006
764,626,211,426,587,16,392,755,572,318,883,154,269,9,255,235,397,686,946,17,786,9,626,279,126,640,734,187,647,488,60,362,359,526,940,343,587,11,662,48,259,827,822,212,593,268,257,106,443,978,665,564,946,734,57,302,542,619,722,579,640,649,608,612,295,546,463,127,612,401,654,397,544,251,649,416,135,735,348,574,705,398,828,768,526,515,46,257,912,275,28,144,314,513,564,273,573,658,577,764,903,378,764,786,651,203,70,28,879,707,619,515,514,211,873,852,645,125,706,403,510,443,356,212,642,920,613,713,624,67,911,77,665,67,122,348,796,945,622,77,634,558,643,544,397,566,543,912,220,471
748,954,599,242,581,939,959,940,957,886,952,833,461,975,241,80,783,370,148,73,793,945,42,81,586,293,954,375,815,890,274,784,535,175,322,652,983,974,844,454,563,262,983,33,24,529,306,240,361,722,170,987,627,42,444,306,280,354,585,344,593,719,981,502,138,937,380,249,596,951,602,393,641,682,806,237,653,200,998,885,247,721,799,87,293,69,869,743,319,655,950,650,974,689,711,440,768,919,562,119,685,302,976,454,977,198,926,999,553,634,430,957,178,589,225,574,172,975,129,89,311,627,87,9,81,217,912,953,873,795,192,286,832,910,110,857,206,971,204,950,782,337,926,527,811,951,791,989,191,458
417,3,154,22,762,562,873,857,744,889,8,721,573,418,7,275,958,390,474,722,884,811,514,147,687,273,778,116,324,533,612,490,881,421,436,1023,301,562,615,453,631,74,639,739,1018,171,592,552,452,558,873,956,111,234,744,1020,986,780,812,764,566,405,938,842,869,419,51,23,91,514,103,32,567,572,446,534,17,874,407,745,40,360,646,44,151,103,313,55,424,11,481,220,161,255,66,849,839,592,435,315,79,106,234,456,107,412,874,278,103,202,546,207,526,639,740,678,1020,313,430,48,73,96,20,147,269,604,98,259,118,263,964,57,587,70,473,431,437,618,587,103,193,151,535,251,154,462,642,554,390,772
314,759,183,94,840,859,266,23,289,359,215,908,862,341,406,809,292,944,438,282,588,636,238,500,88,935,624,747,477,195,569,358,286,279,70,468,61,198,270,361,237,359,757,439,623,467,323,303,119,442,279,599,937,343,440,333,136,173,867,745,391,374,439,282,308,610,245,369,585,357,66,936,790,449,500,504,729,543,207,436,791,376,434,766,828,1005,522,604,999,668,361,642,380,501,357,777,21,159,336,333,919,426,372,615,421,949,76,21,110,199,487,297,373,17,195,613,585,346,308,862,389,133,119,783,773,172,652,187,414,263,559,279,622,547,113,791,666,214,633,197,369,677,598,859,446,470,874,361,667,446
623,346,113,701,31,258,710,577,407,449,225,349,117,672,566,628,645,181,668,254,299,159,147,123,368,130,684,566,462,207,302,677,40,891,983,165,221,146,879,1012,521,854,187,202,296,551,35,549,1013,375,79,141,581,367,249,890,531,129,269,681,677,207,157,841,542,1007,704,915,112,831,863,910,654,176,319,882,853,162,69,846,512,772,117,368,369,628,420,895,655,592,652,80,940,931,396,165,217,668,313,285,782,270,696,157,383,1001,790,173,771,129,688,963,116,970,834,167,213,68,998,352,315,470,367,468,249,570,86,997,853,117,79,37,691,143,518,113,176,1001,358,113,927,400,893,798,854,258,449,123,908,526
89,356,282,532,314,960,252,472,42,698,553,889,143,554,181,318,951,1004,301,296,97,321,903,690,54,585,415,172,189,793,490,689,525,45,569,402,340,68,1015,671,233,390,599,940,1016,123,231,91,927,881,132,615,406,647,796,623,562,260,647,272,487,89,151,667,500,153,897,603,706,602,587,795,290,797,386,418,442,621,244,155,381,289,347,925,621,865,318,360,7,352,144,89,585,662,577,791,153,654,490,538,104,919,586,796,321,288,884,876,411,333,116,823,229,422,916,257,521,200,123,89,940,365,619,257,296,409,159,790,578,888,495,719,290,126,433,624,826,342,890,241,486,473,0,561,800,349,871,587,247,246
364,953,542,314,456,662,49,464,607,807,560,74,867,433,51,88,900,827,121,739,149,534,561,849,346,58,234,807,465,548,865,706,519,121,680,122,560,647,675,136,151,68,186,461,865,524,557,121,621,625,283,176,541,317,688,635,346,548,168,403,74,441,26,585,289,360,98,478,823,815,795,587,536,147,859,122,77,345,134,450,474,499,295,222,248,767,283,528,1021,730,311,600,827,592,398,120,442,514,445,554,597,857,175,541,334,136,486,569,445,371,524,976,961,929,344,688,820,103,346,282,385,402,367,103,478,443,538,614,708,859,289,861,329,129,341,477,843,519,377,398,775,1013,863,428,98,174,178,429,556,536
954,890,956,141,848,1020,543,941,868,972,393,596,327,13,269,30,956,535,812,248,719,836,18,936,712,691,922,1009,442,601,275,469,716,503,781,209,754,394,71,833,624,708,101,620,418,426,577,856,30,105,16,620,759,999,456,888,716,544,268,608,104,941,931,763,720,213,664,460,369,154,236,119,925,667,803,452,125,708,418,781,309,60,916,1001,853,217,817,452,637,443,938,551,354,532,105,377,876,930,508,708,263,81,965,612,752,134,2,729,481,653,1014,968,205,910,719,448,923,601,66,683,750,31,596,490,748,840,493,964,636,927,887,663,141,856,170,437,969,274,222,972,452,442,296,637,874,523,661,455,884,984
87,474,736,955,135,354,278,989,789,727,271,822,135,808,271,69,6,872,266,395,850,764,606,72,766,452,456,478,25,27,159,452,149,192,565,872,968,470,259,475,457,153,609,91,659,296,774,884,36,931,283,427,465,83,520,553,504,827,503,376,378,582,298,434,453,629,260,770,122,449,782,663,52,328,545,554,510,306,506,508,368,508,242,515,698,991,339,976,263,646,283,259,560,369,337,768,782,678,394,1016,398,644,143,747,889,519,682,440,456,98,153,71,920,888,740,522,670,570,268,506,941,940,576,659,572,684,470,156,814,449,801,411,776,640,190,359,507,467,817,451,40,852,506,60,506,340,107,987,753,686
601,297,802,684,76,863,851,403,108,332,973,290,689,19,456,348,289,693,258,754,691,850,796,221,297,683,797,457,782,227,274,875,586,691,115,887,48,402,850,882,82,760,505,881,641,393,858,1002,873,228,221,974,1014,192,105,844,467,338,268,676,875,992,27,657,352,678,130,525,631,299,553,248,264,414,726,386,861,398,891,468,297,292,403,288,1020,366,150,227,855,661,734,878,444,721,739,829,813,51,459,780,21,882,847,205,271,831,338,210,442,428,962,850,434,975,705,176,658,252,865,350,113,540,439,440,691,595,691,851,140,673,851,829,206,627,925,268,65,462,94,172,367,376,395,847,701,742,1023,357,974,70
107,202,229,984,347,984,161,341,22,912,284,989,976,704,488,70,323,320,272,220,976,465,485,855,559,540,105,149,553,103,848,835,337,328,431,88,366,20,453,466,855,178,453,366,554,792,179,328,567,474,58,841,792,521,382,855,667,264,1001,696,540,139,213,24,331,514,1023,715,505,107,279,26,756,296,567,896,366,111,511,867,744,237,291,165,131,101,685,751,944,363,91,27,751,735,670,467,978,856,212,170,55,150,171,208,424,863,475,531,895,979,60,234,166,969,90,141,322,423,25,168,704,781,69,22,339,7,146,473,535,572,973,248,122,831,179,211,319,297,145,912,259,131,304,963,660,224,40,172,1002,180
317,526,304,678,424,459,753,700,907,995,256,471,888,312,945,34,485,816,372,440,764,150,23,35,983,970,246,917,456,604,48,768,395,492,548,925,456,721,200,788,344,128,901,804,895,720,986,314,552,969,678,276,652,337,59,56,977,436,448,11,560,3,991,678,751,166,757,962,903,23,719,440,56,11,322,820,474,550,115,471,1002,725,23,9,58,291,905,847,547,89,482,640,470,900,193,164,977,467,256,193,526,196,75,764,248,718,166,499,171,422,511,820,267,674,948,56,983,796,266,806,304,436,15,292,789,650,88,468,74,729,606,448,108,759,132,500,63,605,14,453,595,564,486,534,995,6,650,500,220,488
940,335,367,399,349,845,123,859,798,171,1020,349,60,500,728,169,358,1014,351,435,172,152,149,511,257,843,236,39,517,342,397,596,181,252,343,528,43,735,395,321,428,928,600,78,859,511,937,16,980,844,369,855,730,1014,179,299,509,311,588,949,573,205,815,693,384,77,1020,460,271,389,255,913,710,356,447,59,757,947,19,130,857,489,677,857,436,409,77,435,648,364,716,592,77,438,567,668,338,173,943,439,329,103,143,349,655,167,156,806,740,812,354,429,553,329,434,683,65,298,19,189,800,801,491,502,980,561,32,866,356,85,911,715,496,139,751,336,58,263,481,813,283,170,81,141,364,947,926,245,480,135
574,656,172,274,495,722,31,181,811,819,24,253,18,1005,318,1012,635,448,69,59,907,771,590,225,995,261,955,1008,523,564,562,482,626,568,514,290,83,468,362,400,459,577,653,368,513,368,230,723,453,970,1021,739,241,942,484,109,496,585,1016,16,876,766,39,437,494,514,382,173,514,340,373,239,574,155,563,183,180,811,513,400,595,563,1019,625,172,843,884,320,577,382,574,917,1015,707,891,210,728,912,476,654,179,568,540,655,561,173,203,806,733,530,194,472,444,729,48,962,536,536,966,370,1017,274,67,228,882,934,812,415,709,66,1009,158,51,67,958,314,67,457,21,803,513,365,210,565,587,574,770,469,963,979
542,732,486,519,265,775,920,909,837,775,449,724,485,64,662,692,329,777,525,889,574,847,751,137,751,880,525,526,549,884,900,1012,300,767,909,713,542,868,121,376,527,814,652,732,866,668,767,733,716,765,659,63,21,775,444,593,393,221,940,809,895,1019,934,436,750,691,916,166,594,204,619,767,3,365,836,453,192,451,414,436,566,917,738,709,622,737,735,268,496,124,201,909,531,850,575,71,656,767,574,550,716,715,747,30,703,393,502,541,775,12,1009,499,784,549,635,134,514,76,884,767,81,612,753,769,370,542,771,550,59,897,284,788,350,874,326,1023,882,702,967,410,368,56,767,611,126,770,777,126,884,536
890,155,79,903,589,716,543,461,1023,464,762,139,566,384,622,399,155,437,1018,981,383,577,46,233,586,875,75,126,281,547,935,686,774,461,968,137,271,379,321,526,903,51,543,543,481,94,639,65,102,177,1022,975,822,723,848,856,365,517,916,320,991,347,1023,225,101,188,69,511,289,609,102,622,65,135,176,669,159,343,541,158,155,200,614,508,894,607,184,551,110,807,119,155,357,321,91,271,966,981,955,347,202,161,1019,369,70,91,95,161,568,392,177,34,361,52,304,683,177,343,386,131,956,398,350,552,560,604,873,66,513,430,508,488,523,180,457,430,564,846,55,991,27,596,551,311,981,458,240,879,681,407
285,7,623,757,523,191,283,262,895,278,958,410,767,117,170,710,455,272,365,443,635,526,511,134,317,516,424,374,770,969,232,130,262,340,51,149,456,415,991,276,154,365,454,853,277,879,939,316,829,394,558,677,341,573,323,639,845,727,243,312,378,10,309,232,895,379,86,232,693,130,127,843,682,787,291,24,453,800,895,888,701,885,22,382,568,147,295,102,478,447,895,161,554,883,101,367,262,452,404,798,415,849,179,440,920,168,889,51,883,455,625,259,578,573,326,832,378,344,279,853,269,132,172,586,371,78,675,240,344,277,637,373,410,509,408,122,371,818,437,415,949,966,118,267,6,244,511,692,568,807
104,523,314,524,917,637,823,378,300,526,132,941,621,578,418,428,316,479,905,174,35,732,174,738,434,176,174,576,582,686,398,793,611,470,732,73,249,95,304,418,968,924,884,608,90,593,371,617,981,418,635,627,176,840,498,147,625,160,286,707,240,290,813,878,122,65,945,344,889,140,364,820,163,384,72,478,842,133,270,296,641,188,977,804,373,344,413,73,849,820,552,195,684,467,190,99,726,808,274,87,745,578,319,406,852,477,265,814,189,398,50,866,290,611,524,163,274,755,236,297,582,85,250,246,331,87,675,711,957,76,284,273,270,174,686,849,578,80,26,561,132,314,32,398,173,733,316,355,892,613
723,517,369,458,236,984,225,1017,383,909,43,113,472,488,668,570,257,788,623,313,781,975,558,963,669,425,488,815,78,225,412,639,946,305,305,195,590,46,343,634,878,510,691,3,655,445,819,44,796,975,272,695,657,837,117,29,498,563,446,723,746,389,728,312,553,606,495,731,498,267,466,112,83,835,531,215,709,971,373,258,550,113,147,790,668,496,736,31,199,558,214,777,531,908,748,45,133,274,719,261,429,751,412,727,463,717,1014,352,533,605,269,11,421,908,101,209,474,161,496,503,253,973,620,720,308,728,175,732,420,720,142,416,738,274,921,103,881,257,668,496,209,281,720,730,874,723,712,942,237,727
544,625,668,641,295,329,606,532,652,607,596,65,544,16,680,558,23,398,959,204,279,655,751,373,274,454,926,17,10,76,73,708,575,639,615,532,816,830,544,922,949,700,1018,638,621,449,529,168,767,504,501,580,817,201,996,623,79,172,532,251,724,911,668,639,568,330,524,692,88,236,814,568,506,263,299,799,668,609,699,944,314,893,733,609,116,731,660,248,941,504,652,44,103,252,64,292,327,827,730,274,757,949,871,836,187,676,588,333,431,95,29,699,301,993,469,996,586,614,300,90,130,659,154,60,771,512,279,512,293,790,817,704,572,337,557,765,756,65,701,756,916,466,1017,526,76,812,451,87,970,310
944,203,81,715,738,281,768,657,146,577,888,927,504,574,767,586,868,910,346,229,402,898,606,858,880,536,528,636,614,445,402,763,607,952,937,404,942,921,367,64,576,827,765,558,539,402,1002,867,460,496,638,801,595,872,886,651,691,516,408,979,78,929,768,385,750,921,947,595,15,671,760,722,279,669,1016,315,3,580,683,886,240,603,165,254,873,283,66,634,932,1002,619,355,219,810,620,362,838,997,95,752,683,997,762,684,665,874,30,84,344,906,1004,1007,69,467,387,656,469,555,755,64,931,927,931,764,914,853,875,400,952,187,209,687,3,64,74,895,576,261,158,402,126,738,721,634,752,74,902,351,408,760
429,125,256,469,3,855,111,642,978,545,284,102,36,239,265,135,102,920,289,717,297,55,738,230,367,364,514,849,125,65,252,862,403,1023,496,541,806,70,31,976,276,65,319,836,155,343,668,291,982,696,923,998,172,333,619,854,946,902,446,219,664,889,519,1014,425,111,301,420,987,137,795,272,990,860,17,180,305,111,219,125,706,534,375,1014,124,413,857,971,876,867,853,235,908,206,132,343,982,604,1003,618,334,863,902,868,867,951,663,616,431,748,723,38,18,980,878,145,146,876,614,931,918,762,678,602,940,53,569,76,772,419,127,857,111,748,86,111,761,76,644,301,986,407,666,33,504,319,214,833,412,870
542,622,737,357,124,734,39,542,724,542,765,729,491,26,0,266,932,27,481,357,868,902,777,594,702,968,978,23,148,208,77,864,41,351,992,136,570,49,979,198,923,530,469,489,340,293,675,891,985,67,365,967,45,200,901,982,932,204,17,62,148,838,777,946,874,765,271,340,329,27,393,733,534,115,825,5,534,677,982,677,39,9,82,926,27,848,702,916,614,721,430,482,874,295,629,761,60,224,518,568,0,747,282,339,815,357,787,890,267,522,782,648,215,661,829,838,795,860,802,33,259,342,125,291,891,481,842,702,1010,902,38,451,454,798,728,986,571,215,476,1006,162,568,198,10,803,889,984,995,89,56
908,417,134,540,320,796,587,979,207,970,466,563,397,204,1023,442,335,56,71,388,625,767,1006,413,512,81,927,336,413,731,881,207,205,780,1020,382,455,849,177,636,704,16,475,578,240,714,63,512,511,769,496,63,654,939,252,21,413,444,864,878,540,900,175,922,586,960,924,925,766,366,560,792,947,992,955,931,260,293,468,162,147,912,443,870,604,1020,547,53,1004,186,794,845,228,411,512,636,992,411,799,758,910,358,343,268,930,529,964,1016,461,395,720,955,590,229,655,447,339,1006,352,932,990,590,844,268,856,366,253,772,388,714,804,140,330,509,320,780,908,668,832,766,29,1017,699,647,995,151,533,678,694,749
28,821,617,501,894,403,1002,361,498,409,604,493,337,218,416,364,304,316,81,484,228,792,820,329,988,961,683,951,476,617,346,36,521,816,1022,1006,1002,990,147,604,360,231,519,17,18,791,905,972,1023,932,22,237,56,631,82,466,794,444,426,161,628,156,812,823,654,763,684,747,860,298,974,655,922,247,798,962,49,347,975,533,450,361,828,611,905,942,480,925,1006,965,230,1010,503,503,30,753,234,400,283,976,616,503,460,654,795,887,871,913,224,406,197,30,1002,951,810,536,311,621,658,46,447,906,34,992,1006,103,862,1020,645,252,682,22,492,949,954,1002,45,988,752,1006,1006,758,202,790,810,482,785,960,818,346
651,529,210,495,599,16,690,497,260,862,1020,504,110,235,655,53,128,691,16,296,711,786,757,152,770,757,897,986,39,879,323,384,763,949,832,304,462,206,783,464,643,874,488,46,102,376,554,48,198,519,274,22,274,862,631,151,516,212,800,282,689,566,642,575,251,176,579,683,22,373,789,852,627,559,125,607,933,498,606,562,525,337,627,370,504,60,791,48,845,82,565,165,348,526,359,780,631,766,367,625,851,1022,544,141,730,552,15,181,756,985,525,693,590,793,805,347,810,90,746,659,327,252,911,391,54,326,122,510,272,519,561,312,71,43,651,924,590,563,640,648,718,389,145,772,559,36,767,549,606,513
320,657,774,255,633,146,903,652,66,379,886,913,38,585,716,908,912,365,597,518,584,515,822,393,818,429,337,321,205,904,389,295,680,378,787,452,591,498,277,764,420,648,68,358,65,529,188,363,38,913,629,374,126,664,610,68,228,354,422,557,392,5,66,68,242,589,589,992,924,502,642,589,589,712,140,409,384,889,201,581,532,371,77,891,320,775,438,203,576,463,790,475,757,165,140,301,700,77,910,6,13,615,149,486,76,949,585,600,380,124,147,640,919,584,79,422,677,633,998,699,423,363,444,933,596,288,895,359,151,14,489,729,285,76,852,149,987,621,589,885,608,589,119,267,774,576,907,634,241,589
864,156,858,87,97,473,130,22,603,10,816,6,501,713,910,986,293,534,955,438,501,626,471,9,986,416,147,978,12,969,632,401,817,527,773,882,590,199,37,384,106,4,533,253,983,1011,345,899,665,506,951,16,789,407,488,815,250,783,386,977,534,929,241,986,466,409,11,776,699,590,887,909,143,576,370,1009,488,333,624,847,837,555,151,894,1017,423,79,559,984,657,1013,577,665,517,22,165,858,1009,151,1011,554,22,544,280,997,969,825,42,881,859,984,350,14,146,547,619,1022,12,301,516,47,679,661,575,616,985,904,180,359,352,984,223,990,1002,616,357,574,52,96,993,545,1011,455,516,128,1010,407,978,493,534
490,250,284,764,516,396,529,844,367,525,703,594,985,735,53,757,217,560,588,8,601,849,607,163,832,424,868,469,67,716,330,828,988,545,508,698,372,673,865,556,76,932,473,473,599,4,125,15,816,815,682,575,885,757,298,396,803,35,685,59,469,654,674,835,592,3,674,844,649,453,247,535,918,685,846,3,725,849,880,274,1019,591,8,948,942,992,79,444,929,835,1007,599,738,21,847,553,373,838,994,424,877,590,279,461,783,507,890,730,511,23,874,838,589,1021,279,526,62,193,0,895,220,576,249,995,16,587,85,11,906,190,811,1009,794,307,122,35,832,880,53,560,562,367,113,268,455,704,61,311,543,28
252,765,242,766,562,614,1016,679,170,499,75,245,475,67,814,512,266,253,590,1012,801,535,315,758,725,241,218,444,12,659,499,330,35,250,506,364,458,219,5,931,314,652,779,268,219,422,853,891,391,3,858,241,919,5,395,630,266,652,51,302,523,328,145,519,14,296,908,17,843,676,407,314,860,754,983,328,328,96,735,703,280,350,264,171,626,330,894,675,679,650,264,531,888,475,486,741,704,756,60,634,842,840,679,520,524,438,312,328,522,551,779,725,657,301,523,528,450,264,18,331,910,904,324,338,499,707,652,65,195,915,494,212,424,486,392,395,718,973,186,404,395,307,658,18,915,129,264,449,209,616
683,506,162,386,719,395,650,970,397,402,312,239,449,545,371,708,9,499,951,451,89,90,140,480,994,741,17,513,190,668,1023,993,482,320,56,252,973,245,7,452,783,661,781,1018,271,763,323,655,143,930,224,32,681,451,976,266,12,972,124,268,135,510,766,33,236,692,61,537,939,524,153,283,143,190,224,39,461,394,458,1018,367,23,473,1016,415,880,436,112,248,575,911,498,61,224,448,918,954,536,764,275,204,152,964,836,252,401,496,456,13,449,224,77,523,730,142,527,569,978,703,760,804,737,337,239,456,125,26,526,287,604,16,523,884,10,449,231,669,1020,257,376,241,415,316,500,104,1014,549,152,764,496
394,940,506,738,761,692,594,226,765,726,693,216,195,722,576,866,681,339,1020,74,912,915,948,504,215,258,688,200,476,868,223,738,576,211,413,736,344,575,935,512,657,575,744,759,240,146,190,712,23,1012,603,277,701,216,570,680,488,734,191,295,223,866,766,162,720,692,828,866,862,402,254,299,865,828,73,726,233,992,784,196,684,546,912,721,517,878,219,211,714,624,728,914,400,652,576,738,734,130,917,718,661,723,698,477,781,304,556,895,673,802,802,797,769,561,912,555,786,572,293,617,763,207,1004,955,210,671,752,384,597,966,730,403,984,70,616,200,718,464,723,610,467,133,734,759,213,204,300,479,547,352
379,738,890,670,935,32,956,674,216,833,994,855,802,725,857,640,95,1011,576,79,182,642,522,824,159,640,919,234,936,617,209,931,861,150,516,32,603,316,525,591,912,877,625,994,271,723,811,186,738,749,901,158,484,888,219,667,83,666,66,692,925,338,691,758,619,227,648,233,152,662,763,959,287,822,714,858,58,954,144,847,159,166,442,109,336,440,535,678,109,407,595,35,147,666,609,662,802,1023,134,1011,125,216,629,928,325,223,336,27,131,739,866,118,538,918,836,918,591,489,712,930,272,233,24,31,368,109,620,341,980,672,706,552,392,489,940,300,771,31,386,996,818,709,34,436,219,808,443,764,536,920
196,700,734,11,436,163,724,969,22,452,490,522,10,444,208,210,606,303,533,706,758,547,739,860,2,856,669,720,706,163,442,143,98,709,736,153,205,705,515,778,804,703,717,755,924,513,0,207,345,195,853,592,259,724,855,718,845,706,209,127,90,226,772,1023,195,923,1020,734,668,798,503,548,847,80,863,234,549,820,755,722,284,270,647,1022,156,2,252,188,176,380,195,352,95,511,345,375,80,354,362,518,895,74,756,842,147,581,191,320,254,711,753,195,87,860,676,733,735,706,180,691,759,949,722,959,397,129,610,229,19,191,978,671,766,18,593,777,593,434,722,31,179,864,130,335,367,456,352,774,433,162
69,704,881,801,201,199,510,238,233,716,299,945,609,717,9,978,93,906,767,266,97,29,310,157,549,343,805,374,238,137,132,222,915,880,314,132,15,937,113,983,574,451,824,297,492,830,75,148,248,478,395,553,556,331,429,535,864,155,1008,394,253,713,406,976,997,113,639,184,251,856,760,523,399,244,423,59,235,974,64,699,826,528,887,881,93,192,847,244,68,68,894,421,701,824,633,977,130,644,72,217,966,270,480,331,817,48,299,319,155,684,951,945,175,199,432,266,234,945,107,363,889,157,586,28,139,206,242,662,265,27,375,455,91,206,459,817,384,52,396,283,340,961,229,381,941,719,232,1012,948,754
739,736,927,653,684,669,725,740,572,58,392,706,853,616,175,572,815,144,407,715,493,764,674,994,499,560,541,664,585,541,826,559,482,703,847,255,835,685,672,715,172,192,909,656,525,884,589,607,652,671,274,866,591,992,541,355,685,940,366,229,239,705,677,537,665,671,956,207,238,685,862,224,677,397,657,706,948,604,468,710,853,487,685,430,962,928,206,750,603,72,866,202,912,115,503,487,222,948,659,764,943,685,851,183,324,207,195,673,957,176,725,677,707,204,611,704,204,450,684,798,572,155,558,314,789,684,560,808,704,195,411,688,928,736,220,284,701,365,673,561,665,642,661,534,405,573,206,845,430,477
119,571,248,525,1015,733,342,136,599,654,405,176,476,661,511,544,255,428,58,130,905,702,376,658,480,850,235,527,590,816,722,361,659,5,616,779,731,160,992,205,406,372,855,479,831,571,608,493,122,844,666,230,2,189,191,816,834,25,532,642,172,315,821,210,212,142,76,459,118,316,130,166,376,328,397,466,68,321,898,805,186,856,533,632,525,702,696,613,334,5,597,980,185,397,582,151,492,512,720,60,800,372,162,321,935,662,803,496,271,333,21,914,722,176,441,85,514,522,359,560,332,86,374,191,634,71,697,53,623,681,324,471,399,466,396,590,239,892,466,5,456,338,372,959,559,530,853,37,708,666
320,363,886,703,478,496,894,938,465,448,169,523,354,365,801,557,236,378,429,61,929,806,691,225,984,293,375,796,840,546,204,883,491,355,40,557,610,20,493,837,858,565,1023,655,192,676,795,81,329,594,670,273,495,426,333,419,858,308,1002,300,353,965,364,337,73,798,553,170,841,545,144,498,288,478,154,706,403,373,165,337,877,606,645,163,46,624,196,197,671,23,823,192,403,430,42,557,449,320,863,369,867,895,873,849,449,544,295,211,373,746,430,453,702,509,1006,424,757,610,73,876,784,381,528,99,895,998,912,104,337,25,938,331,10,923,826,821,61,787,625,149,864,534,998,132,449,106,192,301,59,291
571,383,514,838,685,793,693,805,192,280,359,225,549,1014,812,619,548,978,291,398,392,1020,349,812,598,598,92,1016,993,726,555,807,245,551,174,1004,796,470,549,68,357,526,911,412,803,680,579,922,350,349,124,596,656,151,395,300,683,979,826,711,989,188,978,288,812,743,956,336,85,43,200,317,113,95,807,592,754,93,615,799,812,412,551,969,750,477,124,519,251,688,620,924,95,679,411,81,211,811,978,796,614,810,739,93,668,307,855,412,598,496,133,63,349,880,108,124,190,547,571,811,167,126,531,288,94,48,213,284,384,961,262,215,86,392,636,258,807,961,551,815,277,285,868,413,84,182,946,153,771,796
145,461,965,11,334,450,47,988,891,806,583,990,358,625,61,584,44,556,138,658,57,841,766,314,806,773,57,461,940,739,84,302,723,208,1,282,423,374,260,169,330,375,334,809,597,917,807,983,699,915,327,805,645,841,741,843,52,887,357,462,370,71,329,17,589,338,185,220,185,958,875,565,263,643,55,885,57,245,197,228,899,489,166,951,585,198,633,269,986,698,677,246,295,483,763,301,807,209,786,630,684,887,739,773,617,935,633,267,12,839,676,203,227,805,261,392,25,636,845,270,483,647,214,344,325,700,932,276,185,682,871,199,341,693,313,807,970,197,327,807,988,51,769,448,188,250,491,892,39,54
315,465,442,618,922,140,665,263,6,781,1005,1015,111,30,424,75,920,537,349,747,120,212,969,40,436,294,593,816,457,490,1016,504,964,986,602,794,666,111,587,280,763,263,408,55,682,431,772,619,344,251,931,921,975,911,922,189,922,837,719,1001,498,52,159,734,360,294,312,882,976,743,992,962,276,727,879,623,582,589,351,477,901,231,605,571,183,191,747,456,922,964,95,16,911,744,39,309,663,984,294,966,825,279,603,484,171,69,219,113,706,372,901,664,900,295,781,867,593,933,779,1016,268,208,679,727,922,191,326,865,1008,272,961,551,381,747,469,1012,771,245,426,429,603,733,747,602,1002,781,801,87,312,669
762,702,780,772,264,472,372,809,516,106,315,786,71,612,184,406,864,795,929,191,560,90,780,284,232,787,1007,980,34,961,196,756,792,317,900,197,292,187,78,91,152,626,352,722,119,732,703,964,820,321,702,921,744,869,722,337,675,182,87,152,772,991,2,801,756,510,327,367,312,846,842,783,760,13,824,96,761,810,68,820,128,442,818,303,700,787,784,198,474,736,809,532,758,615,447,712,824,753,711,790,706,404,43,756,754,327,64,772,804,580,856,457,972,706,937,330,789,953,205,355,717,437,125,780,944,457,7,43,809,76,868,440,71,198,969,815,824,772,472,113,114,7,870,103,990,11,716,948,698,964
273,987,796,431,1012,560,215,350,721,884,711,44,278,723,724,605,610,476,174,860,170,303,223,266,724,732,432,223,1001,740,724,148,32,802,729,221,582,191,76,236,269,470,893,684,568,1012,245,724,555,298,44,548,694,199,514,733,961,263,129,333,940,999,549,721,1002,581,590,697,297,654,540,561,723,329,434,958,221,967,284,668,533,89,236,544,907,52,732,693,204,977,707,715,991,492,850,155,658,779,663,296,620,158,566,464,236,732,215,614,136,249,669,733,819,868,724,840,588,656,819,732,558,372,745,249,112,941,860,265,253,1001,684,180,614,46,786,605,786,790,553,732,306,761,447,548,545,185,740,175,979,165
99,530,862,655,177,745,625,972,88,549,830,628,185,706,869,41,170,991,578,259,697,909,201,851,122,978,706,625,431,99,104,631,544,275,113,1005,130,632,38,506,182,505,1005,300,493,1005,104,539,195,979,207,682,866,638,312,506,637,607,743,82,127,689,892,983,266,231,821,181,88,169,346,42,649,646,637,971,193,249,636,543,529,968,924,914,65,537,252,268,487,827,195,95,880,125,48,777,625,855,111,590,193,257,364,54,65,256,994,234,867,314,888,201,828,307,534,21,763,35,917,309,518,103,964,125,193,241,863,913,354,35,296,994,543,259,197,909,221,102,105,97,986,850,459,398,742,123,1016,97,766,141
580,358,985,839,145,856,342,858,706,777,820,412,243,697,4,855,677,164,399,583,430,261,829,250,836,661,669,550,859,605,360,542,364,440,624,529,579,679,788,342,361,164,667,88,276,446,153,678,825,673,360,670,475,647,425,953,836,54,68,938,993,517,672,614,550,597,681,87,700,603,529,550,344,346,686,88,245,846,281,196,137,333,875,875,346,88,277,38,199,398,940,126,418,603,601,386,537,104,425,588,105,470,640,686,148,836,680,913,729,660,724,604,442,647,289,488,371,862,604,965,923,212,478,784,691,174,532,490,937,644,677,793,624,185,443,558,833,825,92,522,825,376,100,809,137,147,223,833,444,745
223,233,172,864,342,174,555,138,975,996,74,221,829,1018,808,18,753,343,178,166,172,503,696,19,321,878,173,18,663,254,560,365,271,977,25,57,13,558,895,890,834,584,561,574,438,717,786,328,705,984,507,701,732,310,221,962,945,480,225,712,336,823,730,48,430,390,183,48,388,988,489,498,243,544,150,193,274,966,850,201,47,602,756,12,771,1006,322,275,970,494,503,178,492,531,205,282,570,844,501,514,349,445,339,687,290,124,797,829,521,37,829,192,46,332,44,866,60,804,781,409,966,291,880,349,224,971,715,723,126,710,967,874,913,31,470,769,203,641,57,504,298,210,319,254,462,872,810,298,706,63
987,781,51,894,673,452,176,777,598,887,360,671,631,764,763,417,840,485,575,888,967,68,238,684,972,763,44,772,447,719,655,431,230,495,718,663,44,425,708,711,380,631,773,570,1,623,421,562,134,627,833,320,563,610,764,828,562,396,251,365,175,999,1017,94,39,495,259,793,593,567,39,363,908,782,854,166,839,468,587,887,562,795,983,538,475,562,32,230,502,775,711,687,380,596,627,617,955,551,493,764,286,695,900,614,11,999,807,739,976,571,719,227,395,607,417,139,588,55,571,844,182,259,1001,730,900,330,735,74,823,692,17,288,772,264,566,142,539,523,900,450,709,459,134,57,791,272,815,991,708,1006
39,595,383,384,672,939,494,873,883,84,924,670,897,669,924,482,403,29,671,719,182,263,119,794,663,944,506,569,4,387,486,227,304,417,682,1008,774,979,1023,672,14,765,508,903,502,479,444,752,882,899,431,923,865,361,840,494,383,918,513,948,211,367,965,994,839,408,34,483,897,515,791,713,363,120,503,193,897,83,31,365,366,698,127,429,500,96,915,401,46,184,885,885,759,997,234,362,664,665,738,506,375,47,683,587,168,976,541,923,294,669,640,659,491,901,554,166,127,88,514,2,747,890,88,933,215,342,61,51,569,383,643,623,357,271,413,856,988,170,665,785,1005,101,96,368,13,24,677,625,1001,830
198,862,140,696,775,262,708,898,647,642,810,66,934,256,944,952,130,56,181,698,841,883,666,600,85,319,646,138,201,301,654,632,22,182,616,737,190,600,775,253,643,811,134,312,185,798,861,607,935,933,95,135,242,244,495,254,234,135,967,382,250,742,65,744,596,142,322,250,104,130,441,946,201,130,700,354,693,726,646,118,367,130,946,184,443,919,428,911,293,733,133,7,781,824,133,1017,118,86,281,1018,198,946,642,100,396,456,736,600,358,642,235,639,29,96,141,330,999,744,65,58,133,144,901,134,756,189,899,129,137,837,733,285,907,99,946,856,0,998,941,949,201,908,242,244,119,1010,857,814,32,633
715,18,771,119,598,90,759,718,303,985,879,600,98,942,672,871,306,671,435,543,737,952,952,814,772,270,852,568,103,542,318,740,16,744,489,540,216,246,108,1006,235,707,28,515,446,388,463,512,286,288,988,548,347,982,888,778,748,668,799,296,644,333,871,730,127,295,591,295,520,1016,158,719,538,514,2,380,306,899,161,307,707,466,33,28,680,752,742,104,608,815,486,762,67,90,560,708,545,87,27,340,303,584,64,133,891,423,71,749,516,724,983,220,372,1006,512,881,998,746,503,879,640,295,886,960,454,909,900,380,952,774,81,439,731,100,979,28,196,207,39,27,538,859,142,252,129,303,43,295,683,768
659,938,864,611,510,261,32,427,24,26,799,430,54,6,550,815,664,158,34,403,942,441,802,33,332,219,662,37,183,473,225,985,256,204,644,475,426,705,54,208,97,497,543,802,729,420,387,34,339,359,365,599,860,333,673,419,592,32,984,633,803,476,359,62,287,722,606,492,744,67,126,464,98,678,237,305,247,673,801,98,966,478,28,359,275,323,327,959,662,229,313,867,695,192,545,799,964,618,199,816,814,65,668,87,607,346,625,533,147,420,202,230,544,225,428,814,22,689,18,60,624,152,475,1016,732,473,798,555,987,1,670,823,600,734,525,871,283,887,420,159,849,632,87,121,764,656,657,12,606,258
773,613,598,813,120,612,859,317,849,155,95,752,29,208,595,175,595,630,974,684,556,48,544,545,84,878,925,318,85,589,557,1022,1015,136,848,736,173,705,1014,32,46,390,565,269,264,648,502,944,29,854,612,944,736,185,520,260,589,1,945,826,947,99,915,594,566,524,685,808,365,567,334,461,212,432,444,471,280,32,917,224,456,567,229,21,878,506,854,11,966,432,256,499,843,462,364,45,104,172,264,107,451,282,567,217,13,993,883,462,47,833,204,800,30,47,326,434,303,503,442,302,225,342,333,662,981,160,457,480,923,695,115,49,862,478,67,34,595,679,943,474,112,177,77,396,78,794,129,629,363,490
936,877,786,289,787,52,828,327,698,584,710,881,873,382,849,683,683,280,900,115,148,317,754,681,742,387,233,399,819,877,797,618,939,81,573,42,576,434,853,298,82,357,427,200,130,276,353,873,565,923,330,810,829,169,641,276,865,545,726,284,533,204,787,214,746,447,191,196,856,611,272,865,435,936,783,706,420,769,669,451,721,745,87,505,914,667,876,967,306,643,225,624,392,835,266,489,124,210,923,388,550,861,529,358,1016,970,339,141,275,701,764,620,306,668,7,590,841,919,960,546,286,621,300,721,725,782,394,1023,864,310,591,856,908,819,1006,787,336,853,761,929,682,829,913,929,877,856,848,621,789,973
831,482,897,288,737,555,355,530,619,894,302,737,446,954,550,112,656,712,933,256,120,911,929,585,725,6,851,762,414,929,853,866,501,908,760,504,190,734,572,790,1,893,300,936,832,449,406,858,904,929,489,1000,897,239,715,21,975,665,301,1006,288,45,43,344,349,398,858,83,450,462,299,44,817,20,810,192,982,371,414,348,444,183,39,348,473,405,667,365,97,661,701,561,621,520,264,266,119,634,691,139,445,887,521,929,854,462,556,4,826,946,653,328,1009,69,214,538,688,865,111,406,340,105,954,26,817,1,84,901,890,975,29,113,405,380,50,11,633,943,929,832,360,83,650,846,1002,956,482,961,972,790
945,907,280,23,707,546,72,621,249,988,310,745,966,206,567,403,960,26,313,580,385,924,949,562,889,93,114,842,98,37,536,68,532,386,376,18,571,471,696,756,825,368,614,648,88,561,453,335,64,288,603,644,754,632,1005,304,811,690,303,368,1016,66,376,53,903,633,788,651,590,72,957,609,20,566,103,841,307,444,567,259,75,269,565,841,453,505,955,634,455,169,306,322,585,732,58,643,504,644,585,423,738,951,623,499,101,713,456,53,699,250,838,26,464,72,264,211,727,912,376,629,793,532,900,571,952,1020,471,609,974,699,438,841,118,565,522,498,149,335,627,902,103,439,655,514,1017,819,640,123,52,75
591,4,84,823,2,685,205,717,310,52,442,61,199,867,884,368,567,162,451,805,141,870,966,141,262,907,280,254,42,21,986,517,835,664,128,533,476,512,561,244,540,1020,533,635,479,93,504,875,1015,246,69,964,246,872,445,164,950,385,202,761,140,449,24,533,940,70,729,205,156,13,35,244,880,768,356,118,0,216,71,196,567,925,511,309,511,824,182,452,454,3,966,504,781,13,256,240,946,874,805,537,925,441,467,1014,411,434,246,127,1022,777,197,205,248,946,36,168,61,421,253,155,278,87,52,205,269,1,128,433,537,694,283,3,168,370,978,232,845,374,253,629,246,205,262,8,979,518,149,4,632,827
4,55,228,40,542,771,224,656,36,167,720,573,941,429,1,702,124,774,563,445,61,618,147,128,16,232,103,454,530,353,111,187,291,62,196,632,461,637,192,590,461,454,399,252,3,517,297,51,608,148,627,752,33,877,543,581,884,137,910,582,69,395,760,755,618,453,464,581,808,4,240,201,616,343,896,787,462,974,124,11,913,113,19,814,298,513,124,41,428,596,740,483,350,47,856,6,19,657,599,96,4,51,664,355,141,232,251,163,594,896,961,27,809,486,846,112,160,536,640,572,959,787,40,627,320,116,567,369,787,198,551,222,680,582,465,739,594,954,62,104,242,543,700,196,5,523,415,928,220,750
879,46,580,801,770,231,527,787,266,822,202,733,224,44,1011,163,512,419,19,788,717,205,488,851,43,895,397,34,334,791,869,973,816,718,197,811,245,812,437,918,973,892,453,138,784,594,327,731,531,456,995,762,132,886,794,1007,83,933,211,753,926,338,740,465,13,889,213,640,43,110,28,899,931,650,654,220,899,371,819,1005,463,112,860,225,72,332,225,877,464,656,605,865,736,602,816,1018,467,960,535,899,730,363,273,232,831,155,82,853,212,608,270,516,477,787,191,811,714,738,624,227,477,915,746,683,866,948,48,892,691,862,540,107,239,1004,214,982,157,160,43,730,516,205,714,28,186,245,456,1011,846,464
354,988,600,942,349,550,358,654,675,676,952,182,788,96,317,276,553,593,348,444,534,305,662,834,950,371,633,580,622,552,544,578,778,616,81,870,554,694,260,979,123,27,686,699,864,566,910,324,219,613,854,355,888,535,514,624,615,990,695,304,554,675,373,618,616,278,512,526,600,291,614,924,118,514,124,663,658,173,253,909,638,608,343,941,1021,345,507,593,497,284,189,569,783,618,556,719,608,32,576,354,443,615,350,884,845,556,594,978,818,138,19,610,683,27,17,293,923,99,348,303,124,1,974,672,608,961,298,262,543,294,475,699,609,289,577,60,27,96,187,540,702,358,653,276,608,3,663,385,80,339
67,792,888,118,777,505,134,315,419,120,375,375,780,89,811,680,491,992,439,1016,395,92,118,1012,199,183,942,267,514,423,280,1016,962,346,917,1016,571,362,35,472,627,479,452,1019,162,984,772,264,310,971,335,775,1016,356,964,755,597,999,1001,466,665,972,436,472,777,380,206,999,522,786,193,247,102,781,389,971,503,117,707,502,442,334,360,725,8,782,388,102,656,20,608,410,123,506,984,651,457,27,674,98,88,691,456,1019,640,902,743,899,427,780,402,235,996,626,138,676,649,1002,775,70,11,688,660,766,843,406,122,662,102,1015,892,246,439,441,870,973,7,1019,132,961,420,756,505,291,1001,524,279,439,637,300
449,477,524,967,178,961,697,359,199,449,364,458,449,996,940,292,704,820,46,523,682,436,272,382,694,524,339,302,480,449,459,815,450,270,442,205,250,961,476,393,288,161,716,525,643,272,290,38,960,174,109,691,940,944,443,944,226,324,193,155,495,781,421,736,845,287,790,1008,473,288,449,351,973,956,906,765,474,238,386,539,578,172,990,815,478,504,705,772,737,646,287,611,15,4,113,304,450,638,51,944,123,322,260,1022,763,949,715,234,33,151,496,474,448,354,572,681,575,2,752,382,813,163,270,503,1004,8,894,300,203,382,683,196,766,350,947,915,477,517,474,33,967,110,272,944,219,747,964,234,449,78
836,584,540,53,39,87,529,471,1015,318,444,12,962,68,124,116,470,465,241,838,519,365,797,258,466,392,177,516,842,243,322,471,325,666,203,76,155,277,285,538,889,17,890,59,837,27,485,598,778,830,193,399,457,27,744,912,884,6,447,193,1,479,35,3,870,26,42,491,820,45,895,39,193,809,912,276,299,932,1002,353,628,944,100,841,303,614,782,79,472,854,332,437,756,548,273,464,197,299,41,913,523,769,778,201,464,814,511,313,67,539,490,40,133,10,197,195,176,5,631,459,5,355,286,1,23,29,45,75,582,1007,10,471,14,41,229,544,119,31,375,990,518,805,837,529,64,5,442,494,5,44
400,265,290,1008,895,519,493,665,905,665,168,857,1013,486,100,508,389,523,244,394,112,754,110,997,885,290,969,15,1011,1014,468,82,464,21,464,265,881,697,505,379,1000,518,234,631,185,771,504,409,831,290,375,174,88,240,648,629,1009,723,394,824,375,210,168,5,86,617,985,976,103,776,462,677,888,776,400,101,383,109,920,294,889,777,681,912,639,85,238,81,396,116,504,962,631,554,442,20,338,657,685,110,1017,305,439,809,124,588,532,326,235,464,392,159,668,850,506,247,869,184,94,969,464,853,37,290,268,468,921,663,283,35,852,213,1023,1000,870,18,535,6,404,551,639,221,490,471,295,754,439,687,483,96
353,613,631,322,13,857,353,226,73,247,669,930,530,287,253,47,255,64,944,863,17,404,391,370,381,561,783,590,290,613,224,255,211,360,471,413,965,255,879,888,923,75,211,195,637,462,73,993,435,869,177,127,911,329,173,18,865,21,120,516,523,175,589,193,620,636,705,369,141,225,368,793,590,113,913,484,920,829,704,864,829,197,19,352,231,874,229,24,576,911,808,962,861,221,570,152,514,567,462,352,99,930,879,427,871,403,124,97,13,867,921,520,135,600,105,369,65,956,736,858,879,410,607,733,524,411,18,159,221,534,34,733,768,2,188,188,35,721,874,200,1013,204,227,61,75,407,173,324,184,896
236,232,920,648,505,467,946,250,973,970,997,949,217,912,275,144,968,151,543,936,446,425,415,742,47,491,806,983,167,292,102,429,484,645,98,959,1005,903,996,782,506,208,270,351,676,498,612,450,1015,486,9,986,904,904,441,489,570,507,667,921,23,704,52,272,486,555,719,397,8,538,925,398,595,261,276,696,675,521,172,963,32,62,646,217,712,486,625,504,553,456,487,112,733,218,935,413,76,290,539,416,566,1002,490,423,471,767,678,682,373,148,294,381,577,530,704,486,506,86,702,648,196,792,119,666,676,759,221,664,18,352,506,482,119,477,342,668,413,479,949,23,823,810,506,674,715,551,490,482,125,678
623,230,535,531,814,986,113,381,995,778,319,24,313,975,252,3,177,410,388,478,137,723,761,265,1020,242,1018,336,1012,3,451,200,100,624,269,269,258,335,240,1000,287,244,548,536,878,282,770,769,755,807,147,800,36,458,995,705,779,771,204,272,617,22,931,67,30,787,631,16,397,1010,354,206,970,856,949,831,801,846,747,260,911,258,200,803,252,936,821,999,701,562,809,0,545,120,771,13,61,977,523,351,100,807,799,106,1013,607,797,638,92,84,200,24,135,801,141,985,359,870,826,899,282,888,772,804,120,121,195,734,715,1012,810,883,318,871,803,252,192,931,927,522,307,731,642,346,961,786,488,25,256,153
81,916,368,704,907,391,943,903,596,71,57,42,863,146,337,46,362,581,201,41,707,1006,1003,206,801,176,175,429,781,41,178,228,123,913,853,983,322,771,147,936,426,365,877,750,239,911,405,159,585,279,367,240,422,382,526,787,275,445,295,617,810,329,285,424,934,1008,919,560,1021,850,153,1002,391,795,797,877,925,45,26,882,485,280,717,436,862,1013,426,1015,383,1021,814,112,82,320,289,743,664,12,97,855,920,121,280,94,171,89,133,437,688,913,487,799,110,791,143,922,166,848,345,674,107,913,663,652,627,449,416,146,914,725,328,615,395,741,1007,382,923,241,525,918,112,814,916,1001,898,112,747,69,354,980
714,301,196,479,362,375,935,903,547,383,378,559,340,954,45,404,90,880,976,845,381,205,383,700,500,751,170,316,903,890,198,724,212,116,115,906,10,920,420,162,637,602,216,996,562,539,358,162,628,406,304,36,324,57,984,196,686,684,61,218,34,373,93,340,396,551,449,100,944,244,716,426,965,5,294,247,917,783,162,525,981,261,700,44,442,501,823,34,228,275,707,177,516,492,415,686,820,698,202,215,300,419,234,383,743,116,918,474,162,484,1002,701,447,98,535,74,867,861,638,916,903,540,119,804,242,886,426,916,996,1,622,275,797,490,368,60,259,996,191,692,583,425,752,586,911,616,138,478,109,263
716,474,224,586,93,355,454,763,478,889,186,277,406,950,802,11,363,337,971,755,1012,107,803,289,62,344,282,134,819,525,529,730,156,717,434,209,297,540,714,32,474,434,684,623,351,460,723,886,175,747,972,678,358,288,556,314,979,200,289,314,150,720,314,863,900,886,203,128,276,726,130,681,414,43,225,321,40,492,557,376,563,357,32,968,542,677,319,782,42,289,354,592,937,658,537,808,609,289,881,155,287,65,527,285,502,527,750,474,753,169,33,492,532,555,527,371,777,605,352,156,879,398,152,150,436,483,515,468,689,308,847,15,830,726,29,169,461,97,894,657,400,440,490,250,768,185,568,717,484,44
371,561,889,480,357,957,154,621,143,530,988,213,994,100,1010,452,764,716,230,994,528,815,623,113,964,98,964,568,80,587,934,324,794,269,930,328,947,607,60,916,892,847,160,92,117,776,53,213,261,101,226,268,935,813,483,262,987,965,514,438,403,904,964,254,999,255,781,124,799,647,631,791,298,858,53,124,882,468,837,452,597,975,605,226,940,254,863,177,1009,987,760,713,165,309,183,619,388,249,648,940,480,715,1007,671,930,66,860,252,452,632,292,631,1011,442,242,1003,444,539,104,176,916,506,252,900,437,405,277,180,217,525,20,47,255,220,594,448,350,577,164,868,159,526,239,61,1008,229,920,108,975,632
772,932,454,302,310,931,682,681,783,271,252,36,795,708,573,394,195,107,654,140,1021,379,105,97,108,95,224,301,381,520,887,916,973,281,646,370,62,861,797,851,886,328,981,369,837,740,250,715,509,668,847,989,981,4,211,549,259,977,782,302,792,711,539,377,453,1014,252,785,262,324,168,376,114,457,925,897,257,374,260,9,740,99,493,526,797,186,699,97,697,259,1005,1002,29,372,250,926,834,771,113,9,645,474,507,829,242,1017,133,964,226,657,30,32,772,101,797,613,355,1017,777,537,794,816,22,669,880,370,250,893,242,550,238,676,800,775,837,862,909,964,896,740,475,893,97,313,363,262,419,195,797,97
840,418,697,683,732,430,177,315,445,405,455,471,299,453,179,595,934,706,292,169,31,854,771,717,265,368,663,722,290,474,656,324,91,122,421,712,8,456,639,52,757,474,342,652,731,503,217,285,434,112,683,109,426,982,780,305,965,239,441,35,296,1014,431,715,664,933,823,297,99,474,41,727,178,464,200,1017,995,932,275,368,86,476,83,92,433,86,636,433,351,840,502,652,520,124,839,161,431,438,430,611,536,277,956,790,280,741,256,325,33,215,434,405,148,405,662,914,474,302,497,346,169,172,292,42,234,496,261,215,696,422,356,200,426,690,262,437,844,154,669,918,987,387,484,295,406,715,85,474,631,642
186,904,547,843,798,952,349,837,34,1011,297,792,983,106,1016,730,127,777,854,774,730,520,51,161,531,5,256,678,912,345,820,379,452,984,904,78,84,888,701,396,307,706,195,63,248,708,541,765,518,304,189,434,523,511,368,955,1016,531,696,83,708,95,710,764,2,773,450,979,68,531,141,352,523,862,293,21,523,179,546,85,776,397,707,403,255,360,717,773,712,199,67,539,320,151,979,856,573,799,209,16,48,520,191,522,812,547,212,915,288,669,978,827,211,574,282,761,780,962,517,826,979,716,316,800,710,892,833,135,693,2,701,962,848,87,769,817,125,131,128,279,668,150,960,910,291,786,706,991,344,296
214,786,975,255,35,571,632,964,18,230,236,832,7,861,529,739,263,207,757,564,779,216,143,696,619,431,641,442,301,6,297,81,628,439,243,279,239,39,6,784,435,79,1020,560,119,555,575,619,575,531,1003,590,618,323,234,35,887,723,968,13,786,880,601,1007,840,91,286,255,619,147,554,227,1009,31,783,398,938,215,914,332,930,611,720,929,55,460,918,785,1018,1008,423,503,359,834,233,39,684,211,626,53,656,231,287,336,255,873,175,63,648,559,791,131,583,203,168,71,470,804,373,519,790,59,528,55,972,699,51,275,240,162,211,332,80,201,970,567,278,39,684,835,727,2,61,368,55,231,668,429,211,560
523,811,149,798,750,774,670,782,750,773,285,525,93,799,369,517,80,748,143,596,43,78,61,1004,780,19,227,274,371,415,787,994,272,30,706,786,525,21,191,916,115,495,231,85,328,24,1011,481,587,992,751,293,922,98,365,518,757,226,622,969,399,399,550,748,373,861,799,148,369,177,1006,772,526,590,716,464,476,526,18,292,590,493,245,423,976,986,232,701,787,123,179,668,950,837,93,664,224,732,350,821,1003,291,737,789,770,860,51,385,894,21,664,599,866,1020,739,778,288,748,272,287,960,256,19,383,604,315,255,557,147,890,231,811,24,923,556,300,300,976,132,440,640,131,744,253,30,812,769,501,736,157
306,358,665,441,312,506,750,345,970,330,245,330,345,887,290,238,77,450,857,856,720,815,48,475,306,826,750,826,450,971,645,755,970,300,298,258,802,223,716,748,558,9,962,89,806,714,221,423,342,709,38,75,940,630,364,377,693,764,930,971,304,419,887,21,536,969,1006,459,755,764,850,290,618,1000,688,795,516,905,377,41,235,778,298,725,475,777,712,102,312,795,966,843,342,725,722,280,887,42,518,42,503,72,972,1015,328,322,976,330,693,742,348,322,108,290,876,459,818,774,162,827,774,211,778,935,469,364,300,883,1011,304,41,526,912,300,290,938,693,240,777,46,498,468,870,955,802,998,450,971,41,21
36,345,760,897,863,695,448,995,495,249,520,760,765,1021,368,536,558,930,664,831,155,164,875,735,418,192,400,1005,549,917,568,34,4,390,739,566,728,739,802,879,883,168,870,931,616,736,382,100,1008,974,752,534,357,37,741,1005,939,297,928,431,93,392,872,652,855,855,472,620,216,474,472,515,738,36,983,247,967,617,695,915,417,237,520,574,435,44,970,991,186,726,887,590,985,202,862,208,515,561,951,539,296,502,737,614,291,328,1019,104,491,772,527,955,852,992,826,468,467,836,439,576,738,572,174,987,408,65,431,526,326,997,793,334,347,731,89,918,815,341,258,537,537,625,611,465,667,845,102,345,171,855
765,451,313,60,538,953,113,327,195,1001,386,219,206,1011,137,574,793,218,472,246,588,254,162,1006,1006,499,26,295,741,199,699,825,279,424,256,675,436,15,166,442,502,854,511,280,713,227,274,893,965,675,242,792,821,5,166,1020,463,714,1019,698,130,60,989,881,778,264,901,288,829,499,817,894,323,947,346,857,1018,753,982,154,969,302,164,256,432,709,69,614,820,732,772,571,802,541,504,255,78,887,631,675,484,490,956,194,218,640,794,380,1001,392,1014,941,388,203,788,130,54,981,965,772,301,932,83,948,194,675,952,457,246,380,196,601,766,141,18,76,716,379,686,841,245,372,311,166,380,692,825,756,675,174
563,211,1011,24,434,932,439,882,979,662,902,527,724,131,338,650,84,390,606,1019,454,992,602,125,345,418,502,665,584,35,90,57,342,120,1023,1012,662,972,422,447,945,433,618,62,964,394,409,962,674,276,490,631,746,324,437,468,628,691,47,964,470,945,616,354,726,454,335,517,652,496,178,651,4,549,690,977,655,1021,190,750,193,625,85,461,794,665,677,388,975,523,951,1009,386,438,447,408,86,62,564,402,388,690,126,1020,625,600,362,200,410,260,191,769,991,748,190,493,837,692,500,524,415,434,147,371,413,422,491,447,23,47,941,306,362,18,762,414,668,644,907,127,93,118,1011,524,415,332,269,1017,293,561
738,716,895,772,153,664,126,501,734,382,1021,352,539,402,415,819,566,564,226,72,202,79,745,204,192,118,5,553,830,664,961,441,871,893,206,1018,768,168,647,647,54,1010,206,850,486,460,630,824,258,666,679,870,76,588,547,160,256,28,298,270,895,1011,874,457,797,258,565,130,850,987,72,396,192,126,664,179,256,270,895,86,679,82,295,418,162,570,361,1013,893,226,792,833,743,168,930,360,450,770,1006,235,925,673,520,252,18,744,925,899,671,960,836,709,702,68,863,1020,745,360,32,333,594,768,280,56,109,276,453,125,770,317,289,1013,1005,284,798,372,734,704,327,374,172,215,508,258,12,40,276,893,264,380
840,53,770,934,922,721,468,335,149,950,1014,891,824,88,681,159,553,898,584,190,164,361,78,432,117,122,857,907,458,455,619,859,904,875,290,713,771,971,379,687,553,508,151,840,643,856,1011,68,120,585,795,105,66,459,973,290,67,555,938,469,810,884,971,83,950,940,950,687,825,987,701,21,39,72,556,511,871,68,56,762,844,850,700,505,811,805,391,134,851,330,338,114,585,674,932,56,898,406,681,241,332,263,386,786,589,555,683,175,966,795,466,3,854,339,770,795,66,656,898,508,691,859,770,11,653,441,755,462,704,987,339,793,712,627,25,121,882,93,170,827,720,859,53,693,682,943,1020,763,978,294
433,1015,731,24,708,686,500,123,934,329,569,641,697,973,453,757,141,196,26,798,7,854,9,253,316,669,914,925,312,179,476,124,718,571,718,363,58,630,69,408,632,978,496,331,443,181,625,960,974,676,238,773,916,907,0,460,792,324,12,506,1008,11,967,198,1018,501,270,762,971,448,2,353,452,448,726,699,735,697,358,824,192,913,820,496,563,857,742,697,1014,742,28,1019,507,679,806,298,11,14,1001,517,819,492,456,1006,472,37,266,448,773,124,251,1008,960,486,986,248,169,283,804,657,771,219,406,697,970,659,24,16,137,821,893,592,64,196,769,444,883,469,891,581,133,457,761,1022,4,583,875,742,981,694
401,115,513,943,289,438,158,277,165,299,477,799,185,997,559,118,828,798,59,863,546,118,64,217,621,500,950,127,826,687,599,333,523,111,60,110,604,385,522,614,436,702,676,859,804,612,681,321,444,113,454,1012,714,670,688,708,343,411,685,282,356,958,295,1000,307,514,456,357,59,274,157,117,115,505,39,612,586,175,775,702,191,201,396,678,963,20,332,691,650,554,1020,948,657,191,930,83,59,550,656,868,602,97,678,740,387,554,567,417,995,678,399,442,105,413,686,702,45,39,984,702,478,932,20,897,542,67,423,603,577,43,729,187,842,483,721,884,41,992,436,85,183,697,614,622,671,323,149,692,859,423
674,634,408,277,87,743,319,272,674,120,216,113,548,572,886,937,262,88,616,537,687,120,643,372,911,438,389,80,146,184,716,489,30,118,517,408,374,178,793,666,662,909,289,221,765,838,230,132,892,901,423,766,191,356,250,406,202,212,630,311,914,578,937,54,570,767,320,230,664,365,630,510,120,465,263,990,181,613,920,933,264,193,950,104,420,135,923,922,17,914,202,907,726,188,117,115,707,324,188,700,361,589,124,726,851,521,348,742,971,158,8,651,216,803,279,950,102,264,969,8,741,759,393,762,453,388,653,250,875,130,546,977,720,595,285,222,223,1018,262,346,214,805,4,627,894,942,378,962,173,651
463,307,407,650,398,567,629,777,456,525,461,232,881,91,142,106,877,305,746,648,1015,75,238,275,238,646,936,206,291,15,784,323,656,539,629,73,801,793,329,139,482,706,395,115,441,400,283,238,651,55,397,445,942,488,139,65,751,285,201,444,632,492,298,176,147,712,75,139,705,179,656,718,307,429,232,232,226,444,864,21,808,395,48,964,717,77,621,405,399,751,75,311,219,400,240,445,169,75,108,19,983,704,3,823,126,818,425,884,445,718,818,654,383,790,863,508,85,658,501,831,275,227,407,668,228,816,93,745,780,247,261,975,504,131,59,260,704,855,872,313,424,968,290,10,132,463,601,336,730,55
1004,782,452,196,860,830,751,316,1,274,721,590,709,567,626,858,740,991,590,1023,1012,291,950,444,129,898,1018,316,650,690,26,782,709,142,71,880,449,881,479,490,756,263,435,751,623,312,259,310,1021,262,589,753,794,331,20,932,154,865,729,760,449,1021,266,703,202,161,426,658,766,972,448,843,240,581,270,714,862,129,782,532,16,438,58,898,585,308,765,1016,273,557,490,762,650,220,943,372,1023,449,619,763,395,900,211,995,323,491,975,705,548,269,154,17,410,691,1022,182,417,702,156,728,475,493,669,528,637,787,938,287,906,652,682,431,908,637,581,1020,646,611,145,909,376,366,403,809,709,764,764,577,129,584
558,563,413,673,667,98,417,742,181,693,873,1016,638,101,566,535,645,675,441,329,545,987,401,354,600,866,656,883,745,863,464,978,940,873,827,978,672,107,137,670,744,710,545,263,8,976,352,873,464,24,1000,366,612,489,563,250,30,299,910,581,527,979,869,640,426,633,233,354,608,752,261,616,184,658,745,659,362,31,737,721,581,258,456,910,745,978,338,737,763,242,982,853,174,400,766,198,409,15,737,744,174,661,254,372,456,977,731,910,645,723,123,25,429,753,678,27,753,87,409,349,914,544,753,873,745,729,535,669,157,133,88,753,857,918,744,144,647,214,669,425,903,613,675,166,493,915,473,460,964,366
903,709,736,353,672,702,205,498,735,672,1001,873,247,486,589,833,135,763,20,536,544,648,0,274,323,442,161,664,565,129,995,938,622,971,3,547,717,939,936,562,375,158,996,17,506,720,700,574,945,502,515,717,373,495,593,411,716,584,295,690,625,387,894,440,703,325,629,19,838,610,144,964,536,537,207,536,78,717,3,179,967,573,837,55,656,709,755,275,968,691,673,133,628,134,513,609,21,896,600,708,979,132,83,899,657,717,510,583,517,357,213,1004,934,480,241,256,642,676,510,724,709,976,367,466,638,414,886,541,681,456,504,752,681,1016,685,470,543,317,995,2,461,22,146,729,835,945,4,642,133,697
308,368,618,192,649,624,549,461,581,864,125,771,790,101,96,350,158,76,234,939,409,520,415,185,771,236,400,222,80,268,938,381,64,96,305,479,745,531,1010,510,498,910,261,419,927,59,21,638,584,627,708,411,633,355,844,319,636,106,884,136,606,543,13,189,52,502,223,588,912,740,604,130,228,941,77,803,926,593,601,128,794,381,898,583,592,914,60,80,479,880,508,317,547,113,723,29,600,517,899,225,355,269,796,658,812,342,189,140,576,444,445,396,415,838,471,194,429,641,77,187,578,589,704,14,582,823,838,405,281,891,606,772,796,591,131,744,761,928,460,240,672,302,927,104,283,523,772,894,60,595
953,385,702,514,836,779,711,831,907,135,574,582,95,437,543,542,654,960,536,415,280,147,715,444,860,447,94,693,124,837,280,869,987,167,615,644,646,148,87,458,828,891,703,1019,596,185,935,860,699,368,99,647,579,819,687,905,148,648,648,891,741,203,299,328,836,756,933,713,825,643,920,679,363,634,126,101,651,606,78,452,46,420,732,582,895,1012,551,695,762,510,873,71,800,314,694,836,187,796,762,337,254,897,698,586,160,863,630,99,679,385,692,606,679,767,420,214,184,356,686,166,67,620,942,1002,475,640,424,368,647,846,363,25,462,321,487,430,698,244,646,601,678,191,590,296,456,427,550,682,182,937
696,349,99,65,32,0,271,875,971,5,873,702,724,290,176,474,709,140,200,188,284,724,663,199,943,519,424,479,221,142,453,876,718,236,189,484,44,265,801,50,491,364,515,667,734,870,796,338,488,910,750,505,198,176,620,237,477,29,876,1,253,519,286,253,61,10,449,974,484,764,0,859,459,810,517,219,783,1002,993,531,349,452,259,257,842,447,65,764,407,45,691,222,75,17,685,542,723,237,662,61,800,798,38,317,1,269,61,503,359,13,45,743,211,493,814,620,477,93,1,58,250,348,129,669,58,827,961,872,798,970,464,465,453,405,351,682,274,37,465,221,17,380,644,460,516,102,453,189,931,38
124,110,926,603,65,641,361,382,900,839,926,832,248,635,231,187,787,410,744,569,640,164,48,433,625,593,270,30,112,124,81,786,733,910,258,444,955,421,502,386,786,369,857,525,786,384,560,5,64,855,215,943,861,728,256,246,519,481,777,613,209,440,83,90,639,499,135,187,425,225,421,32,726,770,445,75,965,386,112,438,450,135,905,424,421,82,393,444,68,526,424,771,699,821,120,349,740,697,777,71,889,543,944,89,128,867,908,888,251,958,392,67,841,837,571,409,147,162,18,389,113,163,27,882,365,787,450,205,824,368,176,589,875,985,368,106,999,88,124,428,76,172,937,385,444,577,781,780,832,344
850,13,30,578,877,972,578,450,396,573,957,112,483,382,821,426,625,374,278,312,200,46,312,207,469,193,92,384,421,46,701,384,46,80,282,112,925,838,628,378,158,18,254,382,911,637,679,905,341,386,102,306,271,461,100,458,968,445,686,701,844,638,570,193,642,575,426,938,625,46,63,191,781,945,906,46,14,681,182,491,1021,0,268,551,370,271,513,842,943,349,584,397,554,196,494,968,568,93,576,845,573,587,850,574,169,506,742,637,450,14,502,318,431,627,725,151,342,204,976,869,375,46,178,374,849,150,845,151,597,510,373,126,417,218,634,448,6,390,1,726,674,855,93,198,295,517,46,350,374,964
475,17,736,10,847,823,154,705,717,240,96,743,453,697,647,882,794,466,242,860,247,506,721,755,4,745,669,130,665,202,450,41,673,431,318,416,76,437,716,360,419,689,574,272,213,400,233,952,291,554,754,466,106,725,722,328,240,673,622,173,818,617,208,851,367,712,174,471,282,993,899,609,598,763,935,244,708,39,977,489,226,124,802,231,338,931,233,801,474,630,287,617,407,876,80,536,975,653,978,269,925,783,594,402,264,81,372,757,679,664,368,293,240,732,880,429,814,700,549,302,350,178,860,592,348,722,818,400,560,663,838,616,216,476,75,476,71,679,431,542,224,722,158,78,434,693,328,298,288,853
1007,47,310,192,55,60,441,267,368,407,563,28,1023,962,421,375,44,688,484,265,584,786,459,839,254,715,405,227,869,327,376,425,120,601,126,771,267,55,483,19,767,262,452,376,385,1021,379,581,618,872,834,43,439,785,517,487,622,477,908,921,618,981,774,258,936,47,743,435,878,729,94,964,979,99,345,260,368,244,261,265,262,427,982,424,360,296,780,161,266,616,265,814,907,43,544,655,501,777,137,421,784,440,520,128,289,712,16,584,162,912,373,729,101,904,481,689,72,182,910,188,496,985,260,181,735,313,197,93,289,721,973,360,589,938,454,418,767,182,721,525,568,917,439,317,985,1023,376,72,169,229
757,873,878,163,538,432,538,667,939,88,540,102,1003,849,1000,779,657,828,545,15,769,494,403,247,747,676,267,868,728,382,603,672,1020,750,760,172,710,215,668,924,31,417,494,523,618,321,327,539,728,664,408,992,618,439,867,796,534,481,437,219,750,888,730,772,225,1016,631,254,849,927,888,918,796,193,996,746,166,22,738,398,804,966,524,555,1016,831,665,576,254,855,664,23,541,376,367,440,833,1002,922,327,831,223,951,984,139,906,720,185,111,1012,247,425,167,212,443,942,847,234,569,592,997,227,177,721,539,17,468,376,612,895,156,380,730,139,1020,1015,15,540,161,495,801,241,804,383,440,27,664,261,327,71
419,848,967,92,439,264,966,443,379,69,262,999,298,874,1011,969,429,981,313,556,552,6,769,303,233,1009,390,825,810,804,706,314,830,695,16,350,923,842,981,130,1006,349,135,368,843,299,744,569,445,427,394,996,998,976,393,302,843,99,734,382,897,485,784,185,149,571,560,990,476,379,296,413,190,584,315,678,325,990,149,73,349,253,1019,982,635,793,289,885,1020,265,68,1022,505,55,417,935,64,135,533,354,7,598,778,101,121,752,903,385,924,129,1003,754,955,977,202,195,179,445,1007,375,635,291,287,101,581,441,62,494,919,222,308,339,76,580,478,399,874,999,392,748,989,3,854,65,513,70,836,130,261,66
381,270,306,800,188,971,714,682,985,654,458,683,659,150,375,892,666,998,593,849,946,879,17,200,803,731,595,206,548,712,696,541,526,503,168,654,15,946,479,704,691,939,849,591,366,178,152,882,912,359,879,654,154,501,962,881,341,817,998,691,266,535,630,303,365,567,328,375,615,721,954,605,938,154,951,686,511,27,341,948,240,989,305,574,958,439,835,737,78,835,110,375,622,536,926,40,146,79,335,596,585,128,18,79,107,183,958,61,403,786,557,610,875,818,471,721,949,995,847,999,1000,326,477,815,72,93,970,54,595,712,734,548,32,864,952,726,942,619,637,453,187,812,4,303,535,954,826,661,694,127
446,758,665,915,715,165,632,423,454,890,377,906,744,953,107,611,614,363,101,363,806,326,854,747,299,97,264,99,696,384,663,656,72,897,899,892,618,579,899,72,350,603,377,265,162,610,426,270,580,836,97,251,766,579,420,608,735,693,262,643,174,635,100,473,678,632,622,66,902,923,123,120,529,149,609,846,590,618,650,224,694,664,759,607,74,607,707,919,320,11,832,248,625,300,737,135,713,651,774,616,444,766,395,334,907,618,56,610,580,1019,439,915,27,25,145,633,20,129,577,59,923,668,268,29,120,908,624,120,267,632,696,931,644,569,920,56,899,402,632,896,897,603,48,118,951,152,505,609,798,579
65,644,470,134,167,347,125,588,270,186,1017,952,987,191,585,651,16,91,8,967,751,211,991,308,49,424,600,651,639,486,647,164,826,273,329,740,28,177,1,664,811,683,271,260,440,73,28,350,76,284,689,449,42,868,917,464,244,644,263,867,739,506,65,266,692,936,814,442,373,703,244,818,667,600,696,912,688,332,697,487,247,920,261,904,673,294,52,894,176,863,315,645,107,440,28,846,442,219,356,816,276,456,369,953,735,148,804,228,915,415,643,646,194,662,298,332,114,687,902,363,28,644,379,83,314,614,122,689,4,210,603,933,314,235,655,250,181,673,187,670,456,440,168,78,254,686,740,196,755,843
529,156,379,681,436,64,573,806,200,696,432,35,851,244,697,248,195,324,638,185,618,636,861,887,88,294,761,180,921,392,731,221,740,99,536,280,617,919,477,739,100,889,197,583,476,654,475,153,664,513,785,664,182,236,676,830,902,920,252,556,697,841,241,224,136,168,952,790,422,252,734,247,129,223,503,1004,502,850,248,366,60,407,677,760,838,741,34,245,492,793,19,921,57,257,445,109,447,780,236,579,14,812,304,205,153,297,450,824,824,541,88,776,504,345,958,628,738,850,159,687,242,229,100,776,925,911,988,664,319,609,670,918,929,680,621,319,714,536,454,416,815,294,581,306,472,684,88,744,970,377
280,683,697,726,598,546,291,83,197,740,275,644,52,836,153,748,232,449,968,499,550,929,32,481,17,939,137,355,667,600,809,174,17,196,14,451,103,272,635,937,174,71,966,453,40,424,189,916,358,809,28,302,614,302,488,573,24,872,583,971,703,203,550,180,916,259,243,291,780,181,456,613,1006,923,727,574,400,207,392,132,104,948,141,356,71,940,681,518,210,366,296,953,654,635,972,827,599,300,233,26,560,696,670,550,708,644,305,343,1022,313,883,681,488,616,456,409,245,555,961,472,610,784,607,232,616,100,79,104,104,360,174,275,937,1006,274,457,282,296,355,387,133,88,917,360,393,449,7,104,166,456
973,477,972,830,433,384,477,46,960,422,897,313,34,334,870,959,974,191,93,527,208,897,680,679,820,481,1000,37,316,770,416,75,568,638,101,441,914,768,575,385,1001,404,359,67,419,87,328,948,703,898,937,728,360,959,359,23,868,402,29,914,913,579,988,185,1005,477,99,960,337,883,489,319,993,325,406,243,844,419,467,359,833,190,914,481,324,207,419,893,513,722,1020,60,406,90,824,338,449,408,115,578,962,920,928,946,422,880,600,71,563,93,578,804,365,798,604,1014,110,203,780,99,307,385,973,659,903,888,962,906,461,98,494,326,413,762,90,696,315,484,410,90,670,428,332,716,60,761,962,974,565,604
841,668,417,985,990,336,1018,624,709,224,521,871,728,284,773,1018,4,1022,204,695,300,802,548,306,956,107,565,244,841,167,158,1018,476,728,116,424,660,1002,313,972,1008,682,480,497,2,232,425,466,161,654,977,729,165,1022,483,216,916,249,1014,552,186,875,186,982,953,206,185,380,990,985,145,262,438,2,406,507,553,716,1022,541,402,315,756,649,936,379,209,523,145,326,953,729,997,1006,789,819,699,351,290,309,569,972,664,709,758,609,1008,729,451,518,919,1002,729,507,839,794,401,804,620,770,189,92,744,570,185,618,345,709,796,329,1014,710,688,725,1022,735,324,1022,914,985,732,1002,240,710,977,186,153,802,1017,996
231,442,631,434,900,472,828,64,609,64,254,212,390,543,977,769,233,623,475,284,931,709,982,1020,777,925,657,780,696,942,513,634,51,150,696,878,144,285,63,261,85,775,627,961,423,925,470,236,913,904,609,916,913,669,15,153,723,606,446,233,642,504,306,396,333,611,834,179,175,786,897,645,82,281,535,690,896,582,823,596,792,51,733,627,290,770,782,995,263,133,486,697,801,541,609,904,480,398,931,606,702,296,662,321,988,272,22,143,769,866,128,35,172,81,126,669,263,895,1010,962,206,224,832,409,993,569,916,737,737,798,834,147,192,300,832,712,97,192,167,1022,195,312,124,837,406,985,39,352,316,897
529,902,392,256,324,631,350,536,811,534,802,141,629,587,501,887,836,75,627,147,157,352,337,642,664,353,905,466,177,869,372,678,453,177,955,898,952,779,939,414,585,945,232,147,105,883,410,1012,508,997,898,583,900,814,387,594,578,508,636,460,183,5,413,390,842,983,841,518,594,936,533,791,398,157,499,476,688,177,41,949,372,392,8,460,813,827,328,326,897,992,878,848,507,53,896,40,374,183,1017,438,166,287,179,134,944,981,860,952,920,392,359,127,994,846,471,340,483,1016,507,284,843,810,23,814,445,339,838,931,573,494,738,508,967,463,287,653,957,39,72,904,473,741,992,157,73,561,130,177,789,205
393,1008,803,186,896,409,177,565,112,425,292,973,122,422,947,34,357,94,83,700,810,34,238,669,184,545,785,931,413,565,82,416,92,885,949,10,69,143,22,611,341,654,920,574,849,464,16,595,575,339,792,661,364,591,321,703,971,812,649,658,847,531,849,896,937,674,527,942,854,211,719,452,355,712,367,669,703,283,721,513,858,898,700,858,74,915,815,32,637,929,587,208,412,388,73,98,22,988,45,106,287,867,547,334,909,384,622,280,764,68,592,650,170,585,413,715,531,32,406,976,637,393,858,767,896,743,288,414,339,346,531,655,570,505,587,633,431,408,982,960,348,558,584,604,349,188,412,373,549,362
307,339,282,761,830,883,763,521,922,240,284,172,41,809,529,336,128,803,266,22,43,530,991,841,59,75,826,675,967,803,827,330,871,920,791,996,1,787,679,254,579,361,954,951,351,733,162,760,501,906,274,199,311,941,586,535,314,1018,403,788,284,370,966,955,791,850,192,125,767,863,155,799,962,529,989,71,899,838,705,375,862,803,946,565,947,436,823,372,651,809,882,839,484,795,523,35,777,90,43,380,340,410,323,823,278,231,446,253,571,883,323,794,17,392,141,743,1000,883,229,291,910,442,543,514,69,700,113,935,186,8,90,634,90,52,696,483,664,148,633,874,56,329,167,167,568,942,100,207,93,776
142,896,181,706,63,631,69,428,953,588,73,581,170,904,729,584,558,78,9,39,329,954,776,543,324,867,14,72,200,790,69,786,128,510,926,19,129,776,914,170,205,314,633,314,160,776,456,128,578,639,241,118,385,850,365,617,571,398,920,778,209,125,735,389,558,326,48,465,432,725,69,159,912,73,51,830,113,224,914,802,514,617,201,411,634,886,125,627,123,522,814,415,15,233,114,558,144,201,166,842,129,953,575,803,762,434,511,162,202,777,73,925,119,11,538,493,201,7,389,533,103,631,646,117,930,120,370,706,912,549,446,723,949,433,293,757,211,928,154,98,401,347,731,78,701,565,776,175,73,434
869,317,990,678,206,405,93,42,166,467,634,348,739,195,895,537,181,469,897,32,358,111,239,615,59,195,390,687,720,79,549,913,670,402,892,563,317,544,238,462,32,379,990,254,223,588,132,115,844,789,527,586,883,736,831,895,529,271,991,812,232,671,145,797,11,465,28,944,366,796,989,127,849,404,124,641,230,226,926,796,227,326,228,468,239,609,347,2,405,525,319,824,935,624,197,678,490,127,84,697,480,873,34,452,64,251,698,556,168,281,534,239,132,940,913,768,688,531,159,35,416,592,870,95,154,351,1012,610,634,769,825,411,355,243,482,224,114,671,112,327,227,223,103,697,854,849,801,424,369,940
23,120,166,133,345,310,458,798,1021,947,779,872,396,147,550,889,297,854,526,329,691,631,663,633,784,699,345,413,331,441,696,587,134,1014,56,951,530,650,445,11,858,874,331,964,132,845,376,33,445,330,440,937,370,464,72,797,989,152,921,120,911,292,529,70,590,306,655,696,631,695,649,699,287,643,767,168,473,569,632,825,919,187,460,440,919,95,862,907,998,357,511,7,129,914,438,947,647,353,743,187,842,842,583,870,645,904,757,769,7,32,617,553,738,786,134,994,481,204,72,449,137,693,731,1017,586,530,647,244,581,25,118,824,339,935,299,230,54,139,671,966,248,585,476,698,871,310,34,142,972,846
143,766,619,835,403,531,243,920,380,875,63,768,836,54,183,763,581,781,42,127,669,445,780,908,841,720,990,912,576,384,805,490,364,892,570,193,417,793,347,769,700,799,600,403,884,652,90,104,140,863,846,353,101,174,956,211,242,157,829,963,578,511,940,754,1000,152,263,296,161,194,757,363,920,67,223,124,165,923,821,792,67,531,887,788,909,703,157,788,836,147,401,63,0,839,184,527,319,222,381,852,455,995,848,230,150,985,846,733,796,941,633,860,833,595,151,813,151,105,411,892,887,882,887,381,1023,93,291,336,598,16,720,584,481,832,443,966,1019,894,258,4,627,266,768,336,427,499,99,782,882,221
682,833,840,957,252,198,326,813,619,764,801,736,998,188,255,393,588,493,428,949,70,397,958,881,476,664,73,87,6,807,761,316,200,631,35,316,217,437,230,315,805,52,699,984,92,962,252,991,848,456,1017,282,981,933,95,761,122,716,588,396,246,219,532,981,775,973,405,919,702,772,853,476,737,992,780,65,451,119,984,625,784,545,932,409,194,195,405,1014,276,444,1004,687,435,67,248,998,889,972,579,993,784,243,835,735,814,172,575,131,196,728,737,371,70,729,666,987,481,981,399,25,82,222,1005,36,998,59,289,282,724,998,252,393,550,109,390,713,222,286,980,448,289,992,930,201,944,488,807,27,392,679
726,319,440,403,310,505,498,724,716,965,515,665,514,258,967,59,161,495,281,529,161,318,187,839,996,742,4,854,360,214,514,341,266,943,134,380,679,996,401,1006,517,865,679,85,867,520,521,756,510,133,804,389,211,883,414,545,969,645,781,47,753,783,381,475,451,52,875,454,923,517,163,484,599,253,535,379,563,426,46,275,496,403,483,275,38,40,415,478,756,702,89,704,1008,335,270,276,365,919,532,969,306,403,299,609,463,414,754,497,656,312,112,364,399,185,780,499,468,510,695,434,985,361,203,128,578,526,739,530,218,262,33,972,696,479,524,406,781,687,524,571,32,327,267,212,275,38,308,875,678,687
611,483,927,114,793,785,677,238,318,547,409,798,677,762,973,547,731,116,236,314,791,1002,606,910,603,798,971,849,131,241,443,798,754,124,796,489,172,415,407,492,214,737,328,769,460,91,1004,746,348,865,977,419,54,817,676,860,211,905,818,1023,233,277,611,947,900,369,444,945,972,557,285,978,34,111,245,973,67,895,209,509,721,794,483,48,556,211,398,463,250,790,298,557,945,103,125,718,236,130,465,201,23,348,881,113,280,673,976,804,342,392,670,273,819,913,688,354,277,1007,791,3,881,879,368,284,886,285,18,106,325,353,531,462,22,53,248,579,720,475,211,277,125,651,317,130,385,13,521,42,115,901
857,901,338,971,605,413,998,571,651,662,925,32,491,682,666,283,227,445,430,430,95,302,429,518,609,639,678,92,417,107,754,665,917,213,38,376,266,868,682,417,682,665,517,881,737,497,601,840,580,853,491,726,417,701,388,873,998,65,112,486,429,107,414,465,116,742,186,421,981,676,282,317,627,430,502,861,15,985,54,379,615,580,389,465,666,421,399,256,501,705,880,413,261,661,368,515,390,256,595,660,382,673,927,841,114,281,722,353,404,873,465,489,431,1007,879,32,85,473,401,495,389,709,726,609,998,303,95,161,408,178,421,273,594,471,980,334,326,619,992,340,502,505,260,466,408,30,46,37,352,891
793,582,251,256,539,537,782,1005,820,584,251,15,449,100,238,1015,7,817,264,719,361,573,251,975,456,253,819,527,146,820,349,950,820,1005,895,136,788,940,924,772,910,724,511,991,334,502,201,855,904,964,38,693,307,578,855,717,754,391,901,734,486,345,779,345,855,338,827,774,943,908,260,543,292,193,517,268,569,792,780,882,124,823,858,241,791,96,179,704,735,70,973,950,740,921,601,980,742,298,12,1011,1004,808,635,482,727,647,82,0,1016,648,856,12,816,527,305,405,14,198,789,307,489,844,311,950,732,8,607,204,961,967,846,966,298,587,831,838,1006,972,539,246,708,456,488,567,67,768,251,980,524,13
258,613,174,469,315,252,204,720,788,204,808,98,764,775,119,468,661,531,724,0,645,988,552,514,204,328,210,148,748,552,307,733,733,5,471,444,648,722,720,445,704,768,669,711,508,964,258,821,5,746,591,278,143,935,78,0,442,165,431,938,495,893,533,181,207,221,715,234,939,804,1014,722,331,608,942,159,725,828,775,204,734,248,402,334,229,801,456,725,760,644,542,243,430,722,495,456,717,187,142,209,504,174,256,220,452,775,221,789,955,315,150,724,825,641,408,669,717,674,945,523,746,296,853,602,168,644,669,725,768,846,834,726,744,752,854,86,735,261,402,964,76,801,495,276,490,559,658,166,656,314
958,935,226,456,100,633,453,367,951,182,100,205,592,436,65,853,234,97,435,81,191,266,788,435,669,145,768,67,188,561,60,606,1021,591,964,834,879,372,740,657,611,557,977,359,669,165,556,575,446,124,566,602,201,657,924,145,1020,60,48,532,835,294,813,205,564,709,708,250,665,574,925,77,784,897,601,934,700,502,621,147,71,659,363,27,952,861,658,7,710,102,251,128,1023,601,892,112,716,468,400,548,701,828,528,293,593,256,10,211,409,788,553,485,532,541,846,312,669,669,879,163,351,556,74,782,426,163,380,900,743,765,630,868,580,195,318,764,671,366,548,373,669,712,615,822,707,257,496,118,540,637
820,619,525,68,489,236,150,120,132,1000,102,56,494,308,917,745,532,424,455,533,424,927,681,542,626,435,532,537,572,387,537,876,532,4,977,63,815,409,939,705,1019,196,224,532,271,441,746,239,530,206,222,553,352,465,169,180,532,534,362,262,639,120,454,897,645,298,312,169,911,243,890,935,718,569,532,673,530,517,854,517,722,784,476,455,496,17,541,299,335,425,618,981,211,134,553,504,233,205,791,848,540,984,532,983,288,809,246,746,213,663,328,317,981,754,821,100,712,232,745,34,263,438,544,763,673,390,415,732,575,266,613,632,275,532,716,532,344,639,307,22,594,724,831,514,69,733,279,20,360,723
553,556,739,283,351,100,435,627,833,350,316,297,264,205,145,318,609,608,404,563,45,138,9,744,368,684,141,62,130,847,546,282,290,1001,748,62,128,46,756,383,50,320,835,278,977,350,678,720,334,86,598,161,540,998,500,350,972,463,111,37,968,117,33,1005,692,1004,305,149,158,451,831,857,799,748,476,811,559,332,49,665,884,262,688,318,790,528,598,382,812,672,339,753,860,450,547,240,501,297,1011,271,655,574,31,275,281,558,494,1014,595,528,136,766,484,786,142,998,771,145,338,814,956,366,112,536,449,374,556,995,937,481,41,79,351,624,522,417,552,691,113,1020,542,115,861,335,1013,528,748,952,655,1006
75,501,625,834,664,824,760,570,701,223,870,604,408,318,740,307,155,793,663,721,393,119,823,798,318,744,591,51,663,30,437,942,689,134,548,928,113,443,699,232,600,822,819,200,659,192,507,34,581,782,400,469,510,474,526,641,264,280,155,507,860,1,908,908,385,378,254,271,302,124,312,823,504,568,647,264,683,129,503,941,824,458,238,54,750,409,541,888,827,814,174,129,207,894,229,504,504,216,510,382,346,129,179,411,652,505,648,256,500,507,908,53,509,421,507,776,6,506,356,507,328,673,824,479,485,409,501,198,637,56,830,784,674,739,524,767,634,702,763,143,245,731,888,504,35,776,763,732,962,872
740,116,239,96,948,726,653,692,127,304,80,196,444,553,505,885,962,848,119,497,886,302,865,179,1023,387,682,609,919,210,820,0,910,696,902,313,412,979,688,268,667,206,246,656,448,1018,637,1007,56,704,303,436,495,216,659,21,691,609,719,53,288,107,519,662,684,197,855,431,944,579,92,962,205,1001,116,172,945,716,76,655,696,449,27,442,655,527,458,96,1010,692,964,495,642,583,484,302,525,566,457,448,258,563,332,501,514,84,536,569,260,669,739,239,885,567,397,586,512,694,156,79,87,447,119,758,178,716,708,116,964,518,847,335,751,589,712,1013,534,640,185,740,668,524,590,819,209,580,167,784,587,896
316,943,989,678,781,645,99,811,986,647,351,663,451,335,205,797,29,640,108,991,855,641,220,654,576,317,493,785,40,644,1011,1007,679,251,140,912,476,915,837,33,3,874,623,461,405,312,914,572,565,380,428,146,106,467,60,926,764,340,477,784,108,195,714,738,669,840,840,63,741,924,984,636,663,156,1012,522,830,912,142,200,572,534,354,903,787,213,128,288,478,620,968,482,743,765,663,872,412,299,363,65,672,710,1023,1008,830,81,727,684,973,191,797,421,908,337,765,444,156,354,563,190,1021,388,301,53,310,191,340,446,1016,1012,258,726,178,260,848,578,288,482,140,917,581,363,211,24,85,864,183,189,161,876
374,427,124,525,375,340,361,330,10,683,6,926,835,138,988,310,571,462,332,59,372,489,654,721,889,926,529,757,707,259,22,491,161,778,569,308,332,493,766,493,1009,406,910,246,202,609,312,266,836,486,446,830,525,472,561,65,282,521,129,433,309,566,983,876,974,169,693,201,132,175,696,345,819,964,646,187,410,633,78,186,9,74,2,260,362,821,881,574,464,711,126,435,262,376,225,284,368,182,881,730,49,892,560,378,181,360,184,555,88,1019,414,545,1014,306,165,693,141,515,186,521,365,902,309,66,778,233,494,875,648,881,161,116,775,835,429,193,1009,168,638,200,826,392,772,378,878,945,744,555,778,704
216,1009,793,817,115,371,244,674,213,484,901,437,305,733,919,483,555,694,106,666,235,649,141,923,248,973,541,213,39,618,344,79,465,996,793,728,289,772,408,453,170,396,396,947,968,186,1012,896,144,230,93,322,727,141,347,473,26,689,216,490,233,618,194,102,63,482,58,43,250,923,296,242,887,5,186,485,103,562,435,529,539,404,733,550,216,86,1009,802,827,253,744,43,297,13,609,90,548,441,414,134,32,604,800,350,57,527,19,483,37,754,184,469,7,218,996,909,109,694,625,57,491,998,234,591,72,261,550,40,427,86,233,403,202,823,239,747,54,782,195,618,290,519,191,0,920,1002,2,628,909,761
687,263,478,294,283,241,715,85,684,965,139,721,976,171,618,10,887,344,530,348,18,156,906,515,94,1016,156,186,903,153,530,803,260,518,540,382,470,545,344,107,38,163,10,627,229,630,100,614,634,917,387,614,767,253,915,923,451,3,94,730,365,110,353,798,422,930,102,196,360,50,863,111,614,348,663,387,154,828,831,798,756,66,747,865,618,235,346,866,149,819,131,91,924,653,111,780,85,43,956,26,452,866,316,284,86,537,377,135,534,364,231,545,182,176,18,766,161,322,440,924,246,156,95,884,238,135,784,906,987,235,154,351,415,932,7,635,213,98,964,610,131,206,149,242,139,818,876,802,539,481
230,196,120,231,777,971,669,666,173,843,132,859,274,290,1016,52,239,920,82,716,647,825,54,559,96,40,841,267,35,145,123,428,199,200,118,424,424,703,485,56,420,744,346,516,809,845,842,548,806,440,790,219,86,359,642,148,954,411,91,359,674,901,5,237,601,165,422,826,485,419,63,821,987,661,762,295,143,798,303,282,322,907,494,88,882,151,273,668,35,889,738,869,119,323,947,966,152,316,367,965,343,354,297,122,559,151,389,521,120,149,165,292,48,1017,517,91,298,760,293,706,850,215,655,407,144,660,603,24,344,407,698,387,383,599,279,176,840,886,362,186,263,323,340,1005,281,91,973,963,84,901
190,908,543,846,257,183,705,989,522,10,794,510,590,666,309,88,586,773,145,544,999,65,675,909,196,854,110,591,480,884,87,999,381,826,310,981,565,522,12,716,546,990,214,530,311,858,551,422,1018,17,14,1008,192,968,301,989,1005,716,190,83,339,586,1,248,224,764,204,963,999,690,717,206,902,492,615,303,310,588,764,1000,857,145,587,1001,1000,110,848,73,7,237,898,908,833,462,352,222,482,88,573,820,205,15,99,184,944,120,715,702,510,494,88,134,616,504,666,758,45,979,440,14,227,493,749,184,636,382,918,85,733,976,298,552,269,140,1006,142,142,670,126,645,280,310,526,949,284,723,29,625,118,867
832,815,285,186,612,358,850,870,232,968,738,463,925,40,509,573,467,541,719,171,256,606,832,157,509,838,196,384,789,196,445,111,517,147,597,297,650,219,147,735,38,575,238,185,370,541,541,279,124,634,21,489,391,367,877,209,652,608,405,141,306,110,872,317,359,250,358,488,715,281,145,488,250,161,26,0,306,863,773,378,255,722,568,305,188,345,618,408,618,980,880,378,709,290,218,551,108,800,446,350,543,528,162,53,872,0,354,847,642,356,789,378,541,284,408,96,930,412,705,608,320,110,528,990,250,234,578,580,350,349,128,42,249,741,461,285,210,70,551,994,172,266,531,272,799,364,677,478,360,495
741,905,607,6,811,1023,384,773,757,758,437,837,411,869,629,388,645,134,180,306,3,437,368,80,820,795,216,262,545,445,558,642,202,13,940,902,10,719,961,124,806,792,314,646,425,292,710,516,134,205,668,621,610,62,249,447,898,168,132,574,88,195,25,815,828,965,630,877,255,917,633,134,809,650,351,789,773,490,709,672,641,86,695,513,933,544,142,610,568,851,463,612,909,1003,663,43,575,249,134,240,81,749,217,66,488,797,115,143,565,533,716,137,314,872,74,441,475,224,377,748,773,69,757,718,758,267,305,752,716,551,42,987,646,62,80,513,23,749,574,198,1002,516,541,714,869,502,704,140,970,612
817,12,907,635,659,965,255,999,926,138,97,628,36,396,879,372,909,412,595,142,839,789,623,836,584,1019,323,341,647,186,951,750,961,383,791,96,9,444,338,431,492,188,99,45,525,138,578,382,140,377,459,19,239,929,921,101,827,501,994,971,152,290,610,246,67,198,497,20,354,208,971,283,361,1010,624,80,289,154,668,700,1,845,555,946,369,937,156,719,431,799,710,73,548,703,378,1018,620,905,99,22,995,385,334,840,535,345,1019,369,14,94,414,781,932,523,282,556,948,705,786,980,909,452,448,899,616,98,663,436,624,1009,479,559,618,308,48,255,587,603,437,994,941,317,516,805,676,531,1012,236,969,780
351,710,232,51,209,83,401,1005,673,675,305,297,813,980,310,787,935,854,451,556,269,513,520,429,421,598,697,839,673,442,470,708,439,676,623,602,99,995,467,529,1,552,673,345,866,125,63,51,697,260,389,57,503,800,25,889,303,604,723,8,78,920,417,815,44,472,293,546,567,86,700,724,814,540,698,485,287,764,590,931,471,916,510,191,99,941,219,276,535,482,959,531,457,472,956,276,63,33,221,386,224,879,941,82,815,454,720,985,398,286,89,82,359,981,161,460,748,80,739,456,883,944,367,111,795,290,548,258,985,351,674,754,737,623,610,367,626,242,561,732,673,473,553,708,933,224,463,704,1016,529
979,72,595,694,535,814,836,450,850,936,732,811,375,634,630,910,920,766,877,208,374,622,485,432,298,414,686,1014,849,254,400,463,704,274,141,245,942,575,425,163,927,416,172,322,703,220,280,578,310,143,130,697,758,290,912,400,143,95,638,421,1001,968,965,942,67,388,824,814,223,108,727,237,686,785,582,990,301,936,54,429,936,399,211,630,798,587,749,861,258,250,108,206,629,875,473,169,454,264,428,405,933,1006,367,184,1013,381,887,686,722,407,851,368,450,216,622,976,669,1008,240,416,591,150,602,989,101,230,810,422,612,208,729,242,841,853,335,1006,892,245,661,416,460,950,274,941,934,845,82,494,921,178
882,892,818,323,195,804,706,667,463,903,880,66,280,700,864,764,367,899,365,239,325,946,875,409,882,900,846,314,66,402,837,827,237,865,375,178,221,947,1,734,296,881,849,41,926,323,841,937,991,585,657,258,816,905,707,713,231,133,969,555,861,892,126,768,864,348,867,756,900,666,737,971,903,668,579,86,1010,323,237,497,110,713,882,771,322,864,9,937,332,18,676,278,520,888,2,687,527,186,659,364,737,752,885,827,768,170,796,820,879,99,999,889,944,659,375,336,889,980,209,587,882,892,845,441,114,281,889,994,261,428,215,419,879,520,935,433,407,892,114,556,926,43,396,691,538,983,777,9,889,700
53,676,791,174,71,598,351,145,758,87,123,362,702,68,469,166,519,137,603,676,845,31,991,367,710,362,560,930,311,24,158,151,804,174,362,91,407,1023,723,729,519,662,685,0,725,270,990,722,82,673,265,343,1009,406,452,406,150,847,342,673,556,492,343,867,610,55,726,250,759,179,525,607,174,57,87,458,676,686,672,801,650,799,456,913,800,622,773,404,332,72,759,151,725,986,187,878,350,942,148,534,725,541,677,423,110,599,17,156,938,923,702,677,243,164,858,600,87,617,806,766,158,183,153,422,502,292,949,170,87,260,237,662,150,234,139,153,0,238,857,170,971,355,387,600,63,721,770,158,981,41
19,126,602,617,656,817,29,419,445,786,360,54,918,733,148,394,908,939,615,719,182,712,224,564,336,799,618,434,176,16,545,884,943,136,321,1003,371,637,111,1007,339,740,890,744,196,876,164,537,747,128,312,572,166,948,519,600,14,129,170,918,620,883,388,145,111,109,90,913,9,145,111,170,130,362,1021,860,177,275,863,189,370,870,65,142,181,419,909,929,106,172,951,341,46,529,304,839,145,626,173,924,704,606,426,644,392,700,133,232,354,336,679,343,405,140,697,202,723,101,986,446,460,609,852,112,186,248,118,629,87,165,701,303,182,947,628,620,118,813,394,254,1007,150,184,957,657,618,315,72,739,739
822,660,860,692,371,692,548,957,198,660,663,637,959,660,772,180,711,135,746,580,936,458,182,911,146,410,752,829,197,135,927,84,184,156,810,207,202,515,880,168,87,693,320,343,170,344,358,317,719,652,98,703,886,740,978,477,442,662,190,937,142,720,820,917,477,378,68,468,156,132,222,90,829,337,810,907,749,151,1011,219,1009,820,138,807,696,106,756,692,584,216,236,159,734,141,180,166,447,474,1011,669,342,884,637,196,498,265,770,493,919,156,149,611,835,106,678,672,130,471,979,230,692,631,764,344,326,890,940,531,767,978,710,646,956,199,596,106,761,727,768,292,461,660,331,468,695,580,775,783,567,522
988,776,625,913,812,255,246,381,772,987,940,779,978,883,984,793,450,224,247,383,584,497,481,64,407,730,366,827,260,478,480,529,288,427,273,188,277,296,381,1012,352,961,322,284,541,0,221,766,529,627,542,730,28,156,988,704,323,93,352,678,177,198,159,830,526,480,784,496,6,888,1003,312,816,401,630,54,793,518,228,30,681,155,616,295,883,597,723,161,148,966,938,467,225,149,520,284,388,846,533,229,736,750,1017,896,187,879,350,505,633,209,544,52,775,293,17,966,206,984,200,451,929,189,625,618,716,94,892,860,780,536,131,602,895,272,988,0,728,74,799,992,45,488,236,272,474,815,928,673,268,12
189,20,784,410,793,227,691,125,150,705,139,499,212,127,248,175,652,753,887,885,636,367,902,45,494,932,302,100,362,868,125,228,715,193,752,733,627,173,337,173,249,730,49,141,367,640,740,686,52,1009,746,441,724,942,232,366,420,100,173,895,32,552,18,587,166,225,372,51,111,173,773,17,345,849,751,243,31,217,171,260,67,705,713,48,540,785,364,1014,352,75,128,371,755,974,105,928,239,236,128,431,979,792,905,401,899,125,844,560,480,391,108,159,814,659,483,686,676,30,347,237,689,876,998,109,814,175,161,645,484,236,720,221,366,27,224,200,971,461,869,1014,45,1001,350,794,753,337,248,287,130,742
188,251,877,354,834,474,605,174,467,81,299,863,704,132,744,949,354,624,309,543,78,66,140,332,910,425,105,282,270,466,863,594,794,654,684,105,781,506,132,227,105,237,656,860,194,334,839,917,719,610,618,709,674,437,479,200,905,926,418,509,671,205,855,177,177,493,345,209,273,175,637,783,583,543,615,506,1022,872,130,593,613,498,376,440,840,47,715,450,722,376,52,777,473,897,821,674,365,669,91,715,163,454,818,275,114,458,821,772,830,398,410,320,678,334,119,846,926,168,610,173,361,206,954,399,318,302,396,421,901,463,334,306,844,320,216,369,607,958,599,452,632,621,925,407,488,909,621,665,275,706
793,911,512,752,750,522,20,663,762,649,72,8,529,821,258,69,793,593,584,1015,454,894,820,440,1017,242,969,775,759,812,1012,1013,20,402,521,725,425,71,301,693,838,433,189,963,661,570,246,342,971,711,780,1001,131,521,835,820,248,11,534,902,306,633,883,421,579,553,906,254,187,398,922,1016,978,763,744,805,176,561,601,755,161,404,858,793,982,500,829,11,273,611,329,341,857,593,662,112,776,153,929,961,1013,455,761,478,744,56,525,1021,805,46,903,86,452,1013,725,98,238,635,594,765,1013,190,533,776,248,396,974,945,821,715,139,754,1017,964,709,1016,762,793,551,908,341,406,501,923,661,645,387,46,775,553
459,395,329,668,521,562,373,571,527,700,340,529,531,647,613,590,435,843,587,666,301,195,371,438,808,492,939,861,704,547,838,715,340,699,841,599,1009,320,519,399,583,921,499,820,371,266,643,651,573,1010,623,866,725,687,51,1008,518,439,267,244,372,662,144,731,12,180,471,373,372,584,712,50,1016,137,501,885,490,753,700,744,169,372,363,695,1012,403,190,556,679,7,573,746,647,578,908,342,330,331,202,372,329,324,523,321,649,679,52,715,395,619,754,711,341,342,885,423,738,967,562,371,655,994,567,761,906,632,196,276,256,30,891,1008,529,359,614,713,759,651,205,731,519,715,217,1008,773,634,136,554,425,1012
860,37,505,868,41,31,149,293,123,797,666,233,55,963,665,901,684,871,489,997,369,708,73,273,808,156,621,259,717,81,740,151,169,221,740,648,360,270,647,779,802,849,149,873,342,526,117,25,968,157,378,633,270,802,428,995,25,1010,665,50,89,18,215,165,878,244,53,337,926,343,858,191,15,127,667,540,360,60,796,822,708,656,349,145,414,705,841,37,325,68,135,382,860,14,558,278,90,1002,15,473,555,860,647,439,59,641,955,888,111,119,172,772,824,135,668,643,625,135,32,648,26,293,168,857,604,293,81,643,124,277,669,999,787,599,241,635,154,112,206,521,777,542,647,175,414,425,443,552,672,509
1004,43,49,477,179,973,514,355,983,254,360,485,551,498,546,656,960,926,688,506,800,729,504,405,798,111,554,778,642,58,86,733,728,706,688,533,34,833,485,530,997,197,96,127,123,95,537,87,778,242,710,656,808,821,555,757,162,416,163,562,586,674,733,297,411,506,837,423,85,691,594,290,227,754,720,789,750,95,668,481,1017,778,1002,585,743,731,834,938,892,602,847,812,539,690,96,702,515,429,87,781,62,610,83,120,578,413,738,832,750,492,547,333,68,519,99,776,254,304,179,860,585,956,768,546,243,809,201,571,711,83,960,611,736,542,535,214,96,1002,944,686,523,63,828,950,585,379,51,594,508,1017
972,1015,560,863,917,69,921,790,927,503,638,908,909,835,659,789,968,546,604,876,695,212,497,122,390,231,287,904,432,554,588,282,909,46,1008,528,340,203,195,558,647,707,195,202,636,272,627,360,605,390,492,942,481,1001,722,241,218,807,755,900,119,210,77,208,35,371,525,622,904,684,251,290,473,424,147,473,500,179,932,622,278,49,605,390,558,474,944,584,534,252,627,450,30,236,995,796,951,581,445,646,367,612,775,700,721,404,436,243,275,552,108,467,632,530,839,32,683,580,882,181,211,786,70,1002,606,60,299,247,482,972,498,614,470,496,843,625,659,432,275,496,622,87,116,647,492,670,503,644,847,630
857,881,854,312,900,351,645,957,703,580,948,344,960,733,918,977,359,328,742,753,567,470,137,445,251,580,352,1007,110,582,930,773,18,362,344,343,947,361,428,649,374,328,136,23,735,846,899,149,997,903,417,534,110,893,341,395,352,974,344,697,798,944,813,374,374,416,104,583,948,194,550,326,81,23,352,520,90,735,83,591,607,695,615,902,114,789,868,807,221,837,864,975,122,460,645,362,912,974,163,409,805,599,822,90,779,435,575,790,246,607,902,727,647,229,946,373,364,763,336,139,920,875,614,234,208,93,111,790,220,767,638,671,677,747,805,725,342,169,120,873,724,586,460,846,646,630,970,72,956,408
924,497,146,383,344,447,175,732,743,96,694,115,593,279,107,734,108,957,531,980,627,921,615,715,142,303,767,765,197,964,217,445,142,234,198,992,186,910,982,633,923,638,358,601,451,515,19,18,957,128,120,907,736,534,172,953,878,980,709,177,447,138,370,809,589,399,449,975,1005,361,43,123,957,138,660,319,459,576,965,78,654,398,591,601,843,376,277,647,795,592,279,42,381,60,748,473,292,271,591,909,707,352,764,432,255,848,251,1006,376,667,209,523,276,369,137,434,896,455,1008,686,1009,908,232,695,521,507,667,944,753,319,774,451,332,42,126,497,308,52,900,625,118,925,896,376,353,459,599,395,662,388
511,86,930,982,609,832,733,775,989,386,917,626,270,952,234,638,565,953,986,275,50,990,983,854,717,537,991,829,653,405,863,645,243,155,446,734,758,737,669,945,339,874,702,769,944,408,949,800,413,898,386,824,97,758,846,101,204,942,983,184,64,37,416,223,215,124,814,425,89,739,342,638,1004,192,917,84,876,870,737,978,746,775,917,719,871,808,63,959,189,978,487,924,865,879,829,37,317,981,694,109,918,215,770,938,831,871,990,49,846,86,512,978,898,835,380,533,593,37,892,666,606,22,607,832,890,791,288,630,279,909,940,144,222,942,238,973,974,659,1014,512,928,947,942,109,590,390,986,622,636,92
631,411,606,198,707,799,816,608,548,567,693,749,294,421,778,542,931,367,741,217,37,608,201,565,563,767,587,546,621,838,662,691,572,708,805,282,540,313,756,347,289,185,114,38,598,212,666,298,675,536,868,682,39,491,53,720,990,213,730,102,678,971,143,510,558,918,972,921,549,871,943,695,477,283,804,61,749,919,87,860,622,515,64,540,536,513,516,660,53,535,984,606,901,536,283,676,484,365,664,269,288,983,379,44,548,705,901,150,942,406,262,25,580,237,119,696,885,228,358,604,522,251,280,422,583,216,556,82,558,556,631,973,486,665,351,454,726,238,924,871,407,707,549,299,382,532,755,990,987,591
428,692,328,894,423,24,222,983,191,708,120,173,650,597,461,932,987,399,404,829,319,982,1013,35,270,67,389,1002,330,424,807,351,967,1001,572,265,895,471,151,99,834,161,894,978,20,800,911,387,393,944,524,293,75,732,134,344,810,572,181,637,222,738,163,421,696,922,192,2,714,407,830,417,218,180,522,512,15,968,499,95,19,572,229,88,275,983,994,912,941,51,813,468,266,545,163,347,1011,257,431,932,407,837,307,894,701,747,160,983,369,979,158,17,723,1,120,423,751,403,419,984,450,448,734,736,858,996,961,139,548,755,683,993,491,971,220,23,455,423,222,998,743,495,431,531,123,934,423,291,81,769
990,828,890,238,890,298,512,240,236,314,250,892,196,874,1011,747,566,2,191,231,564,788,318,780,81,40,308,846,330,51,14,882,568,740,759,858,840,658,843,718,536,1014,662,676,460,90,472,655,955,773,567,192,11,352,715,251,1014,207,666,246,108,822,839,426,48,33,724,758,731,700,705,3,207,181,517,780,775,985,406,556,121,35,246,30,879,90,448,759,48,994,416,361,978,492,487,33,95,140,189,241,244,1017,574,501,124,55,1009,967,154,723,103,759,779,718,154,78,718,216,39,821,852,749,972,220,80,248,112,41,11,925,9,43,773,248,205,911,761,125,516,909,702,1023,255,84,878,933,202,52,11,86
426,114,975,1015,121,179,513,562,497,209,803,48,35,527,817,854,570,569,947,295,944,263,55,297,78,714,207,489,330,824,57,568,130,954,449,174,80,713,631,818,882,401,819,244,1,394,363,933,625,693,386,206,440,82,632,1007,561,490,433,86,58,243,296,769,720,752,970,646,465,781,225,218,64,41,722,302,451,233,354,114,81,557,658,718,1,21,297,681,300,777,113,754,178,336,297,936,637,943,214,653,108,306,683,654,720,731,12,306,565,57,175,930,193,826,765,715,125,322,713,718,450,263,468,638,718,594,486,839,574,637,303,130,113,263,54,178,40,1,193,200,787,718,258,882,241,49,208,952,264,258
915,705,775,323,151,555,446,293,43,875,876,858,286,615,62,738,484,889,788,715,458,497,573,591,77,263,237,826,763,271,297,514,724,351,210,854,777,775,863,287,1012,553,477,23,816,547,366,596,20,451,46,149,1022,624,257,132,788,772,704,244,540,156,732,809,127,552,328,548,97,838,238,1005,569,712,927,458,743,190,785,363,789,740,564,547,293,446,517,745,816,468,884,261,442,260,14,229,833,799,753,563,383,793,57,145,180,1010,311,239,403,15,372,869,712,768,618,1023,490,799,571,574,285,280,20,788,757,809,796,485,371,458,298,77,275,789,553,779,446,280,459,458,101,543,791,768,276,62,128,618,876,80
610,890,82,1021,930,455,68,903,513,587,519,129,958,738,529,571,742,571,614,674,85,504,612,539,740,536,134,515,912,605,134,184,554,736,100,735,650,537,810,497,18,994,730,78,107,747,455,515,738,261,835,89,31,646,145,201,729,729,903,311,334,95,17,671,240,407,31,986,424,671,629,738,792,515,30,74,166,773,451,935,988,742,418,508,335,569,950,228,535,887,792,120,541,710,510,650,611,371,650,227,809,853,156,27,263,425,125,236,452,811,750,376,992,602,428,124,448,123,538,635,786,514,31,355,773,623,201,544,528,627,488,31,537,108,462,414,533,713,562,405,744,113,793,507,635,828,998,575,562,228
217,802,314,872,158,175,35,78,144,382,224,762,306,687,57,526,254,522,773,211,593,290,206,254,803,803,961,794,25,278,43,38,554,144,86,989,115,7,264,93,119,478,252,909,514,370,823,961,79,828,335,83,119,862,989,78,72,42,442,130,7,706,510,345,806,182,974,812,32,136,151,654,1022,866,302,115,872,1008,511,973,568,942,199,303,696,297,975,237,462,536,61,980,467,451,434,470,264,82,374,462,344,42,992,452,1008,768,612,782,107,735,759,20,16,984,749,227,104,526,752,303,31,926,413,21,206,479,488,510,833,759,558,18,510,78,682,146,559,46,286,989,794,573,842,178,514,942,238,137,854,749
284,450,696,321,168,725,1000,383,187,913,242,61,139,751,539,107,67,221,219,709,796,401,445,577,747,703,871,144,298,415,213,786,182,171,155,445,5,986,153,71,378,71,359,302,617,443,636,104,851,594,646,354,187,903,924,674,403,226,985,94,445,191,381,824,229,622,898,689,263,649,415,1023,999,328,1010,96,355,546,82,397,693,250,831,293,1003,923,211,199,237,802,700,711,617,911,913,959,397,904,348,807,252,179,616,763,724,467,913,728,899,577,285,979,223,155,344,786,577,600,340,668,8,226,538,657,577,147,889,624,781,155,844,623,431,216,283,351,904,755,636,574,130,939,666,682,262,681,402,802,671,696
342,982,353,435,515,352,637,711,735,353,784,88,677,330,927,111,691,161,32,299,18,365,887,436,324,356,256,377,143,1007,739,59,787,542,806,789,266,605,188,622,449,382,637,489,876,404,303,979,368,677,402,97,790,81,406,738,765,979,403,299,492,927,289,41,639,821,510,957,753,462,838,880,951,604,877,303,558,352,496,745,491,814,735,495,814,143,516,269,352,389,83,292,749,233,819,421,1023,792,148,109,370,226,465,974,699,868,251,318,868,352,512,102,396,365,731,458,492,419,380,208,865,402,402,253,388,403,284,706,268,678,796,841,112,701,313,340,995,165,9,365,256,352,340,365,166,764,109,93,396,603
777,624,0,873,441,200,268,268,419,14,195,507,173,126,638,492,51,624,360,272,262,517,500,332,609,72,722,293,387,590,177,272,864,52,508,781,359,248,702,925,44,296,596,188,331,456,929,148,777,16,291,547,500,971,643,484,96,892,272,323,873,267,585,272,188,683,131,850,654,1022,452,444,332,134,768,670,1022,716,685,5,503,127,278,137,352,129,340,24,459,382,658,883,508,389,891,831,611,177,787,563,921,1018,500,175,359,726,893,641,845,106,716,734,877,333,1000,484,924,61,506,1023,127,140,12,718,310,412,326,272,96,404,396,404,358,148,272,868,424,624,360,503,241,179,488,123,265,974,304,69,353,667
206,363,123,154,531,998,993,987,1021,892,103,856,729,69,901,176,104,585,389,900,739,174,563,531,716,621,144,156,931,356,390,412,1011,109,977,878,136,876,466,145,198,824,443,213,94,659,266,660,1019,190,229,64,924,64,892,660,616,725,52,855,861,251,810,726,414,141,85,881,601,605,216,620,665,676,470,510,173,955,161,1000,261,225,157,261,271,425,151,700,410,188,209,27,398,649,235,291,934,145,291,209,1019,421,697,137,521,1019,902,101,165,265,676,174,671,364,859,461,847,742,853,69,601,291,161,654,604,760,917,365,660,287,187,558,851,471,934,19,858,885,697,761,955,734,237,443,145,1018,580,730,596,589
1008,462,591,464,858,817,845,992,476,249,733,380,326,137,780,181,60,470,591,357,978,803,141,574,995,17,467,278,828,832,56,645,337,532,201,137,962,476,468,589,913,734,161,703,318,821,793,437,496,333,339,479,290,580,142,537,541,925,587,161,78,476,541,527,366,785,14,707,461,275,494,507,4,257,872,143,549,805,569,523,277,474,129,525,681,562,270,523,534,187,643,806,417,116,655,977,65,910,309,308,81,541,745,67,452,903,373,0,221,283,502,17,77,278,286,286,764,723,573,52,268,41,638,276,577,369,493,671,569,457,334,677,573,974,138,821,565,721,17,517,257,213,527,187,17,260,633,696,750,450
700,852,638,15,886,892,50,495,686,358,366,886,915,321,268,106,309,209,309,425,347,751,273,66,330,359,261,547,628,267,553,330,847,146,235,20,148,768,577,431,489,355,254,106,903,498,25,461,676,72,309,254,783,485,746,321,101,10,460,679,127,435,840,503,180,143,651,452,311,735,188,900,221,747,820,758,202,269,145,638,318,689,847,894,956,23,256,394,497,425,555,655,715,497,971,655,777,629,228,321,783,223,42,382,103,132,780,582,65,653,596,382,501,256,330,886,183,383,138,901,321,241,74,472,89,357,102,355,950,866,588,127,625,659,242,894,1002,170,321,500,682,887,377,268,754,102,511,867,316,617
333,756,223,945,662,959,922,38,720,398,497,423,804,461,650,11,876,204,349,203,398,653,906,401,908,182,248,166,453,199,684,153,223,178,394,29,15,103,909,198,654,112,219,115,167,135,844,807,667,334,242,926,654,120,354,381,311,13,81,54,43,348,362,650,122,764,827,907,115,103,134,196,650,214,976,204,178,884,154,223,647,203,242,167,876,312,289,889,363,648,650,601,214,127,730,154,700,919,314,221,648,867,283,433,149,655,27,658,197,632,54,756,997,623,15,246,11,532,134,919,240,271,228,80,17,864,337,119,221,643,883,159,71,92,690,897,1015,73,221,434,1002,748,966,761,393,303,874,923,676,902
907,656,562,210,732,370,601,912,926,514,690,511,310,114,399,77,173,581,11,15,931,634,690,236,261,513,777,242,39,495,764,9,236,754,8,371,627,492,732,597,804,547,100,626,388,649,514,50,214,953,721,556,254,594,329,3,136,889,628,791,681,908,57,931,377,316,339,46,1017,903,218,228,617,566,748,242,290,197,915,450,950,718,898,328,74,290,194,115,22,799,561,63,706,566,652,9,713,903,316,905,114,519,523,1018,783,554,813,176,607,508,944,82,706,92,178,73,967,1000,242,462,227,391,779,561,763,236,711,298,248,577,202,746,638,769,554,592,1009,9,769,16,369,796,699,431,560,893,768,482,850,266
533,22,450,109,281,811,145,811,163,143,314,830,366,213,3,671,750,653,532,802,2,901,344,16,779,880,479,277,377,140,35,302,361,838,618,151,344,915,233,311,558,374,221,310,980,469,532,672,262,818,350,980,738,980,934,350,499,773,977,507,808,965,290,148,135,51,255,132,514,717,983,366,16,918,190,142,934,642,595,990,192,26,448,270,393,182,478,588,474,2,657,977,464,957,749,314,551,233,153,178,550,565,194,211,273,270,228,268,835,179,215,296,650,349,898,865,844,653,264,258,480,322,233,917,537,434,533,290,624,463,272,650,870,566,41,446,631,273,533,374,145,829,863,270,145,989,146,760,764,2
527,831,443,801,156,574,715,176,45,550,693,333,69,582,533,550,1020,4,858,382,606,956,581,23,683,997,884,390,65,445,77,596,188,69,590,574,334,92,997,834,378,463,343,65,974,729,666,62,581,65,5,445,701,331,811,1016,927,83,818,62,971,373,679,574,321,669,335,161,55,833,949,58,956,150,240,45,711,13,577,829,686,956,646,203,588,538,413,380,93,320,1003,10,894,293,838,534,1014,549,678,144,1004,658,443,65,606,10,948,67,588,517,432,991,476,815,375,672,658,27,398,1,144,374,327,77,612,129,289,730,529,581,395,702,1006,909,23,685,806,886,583,423,893,597,172,654,446,580,729,1,126,38
218,176,663,357,951,849,696,100,126,129,933,910,838,679,669,1,541,405,10,541,644,138,855,49,104,909,335,185,177,141,135,944,112,640,789,129,625,721,609,836,298,642,824,750,958,106,850,168,368,639,1017,215,922,609,848,243,841,592,372,91,335,938,37,4,4,347,714,263,416,160,370,339,933,83,855,512,155,113,293,1,345,960,925,700,928,593,520,495,49,669,669,581,512,426,752,671,157,181,702,871,905,776,797,813,667,198,50,104,753,124,0,87,849,236,129,49,537,824,166,17,181,918,462,935,30,56,701,62,935,288,755,814,178,383,252,987,63,848,25,961,130,129,491,885,396,242,581,896,814,879
978,144,612,470,320,258,867,966,950,780,18,765,378,876,295,343,446,450,867,891,954,400,432,208,65,802,218,445,61,217,566,957,1015,12,686,243,368,644,733,703,496,1021,680,855,665,130,534,66,838,238,784,142,221,469,656,9,114,706,148,951,318,419,473,905,31,663,624,637,351,611,768,460,243,402,274,809,67,108,755,72,61,686,605,778,241,293,358,791,199,201,226,700,700,76,0,524,897,281,897,797,784,55,612,627,381,807,520,840,699,124,326,789,660,278,963,87,462,533,550,418,673,965,709,480,345,408,318,584,119,192,52,965,119,155,233,338,1021,533,504,506,706,322,766,273,957,797,405,553,710,480
923,628,289,0,464,798,626,343,278,924,98,80,128,276,166,542,636,864,911,825,70,796,343,132,430,957,37,429,677,733,868,457,724,495,168,421,441,262,288,604,286,175,803,581,491,929,628,600,743,118,928,209,353,114,371,573,628,574,351,362,174,824,577,670,418,497,209,858,632,872,306,574,748,364,757,844,554,679,981,150,6,666,158,580,990,913,78,418,604,871,188,802,289,96,336,496,907,387,164,327,359,90,604,666,661,820,192,991,870,279,736,182,829,428,645,815,93,718,425,484,365,520,991,628,334,161,773,436,367,217,932,107,56,417,162,129,175,859,193,758,112,170,604,80,801,125,433,412,108,146
567,203,401,367,825,942,864,1020,984,506,558,738,458,934,330,434,829,504,962,509,810,240,190,829,937,701,950,956,471,966,932,114,535,106,568,898,240,570,829,382,824,520,988,354,558,681,847,912,447,696,676,717,546,508,924,197,496,576,2,87,263,825,295,520,137,840,988,746,804,1018,852,712,558,356,391,676,769,954,937,119,976,534,647,563,712,99,806,558,296,320,956,106,411,500,421,706,484,452,21,458,3,792,426,678,954,58,721,442,366,636,247,562,233,1002,482,792,676,1014,553,863,471,852,823,346,343,175,874,932,216,567,532,576,825,681,956,641,613,512,603,486,979,439,969,472,506,998,826,976,200,584
583,113,613,143,922,142,365,152,607,597,123,276,686,448,973,276,277,32,515,927,94,50,765,595,221,551,742,225,710,961,413,725,890,268,799,154,264,663,687,881,691,854,642,905,687,609,647,452,241,194,767,727,647,694,607,721,384,2,730,274,511,1018,548,922,581,136,581,931,719,264,751,607,155,229,34,236,712,318,908,202,813,282,669,650,306,712,178,377,525,647,85,259,259,883,931,671,273,916,799,852,767,894,817,111,180,83,607,826,21,282,749,857,554,384,226,511,476,46,300,609,517,690,20,632,783,533,701,545,277,511,626,450,720,44,661,215,433,930,146,87,151,603,675,533,31,583,264,660,212,629
322,787,463,694,209,158,156,195,172,702,1019,1012,951,162,720,245,772,558,583,445,497,703,778,931,335,407,209,789,331,895,975,945,208,435,929,172,181,463,212,983,967,721,329,84,741,240,0,796,644,988,694,252,162,463,799,931,269,1012,721,407,1009,208,866,501,784,976,722,58,92,279,703,516,68,814,689,397,791,74,860,70,1014,1014,87,694,397,978,652,171,399,176,492,748,214,172,1020,1009,495,811,495,257,968,574,570,166,974,973,961,1009,94,703,931,989,873,206,632,380,935,1018,500,801,463,493,315,355,700,974,530,678,335,271,45,300,701,232,184,18,110,271,214,161,114,681,207,694,979,480,471,764,460,716
5,643,765,199,504,196,411,242,609,798,448,939,772,353,782,145,145,488,909,425,907,241,224,368,819,254,521,782,909,205,237,176,194,197,798,611,234,942,660,479,450,896,255,653,782,545,127,417,909,693,893,326,161,508,916,751,753,693,1005,345,607,444,939,832,831,651,253,522,585,209,206,671,380,896,110,538,910,685,65,233,637,549,786,652,599,825,398,467,676,753,194,764,360,326,608,656,431,625,387,411,648,242,231,868,374,241,701,816,429,942,241,377,1021,176,278,206,1008,420,81,606,703,890,318,209,828,899,751,186,751,225,884,145,403,483,251,909,893,727,237,718,510,643,441,146,819,270,782,685,1004,643
1006,167,687,216,758,217,996,317,420,996,351,355,750,990,424,140,748,928,866,97,843,368,526,765,364,428,431,156,650,647,802,208,937,0,677,331,186,22,113,100,988,914,181,252,353,988,754,765,131,322,990,60,493,478,189,6,176,364,422,653,421,102,742,365,60,657,700,92,67,523,465,764,159,988,832,409,380,691,1009,892,774,969,798,200,958,254,464,383,897,143,334,340,197,60,657,189,513,989,514,650,657,811,252,973,737,849,879,500,684,761,655,461,381,345,509,283,83,30,508,526,433,465,468,323,689,18,666,197,124,193,550,441,364,572,405,394,451,13,209,65,652,869,500,957,298,65,1009,106,666,980
1002,385,973,869,372,869,85,796,720,805,247,556,896,383,609,464,20,889,900,264,508,383,450,782,383,819,916,403,81,247,30,815,812,679,38,231,829,938,835,941,505,801,140,975,195,1001,811,363,826,182,781,825,928,697,991,753,823,546,872,918,355,245,522,518,543,237,403,1021,444,831,333,863,763,483,721,731,22,785,896,372,845,10,275,842,813,459,572,241,206,319,151,1005,761,117,862,40,761,1023,262,796,359,96,846,44,487,556,613,176,868,828,738,383,401,442,382,1019,679,870,721,620,329,284,877,212,17,566,338,632,912,401,736,396,514,916,631,893,946,72,750,529,829,63,255,726,817,366,206,127,742,907
977,110,277,393,226,980,433,902,508,435,943,303,499,535,877,214,269,624,905,526,761,457,875,961,921,268,469,616,801,781,503,453,500,6,216,1018,703,459,216,645,265,226,770,369,488,500,981,1013,1005,436,152,21,216,949,214,213,515,451,513,431,745,968,369,874,884,906,898,695,671,895,967,418,323,898,631,961,653,466,355,409,473,914,103,435,127,433,341,652,395,267,439,766,375,375,722,976,465,257,409,924,572,40,949,761,967,229,443,582,457,838,917,1011,985,210,788,621,615,522,621,885,365,621,318,968,424,467,623,837,503,434,257,411,874,526,437,532,459,505,47,515,241,255,999,481,776,899,442,1,502,981
711,677,540,108,623,30,866,617,16,63,80,12,299,842,620,842,289,665,599,801,190,848,518,555,484,618,580,911,464,328,191,757,848,688,854,44,496,289,67,626,1,687,175,222,418,760,950,10,588,984,371,945,942,331,479,681,924,907,56,117,783,592,484,16,8,682,513,11,403,611,83,450,117,752,642,249,815,1018,858,106,109,296,608,3,694,847,302,620,11,641,618,259,526,463,424,804,848,350,0,284,649,268,868,947,204,146,655,948,890,12,992,592,343,277,350,622,49,946,16,879,962,992,624,299,753,364,87,576,692,969,753,540,108,299,16,934,1012,619,536,528,331,640,426,673,608,705,425,322,760,540
959,730,605,780,209,287,855,287,732,697,629,544,869,887,671,301,592,606,239,1011,708,461,851,546,874,189,917,186,392,695,276,480,697,673,623,943,206,77,444,913,482,862,842,652,853,431,290,362,708,664,397,178,450,813,679,480,366,692,845,759,563,194,971,628,325,40,680,757,788,609,606,842,161,620,102,692,280,549,933,373,637,701,850,385,901,561,591,939,365,145,77,500,463,245,862,431,813,287,205,591,719,757,405,901,621,210,728,671,687,556,635,359,300,624,239,262,536,821,975,596,883,31,701,779,654,446,690,733,664,672,587,191,245,781,549,405,284,229,703,351,901,556,559,25,692,943,405,594,92,147
620,293,598,995,854,354,290,830,1019,433,112,153,482,242,132,574,629,659,225,106,1003,594,299,731,851,34,15,731,83,722,286,290,963,453,287,100,421,169,912,498,434,623,274,528,746,234,594,585,806,430,786,107,747,507,1023,976,280,262,816,302,568,750,510,653,46,442,813,409,235,82,431,791,545,829,110,494,458,686,450,992,649,347,990,627,685,235,826,421,995,462,875,978,652,747,434,363,294,862,25,532,576,466,827,1013,682,618,209,299,290,262,4,434,286,350,106,592,763,785,543,355,541,602,438,510,833,380,805,31,912,293,863,782,418,491,894,218,816,442,434,363,187,402,491,204,450,80,338,639,408,748
738,697,34,911,287,609,368,562,543,251,412,513,571,928,844,407,170,114,703,389,48,482,415,501,236,297,401,192,321,171,1020,470,423,377,493,428,251,312,30,297,197,508,947,516,407,1013,362,482,657,401,16,767,710,643,927,276,921,246,487,187,396,706,482,629,287,695,1021,732,254,84,561,658,907,199,977,815,473,567,935,231,1016,116,348,71,591,873,177,321,350,609,368,618,670,84,125,517,525,364,363,789,975,606,709,254,381,82,283,600,997,289,483,507,919,71,497,773,901,273,1009,54,146,909,167,634,421,498,407,355,431,757,397,428,642,1001,687,1006,364,694,43,179,183,34,351,124,278,443,365,997,412,638
162,83,52,508,206,159,895,261,583,818,274,71,2,984,243,250,746,227,116,568,760,715,748,974,964,823,615,588,232,962,372,307,251,300,187,221,657,525,146,261,647,244,1023,235,647,1018,893,348,892,376,353,554,130,143,265,381,632,425,207,261,760,709,501,685,705,228,236,865,769,135,760,498,936,513,166,513,829,709,641,954,693,1013,822,644,878,395,43,1013,197,741,1018,765,1009,836,252,226,974,709,219,830,650,143,878,388,37,770,245,964,262,893,983,513,650,662,261,730,780,880,891,513,436,261,757,306,199,504,708,36,581,116,258,709,685,207,756,691,756,278,10,396,430,241,759,983,421,569,219,705,32,513
284,469,448,180,464,357,349,766,285,129,759,502,391,450,696,476,508,463,302,483,476,649,243,860,741,203,711,876,413,544,439,235,281,189,445,463,374,313,726,758,779,676,546,553,606,294,886,329,412,267,501,137,507,317,990,598,542,445,108,33,444,990,139,271,269,788,577,21,368,283,869,688,539,229,788,976,35,42,929,761,368,19,854,144,541,992,523,892,351,367,1016,386,695,758,441,469,496,427,1021,475,502,323,465,918,432,767,481,369,574,413,163,291,228,317,560,872,588,356,260,988,494,210,33,128,747,566,266,503,448,648,882,738,649,851,625,792,773,351,969,765,292,144,327,705,467,353,129,689,388,693
600,66,306,295,670,440,57,462,520,427,890,929,76,57,87,846,876,77,182,359,331,537,431,831,555,153,307,742,316,597,963,770,409,821,779,713,183,704,63,7,791,949,308,514,972,828,404,443,166,271,321,69,471,461,677,529,430,744,257,787,847,755,771,443,204,135,280,912,1008,263,135,828,378,738,732,396,819,135,294,498,380,299,847,858,1023,316,846,463,924,636,299,510,113,129,830,717,513,130,374,283,985,749,871,576,7,847,253,254,319,285,413,71,256,741,12,110,492,144,497,444,832,803,377,521,811,459,910,760,772,953,124,803,483,578,888,870,511,819,248,455,75,60,1014,68,368,335,704,814,306,880
417,157,0,879,686,107,132,977,39,614,983,597,298,616,79,76,881,797,977,654,323,55,183,581,388,359,787,910,354,652,60,156,87,679,183,98,28,830,529,451,87,417,250,169,551,522,618,135,66,815,616,712,1004,116,903,10,974,802,626,633,410,470,540,176,102,801,378,998,312,183,403,898,592,613,126,106,966,598,363,62,598,9,124,567,425,107,694,964,679,420,206,684,902,982,109,109,801,425,421,497,98,103,376,432,61,588,519,72,654,545,603,142,157,935,107,430,370,85,791,654,983,587,627,11,957,617,24,345,86,901,974,595,860,815,866,552,982,971,850,837,634,845,28,126,120,15,978,599,713,346
192,415,386,626,808,723,661,431,0,790,405,691,386,692,312,938,126,853,272,582,1012,737,152,510,946,152,495,165,399,405,692,877,387,581,133,540,596,446,676,101,155,348,454,887,661,578,624,430,941,726,309,84,914,21,101,263,932,122,669,910,741,724,613,886,551,52,152,708,343,674,603,650,587,932,971,755,741,502,598,951,88,508,708,216,604,629,397,106,568,944,107,743,889,618,495,804,236,258,1005,919,741,638,509,567,869,492,436,737,576,309,152,19,583,440,101,573,310,877,399,879,286,726,285,43,803,489,5,716,796,444,688,692,928,708,700,292,199,669,696,662,744,405,643,469,198,373,902,780,669,325
1022,521,298,994,914,1019,227,978,290,128,407,669,402,926,733,626,1020,499,172,460,949,1000,919,500,635,406,919,782,399,275,144,2,525,64,978,132,20,910,147,658,927,715,956,384,128,915,106,10,427,435,670,82,341,962,981,411,712,992,713,386,1013,590,870,71,850,658,834,25,656,1020,923,274,977,669,162,657,1021,656,158,912,1008,730,568,251,158,160,962,105,914,769,177,976,649,815,311,1015,243,576,406,641,1019,189,532,835,177,850,850,848,976,172,992,499,460,530,339,898,123,330,896,105,263,443,223,112,511,889,800,965,923,403,128,177,427,243,130,724,785,978,170,896,565,690,366,885,112,726,497,101,774,914
223,306,417,355,482,611,278,450,279,620,854,612,929,287,458,428,874,378,802,132,787,845,849,780,748,23,162,43,941,697,990,852,482,868,299,476,990,630,775,638,975,250,484,719,775,258,158,116,883,863,675,276,492,806,596,275,521,275,494,739,263,479,879,479,470,212,555,247,289,278,415,775,1020,1015,863,866,202,508,610,235,412,470,1018,634,93,614,116,720,263,1006,64,803,732,272,353,31,492,532,298,943,843,454,207,299,47,283,254,465,825,559,447,741,563,223,465,497,45,593,531,486,673,454,290,286,481,10,683,450,401,660,236,47,515,481,536,142,299,811,586,496,843,854,470,870,927,379,855,370,503,660
260,679,437,758,470,509,100,676,1002,45,292,649,260,1007,472,977,214,345,745,613,814,531,817,264,603,297,630,358,267,923,364,281,988,551,347,702,537,903,998,273,697,643,177,662,479,675,364,666,504,33,732,952,118,745,519,59,815,1012,474,786,406,670,663,611,839,210,151,797,639,806,928,484,702,409,774,980,422,978,11,22,251,527,853,246,797,541,5,275,1004,188,290,717,283,754,649,165,766,1022,328,286,340,727,868,682,54,715,662,48,468,375,675,996,670,679,284,997,853,347,430,1021,509,454,859,285,369,363,667,486,999,781,281,630,923,490,555,550,989,600,410,297,537,82,33,285,484,617,939,247,106,509
1023,192,384,254,900,904,912,402,486,218,683,59,395,317,289,207,926,510,969,310,684,374,799,897,911,306,556,736,486,280,294,938,27,400,388,70,214,156,350,697,160,685,54,642,931,251,377,172,662,450,504,45,98,54,160,485,348,661,552,306,613,1001,859,219,400,272,603,884,570,801,987,982,728,896,651,118,474,726,220,715,228,292,506,857,59,962,142,165,552,687,177,676,819,964,938,482,286,808,859,143,939,723,835,641,781,709,728,363,318,73,939,595,222,1018,475,77,915,354,769,135,31,403,941,704,708,969,989,185,65,276,921,338,413,934,604,113,542,780,638,226,287,956,638,490,316,126,986,115,597,222
659,540,602,144,967,621,768,244,588,293,126,482,1013,242,733,674,678,166,291,668,588,160,480,674,24,160,519,642,605,647,198,773,125,616,903,188,624,311,303,239,797,338,668,722,324,872,527,673,811,17,469,638,144,12,931,573,59,14,1010,52,835,674,890,473,853,257,707,975,129,861,672,829,712,892,800,942,252,624,181,637,614,259,786,988,225,329,50,161,700,885,258,206,541,12,59,540,612,7,129,159,631,245,141,162,125,311,466,181,891,775,450,289,624,12,16,64,322,308,628,8,129,418,89,177,884,28,923,55,909,193,728,538,668,588,785,157,915,899,45,995,464,333,963,859,325,540,477,968,24,317
356,36,87,1015,727,510,200,1012,535,356,406,420,500,648,1021,685,555,104,879,165,411,143,360,536,872,861,111,261,518,280,205,542,30,312,508,762,613,666,80,193,812,504,739,824,675,621,737,857,938,725,148,876,404,540,11,722,899,95,496,542,54,599,411,86,173,505,868,871,648,663,11,767,568,11,570,346,26,90,868,905,171,1005,541,776,981,296,140,420,390,792,341,1002,484,536,134,788,345,294,705,868,497,55,360,816,100,108,852,357,256,44,437,616,263,249,957,367,557,852,612,222,355,85,918,343,854,267,135,613,111,562,334,175,661,884,788,344,1012,675,286,535,871,88,269,616,877,656,725,181,595,192
755,39,199,482,69,59,286,441,339,804,478,227,169,777,526,83,789,609,396,515,235,266,459,745,629,265,244,741,713,12,31,259,627,559,650,585,174,816,397,132,68,900,675,782,823,233,639,309,59,744,169,171,7,950,719,650,642,691,531,201,2,169,363,829,317,834,267,167,871,93,543,262,397,57,620,776,15,568,207,290,827,531,787,390,470,435,304,318,991,467,1005,847,559,956,414,97,657,322,201,117,339,266,980,394,821,593,523,520,290,5,309,617,855,267,304,680,417,397,635,319,246,899,442,778,524,654,971,778,841,42,629,514,204,1002,572,971,620,746,524,871,567,87,543,565,228,222,195,304,116,619
194,143,968,551,894,178,109,305,368,514,632,91,213,813,620,436,881,589,394,990,144,812,837,151,303,973,560,67,861,277,925,661,158,990,268,870,674,309,425,981,327,380,484,2,866,256,321,805,105,461,929,373,344,887,221,939,833,351,555,165,562,212,766,402,628,639,439,687,388,344,1004,792,110,359,802,368,316,427,812,51,828,1015,427,164,942,661,1023,144,621,869,494,480,1015,388,316,308,128,674,589,371,734,154,2,382,834,653,738,431,358,64,1000,699,191,657,332,461,353,284,300,500,268,942,896,428,494,1007,450,488,587,942,428,610,302,593,368,851,6,465,868,566,145,178,746,2,649,836,533,316,773,617
890,580,609,420,570,454,725,823,643,290,167,770,853,507,997,1011,233,187,993,56,585,295,485,757,619,993,857,713,295,681,698,662,26,24,763,606,217,592,853,479,237,295,537,730,359,347,713,423,744,372,898,838,353,721,11,713,54,585,174,148,885,498,470,800,881,128,714,441,805,725,891,49,189,295,782,617,279,713,656,895,681,725,718,194,579,526,34,164,359,226,995,391,542,232,536,327,632,160,1001,725,244,485,714,795,539,969,255,385,715,756,490,330,152,199,973,609,587,1013,255,7,847,671,971,295,402,305,725,143,485,405,749,737,147,31,656,413,921,749,27,817,762,729,344,761,74,617,777,729,633,403
860,860,942,4,203,854,165,982,951,176,987,474,60,721,598,201,962,157,848,844,952,543,50,620,385,208,108,50,497,40,550,362,172,862,30,42,152,243,552,838,145,38,188,975,848,731,666,402,1,173,201,885,506,860,860,208,297,6,597,686,169,24,173,911,734,816,97,575,929,723,214,544,11,31,808,101,875,730,159,450,223,744,161,971,838,422,256,472,44,337,720,165,681,560,947,690,788,377,864,731,90,761,765,555,346,418,229,686,403,486,72,98,173,187,274,235,422,1010,898,663,214,233,81,239,975,722,834,424,450,723,231,673,550,203,567,724,746,598,718,367,203,413,422,657,632,942,802,726,451,812
120,598,686,554,390,662,455,107,727,699,864,130,672,529,577,116,912,850,725,905,308,215,745,699,398,919,494,852,1018,919,739,855,379,226,140,91,961,911,33,923,640,429,785,903,821,820,456,1014,794,919,625,282,75,541,7,66,960,42,148,988,304,150,814,859,730,112,302,113,966,654,661,119,699,910,372,818,26,493,134,943,234,541,145,824,365,826,120,398,855,51,608,682,214,98,971,232,980,603,234,888,936,618,416,738,892,877,623,483,582,73,65,1001,980,544,850,642,667,343,839,696,748,296,746,12,981,541,867,891,286,122,610,628,458,429,374,626,983,134,919,858,235,866,169,322,465,116,863,859,426,348
657,125,254,672,293,569,376,242,252,179,43,1023,120,815,901,13,156,1019,331,541,379,401,818,612,378,640,844,917,974,521,734,189,451,1016,205,400,174,797,773,187,891,170,915,30,512,169,642,716,681,672,979,725,315,339,118,289,282,30,641,61,678,339,598,131,62,705,290,173,897,429,188,111,255,382,79,647,670,359,958,769,388,787,990,719,755,913,893,956,660,1007,751,377,131,906,166,254,131,718,664,324,896,939,598,403,256,44,158,554,676,720,1003,256,760,638,45,183,295,181,333,111,259,705,381,61,377,904,126,50,897,543,148,447,1003,603,804,3,671,174,843,519,815,754,227,561,254,127,107,885,237,722
272,214,861,374,438,309,158,954,554,117,154,218,331,821,310,666,503,399,35,390,310,288,364,1008,280,278,501,219,232,490,807,506,238,68,420,154,60,857,578,428,310,937,484,153,466,699,190,667,539,115,669,697,166,679,987,145,730,722,503,804,552,682,969,618,1001,314,412,715,211,649,918,475,458,138,20,42,157,245,577,472,56,913,274,36,413,970,716,659,474,282,394,979,449,521,139,519,56,26,419,144,726,466,190,120,299,960,693,701,235,199,544,52,286,294,34,454,668,835,500,36,731,225,257,283,417,666,211,303,985,327,966,394,69,1013,83,961,603,86,550,614,581,246,861,497,41,246,243,474,486,592
90,57,74,730,638,978,709,508,86,957,58,737,892,940,739,271,908,298,275,179,627,15,638,696,298,312,578,270,76,384,921,737,990,588,145,1009,240,284,590,845,725,599,758,363,590,837,65,590,186,984,750,59,661,599,173,699,957,965,735,626,335,277,946,98,438,626,285,287,950,638,78,280,695,578,630,1021,648,589,569,58,178,690,432,563,458,186,322,23,126,87,50,690,730,182,65,130,498,186,941,135,372,658,749,466,108,31,705,957,58,65,349,616,67,938,376,590,730,90,558,615,836,142,173,688,333,273,868,864,846,69,806,941,209,90,946,253,374,286,942,292,317,636,334,727,632,773,298,110,582,389
43,552,824,797,782,814,206,115,78,434,683,958,469,159,548,723,850,90,353,607,618,807,197,545,351,390,87,121,728,409,143,114,402,480,749,808,400,743,771,761,290,326,827,153,688,881,702,646,417,171,721,733,686,265,548,90,168,188,425,910,767,924,730,790,660,739,672,483,69,825,439,553,86,745,413,734,672,686,402,1010,296,109,765,656,936,347,465,569,953,877,504,789,654,909,1003,760,739,814,832,614,422,914,624,907,1010,217,506,802,50,857,395,257,627,919,853,202,449,610,85,465,968,202,120,866,600,244,360,702,608,659,702,850,610,87,558,233,744,15,226,892,409,84,990,966,857,429,446,111,281,677
14,466,985,657,675,619,475,874,116,942,905,196,140,55,563,969,486,44,825,583,217,715,411,841,661,558,423,94,456,587,958,210,711,290,614,597,102,209,923,978,891,290,675,302,464,252,575,708,611,846,910,44,1010,110,599,117,130,329,661,510,842,953,418,100,808,173,109,678,753,883,727,979,464,107,715,577,118,177,1009,701,336,510,386,785,454,732,196,472,180,857,78,14,329,209,286,107,580,596,599,98,739,86,620,107,107,246,62,74,336,274,352,793,400,702,550,494,580,275,587,718,48,510,955,880,625,866,857,48,785,1015,670,974,725,69,70,277,160,814,237,203,31,904,969,100,88,41,219,370,569,655
683,635,1010,897,959,48,923,314,484,282,887,88,815,994,558,794,807,654,1011,924,829,202,268,40,807,93,827,983,123,342,458,320,827,123,776,85,26,951,52,818,580,196,21,763,887,311,752,951,787,774,210,779,202,938,222,269,92,304,772,316,716,72,408,823,777,39,297,457,525,523,61,829,862,196,923,699,983,905,829,290,58,795,282,23,106,571,198,246,306,540,762,210,893,745,868,523,327,561,111,7,951,742,460,119,713,821,631,41,96,791,140,295,561,684,79,151,67,784,71,479,811,935,537,342,691,107,867,138,612,182,539,822,539,907,732,871,56,927,872,561,399,759,598,992,799,901,93,167,213,770
44,29,219,866,573,610,955,316,367,212,172,348,685,21,601,60,545,359,498,423,112,65,306,64,212,332,865,12,695,976,545,733,812,294,774,1,450,237,877,317,92,659,195,850,548,92,733,318,99,380,76,829,4,574,983,287,925,177,371,607,725,60,510,1005,712,897,425,804,236,19,325,1018,1001,175,940,653,488,92,356,426,93,1005,350,76,497,209,205,57,82,322,199,862,169,449,42,359,211,645,185,186,76,711,55,496,909,454,172,512,146,300,1019,802,379,850,676,714,829,321,221,33,344,54,496,778,210,532,1017,54,512,483,274,82,725,435,351,324,902,505,418,204,194,671,294,812,517,859,140,249,276,548
871,362,59,628,376,363,104,218,810,917,999,630,19,910,483,877,804,520,385,211,656,553,47,1022,308,259,800,722,794,903,219,852,808,519,212,842,552,389,231,154,619,806,995,351,647,508,88,631,522,853,861,349,355,128,675,35,1003,837,786,306,941,594,272,131,359,129,325,8,479,750,35,402,191,68,223,421,338,603,653,553,704,35,233,7,508,552,723,838,734,327,877,552,339,199,447,20,854,584,839,205,602,242,522,46,986,416,336,734,588,38,40,582,556,19,7,351,861,410,530,595,276,787,611,807,440,455,1,734,346,175,523,814,930,586,33,267,659,987,19,346,862,27,699,640,768,590,191,730,154,866
101,131,86,312,562,168,958,313,646,652,43,23,577,755,312,334,641,592,403,648,167,490,287,62,391,307,953,414,768,997,352,733,183,895,677,907,621,500,118,306,767,440,169,427,599,185,888,457,443,883,995,1005,926,543,797,350,408,555,729,423,3,171,383,675,267,338,397,854,759,274,925,643,116,711,960,49,705,428,183,344,98,31,595,28,692,883,440,126,609,659,569,969,358,159,203,352,867,140,663,436,685,211,109,524,601,285,280,563,106,50,1010,596,753,435,536,106,683,1020,953,43,766,314,912,102,115,534,293,839,211,284,88,224,879,703,165,987,184,681,35,491,614,652,319,592,75,925,29,743,992,453
537,965,565,855,720,930,975,545,350,647,7,905,135,22,809,398,963,791,48,285,947,837,352,152,799,830,990,122,569,14,796,24,594,733,283,714,861,576,129,814,313,811,966,702,14,1022,188,676,1001,978,727,375,888,688,742,21,368,144,62,890,940,738,967,274,387,503,576,680,760,962,235,891,392,969,176,825,55,123,194,330,331,214,718,893,627,719,230,452,823,325,622,742,971,335,949,870,845,709,706,144,979,178,332,752,692,309,935,956,883,321,990,125,809,569,397,14,183,690,604,423,56,727,251,968,935,239,510,624,243,985,975,870,916,343,750,417,453,422,212,265,638,315,839,632,73,686,181,581,944,581
697,344,622,314,645,558,904,814,437,859,445,91,482,185,225,410,483,894,321,266,476,178,11,16,358,81,372,70,839,753,477,84,443,871,319,791,368,521,412,615,74,728,582,379,452,569,86,91,604,905,446,510,908,262,724,320,601,586,296,788,166,600,104,457,704,865,139,957,586,337,774,63,918,585,684,883,612,443,858,420,256,524,263,430,762,123,596,763,440,360,253,91,619,582,900,330,260,226,406,759,450,924,984,479,639,578,229,129,322,313,890,888,247,669,956,344,225,887,582,122,575,899,724,534,384,354,299,635,443,604,643,385,66,1012,391,790,256,202,523,843,247,240,800,843,750,313,581,779,442,810
288,946,666,559,609,231,124,515,841,494,84,339,311,398,558,512,737,480,514,227,480,869,497,735,944,349,992,655,749,522,532,482,912,320,377,661,643,528,547,795,443,862,320,686,866,19,71,317,533,177,432,102,610,99,390,497,452,813,856,809,707,623,982,115,992,959,334,938,365,801,593,763,289,557,669,531,336,524,128,792,305,518,614,146,624,329,562,709,99,281,174,253,512,334,614,734,91,167,514,996,604,1016,679,706,118,986,345,755,545,526,623,995,337,273,524,23,725,562,665,983,325,467,531,526,681,614,115,638,794,995,839,549,509,512,675,991,983,9,753,167,897,288,467,480,295,638,731,99,1022,418
932,532,211,818,545,1003,80,943,348,558,706,749,660,564,285,484,630,951,969,733,516,739,643,980,830,407,266,633,147,68,787,659,600,728,377,979,142,937,486,385,535,754,486,185,352,556,125,795,100,89,161,991,401,619,607,559,724,953,570,777,257,673,322,78,599,40,627,86,673,535,123,279,791,969,544,521,815,1004,806,729,723,211,557,995,145,281,669,36,869,976,764,756,182,553,1000,20,813,89,552,883,811,619,309,535,431,596,194,714,549,548,646,384,239,633,634,610,702,421,86,532,812,548,389,535,415,65,73,825,999,109,556,201,17,120,818,197,463,277,667,415,120,556,586,878,439,946,13,836,638,184
960,896,610,804,653,166,393,303,850,513,59,837,709,679,192,641,888,517,825,136,669,665,713,704,390,993,198,73,390,390,621,805,888,96,911,1015,172,438,463,678,126,303,413,263,245,935,391,31,1,343,133,208,91,652,422,760,924,519,150,240,633,224,285,611,714,1007,421,44,1010,538,132,797,471,1010,735,936,647,609,64,109,445,32,647,863,396,118,928,2,695,121,432,387,465,924,393,340,104,953,334,606,889,399,695,162,399,143,701,388,444,931,1020,704,59,546,580,470,723,924,71,357,407,432,320,240,612,540,670,73,215,892,935,704,184,836,860,803,976,694,428,64,621,124,23,419,444,598,156,964,837,940
321,592,305,686,733,322,297,725,152,295,782,281,450,613,336,29,179,883,467,808,459,770,548,132,754,786,609,778,835,336,278,391,608,106,526,581,770,143,848,466,392,8,716,520,783,417,323,150,290,595,96,489,541,349,715,729,485,886,417,300,595,618,390,875,683,620,637,765,680,15,296,556,432,272,321,238,400,384,972,578,775,463,848,395,408,69,832,808,297,622,812,387,629,777,317,400,313,813,511,830,781,832,652,864,602,652,666,815,263,88,284,460,785,178,670,172,480,412,580,1014,799,675,111,511,322,694,141,217,147,565,271,404,441,842,305,678,401,682,322,716,463,618,922,351,785,812,322,603,925,910
354,760,619,435,952,368,233,285,121,921,115,333,494,934,244,333,125,733,436,9,925,233,113,73,673,93,187,720,856,627,89,483,553,600,99,70,691,883,39,116,84,876,426,159,846,895,387,755,412,307,912,159,1023,715,376,33,856,708,940,59,338,340,624,281,846,285,1008,281,394,692,115,372,785,632,915,427,144,905,79,408,116,335,246,1,507,349,419,81,419,87,800,166,871,784,512,266,120,269,581,104,6,244,507,727,222,340,318,958,388,183,163,9,384,413,1016,163,883,909,428,1005,369,440,115,643,172,14,640,938,447,937,413,217,428,485,856,886,277,475,214,269,736,888,827,271,344,70,348,602,618,827
346,672,590,508,563,588,615,618,181,650,362,667,777,552,143,85,146,945,292,687,329,356,461,300,390,943,378,803,838,164,612,557,333,333,723,936,357,602,379,904,464,367,85,86,948,384,909,624,600,294,658,77,62,479,169,577,139,380,949,512,618,460,151,321,410,439,14,911,301,117,279,803,116,914,658,245,146,781,828,809,331,359,896,391,76,401,606,658,250,295,580,618,886,682,914,1016,172,912,145,589,51,479,573,615,804,478,441,775,406,5,45,947,699,237,1005,753,809,683,826,576,347,770,268,624,397,328,45,414,840,287,803,243,363,367,591,332,83,477,367,195,800,944,181,752,207,186,728,866,474,431
472,135,89,473,930,235,616,972,513,956,150,519,435,2,939,525,217,437,487,955,410,577,738,229,738,641,491,761,479,551,390,194,132,47,690,457,527,590,492,66,882,686,1013,88,600,493,427,506,417,661,753,985,489,485,445,749,514,293,475,923,786,435,463,503,209,34,131,737,358,490,88,836,868,616,476,390,754,38,469,411,846,870,632,244,890,762,132,981,647,843,131,923,553,486,919,50,948,452,489,25,185,386,250,673,485,223,923,799,173,178,405,489,390,947,923,868,536,471,226,121,267,410,847,970,838,739,1007,472,901,253,776,957,795,35,613,375,643,778,342,358,477,788,793,551,1018,923,111,462,494,904
32,794,1001,153,131,856,10,214,723,843,837,93,496,10,543,756,947,62,671,830,304,538,652,723,356,108,232,475,208,999,502,790,1001,1006,13,707,983,665,1022,199,121,587,3,353,798,660,707,668,19,815,493,12,513,319,988,784,786,825,264,950,770,56,796,558,769,843,456,348,22,774,992,58,60,20,168,405,649,733,222,348,1022,219,662,250,662,414,1022,169,790,895,751,846,224,591,837,652,543,716,574,302,752,753,164,589,324,790,85,623,56,264,288,992,771,193,17,950,840,979,305,416,208,790,963,429,935,382,249,216,253,795,742,836,861,667,370,224,613,157,45,58,472,221,413,772,298,448,239,417,462,75
151,452,376,918,823,696,697,823,277,730,559,199,676,727,968,453,594,343,735,653,846,197,758,903,845,580,727,648,192,913,663,869,616,731,713,890,694,328,479,182,871,341,515,629,758,557,74,328,731,56,1013,525,637,681,311,702,268,559,968,836,551,181,758,403,845,568,692,70,836,622,689,833,107,616,600,922,1014,168,726,56,199,853,301,584,322,678,554,181,592,841,923,576,779,565,450,910,567,470,184,824,1014,694,712,207,432,13,655,937,842,198,42,554,649,563,164,482,752,58,509,603,486,578,546,728,77,217,75,635,372,448,627,576,724,159,437,218,229,816,10,579,904,198,726,74,829,732,606,70,580,566
152,533,901,628,372,931,38,287,828,304,115,33,496,256,88,164,129,453,498,926,251,363,102,266,115,65,395,437,408,805,391,592,975,367,530,500,953,88,456,505,731,840,828,1002,143,127,874,531,394,55,808,75,757,953,959,505,394,117,356,443,994,713,121,627,357,347,121,500,985,782,508,447,222,934,498,155,901,446,609,65,64,889,286,255,1014,531,25,841,960,443,1023,112,581,452,998,380,410,709,911,402,368,496,641,441,421,500,563,511,197,385,129,455,76,409,921,236,334,275,117,52,420,160,76,931,408,107,91,251,0,442,921,475,113,206,961,58,911,121,419,508,37,1019,500,330,542,71,128,251,102,156
541,788,829,338,979,67,275,602,131,823,466,964,308,107,784,109,569,337,376,460,1007,252,1011,674,784,788,529,993,389,372,30,933,52,494,632,800,544,447,925,78,820,735,3,812,177,605,200,360,746,165,1012,773,496,439,750,42,599,621,404,796,911,677,864,866,357,670,200,769,18,536,28,403,792,655,68,28,202,465,288,804,344,375,528,116,792,671,159,947,784,45,797,623,28,329,280,725,108,125,604,116,467,362,784,329,656,1,909,766,35,210,646,599,776,878,24,580,68,344,882,3,544,597,361,229,120,225,597,532,220,1011,80,21,95,468,110,202,259,547,831,278,828,312,538,532,735,563,204,528,45,657
493,602,668,333,154,1,154,778,464,312,740,983,288,154,974,155,70,312,716,749,925,269,864,516,446,920,349,575,544,850,384,288,550,374,377,934,266,964,998,208,762,397,736,960,212,141,748,890,550,384,884,10,103,518,30,92,750,548,224,339,107,794,815,530,754,705,559,551,990,154,779,973,469,39,293,814,228,808,868,209,1010,444,332,853,15,713,653,806,733,612,976,183,754,824,48,1003,66,646,988,376,805,80,859,59,3,429,679,582,882,520,798,39,931,669,518,242,508,61,292,242,568,981,505,99,467,861,469,10,167,996,518,457,1010,763,102,304,192,852,815,728,162,358,530,620,955,851,152,546,76,966
559,153,252,705,931,967,740,314,397,471,292,576,617,279,731,228,100,547,317,46,167,698,515,411,224,430,218,489,122,787,867,308,545,605,774,483,34,756,98,277,122,55,228,559,223,77,45,541,118,58,599,875,220,300,208,973,697,124,332,867,40,749,631,246,715,302,181,56,6,658,729,160,760,735,284,713,426,985,122,517,547,791,50,982,964,580,547,220,551,773,617,739,155,955,567,547,559,559,979,17,928,555,121,520,76,559,907,95,879,221,737,292,828,740,90,763,242,957,231,38,354,1011,548,925,636,709,305,972,568,561,35,63,712,481,392,985,286,540,270,401,228,879,157,80,736,605,412,249,32,39
788,813,638,877,255,300,405,305,252,622,882,373,827,352,77,338,324,306,384,620,165,816,331,807,968,373,318,405,974,16,260,395,199,602,247,929,961,453,729,817,480,552,718,221,794,462,373,252,116,201,184,882,559,438,381,273,372,746,603,709,369,393,584,404,543,812,552,321,169,968,52,756,837,344,114,1012,377,885,262,73,1015,259,534,502,164,80,311,496,467,870,713,901,453,525,631,801,780,192,810,810,350,1020,190,624,872,121,905,750,202,375,784,514,135,343,693,146,338,360,561,387,139,153,519,400,88,565,430,561,870,562,736,559,151,778,969,576,314,817,224,159,822,970,100,173,809,774,530,298,159,132
78,58,608,140,905,191,627,574,501,187,258,793,811,176,281,372,476,901,847,204,448,759,820,924,245,204,992,610,639,611,910,140,322,73,458,142,852,686,133,230,896,886,715,563,101,495,592,351,819,686,24,816,141,55,140,833,308,204,365,453,812,650,129,740,612,102,244,147,220,685,64,426,141,915,89,497,349,51,281,55,607,647,694,73,873,374,908,705,467,523,830,819,175,302,273,222,993,193,204,849,624,715,316,965,802,885,123,140,441,718,76,974,293,165,932,193,449,816,563,947,309,753,884,331,905,847,334,256,707,969,501,640,317,805,64,637,207,675,302,985,179,281,951,605,801,143,601,704,463,245
666,106,618,823,511,428,315,475,101,40,971,666,507,248,530,644,142,74,337,101,39,282,363,22,500,162,295,315,148,925,188,49,323,74,183,182,57,72,586,394,122,433,666,838,869,229,838,167,70,496,971,164,203,154,386,561,908,501,483,191,645,654,618,374,834,283,274,501,315,698,586,985,779,517,487,107,826,521,229,858,408,521,584,85,27,783,62,778,581,510,527,299,112,57,630,665,500,702,203,229,869,560,169,222,1012,668,890,870,776,101,360,2,218,25,335,676,850,317,884,127,70,283,718,642,538,511,885,590,921,503,885,36,874,501,842,74,921,20,425,98,729,956,842,810,223,679,240,314,966,99
746,466,460,741,407,537,402,343,886,864,473,419,359,486,850,504,95,102,330,502,217,849,347,863,749,850,86,73,921,402,244,968,143,460,694,114,537,655,977,344,408,959,91,557,162,152,188,689,77,553,315,823,659,651,680,200,408,651,181,142,761,552,839,390,421,865,875,993,780,905,593,850,719,735,808,523,665,716,719,37,906,90,914,76,175,737,93,912,743,950,673,940,947,385,675,472,137,333,157,402,425,202,944,813,757,794,412,820,388,488,865,1008,894,599,751,241,521,611,400,572,648,593,915,117,691,595,71,155,775,678,664,1013,501,322,1022,426,893,714,969,595,919,993,388,969,493,93,856,599,722,915
495,343,348,587,748,870,0,903,479,978,465,819,26,475,875,330,975,348,609,26,539,2,501,607,643,26,630,289,326,487,882,488,939,262,1022,649,589,26,99,501,952,587,263,126,21,714,689,485,940,104,31,829,983,501,650,529,478,994,392,969,679,249,383,417,693,683,93,470,295,330,667,25,554,669,798,377,571,541,487,689,981,994,273,1023,312,1018,485,489,250,900,260,272,15,487,487,492,798,939,487,295,811,64,478,521,286,377,243,666,464,979,8,412,581,270,901,507,1019,273,862,251,476,746,495,1016,995,7,465,8,482,295,1021,653,1018,34,278,639,741,852,330,285,976,736,762,568,502,340,295,990,657,992
459,772,388,919,330,351,83,274,63,235,589,67,633,429,93,438,439,60,88,498,964,57,828,666,966,664,333,1016,1016,521,964,410,756,438,219,869,73,704,791,245,402,56,381,728,55,55,354,647,737,386,121,824,951,1019,843,672,336,978,121,567,1011,571,1010,103,301,674,1004,445,38,907,101,934,677,278,618,569,813,56,525,406,507,649,905,246,987,968,649,103,335,245,116,312,383,53,645,691,15,799,674,446,28,120,938,659,760,466,774,675,977,903,1,571,301,53,911,581,979,870,519,651,235,55,274,358,249,11,639,854,880,907,787,440,724,683,668,683,987,616,516,47,114,53,678,356,402,571,1021,53,14,652
643,618,389,467,447,452,996,597,917,240,341,810,841,199,1007,2,607,499,655,934,801,250,818,116,459,724,278,543,596,946,722,206,269,195,554,333,211,645,14,781,668,172,815,755,31,801,428,292,180,63,10,337,149,81,593,518,790,717,863,621,246,234,848,823,467,858,16,159,593,461,598,287,691,826,784,236,387,463,533,827,301,607,349,643,452,715,844,883,755,838,975,677,49,589,704,335,306,21,29,149,604,984,843,646,489,285,216,198,756,213,730,9,787,540,593,493,15,593,92,989,370,726,21,921,870,922,815,819,461,171,161,619,980,321,278,40,853,704,449,193,17,425,290,301,349,307,745,592,1014,131
605,518,199,178,320,908,889,878,828,405,973,351,549,828,34,671,396,209,831,1022,71,516,182,406,413,716,975,829,965,516,194,398,986,870,1011,204,970,744,22,77,772,402,535,718,960,110,839,990,1006,784,124,138,482,1015,878,327,967,288,791,223,758,252,549,732,199,535,223,216,270,691,1005,983,778,754,551,22,71,193,114,97,801,732,893,869,820,814,541,520,713,382,879,55,965,970,1021,424,263,717,92,398,1000,567,713,996,967,794,22,833,394,190,401,780,199,718,573,817,188,255,456,182,203,591,1021,875,480,202,893,819,999,735,210,427,895,1006,915,30,556,614,159,519,828,540,30,239,64,632,471,92,19,541
17,899,250,285,569,828,277,1020,994,151,349,90,573,277,168,925,1007,976,448,473,201,138,773,339,327,907,323,288,647,598,241,130,1021,949,455,829,348,289,782,888,329,892,931,284,776,573,737,842,519,521,786,383,660,973,657,989,781,156,10,150,528,144,18,598,812,999,212,287,931,772,968,684,376,232,834,785,942,780,959,288,921,572,797,828,0,581,892,330,24,826,908,627,610,597,277,472,367,352,362,859,3,788,1006,867,1018,888,376,476,49,994,86,738,769,253,866,793,351,1003,611,796,830,303,381,115,1017,643,96,576,135,369,797,268,877,858,893,56,927,197,380,20,173,586,898,778,1016,573,85,971,888,905
444,117,32,546,391,334,566,720,843,80,95,432,33,215,556,5,687,691,614,829,463,732,547,205,900,462,278,437,817,197,133,542,814,974,847,448,412,190,466,21,815,202,574,703,948,597,326,23,40,622,66,460,554,830,33,36,277,237,558,720,142,512,606,61,802,730,909,788,108,51,1010,567,29,730,596,588,2,748,944,79,554,32,923,812,1003,832,119,191,788,236,265,105,754,1011,793,842,638,33,237,61,190,705,23,240,938,350,788,714,526,241,175,427,179,61,331,756,554,718,25,512,402,22,803,203,33,4,207,851,448,562,750,291,116,459,46,720,261,41,708,217,782,13,843,782,530,33,11,60,228,804
919,543,882,750,639,559,908,93,849,611,877,201,387,100,63,804,2,212,233,22,281,915,574,729,956,77,63,166,708,59,84,780,926,99,385,173,432,804,722,413,26,388,605,89,988,405,239,292,926,50,635,221,55,990,417,196,609,732,934,898,843,33,175,963,624,77,730,81,78,642,90,191,247,439,253,16,956,302,850,714,509,869,688,388,624,662,395,663,575,211,83,507,806,109,926,67,239,127,567,658,737,406,100,550,177,748,687,942,277,769,220,53,127,637,931,891,186,638,66,361,326,956,575,429,148,18,82,221,275,1020,250,182,837,144,292,941,128,285,724,44,193,728,33,358,678,239,416,150,824,512
278,568,310,883,309,249,233,720,978,233,588,891,992,901,309,808,107,753,874,616,40,246,390,905,639,919,44,53,487,275,858,1006,423,852,531,1007,535,922,982,42,815,62,77,283,81,148,427,260,84,730,764,206,305,273,771,763,788,578,244,683,730,726,267,593,836,25,825,305,436,425,115,842,152,107,681,56,278,818,53,393,928,107,148,815,904,744,65,428,549,844,723,400,866,959,23,844,437,465,217,584,343,129,465,91,616,375,847,165,937,531,80,572,267,782,6,673,476,648,285,907,632,116,295,811,46,773,812,256,962,705,743,584,847,496,757,715,938,844,933,860,181,572,73,49,939,361,289,105,62,11
592,717,577,555,633,450,246,926,598,390,713,378,654,630,973,563,760,428,116,861,1011,844,375,667,786,674,694,264,780,940,713,858,858,470,684,658,246,665,307,8,323,967,444,612,24,1021,870,1023,899,680,704,502,863,895,137,703,856,442,819,778,771,833,439,38,751,629,333,686,799,42,299,692,698,1015,363,239,74,698,298,698,836,955,42,346,721,655,722,614,558,742,433,356,42,422,835,583,518,525,465,639,694,220,766,658,680,625,557,92,646,474,630,943,838,678,940,120,962,442,656,660,593,428,557,438,749,361,656,729,210,943,428,811,515,656,249,410,32,426,969,940,878,653,36,656,724,578,889,656,838,437
508,273,679,532,71,679,807,134,650,82,477,900,194,83,233,936,612,920,505,630,612,955,582,116,425,748,470,639,253,219,278,27,678,492,663,404,232,216,209,913,955,1015,672,982,129,891,142,709,308,186,616,318,472,900,555,483,25,226,253,1009,967,997,926,140,492,934,103,569,265,872,232,507,502,695,481,310,1011,160,486,612,940,273,950,596,806,524,204,901,494,989,663,123,312,358,230,113,366,230,645,131,504,251,283,425,686,305,220,218,433,646,393,967,615,217,154,571,44,421,410,251,118,324,667,492,966,458,924,958,827,679,536,1001,860,942,129,1011,363,90,376,740,173,429,552,736,224,23,475,508,251,133
445,989,220,412,751,731,645,289,381,305,358,922,477,943,1022,272,59,661,286,101,345,476,919,922,1022,122,556,429,442,481,989,407,421,752,271,528,455,106,1008,924,903,993,412,80,759,670,674,817,412,305,489,989,649,414,1005,418,111,757,911,375,401,658,687,314,364,895,275,414,417,861,282,12,414,672,421,865,1002,346,640,912,357,221,741,915,503,428,196,293,921,226,415,949,503,603,996,199,45,419,235,73,379,909,349,272,914,269,544,348,95,511,455,286,485,1003,572,385,998,397,927,420,30,406,112,433,711,545,817,314,449,91,725,5,449,396,1008,533,340,600,111,555,437,106,743,797,776,591,907,751,346,410
830,79,211,724,192,251,283,831,221,245,63,38,1021,986,487,500,945,6,560,946,471,826,185,1013,207,138,670,855,214,68,182,1023,790,453,663,330,271,46,426,459,606,584,50,559,782,286,559,116,859,246,117,629,98,456,977,661,865,63,902,500,96,57,606,187,82,6,811,664,772,958,452,773,274,540,52,244,908,461,308,791,59,35,15,600,149,199,619,84,871,413,790,869,988,453,452,793,434,648,865,627,464,8,757,984,182,724,739,57,854,628,494,244,748,816,453,702,110,198,816,414,932,36,932,199,689,97,950,328,23,149,271,201,439,368,789,23,167,318,201,440,276,810,178,545,452,116,118,546,39,456
928,69,648,1022,249,183,749,630,67,616,949,911,462,958,136,894,483,893,688,142,352,478,368,840,1012,403,927,697,932,526,952,453,100,992,342,586,771,782,607,880,317,220,581,377,401,507,463,501,213,912,574,303,401,101,964,152,823,713,729,531,212,688,913,100,744,403,407,494,923,923,825,232,420,185,730,107,539,75,845,567,805,681,676,633,55,195,78,620,405,520,444,676,104,912,744,75,103,619,822,788,495,1010,904,648,691,595,115,960,1019,291,688,302,488,503,184,912,584,1018,253,940,444,688,429,492,354,710,656,182,610,472,1012,38,870,422,948,403,942,894,75,557,629,708,864,277,19,478,613,455,754,111
922,759,505,1008,447,76,760,700,100,442,922,234,833,659,636,137,763,167,625,884,447,111,766,952,490,243,972,904,833,835,795,438,26,934,850,920,836,176,229,157,68,926,158,674,781,670,766,634,932,631,686,108,904,100,696,834,646,792,103,671,926,68,248,822,635,635,835,69,867,442,824,695,240,464,965,414,385,678,776,223,939,616,238,985,149,764,925,433,637,925,996,292,626,156,782,394,926,102,586,403,406,412,739,585,595,480,1002,845,833,510,595,1002,897,592,66,585,670,460,891,434,926,766,414,869,803,641,1011,671,292,896,597,487,740,464,940,771,934,604,229,700,93,1009,212,302,770,547,624,329,630,952
420,248,15,936,210,97,947,264,716,944,696,569,931,996,866,181,172,179,681,297,108,51,126,448,448,666,984,864,9,693,886,238,235,472,68,100,967,947,619,235,863,219,476,932,968,170,52,932,340,253,929,934,967,33,601,247,6,230,184,734,256,465,983,991,100,686,969,601,292,675,807,143,504,217,64,36,895,731,954,467,439,56,791,932,372,1005,615,723,158,434,49,152,497,153,222,149,76,210,39,305,78,684,288,302,192,902,131,557,791,454,56,980,312,352,152,52,298,951,171,939,232,23,814,248,96,604,775,947,178,823,211,803,153,936,128,198,10,371,718,726,667,738,681,856,345,212,358,240,899,584
128,124,179,368,332,298,712,641,525,835,436,367,525,675,70,274,162,638,458,71,186,776,127,259,126,264,371,59,685,465,634,36,790,407,551,107,435,272,704,74,621,404,700,513,96,772,440,386,51,517,630,464,609,567,337,399,547,127,115,768,79,442,505,774,630,769,500,132,498,774,549,565,941,363,78,64,118,296,52,674,613,127,854,347,659,396,689,292,909,664,34,769,1020,23,794,922,268,984,802,845,617,643,440,640,739,658,294,66,655,937,498,342,56,247,953,98,807,351,226,527,662,203,106,440,692,909,409,261,124,683,158,761,401,298,263,110,687,531,543,731,955,641,20,773,780,316,83,812,733,548
611,730,984,938,864,74,821,498,1016,365,400,257,99,481,336,487,1005,239,763,401,391,1014,669,86,601,984,686,517,287,392,905,762,515,5,121,280,599,969,903,333,993,189,711,647,522,517,347,762,473,719,777,77,571,789,797,776,353,517,992,843,89,581,855,505,499,768,293,511,764,200,504,759,267,24,325,835,105,32,688,951,601,503,1020,376,674,984,299,723,930,638,894,481,453,747,187,2,1004,172,944,125,345,762,450,389,496,55,261,848,38,730,286,438,76,942,955,369,545,697,117,450,650,535,447,913,983,544,755,60,25,547,61,48,854,866,462,533,181,233,557,560,89,1006,474,864,9,336,827,780,50,597
819,284,741,855,230,694,1,711,671,454,223,993,279,373,437,135,94,1011,504,293,578,936,444,371,374,831,167,691,757,744,388,257,995,349,966,708,769,388,78,290,757,16,13,516,506,767,917,864,745,233,296,709,723,705,741,284,1012,593,389,646,1013,755,3,27,281,270,741,389,900,113,12,419,789,780,500,513,429,284,609,213,279,567,354,246,853,956,854,492,425,777,116,870,900,993,510,977,549,390,270,748,627,126,123,413,569,85,399,73,911,463,973,275,767,869,412,348,826,260,425,375,569,545,132,508,388,374,380,929,403,405,491,958,948,823,206,930,378,857,328,677,53,802,703,361,391,904,757,675,654,869
822,751,408,116,478,341,553,576,167,628,406,650,385,145,176,116,843,203,329,358,303,722,683,1016,846,451,1022,661,159,534,771,951,197,640,71,709,119,150,652,645,264,331,119,133,414,687,661,470,650,542,185,207,815,247,303,225,158,650,681,241,841,199,243,521,871,873,236,581,500,207,1003,875,660,145,769,161,230,302,567,518,259,367,836,180,670,783,771,470,972,430,31,801,293,292,579,968,830,521,564,730,534,119,955,158,169,95,545,43,795,599,876,449,628,475,625,211,367,480,769,700,243,334,299,834,150,20,988,314,977,521,157,425,202,193,464,322,790,640,43,215,500,95,980,718,570,28,646,159,751,463
875,76,267,861,7,593,341,821,938,292,1010,821,849,635,274,106,53,520,521,366,601,96,653,537,105,297,12,1007,1002,426,958,697,841,539,249,21,822,819,745,724,633,809,567,874,560,804,398,593,49,212,161,938,645,575,503,781,42,593,639,113,901,561,583,1013,655,80,510,583,875,565,939,57,797,833,597,699,799,362,961,791,565,172,883,959,583,913,362,180,133,232,447,571,941,842,73,103,639,873,84,879,552,170,40,815,656,159,885,393,1007,919,939,106,1006,12,894,810,651,565,86,811,20,663,53,987,917,276,367,621,873,619,319,923,1014,109,372,904,804,237,692,337,105,272,666,803,60,246,94,629,1015,785
638,943,457,85,512,703,209,832,573,186,116,413,421,848,571,67,137,968,696,712,1018,595,705,222,193,241,289,93,313,869,797,975,987,963,14,471,228,227,179,374,116,102,268,131,137,48,832,365,55,179,915,333,739,958,704,900,693,141,545,117,812,116,442,61,1,195,746,205,643,131,209,964,926,70,33,205,224,694,211,643,143,902,199,355,759,755,161,964,14,720,764,692,30,40,359,194,102,826,755,457,90,71,264,947,567,516,798,35,63,1022,648,207,159,143,550,21,321,213,244,730,507,465,196,552,319,240,176,769,963,42,1014,717,318,512,93,559,714,85,759,207,451,145,321,186,629,889,549,174,966,954
244,732,868,449,901,44,356,524,810,673,14,465,920,247,144,856,282,138,89,628,228,45,229,652,614,651,524,788,980,696,705,531,478,477,159,266,223,819,416,322,977,193,206,668,697,368,8,700,255,527,543,616,490,728,867,504,903,633,498,286,266,424,896,292,572,482,728,236,365,757,154,668,113,890,930,887,506,697,193,732,465,42,742,687,643,138,675,649,543,44,395,617,498,646,46,778,114,659,580,655,226,229,639,0,756,696,266,443,728,794,476,283,187,476,127,482,952,255,639,109,680,177,147,962,607,580,856,657,481,979,681,159,432,868,238,912,612,465,380,660,736,75,924,282,487,655,517,249,301,31
104,436,907,188,964,135,119,139,108,970,741,503,89,140,681,230,264,580,583,1020,636,223,167,824,412,646,900,273,476,957,791,531,98,88,969,943,804,250,89,180,244,986,1000,750,741,888,386,68,437,664,919,773,416,895,262,394,382,72,919,801,721,982,719,350,807,420,474,928,887,218,839,229,372,378,450,125,160,732,122,188,738,703,180,638,895,788,668,358,181,148,760,260,847,1022,991,68,665,262,155,238,382,15,693,736,1003,489,831,928,190,387,762,145,795,845,157,131,244,871,728,553,11,450,748,896,257,794,739,184,999,440,903,425,420,62,401,741,190,394,129,966,168,85,721,642,677,644,581,356,336,520
991,150,824,95,42,621,34,226,22,57,863,999,349,655,47,537,647,162,63,863,496,168,995,231,144,225,258,280,818,842,142,94,134,1023,9,508,514,358,735,17,31,687,239,999,803,393,328,31,31,659,67,22,737,769,543,170,240,806,675,284,765,673,159,287,480,1014,694,798,737,474,445,744,138,678,31,170,945,199,220,143,346,783,401,417,150,776,22,915,187,351,805,358,404,737,291,495,162,319,162,482,18,41,297,26,224,252,988,458,1004,671,18,239,227,230,818,412,95,429,98,909,220,50,260,38,98,230,592,449,929,95,175,236,1015,652,482,253,730,807,613,694,372,336,861,62,290,924,834,513,510,204
533,779,424,265,91,859,770,635,363,776,361,1003,270,552,180,536,495,170,222,529,702,532,808,91,415,850,260,17,489,455,324,736,520,260,505,552,792,36,62,541,964,613,375,20,170,753,382,267,308,16,33,189,964,565,75,411,576,655,744,684,398,525,786,841,658,676,523,650,357,376,394,755,779,230,459,985,368,373,709,379,792,85,180,975,169,529,788,622,374,533,788,260,987,320,308,449,191,654,975,331,138,870,661,600,522,704,715,86,475,381,459,409,16,297,238,79,330,518,554,307,628,680,888,865,116,71,565,263,407,335,477,594,571,298,466,201,488,879,360,842,366,981,961,299,158,685,603,684,393,97
214,1000,681,752,43,511,726,274,776,188,863,26,714,61,202,896,263,791,57,160,175,892,482,1007,710,752,352,639,715,901,166,334,700,698,166,566,370,758,284,85,427,127,596,984,680,116,1014,206,327,192,732,23,42,135,134,1008,984,47,295,442,821,72,47,8,119,1010,123,207,210,1002,202,453,82,70,65,142,349,728,718,166,389,0,373,32,54,448,61,984,264,399,798,776,495,66,70,664,884,127,142,878,503,582,915,460,863,582,376,141,658,1014,459,872,85,967,630,692,590,584,651,689,114,328,762,706,1008,60,726,625,754,681,245,984,189,962,166,728,653,805,673,54,493,172,158,669,732,680,614,41,600,251
136,690,469,202,913,388,272,64,651,259,389,344,182,651,605,999,197,728,525,895,182,868,268,682,344,100,10,661,326,259,72,849,409,427,971,954,838,928,454,167,245,790,369,726,64,682,24,242,100,389,186,428,81,427,311,971,170,899,198,841,690,102,911,170,1017,166,624,678,90,436,159,59,217,150,986,191,587,85,122,64,32,151,763,122,933,858,47,932,75,129,167,405,967,441,898,899,106,903,958,276,294,202,683,807,729,459,148,55,990,428,994,171,686,174,411,286,68,864,73,554,452,61,819,192,74,843,90,229,134,843,884,378,122,64,671,150,446,972,26,722,225,47,420,18,198,775,626,245,1005,204
75,819,788,618,699,129,536,424,146,234,539,642,462,372,418,545,182,118,11,1001,202,136,867,194,885,970,134,555,199,60,1023,233,539,25,952,840,153,366,8,391,1008,884,275,714,176,352,944,734,615,649,760,951,712,482,885,724,136,28,998,507,107,516,760,376,56,840,297,949,156,650,372,586,838,129,504,1019,436,572,871,75,627,100,248,184,344,820,972,14,556,948,500,1010,217,1012,754,463,183,560,712,887,970,359,329,971,185,819,596,468,728,775,660,654,433,576,449,696,174,955,677,396,1,998,167,55,987,755,455,597,36,131,738,372,11,200,439,713,650,825,561,129,455,755,593,420,966,752,465,223,966,872
935,1018,564,885,596,684,935,321,287,100,369,605,1023,90,642,309,436,383,73,353,946,332,51,377,25,666,926,634,1000,748,99,628,381,588,226,222,660,49,862,34,85,288,152,666,578,918,10,566,734,288,367,7,724,940,593,448,423,791,973,954,360,650,136,659,1014,360,886,46,334,901,621,166,548,868,73,668,617,422,351,660,912,634,841,877,208,329,749,492,625,870,37,707,84,523,31,833,671,198,120,244,880,120,868,20,833,621,460,344,774,331,135,578,616,686,670,606,220,745,588,749,868,665,100,898,540,638,84,592,667,167,744,948,293,928,102,93,223,830,511,703,149,417,472,872,385,191,628,403,66,566
883,699,303,589,290,267,1018,959,811,1010,823,490,317,168,194,963,123,567,424,522,957,299,339,771,307,951,723,924,493,210,779,953,78,466,264,811,406,724,211,418,582,526,37,184,267,36,612,661,32,612,611,307,772,612,514,280,1011,893,10,290,568,869,55,330,346,549,525,555,379,843,267,331,566,1023,976,323,465,307,267,955,220,989,12,275,141,521,291,852,490,356,504,451,469,292,889,472,306,808,310,105,77,811,728,690,2,567,981,208,274,362,550,835,755,310,410,748,851,277,301,574,771,211,212,241,294,32,56,782,552,542,54,923,491,504,779,766,834,155,815,307,995,32,477,690,771,42,307,170,615,49
18,433,938,883,940,477,806,471,673,864,1005,747,372,810,362,622,711,345,327,919,435,248,628,92,590,43,44,25,872,996,233,948,493,308,468,540,683,856,1002,532,299,212,953,596,752,540,750,308,297,857,222,725,931,1000,267,656,992,275,616,524,340,372,92,187,296,794,128,524,211,787,667,722,848,596,92,711,270,512,345,497,389,340,19,732,285,516,973,467,43,907,725,715,77,849,912,468,668,504,507,692,912,155,420,376,724,346,80,46,870,998,531,331,669,709,998,762,609,548,986,1019,107,75,462,172,282,922,531,108,524,596,180,410,851,544,339,473,304,545,380,616,519,37,186,106,328,45,412,1017,86,680
131,107,878,176,372,347,651,799,285,487,199,169,980,128,111,445,589,812,96,989,609,147,49,437,175,83,100,981,402,339,863,157,402,940,811,978,401,478,483,728,859,499,351,143,942,188,287,992,423,883,102,74,596,852,884,458,554,598,177,116,333,588,1011,817,228,169,574,1006,365,96,68,800,495,338,111,393,97,725,73,803,594,347,54,831,92,894,947,396,325,404,620,83,619,531,28,981,620,979,400,582,851,519,431,32,787,75,609,180,146,200,93,183,371,47,82,371,355,927,170,178,459,272,850,227,508,878,787,784,413,589,67,619,17,335,331,863,895,598,837,844,511,367,497,90,595,58,224,442,999,80
392,242,848,534,776,806,915,633,409,392,838,433,897,598,449,248,383,241,1010,205,412,613,868,911,691,772,772,978,740,488,65,594,992,945,968,251,370,890,304,725,852,882,242,142,936,134,793,840,953,957,261,576,1013,908,964,609,45,888,399,995,707,872,254,131,36,515,914,433,1008,843,772,483,1008,880,196,385,353,233,655,243,975,414,961,415,923,408,974,970,883,38,806,1016,246,476,433,758,461,946,883,147,394,1007,431,860,1014,842,312,964,587,400,417,890,138,984,386,959,806,440,60,659,596,652,137,752,1011,917,444,653,192,872,1016,38,774,433,120,893,435,139,108,415,752,929,886,486,457,148,237,925,536,929
200,308,371,107,407,544,219,309,215,280,221,89,52,764,786,578,615,52,594,203,438,112,614,386,150,1001,34,373,501,699,124,266,478,810,99,286,381,827,581,119,300,658,55,541,42,63,111,399,527,529,437,531,366,861,330,565,309,82,1013,274,19,840,885,625,245,163,760,355,581,560,795,478,354,773,209,64,300,402,569,399,248,386,618,726,887,467,819,311,27,232,46,98,581,742,732,505,571,405,1001,258,919,522,49,607,932,625,583,234,72,504,538,364,652,621,827,631,179,567,450,946,198,1008,142,363,387,274,280,295,646,429,618,530,581,681,941,51,865,770,762,203,72,110,294,135,203,194,890,425,616,969
862,838,822,255,811,834,800,686,275,653,618,837,381,678,277,100,686,752,278,635,934,1018,915,116,117,186,427,834,407,961,864,610,1008,786,103,380,606,888,2,319,254,269,80,777,751,926,286,174,1,872,606,16,922,625,97,613,335,878,323,602,897,649,929,515,907,267,79,356,169,79,753,222,41,79,768,275,497,283,107,79,289,578,208,73,915,642,833,50,863,367,334,682,444,287,759,886,686,52,622,837,838,834,835,323,308,270,169,262,381,507,912,874,1006,66,107,259,337,939,866,350,386,422,674,188,638,394,312,420,186,911,268,1,21,319,292,680,270,798,66,79,124,833,837,273,932,323,854,333,100,256
992,718,203,306,403,1013,300,181,858,201,299,819,80,703,668,9,65,456,449,686,448,982,544,86,880,1018,741,48,373,401,275,33,456,59,61,382,431,421,857,187,677,201,289,457,348,729,753,448,172,59,250,126,703,930,318,946,137,313,937,960,351,832,961,457,931,219,1,54,23,718,401,118,716,206,985,457,901,1006,192,575,688,582,782,832,195,163,585,391,818,976,416,670,425,140,804,5,443,946,562,11,677,708,801,1000,986,212,319,205,137,403,276,704,465,433,313,102,701,989,201,139,990,539,849,485,251,280,480,233,919,75,729,480,705,292,201,473,709,801,309,503,233,152,934,135,237,157,918,992,466,265
781,329,700,522,831,283,793,819,320,750,702,893,207,686,880,780,255,303,771,238,451,947,406,12,393,204,693,413,750,831,529,799,0,846,64,81,305,170,667,659,205,900,611,534,351,300,209,142,704,189,321,414,113,414,714,345,900,864,919,576,563,184,557,768,635,224,585,954,764,65,317,715,112,799,245,32,188,974,657,81,655,704,793,779,113,872,528,817,519,413,370,392,772,579,377,349,522,163,812,234,65,768,116,912,552,516,807,78,864,776,486,257,309,77,792,99,645,401,605,960,495,401,96,25,657,33,319,411,972,144,872,417,628,437,772,819,711,193,521,374,128,584,392,563,429,950,608,878,78,621
63,888,588,918,329,76,939,22,702,847,404,412,843,391,647,573,48,814,617,73,390,888,692,126,930,87,938,186,895,94,761,263,396,745,717,447,371,793,233,588,381,80,185,494,340,725,687,303,772,837,936,297,71,878,329,183,1020,67,700,21,824,233,937,767,176,144,951,871,265,1007,987,574,37,604,802,885,892,681,185,153,854,950,687,380,891,652,828,607,254,839,939,214,189,580,844,607,28,716,75,735,927,754,306,340,13,876,951,863,943,844,903,567,822,388,681,848,322,604,300,380,911,814,209,73,15,8,197,501,862,633,787,152,337,828,725,633,861,415,617,461,880,790,988,961,866,573,145,595,690,867
239,788,169,968,371,532,267,43,929,295,1016,566,426,970,330,595,683,740,55,99,653,854,54,434,229,979,836,278,223,407,534,944,532,47,787,421,952,774,692,493,830,668,490,363,1003,538,846,682,547,815,301,29,932,107,419,986,346,959,865,498,967,29,433,734,367,746,590,162,21,381,500,727,777,988,343,735,693,974,327,836,117,24,732,271,399,347,97,76,475,298,174,897,455,903,735,261,558,619,682,677,577,58,340,847,554,677,351,278,227,11,873,314,582,491,463,279,756,21,787,195,236,1014,305,124,560,559,107,156,605,579,730,448,356,290,862,912,862,37,434,579,559,872,462,648,739,1008,580,35,123,385
37,669,914,542,896,431,66,849,589,637,971,897,190,139,780,189,81,717,229,245,384,193,243,15,608,451,81,589,21,529,532,125,847,897,944,526,893,657,974,480,489,510,516,376,346,655,277,813,330,842,497,636,993,498,62,411,577,379,192,876,629,200,198,713,382,425,13,589,451,434,577,557,362,960,573,938,574,38,914,131,66,609,544,203,189,701,595,374,139,526,828,1001,593,285,831,590,538,530,958,345,871,866,957,861,349,330,585,3,830,427,893,780,713,628,85,507,429,688,882,512,748,49,948,162,571,958,753,661,561,429,665,513,355,349,701,63,228,710,877,70,382,549,624,585,703,61,741,557,637,435
526,1001,214,931,237,673,762,525,578,472,650,190,137,463,431,498,500,504,383,393,672,957,386,239,134,647,841,187,578,666,272,122,73,946,139,152,621,115,519,499,432,127,25,116,75,957,14,797,439,990,903,647,115,208,791,907,163,668,412,666,617,671,407,932,12,127,564,34,845,738,711,41,647,855,737,418,798,524,909,482,33,57,651,450,651,376,123,138,370,649,918,134,974,233,187,958,862,938,681,455,578,127,123,831,779,383,91,139,139,1010,123,139,149,647,367,139,845,436,369,370,79,574,121,691,795,115,127,122,668,668,107,79,602,882,361,875,684,639,203,123,846,650,455,87,338,887,677,123,1022,918
774,7,714,788,521,242,244,997,154,228,229,668,371,898,331,558,150,4,612,578,4,804,533,25,589,612,700,16,188,225,918,769,534,24,36,461,213,528,1020,608,1010,520,595,313,866,922,953,25,216,293,825,938,159,63,202,274,945,470,628,491,228,267,844,673,234,586,486,953,828,512,894,225,826,786,953,828,619,173,229,26,573,7,246,628,489,213,96,875,804,165,469,284,169,711,517,74,998,1002,58,628,432,189,250,682,717,668,213,169,508,292,804,660,792,97,940,469,747,174,340,70,252,133,100,1020,41,174,84,689,22,94,342,84,674,213,233,304,587,483,361,955,797,995,252,617,585,974,615,681,961,6
918,1022,814,214,402,378,932,604,368,332,55,816,685,666,652,605,710,37,275,914,48,988,153,9,652,729,787,1022,914,558,624,1014,910,859,843,388,928,271,643,41,929,698,689,384,1005,391,453,94,346,78,967,582,559,703,627,931,1008,351,888,182,216,371,860,1007,908,886,223,670,643,569,908,682,998,402,254,678,370,910,645,576,442,383,191,453,536,670,985,1014,233,697,991,419,263,370,582,910,670,368,471,424,661,853,896,846,9,961,276,113,697,866,547,844,30,386,26,178,587,405,348,509,185,1014,320,422,35,384,569,688,1014,98,8,601,918,443,416,940,35,892,343,916,19,930,993,268,774,576,592,444,992,627
210,36,42,505,687,305,820,126,145,618,398,479,332,408,32,664,430,902,838,53,169,507,252,680,868,564,988,408,275,90,682,494,821,276,649,614,608,781,241,252,820,282,336,42,163,838,816,467,434,646,41,663,163,847,135,796,424,1016,474,833,75,409,35,542,661,889,976,280,859,213,474,507,1016,792,431,300,272,951,384,564,26,990,923,588,914,891,543,949,854,312,97,596,389,892,446,96,42,74,516,325,933,964,974,143,1002,862,89,862,984,386,260,756,188,992,979,241,917,929,184,507,138,102,556,844,225,523,323,990,424,769,984,241,837,4,475,431,897,984,291,75,138,915,350,286,709,673,66,94,862,617
452,556,59,59,570,250,183,92,179,703,393,36,195,738,185,367,842,190,706,399,765,250,698,586,14,42,50,58,265,508,550,571,569,185,193,275,603,910,439,174,248,769,562,887,7,58,461,654,740,538,554,1021,534,47,57,595,423,270,475,439,90,308,481,644,428,54,457,196,574,41,71,1002,922,294,725,7,26,547,183,185,783,1016,625,183,159,58,57,58,188,859,318,1021,100,199,309,417,554,570,780,762,562,107,17,449,906,628,186,454,679,714,777,610,825,710,570,456,459,714,59,728,570,142,939,58,553,457,90,854,292,108,473,54,967,1016,746,483,180,395,472,996,758,49,218,263,906,55,196,323,42,318
971,271,960,134,326,321,717,900,977,911,514,514,650,345,448,544,434,113,337,124,86,463,134,32,342,349,689,659,1003,22,972,362,105,739,134,687,880,257,450,22,573,713,542,824,352,194,272,780,958,646,297,871,673,271,364,610,126,3,124,84,488,743,359,340,963,969,913,512,347,172,972,172,703,559,580,668,538,327,647,684,893,340,78,692,736,122,645,1022,123,262,754,354,674,347,584,101,905,158,955,20,324,64,1004,780,332,644,386,524,514,768,702,386,575,27,300,893,16,703,876,23,780,3,571,994,625,347,307,280,828,144,98,127,849,955,188,736,597,844,161,956,4,630,32,36,112,48,919,131,739,20
929,865,773,59,907,945,939,581,684,957,996,356,996,864,663,870,311,958,10,992,873,311,881,310,340,609,641,263,700,347,181,336,830,599,971,834,251,45,843,794,859,569,324,371,32,265,834,1,617,298,4,280,986,362,134,17,372,391,853,365,22,382,593,867,729,44,340,173,512,352,145,199,464,185,733,90,109,84,149,519,931,932,26,283,875,362,164,59,279,661,729,855,196,34,625,196,293,493,306,304,948,575,59,414,376,1005,461,845,481,198,992,836,225,899,234,599,960,791,689,9,16,68,741,83,3,324,279,225,173,348,606,809,789,42,710,703,169,697,932,342,17,993,170,196,471,905,368,951,400,617
429,926,915,135,227,870,148,652,78,99,657,323,62,419,182,99,174,538,67,290,166,286,442,146,325,234,175,747,853,918,414,653,154,669,326,420,466,354,795,364,685,402,914,911,765,959,467,482,742,237,110,402,227,867,257,234,89,329,985,210,410,743,126,429,359,364,7,656,473,7,827,478,374,421,392,194,110,170,640,63,76,64,71,875,455,407,73,174,743,767,232,359,710,425,190,434,356,667,90,689,410,281,656,270,859,154,83,578,21,531,473,338,36,354,529,352,154,399,295,482,437,402,1020,243,611,491,356,154,17,593,479,978,525,199,854,644,901,6,765,157,442,7,642,951,230,464,554,985,887,218
151,44,93,189,345,89,169,580,682,348,323,174,35,130,342,436,306,835,876,132,210,258,174,46,254,734,166,989,194,698,691,712,149,751,58,396,534,753,560,662,46,1007,717,1005,57,130,313,80,506,238,30,806,806,484,284,983,34,366,750,521,802,128,28,859,474,223,707,692,501,585,735,985,17,628,26,827,686,841,517,10,572,990,694,678,324,762,28,57,59,342,684,947,942,517,232,740,201,128,526,631,999,497,34,57,867,580,347,350,497,336,28,60,63,985,510,967,526,628,201,439,638,169,244,262,53,528,378,316,25,975,560,730,1006,550,836,176,223,448,589,247,585,47,347,330,972,542,390,188,814,59
889,305,543,503,569,1002,990,409,2,944,287,561,989,506,81,177,692,296,450,441,500,998,124,990,991,390,575,692,960,788,15,5,812,712,1021,890,459,668,705,118,505,550,380,734,756,690,185,409,719,150,653,1,704,0,796,812,715,596,712,595,1014,780,746,452,471,710,970,706,722,131,457,551,453,59,607,761,460,692,750,747,150,115,769,885,614,725,599,474,563,567,276,246,46,191,141,38,675,710,66,25,158,631,449,881,881,193,223,506,176,428,130,706,53,296,160,498,975,10,474,688,946,38,514,763,763,59,42,768,796,405,478,225,741,715,1,705,833,594,812,194,463,811,670,270,707,836,138,753,277,10
513,634,999,921,790,889,922,205,407,187,438,487,38,169,942,1,850,772,137,112,289,610,573,206,119,94,588,19,251,880,275,587,97,502,51,230,614,390,350,891,561,916,504,627,580,55,620,426,563,786,880,589,130,165,563,894,933,210,514,775,169,222,400,591,622,1003,346,909,404,901,119,717,532,823,200,632,775,875,1021,481,586,862,596,63,468,633,532,299,653,589,846,469,129,996,402,319,37,230,213,933,1006,927,126,780,638,107,38,293,276,38,127,398,43,99,583,580,674,782,493,973,694,725,896,818,399,49,486,469,478,147,955,634,273,427,233,612,580,889,903,185,620,397,556,610,830,145,637,433,361,731
898,185,962,522,39,647,513,618,529,108,241,188,240,926,288,288,714,325,335,971,705,29,271,707,645,124,767,982,304,963,88,332,142,568,301,535,250,513,112,517,770,181,513,192,813,446,643,737,833,992,469,687,952,144,521,855,552,144,753,656,905,858,883,131,631,432,1022,513,958,847,402,681,216,148,46,643,911,960,556,144,20,304,298,755,766,753,116,520,816,771,152,850,519,377,127,124,310,335,541,618,240,679,314,453,42,971,173,811,342,147,496,442,917,854,525,827,670,212,1009,524,308,364,244,248,248,765,596,47,706,451,252,83,541,241,357,843,364,842,161,793,657,16,171,636,354,755,917,125,14,517
775,772,216,760,230,472,36,798,32,565,820,863,940,216,877,785,222,917,803,531,168,315,946,726,214,596,388,232,921,232,244,299,977,12,1014,465,248,23,420,1006,85,830,278,661,439,549,608,340,803,953,61,995,242,889,796,276,814,1019,762,8,472,995,168,683,136,41,781,556,1003,725,999,736,946,738,222,155,84,529,822,261,902,665,805,232,981,891,452,758,831,947,801,829,682,851,8,997,958,521,21,622,428,678,754,1006,615,992,741,284,9,284,23,48,164,994,300,547,542,150,723,99,528,496,262,6,527,793,411,500,537,358,158,412,565,646,773,100,619,762,898,782,801,852,431,236,773,813,615,639,104,811
530,858,501,237,493,533,236,148,464,857,196,506,385,772,573,623,36,942,910,929,616,27,565,228,596,659,931,337,397,980,493,871,556,509,83,252,518,783,50,609,356,527,942,748,236,400,799,455,387,929,685,230,961,724,931,10,340,878,25,931,101,560,270,679,253,221,148,300,322,359,629,504,528,216,122,724,826,159,33,471,644,704,491,979,573,482,320,405,226,196,301,250,46,50,807,380,169,196,762,338,536,657,281,911,367,708,488,163,1004,298,553,885,399,452,552,931,502,701,252,440,724,116,809,216,220,159,729,175,847,14,405,405,408,879,474,776,208,278,368,333,434,778,497,109,53,277,83,1021,871,706
305,438,280,452,47,260,305,373,999,773,890,292,768,371,646,791,38,452,134,769,60,537,515,680,69,183,761,843,967,65,564,367,28,646,567,522,646,823,453,827,364,599,323,168,456,619,122,961,189,38,531,595,354,581,891,662,1014,981,743,644,49,469,732,771,488,778,629,983,47,297,411,83,169,738,805,36,731,569,318,99,278,207,3,364,36,57,455,378,313,723,364,89,510,344,535,761,778,364,794,907,24,133,729,891,513,818,567,202,328,891,768,891,360,264,571,991,480,936,539,445,773,758,104,866,981,744,424,979,456,731,734,17,360,983,600,872,70,722,260,964,70,810,785,787,519,965,62,304,1011,829
765,413,16,190,498,664,838,167,15,28,701,343,899,188,664,1,201,359,975,6,103,855,1015,339,358,189,868,451,163,892,621,29,412,158,259,167,531,404,775,583,42,886,804,851,933,678,493,367,51,1015,828,918,253,295,585,916,349,451,349,623,550,118,167,564,552,363,345,829,422,981,168,416,153,151,443,231,390,39,108,836,892,487,230,667,271,399,868,833,455,357,629,569,201,643,857,254,452,694,828,134,134,345,590,536,693,892,183,404,835,397,340,857,511,463,859,423,63,186,589,367,399,431,929,684,694,134,830,838,792,728,836,383,680,572,833,124,801,687,859,456,899,102,528,830,652,157,51,785,745,393
907,473,699,455,423,499,291,950,708,504,582,999,376,615,329,940,196,279,388,190,595,195,29,132,504,1010,309,952,1003,299,998,701,507,692,615,708,755,827,947,316,809,295,185,999,269,969,269,446,459,245,333,936,839,982,503,474,455,472,185,239,453,151,502,322,481,986,732,910,295,819,585,325,24,455,469,901,632,140,523,395,244,185,425,420,972,707,501,260,494,62,318,947,505,587,185,461,73,577,439,294,311,683,262,68,635,56,315,247,364,610,13,453,973,262,197,299,696,822,455,217,904,715,972,681,748,455,4,127,708,953,212,582,652,510,9,823,653,4,153,555,239,886,707,453,331,953,254,949,969,329
493,210,361,675,909,766,338,370,501,250,441,142,756,447,76,791,537,252,945,587,364,529,366,860,513,961,231,306,605,490,764,410,718,96,541,953,203,818,896,796,881,367,536,669,317,821,510,40,523,380,756,895,150,494,560,727,492,689,493,144,522,273,195,846,431,16,553,888,511,512,365,909,305,1021,259,234,790,645,148,651,398,758,392,174,297,20,108,17,976,548,1005,513,345,170,144,842,801,492,352,188,420,818,706,642,785,895,548,28,483,210,205,462,138,936,710,460,961,889,29,383,994,526,784,797,149,961,117,29,627,469,961,691,723,273,797,642,125,352,756,96,336,174,782,766,452,895,268,657,747,11
84,900,346,510,866,793,498,281,416,202,560,645,148,287,874,917,632,326,88,188,441,527,189,85,390,257,778,852,185,668,86,578,481,397,39,331,629,200,70,778,150,769,728,686,773,477,472,421,85,33,122,203,285,15,959,502,321,784,326,551,1018,476,250,415,130,583,599,245,516,246,274,397,7,472,676,464,485,568,485,389,486,422,483,672,646,698,402,518,698,510,758,443,274,942,599,881,722,723,858,246,857,302,578,711,454,827,42,456,103,727,140,676,36,434,863,240,725,257,695,45,346,15,97,515,606,874,956,86,86,175,626,746,825,714,517,309,582,325,568,148,15,443,853,38,61,971,938,558,172,558
906,67,109,526,639,522,269,655,329,639,908,324,611,49,345,250,930,36,532,122,164,349,260,383,306,76,117,323,116,86,733,1017,127,300,4,533,777,564,648,301,155,233,324,885,171,317,108,105,579,79,922,368,463,33,428,693,397,269,589,896,236,822,147,562,903,355,716,134,318,233,212,599,627,614,358,168,993,313,588,836,905,54,654,332,639,854,113,287,401,143,79,688,725,333,458,522,465,725,873,1009,580,199,1012,801,601,938,785,928,110,639,548,182,137,612,931,463,573,91,317,598,522,407,959,947,208,67,249,432,527,340,133,195,556,565,351,357,354,562,586,254,513,54,713,630,625,321,437,401,792,324
975,398,247,390,310,874,780,525,617,398,1019,311,310,872,493,304,235,735,636,480,604,284,488,604,613,158,223,787,298,825,789,310,504,281,842,308,321,145,766,272,223,800,84,108,598,198,781,2,21,231,672,312,559,19,979,732,258,106,1001,284,500,725,124,518,780,659,561,585,910,914,622,838,227,211,690,215,621,28,508,540,604,611,88,819,882,64,581,33,906,193,893,441,856,198,613,143,472,628,77,6,144,449,79,613,787,906,254,226,485,277,285,16,940,931,895,41,319,227,974,1002,524,379,408,621,991,627,588,512,318,177,85,637,573,712,215,24,244,595,834,740,949,902,540,630,176,402,795,77,809,230
345,484,860,35,70,464,603,459,374,484,313,378,869,776,66,166,566,239,336,737,231,295,897,399,776,769,496,863,724,620,691,326,993,949,442,336,1014,506,434,294,945,22,717,676,354,955,600,399,681,45,903,66,911,937,73,573,564,768,222,558,502,323,396,495,66,292,259,451,1014,719,32,593,42,278,558,768,1014,36,369,945,564,368,697,627,420,504,486,456,336,238,886,256,993,186,7,114,64,974,418,959,60,883,64,947,923,651,435,991,947,464,916,568,409,194,715,556,574,386,358,464,304,513,742,496,697,269,504,566,196,291,489,568,34,415,664,54,717,138,45,332,833,719,503,68,260,296,2,987,386,39
116,15,73,165,818,571,154,122,26,978,529,416,123,646,74,640,64,523,500,731,426,11,65,677,351,24,101,648,25,771,449,166,605,399,75,1014,292,607,971,610,853,1,977,651,670,288,215,888,448,711,720,509,256,956,660,70,843,980,656,651,34,590,448,443,176,101,325,96,865,990,3,956,687,977,664,630,148,330,339,801,519,338,715,219,346,994,325,687,897,186,41,244,1022,647,195,907,344,858,69,119,602,37,510,646,779,1015,582,852,48,501,125,442,75,92,688,925,2,987,428,770,847,130,137,144,117,11,572,184,687,352,734,572,911,814,272,60,291,898,898,84,640,643,656,418,640,98,72,282,499,124
956,126,104,232,278,780,433,768,798,644,929,526,796,953,242,41,453,960,311,841,499,303,957,826,2,763,1002,844,960,1019,498,876,377,958,288,371,1023,770,256,44,575,315,74,244,836,866,255,311,237,984,72,876,465,28,510,164,962,562,93,279,333,767,972,796,530,20,721,374,19,488,371,38,45,732,530,891,868,407,11,831,243,8,172,792,804,164,952,658,242,75,719,245,947,93,325,23,975,715,844,976,784,874,460,486,249,862,956,664,579,822,901,876,836,559,862,503,977,799,307,19,784,868,838,868,780,471,493,820,578,877,170,293,507,261,214,263,903,79,854,22,887,983,772,271,808,251,841,55,37,642
377,26,53,72,824,25,476,736,142,268,290,773,965,448,774,217,938,521,962,524,780,984,221,212,240,1000,720,250,760,763,138,855,32,833,50,434,461,459,646,611,568,37,806,249,730,487,389,150,416,804,1013,898,255,736,570,696,645,58,829,827,936,624,948,508,929,565,325,1018,198,180,608,487,743,817,587,217,760,768,117,434,946,5,42,993,453,1017,6,496,622,818,696,225,921,197,142,441,975,798,967,816,971,88,475,516,104,797,29,619,934,507,787,249,405,249,503,505,217,138,204,810,20,433,507,507,967,37,32,997,991,1019,827,824,836,692,447,561,374,954,213,155,993,917,351,562,445,696,612,289,792,6
688,995,142,789,1008,187,670,265,904,884,789,999,359,312,356,226,860,804,264,252,892,820,773,812,810,21,831,781,742,353,405,870,27,700,880,771,78,298,567,1007,999,535,542,972,989,610,1017,356,825,897,527,932,667,944,821,1010,971,174,404,999,557,418,478,753,61,278,916,791,33,966,788,776,243,646,581,137,536,481,535,553,465,36,832,932,547,608,237,66,772,804,936,27,980,264,226,987,948,886,26,732,18,805,487,231,543,996,226,603,742,920,356,321,106,301,236,231,799,735,560,420,607,818,348,930,839,154,45,981,985,356,354,104,23,769,0,981,583,543,845,353,866,78,749,155,868,918,970,804,646,64
797,397,832,617,420,146,471,146,250,480,956,256,537,611,98,25,32,665,354,422,461,497,685,383,656,876,39,670,897,358,700,858,441,477,451,288,426,416,273,761,220,967,37,290,493,683,140,691,1005,336,914,643,402,937,144,611,556,913,489,343,924,267,354,22,80,131,473,608,485,416,589,492,229,421,675,923,17,25,56,163,30,146,209,25,962,609,452,145,962,998,1007,45,742,325,380,477,552,256,56,27,351,465,615,144,1016,204,432,962,723,96,942,1001,996,615,984,129,982,459,355,100,611,205,625,927,613,96,159,923,602,645,73,476,376,221,157,432,286,492,712,638,104,631,573,604,233,465,29,666,381,902
941,35,279,44,129,4,563,844,206,1017,74,963,991,884,241,263,915,272,764,817,141,57,81,829,991,390,693,1014,334,761,708,65,929,181,137,113,944,348,704,533,1022,700,315,89,324,3,444,331,88,576,406,715,206,22,771,179,598,380,457,195,1022,971,837,712,755,934,750,177,672,718,619,168,738,271,751,953,647,33,755,963,262,743,1019,205,700,664,176,991,690,320,604,74,261,451,593,806,111,851,265,933,625,266,96,639,261,764,350,489,390,68,1011,718,910,693,937,425,364,405,64,910,560,345,958,398,915,502,761,778,849,718,350,512,50,543,179,647,319,692,696,172,620,42,781,1009,332,764,54,937,687,172
997,163,801,320,269,616,924,764,26,30,828,334,238,766,922,12,949,632,661,702,156,355,464,933,1008,489,678,12,415,507,608,913,581,222,44,558,863,985,974,482,881,281,958,341,118,157,381,240,312,800,977,236,158,390,34,123,1006,577,875,527,4,965,829,1008,612,978,695,726,163,959,1006,807,671,645,542,222,90,400,231,418,390,78,342,144,602,492,698,943,31,905,952,962,754,442,28,669,85,379,991,670,166,261,845,24,831,30,227,1023,1020,741,60,767,637,279,348,471,690,322,34,136,27,98,144,907,957,714,240,95,914,919,223,791,613,671,545,957,224,798,418,750,744,610,135,687,864,160,271,925,138,135
86,102,54,515,191,848,359,554,865,635,127,303,861,26,832,776,635,575,638,689,797,390,681,63,620,592,854,125,238,428,984,397,829,228,317,357,11,900,630,929,22,118,600,662,13,397,319,1018,260,866,944,330,960,241,886,434,886,919,807,375,326,54,14,198,594,826,270,527,562,602,170,520,578,468,895,306,868,134,600,30,274,746,54,2,826,639,78,913,390,850,926,390,278,743,638,2,271,598,567,23,58,22,946,436,376,900,104,762,322,494,79,838,783,600,280,863,91,468,1014,470,102,191,638,974,751,424,838,253,206,381,61,663,263,15,382,471,102,225,773,952,516,380,987,739,166,984,595,2,936,636
570,518,830,812,712,447,243,254,1018,764,534,26,593,814,294,970,59,267,358,71,754,518,439,162,508,275,358,9,806,963,360,136,770,1019,645,947,599,783,349,237,831,454,963,373,590,861,482,963,816,294,588,138,1021,1014,959,703,53,950,281,959,119,943,802,1011,294,976,176,326,109,225,1004,783,767,294,779,244,135,674,900,199,102,471,959,78,600,981,631,771,613,319,1008,838,479,964,185,379,838,636,311,975,140,466,877,171,524,779,984,409,502,964,858,749,18,631,631,915,842,783,866,747,879,398,492,936,319,982,539,440,311,641,936,494,189,527,400,795,587,802,119,990,267,769,916,525,718,462,11,585,258,306
624,224,191,388,129,17,435,414,145,430,711,404,942,399,688,647,419,750,861,427,222,889,909,352,79,526,353,981,384,656,591,642,420,750,672,315,753,780,240,622,1023,777,101,537,895,800,589,736,608,684,323,92,847,852,235,153,639,957,705,294,580,535,784,667,891,63,168,95,230,113,672,302,912,129,953,940,1022,212,334,845,700,789,510,319,103,909,951,427,347,863,1014,1023,911,430,944,412,1017,835,845,959,58,492,123,719,521,1021,1021,81,112,926,857,704,187,561,424,926,92,640,928,595,604,537,271,252,941,580,537,7,876,926,335,149,96,894,967,59,733,719,719,328,583,676,738,639,723,127,735,946,897,647
63,371,861,773,550,478,869,557,109,407,867,655,670,371,404,984,916,650,102,462,1007,203,981,94,372,916,566,114,336,356,288,147,915,783,634,156,1008,622,414,505,868,269,66,692,776,118,846,758,408,130,936,378,861,594,367,406,0,666,934,151,565,889,340,687,508,177,142,350,240,148,694,883,637,414,207,372,862,956,159,1021,584,474,414,410,404,829,442,694,413,625,260,413,896,429,701,741,341,1008,673,672,413,680,38,497,763,222,175,173,376,136,787,286,875,620,872,164,499,195,346,419,968,255,765,455,551,444,249,103,363,883,232,529,937,433,295,492,32,137,390,609,472,381,997,883,957,927,347,174,883,368
117,262,350,766,996,776,328,705,744,414,187,749,254,144,278,372,227,199,894,70,711,663,750,62,643,669,268,13,190,133,621,82,707,217,194,342,859,72,665,115,729,144,861,218,798,68,357,725,238,82,961,912,387,707,86,416,591,178,473,51,870,707,456,202,38,571,893,235,804,3,742,591,619,932,557,0,450,527,869,14,598,327,296,515,432,574,124,936,299,254,479,254,369,63,515,450,758,287,620,829,430,39,295,903,275,523,839,375,129,268,432,304,183,301,256,820,750,256,976,945,934,753,350,214,179,445,827,287,702,195,403,922,44,565,903,13,366,461,711,141,351,450,903,141,9,601,63,519,579,900
165,345,705,325,449,540,238,500,856,312,745,579,480,557,118,537,448,486,210,394,234,564,209,485,732,363,852,457,233,316,484,205,18,676,263,473,931,13,1004,832,556,277,692,250,485,959,685,711,494,34,910,494,14,406,509,183,285,701,354,758,358,828,177,285,1002,360,305,947,661,684,726,621,784,556,604,44,353,215,652,638,983,941,321,487,417,908,813,396,647,99,112,326,465,454,143,1003,607,192,85,80,945,486,281,276,881,604,193,274,320,276,931,328,563,548,989,955,495,807,812,974,554,285,43,727,727,996,212,554,494,314,628,413,1014,14,683,115,942,81,29,554,314,285,945,273,559,845,1006,481,405,461
619,985,131,133,185,415,859,370,856,352,185,377,721,213,873,151,24,155,455,248,603,879,1005,669,672,854,155,522,776,402,176,171,100,701,88,597,957,832,256,190,88,673,416,107,300,986,155,580,230,191,209,166,345,832,174,18,153,5,960,421,379,370,341,151,845,943,577,107,83,274,341,377,288,381,851,305,589,243,139,36,395,339,427,394,190,657,730,116,664,903,486,88,904,914,495,400,687,729,408,354,532,136,824,955,2,669,145,322,75,357,863,601,601,669,1012,669,365,385,187,339,959,293,235,24,225,464,754,374,531,740,25,869,833,330,856,696,378,757,953,138,354,153,264,147,997,541,842,928,917,936
893,912,852,781,629,829,468,912,692,668,335,843,451,893,378,332,855,491,598,457,189,742,828,738,881,301,288,325,742,750,118,473,919,219,856,54,372,76,620,407,395,791,688,181,561,60,865,800,854,89,249,702,578,75,154,669,369,0,332,21,340,226,913,460,265,585,1000,467,370,297,369,980,531,697,363,846,892,571,316,289,805,325,758,396,520,813,505,696,293,241,587,827,571,264,627,853,932,784,480,904,585,874,878,855,268,325,354,629,863,1013,917,296,889,660,660,865,814,662,343,828,660,831,461,885,820,629,595,599,854,849,589,564,896,8,768,70,297,802,781,289,226,692,166,588,651,1008,369,412,853,227
848,557,277,923,510,970,152,854,912,815,682,222,847,882,12,642,600,837,762,24,693,357,438,842,743,881,359,487,414,340,12,825,821,3,296,836,279,891,209,200,70,934,698,778,93,694,72,645,335,729,255,336,88,404,784,395,50,118,774,949,916,842,75,838,997,127,922,1016,165,315,838,944,3,974,197,401,56,864,164,59,916,999,616,91,152,916,254,883,278,974,886,158,14,893,888,953,74,101,838,271,225,776,1009,778,3,576,996,998,277,666,208,998,94,310,842,546,325,112,618,27,294,753,886,838,778,250,934,73,826,668,211,822,935,886,32,949,916,231,678,993,69,6,922,127,869,507,234,0,838,993
650,349,29,748,671,429,583,975,944,168,169,746,421,424,570,413,72,481,438,648,236,416,1005,370,739,867,481,887,1009,733,532,424,686,163,143,168,992,423,805,1016,441,962,613,243,848,32,747,299,160,163,130,795,235,622,561,104,732,992,205,485,748,507,229,988,984,263,700,608,205,917,470,317,740,331,896,698,689,1006,891,931,341,642,998,383,133,742,880,743,972,693,385,530,244,882,197,679,181,798,667,480,396,603,234,740,747,396,93,937,811,349,101,175,841,928,985,876,993,932,554,734,608,405,630,530,391,96,1004,55,418,96,338,652,724,141,800,61,608,407,212,211,646,880,96,759,995,71,408,698,909,966
196,549,515,649,503,308,164,237,708,264,237,776,406,421,612,137,63,435,789,134,265,573,222,942,75,297,213,730,113,812,12,543,970,273,318,320,232,968,45,205,980,980,49,56,471,404,546,298,23,603,567,104,20,442,1020,253,196,834,407,88,798,843,729,32,196,712,836,486,221,32,1022,236,480,777,301,196,348,411,49,970,812,550,237,101,450,864,236,49,699,843,40,559,463,168,471,73,558,313,675,31,550,365,397,64,26,293,580,350,300,41,27,553,956,640,326,501,10,425,49,78,300,649,12,973,289,533,319,196,773,588,386,455,157,4,539,596,205,236,126,301,841,427,243,57,836,1013,559,809,521,49
43,116,987,11,121,305,887,291,105,577,299,559,164,595,611,827,882,884,491,86,120,565,890,991,697,376,935,662,855,982,890,113,651,307,858,231,420,361,841,917,395,672,937,513,631,679,880,233,967,878,1018,853,185,182,858,633,858,887,20,683,583,901,835,855,776,164,235,612,854,543,431,886,387,847,485,884,588,28,995,157,240,92,998,578,329,895,710,898,952,379,827,1002,1021,46,121,478,671,409,263,311,636,814,630,387,539,657,150,129,1003,311,52,970,13,647,110,74,955,277,29,295,259,861,892,840,716,120,56,318,120,882,124,524,757,634,951,490,59,567,836,88,307,370,384,736,29,487,992,841,233,886
268,126,513,462,34,820,630,342,581,14,890,546,277,544,646,325,325,776,852,824,380,368,630,117,44,680,752,813,116,700,897,96,59,10,333,624,853,525,156,743,6,972,84,666,735,405,116,516,900,442,666,768,84,522,86,519,621,132,848,520,848,883,97,76,742,992,639,402,383,369,574,900,365,608,870,181,480,75,318,440,120,629,139,808,241,790,140,848,380,616,754,520,59,784,637,692,118,978,574,389,373,768,312,59,660,394,848,390,518,324,297,839,76,386,989,660,255,7,848,9,1,123,140,92,551,848,852,365,180,467,71,207,623,329,246,519,975,831,97,571,411,532,632,516,120,181,520,830,805,611
395,603,382,862,387,1,34,506,974,982,717,744,383,1000,264,866,483,594,549,192,137,567,485,605,739,402,1010,899,969,200,404,441,456,282,370,369,205,602,310,178,1004,507,1008,430,402,424,904,228,810,193,926,517,225,387,974,569,880,270,605,495,652,426,743,274,307,348,270,584,114,394,951,964,289,392,196,285,753,333,666,325,794,859,441,19,782,210,268,562,367,881,298,212,140,427,762,483,598,137,387,912,893,268,521,271,264,1009,292,509,137,1015,569,382,833,372,868,426,866,316,140,1005,302,479,476,561,662,666,852,935,396,505,367,414,322,336,4,94,878,529,819,524,293,963,676,622,913,311,909,491,786,395
684,709,993,571,728,1011,328,892,620,595,771,806,221,754,390,1015,827,317,323,261,795,392,55,779,925,645,319,26,377,699,963,562,24,433,512,925,38,579,335,1009,319,888,123,605,325,500,69,521,561,450,517,826,92,295,159,452,997,731,666,830,591,962,1012,143,517,753,741,521,583,105,544,372,851,14,601,486,710,206,657,525,713,897,724,695,186,521,614,442,72,80,690,754,134,197,519,1018,503,796,462,765,517,825,197,37,760,442,1009,991,762,567,882,779,557,479,680,772,328,657,1010,379,607,1020,591,975,113,22,568,990,986,392,615,77,551,559,1005,549,469,478,1002,741,568,572,777,760,519,533,517,547,753,200
928,105,362,933,999,926,10,415,36,441,925,264,808,993,626,88,69,603,300,388,696,492,385,490,707,633,650,610,151,375,404,344,1023,998,87,40,946,164,42,682,360,326,37,993,682,99,276,979,657,638,43,472,673,567,933,406,920,160,346,364,530,468,403,730,455,738,991,903,454,1014,105,415,610,923,216,980,260,952,56,423,696,591,159,414,208,194,928,463,998,927,441,897,450,185,983,243,41,436,306,494,920,951,604,468,845,1002,404,408,76,765,447,328,754,431,476,619,423,195,325,987,669,408,1005,340,458,408,407,511,344,2,2,408,98,433,112,669,900,348,923,541,973,657,618,1004,549,720,276,412,921,444
723,45,365,1015,397,73,1023,652,1,743,919,77,71,827,839,260,465,890,743,269,1023,278,94,631,77,410,833,500,888,574,454,2,897,99,583,833,352,254,656,419,204,682,281,58,139,374,604,305,276,207,38,150,348,148,348,684,747,316,574,614,921,483,56,57,72,532,670,452,17,191,1020,225,111,953,1,993,456,1018,389,182,35,757,897,740,493,1000,637,205,77,525,937,110,996,845,956,1000,326,846,38,774,909,445,894,229,1007,856,670,614,98,155,47,158,916,414,920,225,98,757,342,925,102,774,940,537,31,845,205,857,699,414,903,516,537,405,516,953,413,684,97,159,894,180,1018,55,614,153,909,306,204,1010
