574,149,153,70,59,540,26,27,31,44,175,788,686,281,735,29,30,698,671,319,57,94,157,667,156,414,26,145,155,153,27,408,443,153,29,157,663,179,209,921,285,446,24,660,153,153,157,281,16,153,159,662,61,183,156,138,700,90,26,29,187,158,900,156,159,30,405,157,23,542,26,21,26,4,31,223,152,28,27,571,28,600,150,16,61,180,658,23,700,666,46,792,540,158,22,274,13,59,151,150,646,7,24,665,668,543,154,29,186,154,159,538,409,28,150,20,20,29,152,91,158,203,152,28,191,22,154,24,554,157,30,30,661,668,30,222,26,143,152,222,156,28,159,156,23,6,701,138,143,176
161,315,447,497,225,47,490,443,419,427,507,435,427,225,163,427,291,273,107,250,171,431,227,162,51,307,290,427,51,491,299,443,419,430,498,57,315,363,167,169,427,171,305,295,299,355,435,411,315,163,363,123,365,359,443,171,499,427,507,305,427,427,443,443,179,171,235,59,491,311,185,187,155,314,163,503,431,431,427,421,186,435,163,498,435,305,187,51,435,291,171,427,291,439,163,191,179,163,375,315,311,34,443,435,443,171,483,34,106,507,35,427,305,35,298,291,295,311,435,427,307,187,299,419,251,307,155,417,289,299,307,251,51,419,447,424,427,43,23,371,315,289,167,426,43,435,421,291,419,27
559,583,563,27,775,258,577,34,540,50,76,14,554,515,31,628,50,26,535,274,94,851,894,47,852,279,828,211,563,825,856,525,515,331,803,603,632,543,546,551,119,567,53,305,775,528,281,95,798,829,563,271,560,267,11,561,533,769,175,532,612,583,519,287,47,575,299,110,591,295,44,899,798,288,866,38,561,578,536,536,546,342,19,374,658,347,634,87,599,634,5,54,562,522,54,543,30,858,785,519,541,71,262,818,49,328,31,35,9,780,626,273,864,127,102,630,531,305,825,535,74,775,185,815,27,517,535,536,796,21,771,543,67,314,76,612,280,285,539,583,19,849,598,602,627,296,857,606,531,522
739,75,1003,679,907,975,425,995,975,841,683,493,939,943,939,907,875,934,1005,745,449,907,871,399,938,937,813,937,711,763,971,824,903,427,808,497,937,297,991,651,937,303,929,935,259,717,907,141,811,941,911,877,750,939,271,451,943,935,733,941,683,939,681,1021,810,869,943,650,933,1003,952,879,940,1003,941,911,751,777,935,237,939,939,1001,1005,936,655,741,623,427,971,1017,943,663,815,905,870,973,392,847,553,942,811,939,173,940,425,877,495,943,1015,425,431,910,907,911,683,387,1003,47,925,907,1003,998,937,903,651,622,175,1001,418,1007,873,971,813,587,783,1007,811,487,395,1007,1007,749,711,619,429,677,938,299,425
318,18,25,150,871,770,530,730,28,602,574,785,790,288,858,530,650,696,114,187,408,922,5,280,246,766,560,688,672,5,50,178,570,26,584,88,822,658,176,674,131,724,534,662,794,671,776,804,658,914,658,536,50,666,594,554,778,690,760,22,816,18,562,602,654,402,726,547,151,186,208,538,56,244,534,570,952,561,932,658,145,662,948,818,664,754,538,752,654,659,27,642,530,402,692,690,302,312,571,696,273,658,280,899,136,574,130,808,858,626,642,570,132,88,688,146,670,722,474,543,178,403,690,656,210,650,82,721,734,211,176,575,570,915,306,787,154,515,24,315,674,690,187,658,152,130,522,130,667,18
567,819,272,792,803,891,799,829,953,819,821,824,797,795,541,785,568,305,560,287,561,827,566,825,529,825,830,569,812,861,791,446,954,531,829,319,822,573,824,317,787,691,571,827,797,305,786,535,829,307,563,799,339,795,535,774,541,575,826,793,826,127,569,542,830,829,787,529,298,283,311,830,819,831,281,819,535,313,562,831,306,795,793,827,829,563,827,789,825,797,827,529,819,562,571,827,789,312,570,793,569,319,807,785,818,787,569,813,297,529,801,827,829,543,283,825,565,811,37,569,316,291,560,555,569,316,63,317,819,535,823,799,793,818,827,563,571,827,569,831,315,809,575,827,563,546,562,639,319,537
495,335,836,285,166,493,333,327,847,69,367,973,117,877,462,461,999,333,353,455,485,367,836,449,965,109,111,325,367,69,365,364,349,109,323,973,381,927,83,220,495,839,325,100,327,365,324,239,364,125,351,78,466,492,493,335,836,69,460,353,343,127,230,486,485,973,237,367,73,895,333,453,493,331,996,70,348,357,364,845,103,333,367,231,69,375,486,231,461,239,109,221,366,102,358,327,349,371,68,95,333,238,237,111,325,453,864,990,493,69,78,343,717,365,718,327,987,966,454,335,351,966,461,327,479,1015,111,5,341,380,341,1005,326,357,121,365,79,999,365,847,279,381,373,84,262,79,35,373,95,461
32,2,416,0,162,550,544,6,259,38,288,515,0,130,672,2,674,552,66,161,35,13,4,256,691,2,42,672,1,35,0,277,36,32,6,774,422,3,34,37,544,551,523,560,2,802,134,39,33,546,160,34,290,423,34,546,688,544,545,4,35,32,544,32,2,514,33,545,33,128,138,32,523,130,301,34,674,546,40,0,545,548,128,2,34,34,0,6,33,2,546,130,546,1,390,515,553,34,96,38,560,770,134,546,35,673,34,35,648,42,558,32,547,162,544,546,34,544,7,130,1,50,5,32,36,11,544,33,819,544,690,163,561,36,259,40,73,609,547,551,130,514,546,546,809,33,594,3,40,160
88,620,856,76,600,92,328,76,92,116,844,68,88,332,92,92,332,840,584,348,348,588,76,222,28,92,604,84,92,88,88,95,76,860,88,728,92,92,360,204,92,526,142,68,77,892,12,540,200,604,221,76,524,92,334,92,156,669,196,376,72,72,204,636,92,268,124,764,636,606,88,125,92,332,104,861,93,596,600,88,204,860,604,92,348,328,72,584,586,88,12,348,332,28,221,588,109,604,92,892,120,988,108,604,349,600,381,72,72,716,94,588,76,588,76,76,636,76,77,72,76,588,76,204,600,78,588,584,892,536,88,372,333,84,840,124,581,328,718,312,584,76,92,76,724,94,588,92,80,344
676,544,885,566,694,674,614,563,677,566,551,821,550,822,566,694,566,807,560,690,50,628,564,807,549,748,1015,700,816,564,566,628,566,546,544,48,566,693,628,544,52,564,564,564,948,548,692,565,564,630,673,566,746,693,615,630,566,610,565,551,46,564,573,630,566,564,564,574,823,564,561,562,566,725,679,562,560,672,564,628,596,560,791,934,692,624,822,561,630,352,550,676,55,564,564,548,550,560,564,611,756,519,628,550,596,564,550,678,550,694,564,676,549,694,594,561,49,756,695,694,564,752,820,566,52,548,692,630,692,562,630,716,630,549,562,636,688,550,902,566,566,692,549,630,565,677,565,803,20,550
680,81,582,34,770,580,518,0,17,529,2,32,32,149,564,166,259,49,17,49,65,291,48,32,712,644,579,32,33,1,30,2,2,14,523,561,22,6,37,96,541,1,35,592,790,785,305,2,20,410,544,28,3,1,35,833,23,189,515,544,539,118,806,567,28,551,967,106,182,7,71,12,545,804,536,56,545,105,8,48,513,179,513,327,17,68,33,512,260,5,32,647,293,34,773,113,38,544,518,788,71,6,277,44,23,274,35,49,163,34,519,263,129,18,580,2,4,39,512,305,512,521,37,11,1,292,4,7,51,770,166,1,291,36,112,33,32,131,34,97,800,548,8,39,178,64,294,35,33,35
792,933,1009,457,710,935,307,789,359,774,770,581,807,651,486,806,6,823,917,949,390,550,228,614,803,997,965,887,357,468,452,359,871,326,998,549,687,227,934,247,926,998,743,870,839,947,419,278,566,503,994,886,1014,997,550,355,804,838,902,790,262,438,486,518,742,839,1010,598,678,389,455,933,486,295,420,787,903,677,774,422,774,263,950,580,967,854,805,1002,919,735,324,950,963,967,612,918,470,902,343,967,903,774,775,992,806,661,993,678,453,918,256,454,999,934,358,966,967,1004,966,902,898,327,422,951,291,932,772,389,887,842,934,928,866,996,835,583,740,390,790,775,899,976,838,999,997,260,657,311,169,871
951,228,886,229,711,116,197,673,759,743,673,743,966,705,695,671,738,935,743,704,740,228,708,485,295,629,676,581,631,739,871,834,998,1011,709,639,1007,741,231,207,629,749,237,742,749,741,829,743,497,551,709,942,121,996,557,599,615,753,231,102,595,727,710,709,101,743,613,833,992,723,757,598,225,162,1001,207,229,231,231,167,46,215,239,889,935,623,965,998,625,757,767,743,675,877,229,820,505,743,743,983,741,757,597,715,751,727,967,707,966,750,695,871,242,550,245,236,224,471,610,103,739,614,239,724,934,631,743,935,199,489,349,933,716,630,629,243,756,711,623,967,727,199,687,231,583,133,683,743,748,742
295,103,167,163,7,38,39,99,163,43,107,107,35,101,103,227,103,39,367,35,33,39,483,679,491,97,103,99,675,39,99,99,231,39,167,231,99,227,355,99,39,99,101,107,35,167,67,103,105,743,423,165,165,71,615,7,295,41,103,33,103,207,291,39,5,295,107,111,327,99,171,175,239,293,33,295,359,583,559,167,295,39,7,35,39,611,111,489,45,547,99,295,67,355,355,165,227,235,103,11,43,295,163,263,231,15,231,47,615,107,879,303,295,111,171,39,226,613,39,127,355,239,289,35,99,35,295,99,111,39,99,35,35,739,39,867,39,259,39,439,103,611,35,39,99,7,675,551,111,167
72,257,98,453,265,288,259,328,521,40,129,200,460,11,332,104,1,9,808,47,40,392,456,345,896,13,488,559,41,272,72,169,257,41,204,297,361,136,257,105,361,361,26,717,520,136,12,777,97,808,264,8,168,33,136,336,40,233,875,8,808,56,271,40,73,481,296,162,41,521,296,297,24,153,24,48,73,1,128,195,8,781,24,105,619,72,265,73,40,312,0,41,353,329,553,408,40,609,73,299,2,109,25,776,424,121,329,264,8,0,899,265,203,41,520,104,40,8,377,256,64,872,808,361,56,521,257,416,8,395,12,41,493,392,10,321,904,8,1,449,585,65,808,265,905,160,72,72,811,136
420,657,642,930,388,644,391,425,389,385,388,396,901,775,909,416,645,388,644,775,384,900,960,172,913,948,928,897,131,676,400,453,389,132,929,900,132,649,417,685,903,281,929,644,908,901,652,932,673,392,644,672,653,901,905,389,929,897,388,477,673,944,388,421,192,421,672,901,389,665,420,391,901,645,800,548,420,677,901,933,909,938,933,392,903,929,898,900,160,933,993,644,800,421,677,645,997,899,388,132,932,939,944,736,641,934,775,907,650,950,656,397,643,905,395,928,911,385,433,903,420,900,932,965,934,739,896,673,416,672,388,896,685,676,896,385,405,929,903,673,289,904,396,908,900,640,899,898,645,148
728,712,753,665,697,757,656,653,749,649,761,969,237,735,653,749,657,696,217,697,409,744,761,697,757,745,732,752,688,669,701,665,729,137,240,693,657,749,717,713,221,732,653,1000,985,616,728,668,720,660,653,184,697,697,651,665,536,689,648,685,728,665,669,989,669,721,661,664,661,673,649,713,985,689,712,720,589,697,665,824,656,728,717,641,217,657,233,761,712,721,723,669,576,761,697,1009,536,649,697,657,733,641,529,633,989,669,725,652,689,653,621,649,920,720,732,713,657,717,733,733,697,680,764,721,725,729,729,696,761,983,561,693,744,549,657,729,725,680,665,693,601,216,665,681,921,713,985,763,717,697
224,368,435,256,437,497,417,289,256,401,739,257,369,417,420,1,417,417,320,948,961,420,145,419,294,417,288,453,3,33,133,416,389,419,429,257,481,417,337,357,417,720,871,417,385,33,421,167,393,292,307,545,160,503,935,35,417,33,131,256,388,929,256,256,417,817,482,130,165,418,993,453,16,193,145,485,293,160,130,37,416,297,233,193,425,992,481,161,129,421,418,257,297,448,418,258,417,259,417,291,322,386,427,416,32,417,276,481,482,96,417,384,195,123,464,901,901,168,161,129,386,305,96,176,227,929,385,416,385,482,481,128,205,421,449,416,425,549,422,448,181,224,385,416,420,291,418,513,421,257
518,853,852,529,789,580,709,404,517,529,913,513,533,597,788,529,145,775,577,541,1,525,1,519,593,769,593,629,525,784,851,593,789,197,775,641,529,585,517,657,577,908,860,769,727,849,833,529,853,917,49,593,833,773,533,777,773,516,593,144,916,661,581,592,780,909,576,853,529,772,595,597,597,133,533,596,837,661,615,533,529,533,600,793,836,797,860,597,540,580,577,581,645,581,528,581,521,785,525,513,857,768,533,789,785,849,593,789,917,533,533,532,789,581,661,584,653,81,773,917,853,597,773,529,628,17,529,517,533,816,541,109,785,597,661,337,533,589,785,533,133,528,784,525,853,577,913,517,791,609
597,881,629,94,637,85,709,101,246,87,605,86,593,597,575,596,252,629,93,247,630,85,613,628,607,253,117,85,117,117,93,45,85,605,103,599,633,603,125,596,629,53,629,639,637,127,85,375,612,115,636,637,607,1009,625,125,631,637,85,723,633,639,85,633,533,117,113,101,661,92,565,117,117,597,636,607,629,119,94,117,733,631,633,597,639,629,631,85,181,33,753,117,124,79,629,53,629,597,117,101,245,598,565,633,583,567,117,629,725,94,85,84,565,597,605,583,93,863,87,115,255,84,631,85,639,109,113,118,255,127,639,93,115,567,61,861,93,661,87,237,85,93,117,69,633,119,28,109,103,69
970,790,715,873,714,844,719,330,770,834,970,714,88,970,324,898,390,970,841,971,106,330,366,199,748,803,298,558,458,840,733,578,859,67,332,858,857,328,784,842,74,143,650,910,72,472,458,331,778,603,978,586,257,843,594,242,842,839,966,496,74,718,2,482,832,991,332,522,970,10,782,842,638,334,746,643,466,456,234,554,514,840,714,842,770,65,910,458,594,962,648,578,723,66,906,714,595,778,328,850,904,202,482,834,779,463,840,655,963,584,781,878,722,907,834,515,803,963,746,834,911,330,842,961,466,577,850,323,466,584,867,852,322,67,962,810,202,616,960,330,704,974,1002,576,513,602,524,512,586,714
260,770,262,454,390,260,260,326,322,260,774,262,448,276,262,264,782,258,772,294,790,358,132,262,390,262,324,324,906,772,262,774,260,804,292,271,838,262,908,388,260,260,834,332,998,898,324,392,256,262,4,7,258,256,276,455,518,902,324,270,772,324,262,266,308,779,388,832,772,334,774,846,390,964,815,948,386,282,902,774,260,262,902,791,390,900,452,262,262,644,262,324,418,324,332,260,780,772,260,258,258,262,326,260,774,774,774,836,862,911,966,262,332,262,342,774,7,271,774,262,326,396,790,264,262,260,774,388,836,774,276,274,262,454,970,432,324,260,262,388,198,452,460,386,768,772,262,70,330,78
952,0,169,176,160,441,240,176,305,161,700,56,136,166,440,688,688,672,184,32,241,176,161,224,144,56,48,744,692,160,145,56,689,184,168,956,32,168,700,432,32,945,160,176,696,152,248,184,176,436,176,432,184,48,696,952,184,696,180,156,416,160,144,696,680,56,184,176,184,176,208,424,168,689,753,173,424,56,160,184,169,688,673,128,248,48,432,248,928,184,8,560,176,164,160,184,688,185,680,688,440,169,160,184,944,40,440,185,689,160,160,696,168,953,688,756,688,176,688,184,688,56,688,688,176,696,232,168,185,176,185,936,441,440,568,953,184,432,56,161,432,176,552,673,684,162,696,652,184,720
487,474,442,212,220,402,122,1021,398,150,211,223,411,461,407,409,506,427,329,410,986,408,403,474,478,195,215,408,403,394,257,465,83,506,471,222,349,386,414,476,41,136,407,201,474,84,349,922,459,477,210,456,394,731,409,207,907,472,1019,350,467,69,209,347,287,475,467,131,205,146,388,458,463,464,205,328,469,219,30,451,139,253,475,82,128,404,411,413,407,158,131,401,897,267,507,201,221,461,470,475,216,461,223,331,511,246,850,475,458,435,465,475,209,335,475,473,987,241,451,479,89,466,74,138,936,443,158,453,219,415,210,457,456,147,478,152,425,859,321,411,219,137,979,735,475,203,407,472,863,123
840,1002,857,984,856,878,1002,1000,844,890,992,856,890,1000,461,1002,904,968,776,591,970,858,872,744,840,906,858,890,328,840,968,844,874,536,962,475,1000,360,872,584,680,978,847,865,325,856,778,1000,872,843,1000,841,472,346,712,972,1000,840,1001,344,585,792,864,748,984,1006,1009,888,718,875,362,960,872,856,872,962,856,636,592,840,984,1016,842,856,758,968,962,1000,840,584,962,811,346,880,1002,874,988,856,876,840,842,360,999,866,843,857,922,972,858,840,858,842,880,1017,984,840,856,984,857,984,1016,904,988,1016,824,969,976,872,840,872,1018,617,840,1016,897,872,888,1016,976,872,670,728,600,1008,888,856,832,986,875,456
507,264,210,1003,474,743,155,168,210,138,250,730,499,122,858,475,1016,506,730,115,82,698,154,760,210,600,392,250,203,722,184,443,240,209,216,914,226,243,218,242,204,205,235,234,120,154,249,508,223,252,1023,506,478,142,248,136,186,88,253,235,90,755,18,250,187,250,714,472,203,542,251,361,475,248,250,666,250,120,978,208,218,426,937,472,186,237,714,221,249,498,216,126,234,158,200,242,328,250,218,158,154,474,226,154,658,683,475,168,202,511,202,675,752,871,381,394,938,168,506,201,218,207,122,457,250,186,240,490,50,1022,241,159,218,222,248,218,188,478,152,986,178,746,1000,336,251,474,442,379,826,250
170,226,694,242,226,683,243,752,695,710,658,755,179,178,174,737,226,754,118,990,754,162,224,755,193,176,690,723,166,738,243,754,250,246,242,214,198,754,82,642,446,514,234,686,32,757,250,198,614,490,762,187,115,254,67,250,702,374,698,730,682,754,162,626,1010,554,758,738,243,178,690,746,754,754,738,222,706,214,178,754,242,182,114,930,698,730,746,226,722,86,754,171,678,754,618,210,690,738,678,243,616,754,230,226,726,236,674,763,674,186,1018,682,642,742,146,242,238,170,227,194,234,706,762,746,678,936,58,696,754,734,690,766,162,166,738,530,254,82,754,651,186,106,226,918,626,746,159,491,626,166
14,578,714,131,303,861,585,525,349,9,9,778,289,329,617,583,73,3,13,73,15,9,519,601,330,521,280,776,5,544,72,2,555,78,521,71,77,261,399,569,645,523,76,329,777,14,15,65,11,264,73,772,79,617,523,65,582,513,348,109,521,591,534,585,71,516,833,587,770,267,1,364,9,29,5,523,517,297,61,73,577,73,17,5,45,9,776,524,321,0,15,75,842,15,585,777,12,589,585,57,525,809,75,73,13,589,513,283,13,519,799,362,521,14,517,41,9,87,584,67,71,521,74,587,331,105,13,520,325,9,67,267,324,521,325,9,522,569,45,808,553,33,606,169,28,524,149,73,5,71
685,681,939,135,29,525,287,173,683,141,652,659,651,171,653,697,520,154,473,397,557,429,779,697,653,943,937,571,440,781,77,909,906,941,683,397,139,681,297,909,681,269,680,641,603,577,41,665,936,938,671,649,140,685,397,793,137,557,939,429,169,649,777,702,409,431,685,655,555,687,793,697,655,939,941,145,771,393,653,161,675,649,653,296,920,559,425,809,265,72,523,802,300,265,137,555,553,520,651,399,200,817,152,141,525,701,648,139,909,955,654,655,927,15,525,558,539,905,424,175,653,426,652,591,776,698,685,575,25,649,31,157,557,188,37,397,653,776,948,670,188,906,175,681,875,427,925,89,424,681
706,706,579,625,690,838,704,576,723,658,899,643,579,752,728,545,706,643,387,675,659,611,657,706,721,131,70,595,995,339,128,579,721,64,706,225,539,133,706,418,615,770,451,545,721,659,674,594,130,322,961,195,193,838,195,161,39,341,578,963,519,599,145,192,117,645,512,3,519,642,641,707,642,32,18,434,131,39,643,582,646,132,65,643,691,210,721,709,579,578,594,705,82,646,705,293,195,961,643,130,643,17,899,513,707,643,579,738,545,704,595,193,930,963,745,149,643,514,194,706,583,131,705,192,659,707,659,691,675,147,643,787,707,705,433,864,643,643,577,834,65,65,643,642,147,768,3,642,691,706
654,780,190,430,399,174,686,943,940,677,942,678,399,815,679,326,934,246,406,814,398,902,678,431,298,359,141,462,284,654,908,942,175,398,654,429,430,423,430,175,910,439,687,142,420,1002,814,140,462,878,653,903,270,814,438,430,686,814,751,911,942,957,687,806,299,910,686,398,942,175,676,655,910,942,780,366,174,446,308,302,814,326,423,174,822,430,302,279,430,815,906,46,943,420,294,846,430,684,1006,901,942,781,558,430,806,782,935,939,782,910,478,422,47,934,174,62,430,46,175,398,935,942,14,396,526,935,900,686,942,430,430,298,900,909,943,302,900,316,879,687,782,174,738,443,46,902,399,803,670,686
269,256,480,844,896,768,969,408,260,264,9,778,877,266,468,345,78,412,280,867,796,448,772,860,925,393,450,414,968,922,778,411,964,969,965,937,808,461,476,989,471,834,924,256,282,984,449,796,781,153,331,397,408,425,828,268,847,986,335,479,776,472,776,424,845,344,271,459,264,769,265,921,910,282,390,473,776,29,411,780,828,769,454,385,793,396,397,897,461,781,988,907,392,408,266,461,349,793,320,981,326,333,265,806,973,460,301,776,316,990,769,332,964,981,344,264,969,329,414,800,840,265,267,394,280,778,338,905,349,456,452,779,345,876,267,398,280,325,73,716,904,653,917,771,265,392,420,284,281,393
1017,883,817,1015,887,491,979,1011,801,369,979,885,501,323,755,625,597,761,825,1005,945,963,1009,609,627,827,819,895,923,723,371,199,989,995,497,498,817,929,499,977,993,881,881,307,1011,355,501,459,1009,1011,735,995,851,981,514,795,755,343,497,759,1011,1012,1011,1003,963,629,1003,561,857,369,887,975,935,1011,497,425,887,987,339,311,958,1015,801,823,1009,1009,803,948,385,1008,499,969,977,595,217,883,1011,445,113,177,1017,937,825,507,893,947,1018,435,931,992,866,497,867,499,120,945,145,1018,913,659,1011,825,787,1023,883,499,993,929,497,499,883,1017,979,499,67,1011,467,723,1013,991,881,281,949,435,899,81,367,945,823,1009
364,332,234,866,126,458,323,483,322,207,333,998,323,322,102,386,450,451,226,378,374,359,450,332,330,359,474,323,459,354,331,331,335,490,363,335,385,366,511,270,467,358,363,376,337,70,358,870,329,322,451,335,322,494,890,370,838,450,323,111,450,73,294,378,386,73,334,451,326,322,509,227,324,450,335,270,71,359,458,479,403,330,456,490,291,455,335,107,343,383,1019,356,326,338,69,69,494,328,358,334,331,66,342,354,328,354,507,854,397,774,494,331,330,807,138,866,325,455,322,360,359,106,376,999,270,359,226,345,367,357,335,359,366,474,355,455,371,454,362,430,98,244,867,326,339,354,332,834,482,354
552,865,683,304,1001,59,925,1018,667,795,265,537,784,217,761,1001,1001,771,617,429,699,933,242,632,873,906,907,619,537,665,987,1001,528,557,786,761,601,752,747,744,169,849,889,729,881,665,177,683,825,985,823,712,633,733,633,527,851,632,921,957,616,825,863,745,941,673,745,1017,1017,993,891,707,955,699,675,569,743,763,955,633,681,761,907,595,563,603,545,576,121,1019,648,921,891,696,80,969,687,687,825,793,787,680,826,587,889,625,571,907,921,619,702,643,624,953,745,825,952,619,953,761,714,697,701,601,755,555,776,664,635,907,797,601,699,893,745,440,879,584,680,987,539,841,529,723,825,888,950,881,755,617
294,947,982,279,995,869,944,999,885,1015,950,358,499,867,357,883,374,835,999,486,800,833,439,1012,406,868,928,903,455,321,887,359,823,852,994,839,967,374,998,998,881,373,886,823,503,880,822,487,996,870,469,242,866,902,374,882,1012,817,948,866,818,975,485,867,1015,849,291,996,995,882,882,992,881,292,886,855,807,995,994,871,814,787,823,501,36,870,375,354,819,353,483,274,339,886,836,823,886,823,884,510,293,816,946,486,374,500,311,820,912,871,805,885,1008,371,786,352,369,998,881,1015,304,928,919,498,992,1015,999,966,851,1009,467,885,949,978,868,838,804,882,1011,1011,725,420,880,69,293,325,1015,293,994,881
148,153,394,790,923,826,286,62,310,606,402,158,282,310,186,179,406,958,50,422,410,664,438,58,639,818,916,54,570,538,276,278,30,438,463,186,58,498,906,987,534,954,794,146,403,278,50,402,182,370,914,530,58,48,410,274,702,442,414,926,286,398,431,58,774,154,498,503,154,954,162,432,183,11,314,475,442,698,30,318,411,159,412,159,798,830,150,923,442,318,442,430,794,950,950,414,794,446,414,274,954,26,284,410,926,134,270,630,414,278,574,394,182,498,922,442,287,442,946,147,159,31,274,304,311,442,466,155,158,27,670,668,282,434,378,146,154,826,58,414,52,58,934,414,406,348,438,258,447,154
332,12,20,540,797,13,541,652,600,792,588,924,661,537,532,284,538,140,540,532,845,520,588,660,528,540,521,712,600,536,540,525,664,796,908,656,532,524,842,644,540,605,93,529,520,157,532,537,540,512,601,597,596,536,28,92,580,540,596,528,12,532,28,860,861,732,20,284,664,612,588,520,588,540,600,768,668,521,605,135,284,656,589,916,604,796,796,20,540,668,540,136,781,76,524,600,24,217,196,656,660,604,604,540,796,792,652,604,278,924,772,528,540,605,540,520,669,20,525,656,268,282,540,584,540,540,540,528,664,24,12,536,588,324,664,656,540,536,20,648,540,540,604,540,28,540,540,588,720,540
3,115,17,595,211,33,49,17,13,17,531,3,3,771,101,81,91,67,67,121,75,65,17,1,1,275,97,521,259,515,323,643,67,595,551,121,355,65,513,1,83,113,275,23,593,19,83,69,66,273,667,273,19,515,17,65,69,531,15,579,3,513,547,579,3,579,347,81,581,515,3,33,513,25,67,3,99,1,19,787,101,587,69,21,3,91,23,851,521,3,209,4,531,65,273,883,17,259,35,577,19,89,339,64,513,99,19,3,725,65,81,339,17,65,9,209,103,517,513,83,545,599,111,5,27,19,80,339,538,3,81,577,515,611,979,91,67,17,579,563,65,19,523,3,581,83,3,23,339,197
900,532,30,790,543,788,54,798,734,700,148,660,647,533,726,628,522,562,159,532,514,214,158,534,526,286,786,798,604,524,260,274,524,538,606,525,550,775,726,536,693,772,781,156,541,542,582,696,796,522,589,524,30,940,94,294,668,566,390,533,702,790,540,23,917,524,646,756,850,6,6,532,564,542,28,540,84,540,542,647,791,14,652,780,734,60,764,518,572,6,148,534,148,670,150,837,927,791,566,734,780,652,543,540,540,542,518,668,652,76,572,536,896,518,156,538,654,572,540,4,22,644,518,532,564,567,22,534,38,798,284,604,542,518,252,847,542,533,540,918,540,532,414,68,52,532,28,23,541,782
417,929,425,913,929,929,33,3,429,549,945,688,613,533,551,771,549,801,737,161,145,555,935,801,933,419,1,801,21,677,995,935,931,705,487,801,547,677,721,645,837,682,947,935,641,763,789,801,583,775,803,865,160,929,931,5,741,801,935,131,417,417,513,577,289,547,929,545,675,931,145,421,369,641,629,161,169,908,867,691,553,679,899,931,933,151,663,805,679,437,933,673,129,803,227,137,679,897,561,35,931,899,385,545,645,741,301,160,679,673,741,983,228,929,933,691,419,783,691,483,677,673,947,679,803,673,515,545,929,515,97,645,699,934,801,801,673,167,36,935,165,545,417,679,355,677,547,677,673,423
574,789,854,21,575,287,439,277,630,19,167,831,799,191,53,945,181,403,311,831,545,887,821,565,532,286,147,567,151,189,891,671,23,307,767,949,62,567,311,415,663,601,511,383,791,695,573,657,31,541,575,565,575,917,661,279,373,36,255,405,668,663,692,551,917,61,789,155,791,959,821,901,516,443,807,60,797,351,39,831,855,541,541,693,601,988,951,827,573,725,703,435,145,945,821,190,703,701,53,679,317,567,1009,567,951,573,587,53,223,781,729,191,243,695,823,253,733,693,181,539,284,701,951,825,407,669,95,252,919,687,671,703,698,389,763,661,277,925,55,789,831,128,759,113,572,679,673,701,949,697
658,953,985,1019,984,984,665,728,217,727,735,1013,412,731,987,979,793,729,985,925,987,976,665,981,985,594,648,761,989,729,923,917,953,989,993,729,985,667,977,985,979,158,728,918,401,914,985,981,920,729,219,755,733,505,976,988,1019,400,415,988,499,137,729,977,729,1016,984,921,985,666,984,728,723,697,761,985,985,921,986,472,984,976,209,921,915,984,941,657,657,1017,923,747,200,987,979,729,732,984,1019,987,984,984,603,977,971,721,722,969,912,729,921,475,507,248,731,923,509,761,984,984,990,976,913,473,981,761,733,925,1017,976,155,979,729,656,985,473,761,845,667,921,731,984,985,921,921,473,923,721,760,953
452,430,900,396,934,452,235,385,700,430,749,388,390,396,678,992,420,228,229,180,422,740,453,204,932,775,394,899,398,462,420,166,391,942,418,142,914,268,870,384,998,396,133,510,388,391,399,212,900,799,480,485,964,965,234,742,324,740,996,902,420,256,428,100,450,502,998,416,204,647,388,74,450,982,1004,452,165,928,196,964,164,998,640,205,903,397,196,960,484,910,836,416,676,484,964,192,932,902,480,495,160,198,292,452,932,130,478,132,485,964,996,388,448,390,324,422,204,940,748,1006,164,396,226,133,128,506,964,140,452,736,968,933,134,420,486,908,454,135,462,772,416,449,902,920,388,910,398,868,996,805
241,625,510,503,439,765,250,227,976,720,476,912,373,118,336,862,632,376,116,763,432,635,882,304,884,116,1010,497,887,633,253,892,504,381,372,636,880,176,566,373,498,310,496,1020,369,829,124,371,624,209,982,1010,758,629,184,205,368,1008,208,888,569,500,31,434,99,763,182,816,505,890,230,190,253,766,881,894,500,762,223,626,305,756,241,174,634,368,244,822,152,241,732,115,883,464,240,592,186,501,731,56,632,174,368,882,127,120,925,763,120,117,382,304,1015,500,980,183,857,999,368,445,93,531,1008,224,238,29,1008,244,375,880,624,251,757,891,80,498,894,635,944,1017,253,502,49,927,725,766,123,241,123,246
243,208,193,736,154,717,737,200,213,640,744,713,704,721,736,761,721,704,720,705,722,721,216,224,753,241,720,728,755,761,709,729,225,753,728,705,728,720,765,241,721,748,752,721,721,721,705,704,648,722,705,720,130,713,192,728,689,209,704,744,704,759,713,704,720,992,704,721,736,736,720,224,706,721,642,193,704,752,688,721,704,220,723,752,217,752,713,704,752,243,737,753,681,721,766,721,704,208,689,196,728,720,217,760,713,736,754,208,723,704,729,757,752,220,721,233,235,707,746,721,724,712,97,208,219,704,240,720,704,688,714,729,233,211,705,756,721,708,212,721,720,720,217,656,224,753,233,752,805,753
599,644,230,598,710,678,742,358,742,743,879,547,868,618,578,806,590,577,774,583,806,647,742,550,740,524,878,516,647,775,609,704,646,520,742,971,612,933,743,520,998,832,620,759,935,782,551,740,645,998,614,260,526,708,518,749,710,933,911,749,740,518,708,621,742,710,774,996,556,519,644,709,644,999,565,740,758,1020,583,941,743,549,866,836,741,866,646,590,644,579,899,613,1014,740,231,678,534,678,870,660,966,965,642,517,645,647,966,931,580,582,710,806,814,551,521,550,807,948,740,739,998,615,998,517,589,917,550,820,892,589,839,962,684,582,518,516,710,770,999,514,783,838,644,908,717,518,965,878,707,740
960,384,800,384,920,392,384,400,912,768,769,146,896,400,833,770,272,641,896,912,386,385,521,130,384,528,913,791,386,898,921,272,416,912,920,258,384,128,906,898,904,400,274,976,400,962,416,896,515,144,656,161,130,661,912,256,208,386,386,384,896,384,130,770,913,386,914,512,896,384,769,896,768,770,916,784,912,976,896,914,384,385,768,448,384,784,528,312,896,640,448,898,898,272,512,771,640,408,900,166,384,788,912,912,513,914,401,896,450,896,816,387,386,449,784,145,896,396,946,792,128,986,896,896,384,657,658,403,384,720,784,656,773,977,384,384,176,384,400,456,384,128,896,392,960,912,897,769,392,402
802,751,998,694,556,676,674,214,684,562,382,702,286,546,650,2,686,828,866,624,291,802,492,358,886,555,168,688,550,38,102,560,868,54,502,942,242,370,621,574,498,694,946,754,510,742,550,956,758,174,228,678,840,330,875,866,873,36,314,886,100,950,686,890,354,676,678,680,262,999,678,111,46,98,804,550,188,110,678,238,240,892,943,742,742,996,694,615,934,242,542,914,998,678,742,750,703,934,574,866,566,935,224,226,182,838,628,1023,252,290,180,750,646,674,614,46,694,934,102,755,544,114,390,166,494,42,610,160,574,740,366,878,618,615,639,242,738,736,672,870,672,942,47,164,742,678,595,110,38,210
1013,765,404,692,196,740,477,756,732,952,220,252,996,212,1013,733,756,109,724,404,247,476,208,693,765,633,208,764,917,252,501,501,1012,753,1013,480,508,668,244,729,1004,245,252,1021,1020,245,884,500,245,497,992,1000,892,1008,180,764,991,477,748,700,255,756,452,724,240,1020,252,692,480,216,756,760,764,924,756,420,1021,882,149,628,1000,477,380,245,624,764,732,1012,733,604,372,157,228,1020,1012,1012,996,1012,441,765,1012,360,760,888,756,764,496,509,764,764,244,245,244,476,1012,252,1012,761,232,468,212,761,245,760,728,724,740,492,501,437,924,496,465,756,252,700,728,740,496,952,101,196,988,981,508,732,757,761,237,772
481,232,225,425,441,456,457,201,453,449,301,461,393,480,463,429,357,463,493,456,442,905,393,450,505,315,493,427,412,248,193,225,484,461,481,443,256,879,385,416,458,504,457,463,489,509,460,457,397,490,440,397,441,468,290,460,494,361,456,453,484,491,201,288,425,345,185,321,364,505,457,393,456,507,494,397,41,313,429,491,489,392,431,35,329,393,165,365,509,457,499,489,460,463,437,457,468,461,490,248,204,137,463,427,457,433,456,457,475,429,449,445,462,429,417,344,507,488,479,398,488,328,224,457,448,704,237,489,425,448,492,491,480,489,271,357,485,392,481,411,465,493,393,475,393,425,457,457,488,163
739,408,425,395,553,458,779,769,763,161,969,1011,611,931,932,483,825,744,682,1003,714,938,872,136,298,145,872,779,936,766,311,897,952,877,714,745,808,943,805,586,554,914,291,667,902,946,458,906,835,752,745,553,418,770,947,899,98,227,714,488,995,480,712,768,138,522,608,992,899,138,898,834,784,584,747,664,961,864,779,846,970,538,930,640,707,555,776,584,778,905,744,322,810,778,674,235,134,785,583,938,739,700,559,931,813,712,936,138,928,1002,552,962,1001,730,931,779,523,939,738,481,672,970,993,1004,899,211,776,995,899,706,256,194,641,880,952,683,521,546,32,331,928,775,520,899,905,674,800,811,809,67
407,167,929,419,679,493,815,323,303,295,299,39,741,559,163,47,421,687,951,934,55,291,943,803,679,439,35,295,875,931,295,289,935,295,935,291,995,643,163,47,483,163,803,550,807,935,307,233,931,771,675,135,931,815,673,555,421,165,807,487,191,187,675,1003,273,239,423,39,422,423,167,309,999,55,565,299,303,39,559,419,303,931,545,105,551,803,123,367,931,41,774,941,679,439,299,167,787,39,295,295,815,171,431,399,933,295,419,299,259,817,43,295,311,291,167,311,323,291,703,183,167,291,675,283,801,919,673,787,399,935,685,161,169,183,959,259,807,51,138,35,135,289,419,803,47,295,423,547,949,417
456,359,361,357,357,993,492,869,354,492,996,493,485,452,488,487,488,493,325,353,484,357,334,358,320,876,416,356,328,325,333,485,361,864,481,868,360,356,997,36,260,353,356,361,322,289,612,1005,4,452,356,420,773,325,260,481,877,485,361,492,360,868,357,352,484,357,869,357,324,292,481,493,109,353,358,359,333,333,365,493,364,357,484,357,480,326,100,361,484,394,356,357,460,869,356,352,356,364,365,357,997,324,381,356,868,992,996,353,453,321,321,486,417,356,365,326,356,878,64,365,877,332,492,455,356,332,357,365,236,972,364,451,360,452,360,800,493,324,484,487,481,485,356,488,452,832,376,100,228,868
910,918,22,918,897,807,831,786,690,640,774,790,946,594,690,910,182,822,782,838,782,806,774,916,890,944,918,918,144,898,278,954,898,810,898,806,310,822,306,782,910,934,662,954,952,804,710,170,638,1018,286,826,404,958,882,822,946,786,526,516,166,530,406,530,18,916,914,776,278,560,278,774,914,150,928,916,790,658,346,414,6,288,920,774,806,446,390,918,308,398,406,790,258,368,438,794,788,930,806,390,926,942,690,948,866,804,780,430,398,666,918,112,438,134,190,790,422,804,534,786,62,402,666,822,800,388,820,402,404,946,694,558,806,390,894,946,898,942,138,854,146,180,774,336,400,470,946,642,919,806
540,829,525,892,860,588,376,537,861,856,846,348,344,874,844,877,888,638,856,889,605,72,797,841,601,989,733,841,889,600,860,857,963,847,861,971,793,893,862,991,861,857,872,859,856,861,857,860,586,615,78,376,773,584,596,616,849,351,796,859,623,760,856,893,862,825,604,849,521,889,765,92,600,586,861,840,840,600,892,876,856,805,889,890,776,636,604,421,858,860,847,877,895,895,876,638,793,859,521,841,540,920,569,859,521,859,984,796,860,728,589,893,120,873,839,581,589,857,589,832,780,861,606,88,76,605,712,793,284,552,584,847,536,858,846,860,973,860,845,797,877,797,812,797,782,639,684,333,989,941
386,487,517,582,70,678,38,709,694,642,34,724,199,658,802,34,935,115,198,978,716,679,707,722,579,455,67,258,710,736,716,599,707,738,678,806,167,643,966,135,834,979,514,646,711,678,146,130,103,518,174,133,234,135,390,679,790,650,742,233,708,902,674,162,66,774,151,519,710,870,838,194,646,34,38,34,87,706,387,722,647,550,647,679,706,706,738,99,438,594,642,642,134,2,519,150,967,135,515,519,82,726,678,327,846,527,995,518,674,98,646,742,518,871,707,164,966,519,711,130,70,706,86,318,735,67,934,706,998,87,310,722,678,663,678,646,742,198,646,576,706,546,967,582,516,640,326,742,862,727
717,111,485,589,549,749,623,607,109,237,109,717,209,580,325,877,77,717,5,836,877,717,719,717,583,77,589,719,836,813,333,719,615,973,333,965,109,749,541,709,191,758,79,206,846,655,749,332,765,109,197,715,749,965,205,715,589,591,229,751,221,589,77,847,1005,197,69,615,591,609,717,615,581,981,591,252,231,109,685,719,735,557,77,79,591,525,167,581,973,621,623,589,613,591,717,71,749,715,581,517,845,581,589,717,719,604,961,973,589,973,231,111,591,589,741,716,620,717,615,735,463,581,719,460,975,198,205,581,589,725,581,585,1004,845,1002,653,253,611,717,613,589,493,733,590,71,845,973,197,175,645
106,75,186,506,10,62,746,234,186,251,650,30,58,130,138,842,774,6,866,634,110,106,186,78,668,94,90,634,250,271,178,578,440,72,614,122,746,580,155,755,410,350,95,125,107,622,634,122,617,106,821,98,66,379,42,635,746,618,302,122,70,358,650,846,250,26,46,110,250,110,94,98,266,634,179,44,762,254,298,362,187,254,542,639,371,242,634,40,206,190,251,146,488,239,122,170,142,610,242,510,186,890,126,98,522,106,538,890,58,98,335,598,750,314,978,186,763,186,114,378,602,126,126,254,554,559,353,446,122,251,14,858,186,110,210,234,219,106,623,636,638,190,254,110,750,234,330,200,715,106
437,880,1008,839,400,976,944,828,304,922,548,880,944,628,882,976,792,880,992,1016,498,824,854,1008,852,848,880,472,372,884,818,816,882,1008,782,790,1009,888,1018,1008,1016,984,824,892,816,272,914,1016,950,848,888,976,848,977,858,888,880,818,930,976,304,948,884,822,976,976,368,48,828,804,954,1008,1012,1016,888,1008,788,784,848,882,638,950,476,984,850,496,820,787,980,884,880,880,848,784,984,880,952,816,977,792,1018,436,923,1008,816,916,788,818,947,860,856,849,1020,892,944,860,784,788,984,890,496,948,784,984,1018,306,978,1014,912,945,924,884,760,312,982,1010,884,855,340,464,888,976,1009,992,880,273,1010,784,1008,894
509,169,429,683,685,137,153,677,137,172,133,520,749,157,173,953,141,733,189,922,701,537,173,255,157,13,143,169,589,238,941,255,237,173,169,731,445,905,189,141,141,653,157,125,443,137,765,253,31,169,139,181,687,173,153,701,700,537,169,505,201,137,139,697,216,168,141,909,813,15,697,540,396,393,485,649,649,189,184,653,69,57,205,165,653,425,377,703,139,645,172,29,521,493,668,249,729,441,716,655,31,521,857,183,157,696,665,941,669,173,456,221,665,665,653,705,9,61,221,57,233,665,489,141,701,749,653,265,908,425,540,29,1019,685,141,157,489,253,701,173,141,169,665,137,925,521,253,188,169,680
14,630,534,555,589,324,515,103,538,615,757,555,643,38,622,614,512,39,4,1,359,122,98,616,36,106,117,110,570,556,706,195,105,146,512,70,102,566,672,234,47,230,70,120,215,603,546,610,619,594,195,100,143,517,561,621,550,7,195,550,583,674,308,546,531,363,553,1,556,763,623,519,659,699,99,622,107,513,19,618,106,603,577,97,594,98,578,71,546,748,102,614,32,615,590,546,591,515,608,7,555,621,740,358,627,613,103,560,562,900,631,606,567,578,562,618,47,630,679,564,765,635,757,546,287,104,679,96,93,743,591,50,116,858,330,235,878,631,262,172,40,620,544,110,576,300,770,567,609,550
748,916,252,341,1004,764,897,740,244,908,558,956,749,172,254,988,990,204,694,236,589,430,908,430,495,236,485,1022,494,694,397,749,908,815,700,668,676,680,556,748,972,972,910,236,492,660,1014,1003,436,766,1014,940,700,1004,911,744,1021,924,910,701,207,1004,941,972,52,396,476,490,1007,253,461,765,808,500,572,740,959,509,998,989,564,174,476,188,508,646,935,493,997,974,692,1013,703,428,933,684,229,77,509,765,1020,1006,700,716,148,1004,488,989,653,476,942,1004,724,878,716,253,684,428,734,942,476,941,495,692,430,940,942,229,1005,933,700,1004,996,1014,429,460,740,429,188,396,1020,940,710,444,733,492,636,429,229,980
824,420,501,465,468,253,604,501,401,456,440,176,222,92,492,473,440,382,440,998,253,440,505,493,177,156,460,453,506,920,508,504,504,442,208,144,920,254,317,219,200,171,484,901,508,500,440,408,481,252,185,508,468,177,510,145,502,441,501,504,501,277,442,477,502,504,505,252,185,426,500,501,280,477,442,496,509,456,477,468,445,156,733,509,479,468,473,177,177,400,477,508,504,476,596,425,507,205,229,909,508,477,413,489,254,473,1013,344,936,500,248,404,464,464,349,505,381,440,509,245,1017,221,472,433,213,1008,446,253,481,509,509,474,237,497,477,504,1020,117,469,504,509,500,473,442,432,476,847,409,496,445
163,1011,1015,741,1011,739,933,992,992,929,997,931,935,935,1002,451,867,931,485,995,993,999,993,995,993,1015,1005,999,993,931,866,683,1005,897,418,747,994,762,739,502,939,933,763,679,999,1001,992,937,1005,999,751,999,741,480,673,225,1015,995,931,935,996,738,945,992,933,339,675,995,998,1008,934,1013,641,875,679,739,931,992,743,996,994,487,761,935,755,995,931,483,1015,993,903,931,753,750,996,930,998,999,805,962,806,998,867,672,1005,497,934,929,997,677,903,482,1003,739,932,931,1009,999,673,935,995,761,931,931,931,934,995,999,707,931,951,997,995,1014,993,995,931,944,935,883,997,1011,1003,994,993,1015,1009,1015,993,933
701,684,654,204,36,173,45,45,180,681,733,175,941,669,185,781,425,408,189,169,415,143,697,511,684,28,152,170,541,168,525,693,317,828,57,701,668,173,44,521,41,655,72,413,441,45,925,141,140,189,669,905,444,141,152,669,57,141,217,665,397,173,187,685,665,255,185,189,53,685,141,137,685,156,683,649,927,43,699,653,175,649,155,169,683,987,684,493,649,457,525,173,556,141,29,157,125,141,185,701,670,405,13,408,557,221,665,825,153,173,921,781,925,813,445,141,959,157,137,649,664,904,908,59,136,941,189,669,141,136,173,397,429,669,447,445,29,653,169,185,189,172,269,653,133,905,431,731,173,157
354,619,631,107,47,650,166,66,110,548,613,524,610,554,590,550,514,555,644,33,2,563,747,618,112,556,517,583,230,15,39,556,596,550,227,199,203,634,590,110,4,14,555,39,107,163,746,519,615,710,79,621,73,738,672,558,207,34,562,106,69,230,514,803,102,630,611,546,51,637,521,103,639,622,583,554,548,96,567,614,739,538,679,115,98,618,618,54,678,101,659,690,513,622,583,114,619,580,579,234,738,622,609,583,514,30,151,627,230,553,580,39,514,32,517,615,41,783,42,518,612,65,590,738,11,611,554,616,549,558,578,139,598,615,227,236,590,97,103,96,942,741,617,5,611,826,54,615,619,95
493,228,686,908,364,445,493,671,462,621,492,524,222,940,748,493,1004,902,972,678,511,900,157,700,716,484,1004,428,652,958,238,744,493,645,428,684,428,460,492,508,404,908,204,924,230,700,748,669,478,1006,670,396,493,549,718,460,204,484,684,412,1021,396,885,1004,932,460,957,749,732,420,908,494,444,750,686,749,198,460,932,716,1007,484,398,1004,948,444,740,1006,492,412,694,428,239,684,768,677,764,1005,133,396,430,494,236,462,1022,460,996,462,956,1022,716,510,228,460,1004,508,972,1000,940,740,1004,684,678,460,509,1012,959,420,1007,750,447,1022,1005,388,750,716,484,985,220,1006,1020,956,164,228,958,940,399,236,172,1012
445,438,120,373,372,383,1020,506,217,496,504,506,432,721,500,348,213,503,492,373,496,350,477,494,236,508,502,477,444,252,508,1016,476,489,400,249,507,501,501,508,188,500,219,300,508,445,508,1020,478,508,438,440,501,505,420,184,253,444,437,146,476,184,444,444,508,503,504,500,477,501,121,508,1012,508,304,308,428,216,437,169,340,92,497,473,380,436,377,483,464,221,429,680,220,1020,245,52,304,445,445,476,184,156,373,501,217,468,484,506,508,441,408,254,442,164,421,506,509,509,500,509,444,213,380,424,469,500,225,432,444,509,509,234,501,377,476,489,212,460,424,233,504,444,453,508,692,500,487,477,509,509
982,937,1008,743,999,499,943,1013,675,679,947,963,481,1009,1007,1011,751,993,933,997,928,939,869,431,765,945,427,947,994,685,994,1015,929,483,931,447,995,419,1011,945,1011,1003,1007,935,997,439,482,993,1006,1007,935,743,1011,1013,745,934,1019,423,1007,945,931,949,929,1008,695,935,1020,995,674,929,995,682,753,931,503,482,1015,491,998,1003,1023,945,993,706,931,1018,1017,932,233,1015,999,935,999,675,939,999,999,993,947,994,737,675,992,739,939,995,999,995,937,673,995,741,738,1011,439,753,939,738,758,741,995,995,999,1001,487,995,801,819,1002,1011,935,996,737,1013,947,947,995,935,737,951,954,931,930,999,1019,931,1003,995,675,417
180,469,661,755,693,708,726,944,660,693,165,949,195,642,533,55,902,692,597,208,821,276,599,658,255,598,691,390,701,180,614,165,628,132,691,325,1014,695,661,183,725,688,694,912,164,854,645,717,199,831,727,249,756,549,980,788,660,629,916,757,709,722,148,156,125,358,660,644,20,117,692,514,981,901,150,149,705,438,420,784,22,995,980,390,693,916,382,151,148,724,725,916,597,68,468,660,533,628,822,513,212,160,924,1011,960,796,176,531,48,36,148,401,644,406,501,677,277,532,724,820,565,725,567,644,692,838,244,196,252,949,645,735,1012,215,501,661,725,208,246,732,980,146,660,915,948,436,410,629,693,309
26,570,18,698,154,154,154,26,62,696,154,24,58,102,554,86,562,34,570,666,62,26,314,150,58,186,186,690,542,698,26,306,190,30,146,314,650,570,50,530,154,188,762,314,154,666,58,154,50,562,158,666,258,58,666,570,702,154,58,666,286,42,530,574,682,538,538,26,650,514,138,58,50,682,58,670,58,26,18,42,570,122,58,28,74,698,58,26,26,178,58,530,26,698,154,114,58,158,435,522,570,696,650,186,810,18,666,56,42,702,186,282,30,186,18,2,26,218,2,218,50,542,152,954,666,146,26,408,58,30,490,570,58,26,830,58,58,762,826,698,538,162,154,74,138,154,698,554,162,574
653,717,649,521,328,903,668,940,645,709,909,680,673,905,964,768,653,909,521,808,908,909,640,645,713,905,1001,649,649,904,975,1005,653,641,909,650,687,655,900,990,907,649,396,936,713,649,640,653,905,745,580,816,684,957,717,520,907,908,969,908,665,655,645,714,718,972,781,909,841,964,683,668,714,684,907,705,589,287,557,649,641,904,980,716,648,649,733,747,685,515,681,905,762,927,777,397,653,712,933,941,905,522,905,553,910,907,925,652,653,653,905,926,652,937,550,909,908,905,641,900,906,904,521,641,653,138,793,157,909,717,905,907,520,969,909,649,973,648,644,909,648,901,917,991,137,1000,921,648,909,653
326,850,851,626,82,786,342,330,320,790,890,850,834,838,834,834,32,280,322,899,482,338,834,66,322,499,976,338,832,914,322,832,338,322,866,274,336,887,962,474,338,338,850,790,578,866,322,322,343,850,338,322,354,472,210,466,482,850,194,338,354,834,786,338,322,450,344,322,962,786,66,83,882,866,834,338,598,866,84,338,838,887,82,850,338,274,787,280,323,322,832,83,66,258,400,579,850,339,368,868,579,834,498,322,578,338,832,322,106,890,784,274,851,978,850,770,80,658,322,336,98,850,882,850,850,80,786,80,322,83,835,338,370,834,770,482,378,450,834,834,322,266,594,274,219,466,338,836,856,848
1005,801,865,813,933,305,928,877,968,939,881,933,641,811,813,780,903,813,893,421,941,941,487,761,937,905,769,869,932,1005,973,809,424,865,785,997,1002,813,929,809,933,937,776,777,801,297,521,909,357,265,777,905,1021,845,873,873,813,897,477,935,877,813,933,941,941,904,908,929,1005,829,865,952,961,685,815,909,841,1005,929,804,429,908,812,805,997,925,777,812,973,429,681,893,461,881,809,837,1007,867,813,768,841,769,869,957,1004,1001,845,781,1005,941,933,793,941,897,1001,1021,1001,805,937,809,781,396,940,929,811,844,881,933,777,813,461,680,797,813,965,905,361,877,773,861,934,773,941,813,624,865,805,877,873,929
849,962,275,346,786,843,343,979,921,401,849,977,981,848,976,347,789,976,963,322,338,816,272,113,374,275,987,401,851,820,858,338,851,849,601,795,965,90,403,465,849,401,338,978,787,883,978,465,261,913,916,275,848,897,286,913,721,851,272,857,338,848,921,375,792,275,795,883,464,307,963,593,467,247,345,337,881,1019,857,575,341,986,279,851,881,273,339,914,977,1015,978,113,498,977,465,989,283,411,370,912,881,857,848,339,787,979,371,337,790,848,595,1008,792,16,961,456,913,977,799,848,467,978,386,281,274,786,817,987,282,784,503,659,923,340,915,797,571,256,339,339,343,795,343,845,787,850,789,342,913,774
335,423,327,803,303,883,871,431,365,367,935,103,322,910,359,423,43,431,942,483,807,867,423,457,455,355,875,879,871,481,463,1007,499,423,491,427,319,351,455,383,551,431,815,839,879,263,879,266,459,875,363,419,943,366,839,311,367,355,871,419,807,299,367,411,359,323,415,71,783,486,367,943,847,418,79,327,431,367,875,387,459,355,455,431,335,391,615,259,319,379,323,935,461,291,355,325,471,365,359,847,879,495,303,873,783,302,879,279,291,495,903,879,779,839,995,422,11,303,871,867,871,807,851,431,367,331,871,335,839,971,363,299,361,391,567,435,367,807,399,327,879,263,322,971,339,271,845,875,327,911
718,732,976,476,750,718,414,490,334,236,711,238,965,719,970,452,706,1020,990,1020,714,730,1006,639,595,474,1022,475,990,474,974,474,924,477,731,975,860,603,458,142,223,220,1022,398,750,734,734,472,471,477,974,206,158,514,252,876,202,734,460,456,479,974,478,226,967,990,456,202,718,846,254,970,154,984,639,320,462,712,78,603,730,462,490,332,986,248,974,970,718,719,458,815,719,982,734,766,362,1022,382,494,122,975,972,732,716,750,750,460,762,1023,588,987,506,94,734,1002,856,106,510,972,843,451,586,462,984,332,232,974,463,1018,991,476,987,984,878,506,750,334,990,459,750,990,926,206,938,719,718,924,222,494
795,967,715,587,833,795,539,795,267,649,552,587,907,523,587,971,595,1019,793,587,897,809,907,571,799,955,11,779,795,11,523,713,779,73,777,331,891,655,843,907,537,969,515,843,715,538,899,769,970,713,539,587,714,11,11,835,555,777,587,578,795,779,267,299,835,843,987,843,859,843,771,859,539,521,859,979,826,843,843,539,729,779,779,579,843,843,779,971,779,969,923,795,539,619,651,583,969,835,347,59,523,11,699,841,841,331,779,523,777,835,523,843,539,619,587,907,139,123,779,587,795,523,857,971,523,587,523,266,843,587,778,635,779,523,705,777,649,875,825,143,7,515,457,841,971,523,523,587,619,257
612,612,612,854,756,986,885,256,875,877,874,628,866,886,752,590,706,884,870,101,881,888,891,816,891,584,633,590,495,807,632,124,855,894,612,580,716,626,819,876,496,118,524,852,966,846,864,1002,604,552,870,845,882,580,609,1020,895,1018,638,986,993,549,864,610,676,1015,844,847,1000,628,614,871,608,851,579,878,835,977,64,578,998,864,1020,880,532,520,879,836,634,628,610,978,1020,713,834,610,880,598,836,358,121,596,564,868,873,608,870,893,337,894,836,849,359,856,773,869,855,832,844,1004,864,975,870,848,868,72,788,867,552,976,865,621,894,838,880,812,618,995,612,858,753,864,964,872,865,881,577,620,625,868
159,410,152,462,158,266,478,446,134,184,414,282,443,268,14,222,438,30,156,446,174,414,922,412,414,348,298,427,158,399,190,420,286,650,414,262,410,494,414,350,186,146,406,414,414,410,412,478,478,408,314,414,414,286,454,287,158,414,412,510,414,478,14,255,430,142,366,511,158,413,92,158,398,282,474,141,176,142,144,476,407,414,154,222,414,222,62,408,222,134,30,438,414,414,411,158,510,188,500,30,446,438,284,286,798,414,140,412,142,30,356,446,414,270,26,150,408,286,414,30,254,462,328,278,412,444,350,223,474,318,446,410,286,410,198,470,410,138,158,292,430,500,446,398,654,510,412,286,286,446
578,320,707,610,866,418,610,832,194,864,883,352,712,738,962,3,705,98,866,194,704,362,674,736,834,946,594,243,578,833,611,931,866,578,995,102,963,963,712,994,739,834,883,610,832,226,609,706,579,867,616,323,995,994,354,962,354,976,195,674,864,867,628,747,226,642,608,322,290,64,592,449,994,193,866,595,739,610,355,994,483,706,451,593,865,379,448,833,995,960,67,1010,834,883,704,962,627,706,864,968,994,866,322,818,499,864,883,450,995,738,483,594,832,832,835,112,738,482,449,419,102,482,480,355,514,614,832,995,874,832,482,994,962,962,354,995,194,577,880,960,834,834,866,738,834,1002,322,994,710,866
871,615,551,15,551,45,631,79,615,85,55,55,719,615,69,34,615,293,38,677,71,533,79,127,247,47,829,373,373,895,33,101,293,295,103,71,589,835,863,831,535,365,551,103,812,287,39,774,103,567,519,579,550,631,37,621,615,238,311,268,95,108,773,613,309,69,879,381,622,6,39,71,613,34,310,7,870,103,45,877,37,631,795,23,335,583,805,551,39,623,551,383,782,518,615,125,69,53,813,167,822,108,623,621,359,294,863,565,875,295,551,613,557,7,357,621,751,614,359,597,551,871,677,615,343,53,631,103,563,517,39,708,39,359,38,603,615,565,771,197,287,47,48,39,743,71,319,327,55,879
826,916,946,266,652,483,780,822,772,1012,794,404,604,410,950,284,924,798,798,926,316,860,540,574,913,828,604,156,780,846,936,922,276,792,152,956,33,444,792,318,916,828,570,460,820,660,404,854,952,964,477,780,256,830,399,668,794,780,628,980,836,664,444,988,656,346,180,748,980,784,524,664,782,768,926,446,918,412,944,972,908,540,908,980,822,820,954,316,122,540,776,948,924,845,302,538,268,862,936,940,532,700,976,412,984,920,532,236,304,470,830,702,406,508,956,828,982,528,720,790,980,810,916,796,756,88,924,664,908,926,924,796,916,924,892,862,636,926,956,666,790,796,790,878,664,908,908,222,830,816
942,403,243,250,499,451,451,993,425,823,510,467,497,443,439,487,723,371,373,499,755,496,435,51,417,307,418,431,244,483,452,467,434,507,943,499,485,482,441,196,179,443,163,419,226,416,387,387,243,483,499,507,689,435,435,492,959,1011,439,499,176,403,997,481,481,1008,162,1015,391,434,432,601,499,498,467,435,499,306,495,498,499,253,483,1014,978,503,497,483,435,224,451,419,435,483,690,467,481,179,1010,247,323,509,416,963,509,96,931,497,209,499,169,401,976,885,959,720,403,881,163,499,1006,416,753,497,483,495,483,160,1011,496,453,486,499,419,497,955,421,503,481,451,497,979,1011,433,475,483,467,439,387,498
687,527,591,515,675,601,699,543,719,555,551,631,811,545,575,619,699,591,1,515,687,19,531,51,995,515,609,687,155,607,675,673,619,707,555,555,271,687,683,63,643,547,553,15,557,679,207,687,59,43,751,547,547,675,47,555,683,143,575,655,681,701,749,159,157,95,565,775,667,545,659,719,573,641,41,523,623,47,635,643,523,703,241,43,555,3,523,747,521,39,667,647,15,247,651,555,583,699,199,903,687,603,225,887,867,747,523,35,141,821,963,947,627,75,651,767,597,57,579,523,713,807,591,317,619,547,563,659,575,431,15,457,755,599,639,671,721,527,709,679,107,719,743,551,547,743,75,653,75,607
196,198,583,452,705,711,901,711,711,196,712,133,709,709,577,707,581,581,197,711,709,578,711,192,71,71,899,69,325,711,711,325,965,195,709,455,69,965,708,710,965,705,740,581,711,709,709,719,709,708,198,199,581,967,711,645,710,5,965,7,708,709,837,709,966,705,199,197,997,197,196,215,582,708,708,711,711,967,706,709,645,69,7,983,963,197,580,196,583,709,197,581,196,199,709,711,197,247,708,582,197,292,583,679,710,711,68,711,711,965,581,583,709,69,199,711,583,709,711,708,580,708,967,229,709,709,710,196,325,65,583,965,580,709,197,197,711,717,580,581,969,839,711,197,199,581,581,704,229,709
1015,115,54,484,534,49,123,823,486,635,53,294,563,822,851,565,806,821,71,933,358,895,913,39,52,55,946,891,887,757,805,567,893,518,630,958,247,959,229,518,87,295,822,754,695,630,883,214,692,38,551,103,342,610,951,818,1021,564,54,372,374,931,610,535,23,534,114,569,289,1015,246,115,455,375,758,39,887,374,544,679,629,499,628,757,567,191,895,49,526,51,439,295,1022,820,695,290,790,695,533,309,1010,112,823,823,21,759,310,431,691,639,819,887,1023,311,820,566,786,935,118,307,631,566,887,871,627,627,119,887,761,635,619,626,535,882,881,624,534,598,822,243,1015,759,54,882,886,311,96,177,639,737
799,9,842,30,346,75,602,75,330,863,782,795,350,857,616,284,335,333,79,330,266,75,78,334,313,90,600,334,364,809,78,332,345,14,590,587,10,90,607,11,350,863,330,463,539,843,335,330,92,378,79,95,783,268,330,847,607,797,78,14,795,527,524,335,478,845,74,586,270,586,94,363,587,346,330,362,351,269,72,10,463,270,633,847,590,75,345,331,331,350,78,527,843,579,328,72,366,9,842,841,266,76,349,589,78,603,335,91,584,778,813,379,398,74,329,123,332,335,588,604,15,270,75,590,90,14,287,523,287,95,478,334,14,91,28,841,364,522,9,344,27,94,111,76,75,590,316,79,271,127
281,29,73,213,1,805,9,425,28,141,221,925,533,409,157,852,81,145,737,140,248,16,536,85,180,96,191,668,769,665,668,925,213,75,16,29,533,5,281,949,49,153,133,957,157,8,21,797,565,589,573,182,4,136,400,569,917,188,785,660,165,793,537,541,693,529,16,209,129,604,664,40,153,1017,201,105,60,557,33,413,5,273,57,949,193,296,69,90,145,12,9,183,413,141,533,4,141,24,145,144,145,252,217,608,114,276,12,540,536,17,148,28,541,661,17,149,181,72,529,677,745,173,21,84,157,645,952,157,657,517,581,664,140,92,325,81,695,549,212,36,765,53,29,221,669,525,663,660,161,753
468,464,215,497,978,432,208,432,465,980,485,469,497,469,448,192,401,976,469,468,481,466,448,464,346,338,464,22,194,387,455,448,962,404,912,210,403,388,465,466,467,464,983,465,384,978,336,464,384,401,144,403,465,306,497,400,464,467,449,448,388,448,468,464,917,450,208,210,464,466,464,464,469,452,465,480,196,470,449,915,82,404,928,224,192,484,497,976,912,192,466,400,469,400,404,146,464,470,129,448,146,396,464,144,464,466,412,198,466,976,976,436,339,448,451,976,320,449,410,464,465,208,385,208,210,389,465,453,211,470,721,147,727,597,320,706,467,912,213,401,913,336,470,468,977,209,912,436,913,469
5,921,308,140,277,285,269,293,805,805,45,260,29,341,300,21,436,309,559,61,277,293,772,541,36,5,293,348,76,342,284,148,349,269,125,21,317,36,309,423,277,861,797,68,317,29,4,797,316,292,93,21,260,660,260,13,813,261,52,12,420,44,285,269,101,276,1,405,405,645,317,293,357,869,537,5,564,804,133,277,284,845,421,164,5,29,301,301,4,269,5,428,325,269,381,348,101,300,557,549,261,573,405,4,265,269,12,781,820,276,279,540,340,21,69,269,389,53,285,173,276,349,276,12,277,277,301,780,420,141,277,285,524,204,23,173,925,44,541,388,13,62,269,428,261,445,261,781,445,789
856,773,863,533,837,95,405,591,861,663,589,607,581,781,527,599,517,583,517,77,862,341,581,839,257,585,837,29,785,847,513,6,461,781,23,773,599,341,717,853,854,517,537,533,471,148,453,532,916,597,589,541,285,859,581,593,541,597,785,597,651,909,855,861,791,853,599,773,905,781,533,597,533,133,853,853,981,516,595,349,797,852,275,577,717,529,885,325,515,789,861,845,775,979,583,797,455,517,777,69,597,577,285,927,797,156,663,837,21,782,516,853,325,853,197,21,541,269,853,277,542,29,341,785,775,581,596,781,789,845,857,597,853,599,854,860,525,277,93,853,839,533,348,837,593,583,837,849,269,581
98,48,392,288,162,193,196,224,164,226,36,130,97,33,160,608,170,102,0,128,96,480,356,34,40,240,0,32,224,96,480,416,226,228,704,224,482,224,133,320,230,134,162,160,40,292,0,192,100,128,164,136,162,4,384,416,160,42,36,168,128,96,68,164,192,384,130,224,128,128,186,168,32,5,168,68,8,136,0,72,136,12,160,200,160,136,480,98,116,288,162,6,130,426,0,128,226,128,164,128,356,192,42,96,416,102,96,0,224,128,164,160,160,384,32,234,192,129,160,132,160,356,128,132,100,0,8,164,134,0,128,160,68,160,139,234,2,32,0,420,294,288,160,36,32,132,228,196,128,160
317,423,309,311,703,823,353,316,305,572,455,953,357,317,823,821,45,125,692,313,804,523,829,821,37,318,943,5,53,301,276,819,317,997,636,789,45,869,431,317,435,445,197,45,815,175,573,319,959,459,849,41,555,303,294,179,919,397,893,53,425,53,183,271,556,877,85,36,277,819,293,769,806,565,317,783,429,269,294,55,431,959,237,309,827,52,699,407,647,821,828,265,573,647,614,309,279,357,687,277,55,437,509,289,405,311,191,485,51,421,101,143,788,421,695,293,514,781,472,47,861,317,183,165,165,373,1,500,45,301,39,309,53,804,429,565,1021,547,503,933,303,811,101,175,829,7,36,294,419,439
895,367,876,840,863,942,635,847,47,436,831,814,879,1005,556,846,303,556,810,862,846,846,598,74,827,589,366,671,879,991,975,586,622,638,45,846,139,335,893,844,958,861,70,841,830,814,541,846,829,591,301,878,972,445,846,799,892,108,876,715,876,93,205,175,811,936,367,879,859,877,798,815,829,637,971,895,938,623,895,637,430,958,877,807,348,540,830,750,606,590,15,349,847,623,269,989,685,894,766,877,870,526,591,969,890,588,728,862,860,540,332,623,861,846,846,349,863,860,631,876,735,862,831,623,842,575,810,565,511,873,461,847,943,798,869,877,94,332,845,572,845,836,842,782,845,1007,621,447,878,458
762,706,242,235,986,227,386,473,115,990,231,210,419,205,242,970,369,403,467,906,210,482,226,965,56,451,211,994,458,459,490,1009,746,137,418,1022,719,977,1003,882,355,1009,975,51,243,1001,754,1000,763,971,746,248,714,255,463,243,413,585,229,995,186,446,745,747,690,465,490,1006,984,238,987,65,339,671,945,938,737,423,467,995,241,251,738,207,146,155,739,732,964,1001,454,457,1003,205,455,941,1003,401,651,434,198,387,995,196,430,247,965,714,455,458,881,505,211,458,229,498,151,491,483,203,483,462,506,761,734,455,995,998,1022,868,226,212,617,1009,721,1001,1006,443,1000,999,507,179,226,226,195,483,491,227,619,963
612,625,611,608,744,612,612,596,578,852,608,624,630,581,622,619,612,546,630,632,616,592,628,540,560,612,610,612,580,820,608,844,613,597,630,800,512,577,624,562,612,545,620,612,617,632,608,612,574,892,612,824,620,580,608,612,604,608,576,584,550,68,560,611,536,558,548,592,612,612,549,612,626,612,548,636,622,884,624,609,864,550,612,123,888,571,612,580,820,610,575,624,624,540,624,596,516,617,836,612,834,608,520,628,624,597,612,584,628,628,548,580,582,613,804,888,544,592,624,554,636,624,567,608,638,513,560,852,548,628,596,581,608,578,516,556,614,577,593,548,612,548,544,613,868,624,608,624,612,544
283,280,396,348,280,408,264,316,284,316,305,276,348,284,264,284,313,336,280,825,278,316,824,312,345,285,344,316,278,312,280,312,312,465,285,312,378,286,284,380,376,924,272,317,317,345,314,284,304,272,277,345,124,796,280,796,284,56,272,317,284,264,341,313,281,337,376,16,276,257,368,348,380,312,280,306,284,376,349,312,286,272,280,441,380,312,377,376,888,820,376,378,412,315,20,280,268,312,287,273,316,277,344,337,284,284,300,848,286,312,284,376,361,92,284,273,316,344,284,317,348,472,280,280,408,285,344,342,312,376,857,284,317,345,285,409,270,280,24,348,280,440,284,824,62,799,284,156,285,376
674,421,240,176,2,416,226,147,96,418,1010,48,870,241,162,1,225,225,433,161,179,104,226,176,160,228,129,168,179,112,161,225,192,166,548,625,371,96,192,519,235,224,194,3,133,163,144,438,32,5,160,547,42,162,147,578,131,177,242,251,228,679,161,226,129,180,177,672,483,99,167,227,129,195,480,135,51,141,32,132,418,130,182,167,427,101,416,386,544,180,161,416,481,163,165,164,135,758,416,480,961,167,165,483,295,225,454,673,225,378,224,163,162,173,646,166,739,128,163,177,162,672,52,247,160,420,224,487,171,694,34,176,677,240,416,419,691,389,936,240,129,482,199,176,162,225,40,225,554,640
239,494,168,1001,168,557,495,431,748,937,237,637,684,141,696,745,680,173,169,623,40,683,654,685,685,751,573,745,173,190,685,943,748,744,677,557,812,429,1001,573,172,46,686,751,237,569,556,175,686,237,421,1002,685,655,510,749,575,748,493,685,552,44,172,653,684,557,45,684,621,683,936,239,684,238,748,559,169,749,685,169,701,1006,747,557,681,618,685,621,1004,687,685,749,175,696,777,1007,233,621,173,1001,495,621,621,941,238,684,1006,684,493,877,655,617,172,236,558,686,188,170,751,687,940,943,558,749,813,569,681,686,684,685,553,685,237,1005,620,173,913,717,875,1005,748,750,238,685,971,554,728,555,749,616
211,210,467,238,224,454,198,438,228,196,932,214,231,214,247,501,197,400,404,453,468,484,242,196,432,231,479,390,440,471,159,758,736,226,148,199,406,142,502,244,247,38,454,434,436,226,165,212,151,407,209,470,163,180,484,484,194,470,466,173,246,404,247,198,439,486,496,238,231,214,163,476,214,166,422,228,206,455,150,167,438,109,485,199,438,209,53,234,240,500,1013,229,212,246,244,181,212,502,483,370,215,227,497,102,226,483,502,167,158,150,247,402,498,129,214,230,470,199,246,228,215,499,246,726,167,183,198,228,241,230,198,466,423,406,452,134,212,492,165,127,229,182,240,482,252,229,230,307,183,148
708,748,676,512,460,932,640,640,576,820,652,680,928,680,396,524,424,900,684,972,812,644,780,620,104,900,876,576,812,492,876,1004,804,712,644,260,836,76,804,904,780,548,516,168,908,674,904,8,424,396,680,876,456,12,544,808,780,548,484,900,580,812,172,516,960,716,968,712,300,72,748,544,992,708,588,108,864,992,424,268,260,876,928,748,300,932,516,524,168,744,192,72,740,1004,4,424,736,576,328,652,844,752,160,868,672,968,644,844,716,840,996,576,804,612,552,420,556,168,548,36,844,716,904,556,716,12,620,140,480,77,940,908,712,652,620,896,8,64,420,608,804,192,748,800,172,4,164,928,648,684
755,216,971,617,100,681,88,171,649,235,521,736,745,737,619,721,593,761,745,697,729,737,1017,185,979,536,248,748,808,539,713,745,57,765,761,169,761,200,473,939,557,761,744,225,729,561,857,177,675,737,761,761,633,745,713,746,747,931,241,233,553,681,553,531,419,235,643,113,613,89,1001,755,552,243,731,753,681,617,25,987,41,761,1011,651,175,762,488,35,747,673,619,584,696,635,225,753,49,137,33,669,401,1001,665,753,671,961,1001,737,751,185,544,233,751,633,719,747,761,251,251,297,233,115,625,609,617,737,561,571,41,749,616,719,121,129,57,127,761,681,555,299,745,744,255,123,744,731,753,689,745,1017
1017,1002,1020,766,928,998,232,964,961,719,132,974,746,1008,846,1012,232,716,964,994,450,1003,970,974,744,972,966,449,1020,998,753,1004,940,934,966,1004,1011,1005,972,844,837,200,972,736,1004,966,1023,971,902,255,878,1005,1006,263,996,1005,494,1004,1000,863,644,950,702,415,972,964,995,1000,847,708,972,645,1006,1015,720,453,420,982,234,706,985,204,737,1006,644,1002,972,518,446,710,485,991,987,746,487,1004,929,1006,430,1003,500,908,1000,972,1000,903,996,1004,260,974,982,1004,838,972,967,940,978,998,964,960,972,1014,750,975,707,998,992,730,941,760,997,1007,871,750,972,901,998,948,999,1022,964,1000,486,490,942,1016,140,965,396,1007
165,192,684,741,36,101,232,160,236,165,452,36,621,36,132,200,132,613,740,36,652,172,36,740,744,260,228,76,559,512,548,12,422,46,37,140,684,37,0,367,44,172,44,5,640,236,164,36,56,685,37,934,124,269,701,164,229,37,64,196,420,40,36,36,140,772,100,38,13,685,421,517,581,238,805,964,429,236,12,268,804,165,460,684,932,44,164,36,68,133,545,174,420,740,44,748,645,484,180,36,653,197,557,175,36,388,780,388,204,548,100,44,556,684,269,132,683,96,134,204,428,676,941,45,748,136,588,141,132,742,6,805,44,37,132,172,556,44,748,685,556,45,237,229,582,197,332,289,940,44
410,400,128,724,66,128,960,196,672,16,258,132,840,212,390,898,466,992,802,916,325,592,256,704,320,922,404,388,384,800,384,512,202,482,980,780,976,324,838,276,336,992,772,708,404,388,454,452,208,996,80,400,384,418,384,320,896,400,452,902,408,416,963,981,192,384,836,192,410,468,456,408,388,912,642,400,832,846,132,720,386,960,228,470,898,452,148,450,960,916,1008,196,402,262,386,784,416,898,306,912,740,640,420,262,128,456,452,788,498,194,464,944,902,502,86,388,454,968,148,386,272,384,320,402,192,772,902,452,576,704,400,452,416,450,914,912,210,400,256,388,978,64,408,400,448,998,356,342,962,388
212,240,89,272,25,80,93,80,81,833,95,605,976,148,341,149,989,401,604,977,533,533,208,921,921,465,89,84,345,84,221,687,29,528,28,25,209,284,593,93,22,81,93,81,221,93,48,597,153,213,721,81,208,664,605,85,281,80,720,349,345,25,116,85,857,721,218,789,285,339,400,988,704,16,220,720,29,469,128,536,280,24,29,477,93,28,25,283,5,285,601,345,209,219,221,728,92,472,857,732,284,215,852,661,349,13,601,216,348,537,81,145,848,88,29,84,145,733,348,153,28,23,348,657,720,85,92,604,85,117,221,125,273,29,669,600,349,93,969,536,597,85,216,533,717,85,25,157,29,93
931,932,500,998,995,675,998,898,418,758,824,1014,930,999,690,870,417,996,870,491,759,742,851,758,928,678,1014,371,419,731,932,994,758,999,418,822,1011,311,886,994,486,484,696,932,939,887,886,390,930,758,998,738,1014,738,1012,815,954,1014,247,1002,742,699,674,402,642,736,484,182,1010,608,998,998,946,167,1014,918,998,559,1013,178,998,371,480,546,503,903,707,486,243,870,726,1012,886,420,802,482,998,994,574,357,637,244,435,998,1012,1010,743,1007,935,122,871,692,882,994,743,892,673,1015,486,1014,994,958,432,418,950,942,748,950,646,998,874,482,826,100,503,419,730,1014,1011,386,695,433,756,755,999,822,172,418,912,786
138,672,33,96,289,105,161,168,689,40,161,41,969,385,161,136,137,161,673,809,289,177,177,1014,184,161,225,129,225,161,201,297,290,680,417,137,417,160,297,49,169,161,232,184,473,385,145,393,184,429,417,137,33,425,384,424,673,169,137,169,897,417,161,136,129,169,129,425,552,136,815,137,129,160,185,161,257,257,129,161,0,41,425,416,417,169,192,288,49,35,305,433,416,128,166,385,169,160,169,161,49,161,162,424,424,296,424,128,259,184,160,425,641,385,165,161,161,41,168,441,432,289,33,231,161,393,897,32,160,424,241,161,201,513,161,33,681,753,160,144,424,161,224,177,425,160,233,297,419,369
826,313,792,895,316,889,857,829,893,317,795,873,849,891,378,381,895,860,829,381,574,831,1016,894,318,312,809,380,825,862,893,285,861,894,380,826,829,872,895,862,891,314,314,316,826,876,895,824,825,313,342,882,889,377,889,287,1019,561,886,344,817,892,378,892,826,890,891,895,283,860,861,632,312,893,382,893,829,892,860,319,280,557,892,341,875,285,893,383,305,379,507,892,858,893,827,378,306,895,377,893,888,820,829,369,280,605,820,314,830,796,318,895,799,825,314,312,824,825,856,890,478,376,447,797,570,860,831,893,376,789,829,124,315,889,297,888,892,344,856,378,827,812,281,853,382,505,891,861,888,831
735,1021,842,1000,975,923,985,987,1023,847,974,991,974,923,926,957,883,959,989,719,444,910,1014,799,991,920,735,394,909,765,922,965,607,910,971,478,975,846,859,969,814,856,879,909,987,975,972,971,542,671,971,794,895,963,998,799,941,876,415,900,995,971,707,970,966,925,967,718,983,979,891,374,475,1003,837,287,782,700,971,1018,1021,921,1018,859,918,987,749,897,967,941,704,973,921,494,891,531,970,966,142,972,479,887,530,410,988,987,671,899,990,1023,650,970,835,727,981,989,702,967,783,327,863,458,923,733,989,974,1022,926,859,840,712,844,931,847,970,907,979,984,961,1018,989,478,896,991,926,988,959,907,1004,987
988,194,136,148,164,720,540,64,246,192,14,904,668,132,240,156,214,398,656,116,28,537,148,240,172,210,662,692,137,728,652,16,664,528,29,392,908,980,144,144,164,168,180,149,148,540,524,4,148,132,152,400,732,693,220,148,128,192,640,148,144,660,156,208,726,208,148,196,896,190,724,140,665,592,176,148,80,144,148,128,666,720,16,660,476,704,16,656,190,152,542,24,678,80,680,157,658,220,13,485,188,764,192,156,212,144,156,16,68,708,532,144,668,148,148,144,532,24,220,150,696,525,80,146,724,716,716,668,728,538,206,566,0,146,156,660,196,144,208,158,144,533,156,80,152,8,152,560,696,640
413,472,765,309,889,445,400,44,21,412,121,53,432,52,437,433,181,48,84,473,503,428,297,308,828,437,496,60,432,949,436,309,177,275,77,440,333,232,1020,308,945,265,496,300,381,60,177,509,761,61,373,309,48,348,953,474,1017,372,60,273,945,308,390,688,885,313,829,949,885,437,684,309,433,305,33,373,317,817,445,123,501,120,428,309,441,309,305,569,885,417,368,444,312,828,369,436,436,169,192,400,57,304,317,284,501,440,821,500,372,881,289,249,178,444,177,440,444,624,468,1017,253,240,480,432,949,60,188,372,56,304,425,309,281,52,309,869,273,920,276,433,500,957,913,445,438,316,308,955,953,184
426,479,416,428,505,165,508,957,217,479,411,433,415,429,181,937,333,393,453,415,385,229,428,445,134,55,381,424,384,937,444,445,445,949,469,141,253,411,189,381,153,447,153,445,413,415,216,157,169,154,447,597,440,223,681,407,445,669,316,970,172,441,236,925,409,403,945,169,187,469,153,149,411,446,937,441,411,184,556,155,444,905,473,631,431,153,777,905,174,797,493,2,425,155,159,672,182,981,660,384,386,140,440,153,156,265,185,221,189,177,153,441,413,496,439,669,217,429,173,156,236,409,153,261,170,392,228,971,174,392,139,461,143,473,138,429,413,472,436,221,390,332,481,393,415,16,429,221,188,721
160,224,226,224,98,738,802,160,162,226,98,610,226,578,546,642,674,232,160,34,738,739,608,650,166,162,40,674,608,746,32,746,738,674,674,104,162,930,96,162,98,35,354,34,98,994,546,522,33,610,32,674,96,34,672,674,96,546,672,226,288,672,674,674,226,226,162,482,106,42,680,98,746,34,672,162,170,610,34,226,234,226,746,682,674,160,162,736,40,224,98,608,232,738,225,224,170,672,738,32,226,674,104,162,610,545,672,682,35,610,162,610,546,224,674,162,34,163,34,227,163,608,162,226,608,608,610,98,224,34,170,162,618,674,738,34,226,34,675,32,480,744,610,554,672,96,562,234,610,418
726,738,752,720,224,496,992,752,737,535,741,240,691,998,737,672,752,721,738,993,743,690,992,704,737,704,640,737,247,765,976,484,736,224,237,208,432,192,448,148,448,226,192,722,756,753,678,737,224,743,705,707,242,243,706,672,1008,741,739,226,707,758,449,722,997,1013,737,741,210,963,192,226,737,740,738,199,707,949,744,226,160,739,993,753,161,738,741,624,738,1011,736,242,705,482,801,1008,242,931,243,192,224,752,704,231,720,758,192,708,912,752,736,754,448,737,740,225,720,720,550,642,243,913,672,146,738,705,739,565,610,757,738,241,752,676,757,724,242,673,754,224,482,720,721,676,752,736,225,227,752,737
355,488,364,356,352,488,108,480,492,353,352,100,492,108,36,492,97,107,362,357,492,484,356,364,481,364,358,353,376,361,480,359,356,481,358,364,361,356,482,301,358,424,490,361,357,356,493,358,362,357,364,480,867,364,366,420,332,356,360,494,357,356,365,36,356,354,481,362,483,489,364,364,484,364,484,324,481,104,365,364,481,480,352,364,120,480,865,356,448,429,424,96,367,365,353,294,356,484,494,484,359,492,358,353,357,224,481,748,364,485,110,237,102,484,357,232,360,352,357,488,364,357,488,357,108,361,356,364,361,488,482,494,356,235,352,356,356,224,483,364,488,360,352,492,486,492,103,357,354,352
724,1015,1012,566,22,980,596,884,884,884,596,630,722,960,567,244,380,596,694,68,612,567,548,693,852,757,532,100,724,852,692,806,820,230,822,612,828,624,631,566,758,758,628,612,532,630,116,564,852,764,630,356,949,630,628,644,854,822,116,692,630,628,822,788,758,628,564,820,886,373,20,630,502,998,100,52,966,342,628,932,764,599,118,694,566,628,756,20,628,820,628,756,756,788,830,820,182,1012,756,214,596,630,502,246,628,820,566,182,820,884,822,868,52,756,820,166,436,628,630,870,980,96,372,884,756,885,1012,884,852,756,870,630,548,628,598,294,100,756,292,116,836,630,820,628,372,1012,564,628,532,694
1008,346,970,456,348,382,348,472,344,273,844,984,328,364,352,284,344,332,492,840,878,892,832,344,350,458,296,940,1016,332,970,328,858,984,380,874,840,504,361,360,328,1001,890,492,956,488,476,362,462,972,1004,984,476,812,840,1000,856,840,472,381,1018,1016,873,344,476,348,344,504,472,814,984,329,984,344,1022,332,1016,344,380,396,844,970,477,860,506,954,472,506,988,392,508,500,508,376,328,376,392,505,280,984,472,472,968,1016,1004,328,504,968,203,493,1002,504,373,988,1017,473,344,460,488,492,968,348,972,970,352,504,334,846,372,840,492,509,456,938,378,376,460,360,328,844,504,873,494,504,874,472,840,877,984,400
129,148,144,244,53,0,32,433,129,16,336,184,168,19,308,400,144,689,17,16,272,145,48,312,233,16,432,412,16,53,48,34,0,936,280,164,304,353,80,660,352,16,368,80,224,0,144,369,0,244,0,324,24,516,353,49,176,16,116,240,305,48,113,52,16,72,80,145,128,400,432,281,26,280,144,33,56,49,18,40,346,163,16,120,0,417,48,412,16,16,289,288,99,32,81,9,117,8,125,120,532,313,16,128,220,280,20,349,88,65,64,176,944,176,416,17,280,88,32,16,432,273,16,88,48,96,88,560,442,257,272,312,272,18,53,26,36,33,337,96,384,32,20,0,368,48,82,128,304,20
801,48,800,809,768,312,296,440,800,793,945,801,827,897,801,305,912,657,273,265,816,808,289,953,315,801,417,792,256,25,904,769,314,812,553,825,800,57,693,309,288,809,697,536,40,289,289,776,416,817,829,565,272,825,296,289,874,825,809,801,913,809,929,312,389,796,56,445,801,433,281,929,312,929,929,777,797,393,817,808,801,257,809,800,905,929,296,948,817,513,825,808,425,288,801,304,824,801,433,433,560,809,561,40,409,779,305,265,288,289,825,873,289,289,905,800,824,801,801,929,813,800,824,297,297,776,801,424,769,432,800,937,776,288,937,809,953,816,425,297,936,805,929,664,553,353,809,905,953,776
329,529,537,857,585,832,833,0,785,408,601,713,600,600,601,857,593,793,601,848,577,984,793,859,858,792,585,601,861,641,792,601,529,785,841,863,777,600,601,793,593,536,536,25,793,795,537,569,792,793,859,792,841,841,799,969,845,585,617,841,528,843,841,841,593,976,841,600,794,68,601,857,856,777,779,851,857,841,603,841,785,88,792,913,841,861,776,537,601,777,857,265,905,585,849,344,1,856,841,985,972,841,857,601,857,89,843,593,857,585,977,521,985,281,601,797,601,859,282,794,512,792,859,897,601,793,859,905,600,985,872,856,859,539,859,329,856,600,841,266,521,793,859,521,857,856,617,785,795,860
696,414,806,910,894,372,1006,854,870,848,716,930,998,880,720,826,400,894,665,670,788,880,304,927,272,882,660,658,632,376,958,122,370,574,630,336,854,1018,730,818,820,54,1010,858,882,925,634,539,728,892,616,698,92,816,984,346,278,1002,1008,762,508,952,122,24,868,944,982,798,498,752,980,518,336,530,432,304,1010,990,602,548,794,880,568,544,942,570,882,338,118,315,986,574,700,890,890,554,277,108,110,698,70,248,862,854,282,720,560,868,954,610,636,510,632,794,360,186,532,220,276,382,1017,880,732,976,798,594,978,592,820,186,848,818,854,1010,434,602,888,730,880,818,352,820,880,566,272,374,338,1022,1008,634
766,222,541,662,732,333,524,30,158,238,542,732,654,670,685,670,654,213,156,140,716,623,142,184,156,655,606,686,223,702,332,732,140,220,635,508,76,670,222,220,670,142,669,157,556,157,138,670,735,206,213,654,30,158,158,220,140,172,414,254,671,540,542,221,526,222,134,142,62,671,550,222,524,654,142,140,140,207,670,204,154,174,718,86,138,910,668,926,460,589,668,926,926,462,692,150,663,222,671,717,220,28,668,716,218,654,606,916,15,478,158,540,652,766,666,670,718,142,223,588,213,660,138,543,110,574,204,180,398,588,13,716,207,670,526,732,767,140,654,157,652,716,204,156,669,734,14,780,590,670
911,142,415,779,835,911,910,911,475,847,271,395,911,906,331,779,827,907,783,842,395,779,399,455,783,911,795,910,778,271,390,779,11,267,443,267,266,843,770,459,795,847,395,395,351,911,459,267,779,267,259,962,778,398,907,399,926,303,267,987,394,783,459,266,923,794,906,267,267,899,343,266,342,287,843,377,843,926,395,331,398,267,399,779,842,798,911,907,782,899,799,399,906,779,330,395,779,783,459,910,395,283,266,394,395,778,971,783,399,475,943,779,779,987,267,463,387,926,259,779,971,283,991,271,266,523,847,262,271,451,783,783,923,987,799,399,266,779,399,923,271,779,811,398,331,899,399,411,987,779
465,721,465,81,209,467,665,337,209,465,465,385,209,467,83,81,337,465,337,145,465,211,465,81,465,465,241,337,209,337,407,475,465,465,449,209,465,465,145,465,473,401,467,465,195,453,193,473,465,453,473,145,81,209,471,449,465,211,467,217,209,209,449,465,209,465,449,209,209,469,213,465,977,337,465,465,217,475,209,721,209,465,449,211,403,89,209,145,469,913,337,465,467,465,469,211,337,467,465,209,409,193,401,465,329,465,81,465,977,705,465,211,465,465,209,457,497,209,193,531,465,209,209,209,80,709,977,467,211,467,465,469,513,209,465,467,209,465,465,209,465,465,465,465,209,721,469,475,465,449
598,638,636,124,750,758,574,622,638,638,607,606,734,628,605,566,558,702,758,572,572,634,622,574,702,621,622,574,574,638,638,212,636,758,870,606,86,638,540,639,572,639,638,558,542,575,638,628,565,638,636,636,12,524,606,630,604,614,550,636,638,574,550,636,564,630,606,622,638,558,574,637,606,637,126,636,631,628,638,831,560,542,766,604,524,638,606,563,606,670,630,638,574,638,764,572,678,574,676,639,638,628,604,540,605,639,574,638,639,606,574,542,628,886,238,638,574,631,536,532,766,574,564,574,603,630,542,574,638,606,636,542,628,764,620,638,638,636,574,558,110,638,54,556,606,574,894,638,614,638
917,985,588,845,485,997,237,293,961,423,325,724,37,805,997,332,13,791,853,388,132,791,134,390,167,869,263,295,421,453,789,309,325,979,487,613,542,935,388,103,455,853,1003,295,885,871,959,429,901,833,388,757,397,463,949,677,141,887,687,140,101,709,452,261,815,293,37,881,901,259,743,77,52,302,278,845,25,911,629,423,917,173,911,399,845,343,981,231,71,405,293,967,197,391,877,813,709,813,813,493,933,141,581,966,417,397,397,309,677,965,559,495,261,807,798,23,133,389,457,180,167,197,261,997,407,903,881,993,642,845,685,453,231,237,416,407,140,295,685,453,871,503,455,493,932,897,370,615,49,484
483,947,555,992,992,192,96,194,434,304,617,353,355,801,352,353,481,882,419,418,320,98,352,434,361,870,297,929,242,211,225,930,560,873,306,168,480,355,224,98,419,354,356,438,48,369,928,288,481,323,483,627,553,243,481,675,297,227,226,370,482,682,355,182,306,634,369,33,483,481,484,499,563,48,417,483,496,289,755,1010,354,406,243,355,512,305,41,806,877,865,97,32,179,482,32,490,545,160,290,224,234,375,321,291,113,240,289,353,97,994,227,608,242,162,612,227,739,182,737,867,289,928,800,241,823,187,498,306,306,162,373,482,483,306,163,993,433,817,434,806,802,291,226,482,241,96,160,483,393,228
783,331,815,775,783,579,783,839,263,847,775,871,263,359,963,775,551,775,847,547,943,295,515,107,519,807,271,835,75,847,839,771,779,783,779,327,579,555,583,771,779,811,331,259,833,783,911,855,771,847,779,847,845,11,783,367,847,523,771,879,847,779,782,527,783,686,611,299,815,783,587,775,867,779,751,779,559,775,783,847,333,847,613,813,871,263,517,259,335,871,327,782,969,267,931,363,879,773,899,555,835,771,783,463,839,779,615,523,867,771,775,783,847,775,843,779,779,775,591,779,771,775,559,775,813,335,879,967,75,335,271,815,795,847,519,775,807,291,811,775,871,783,363,525,351,259,863,271,815,591
476,352,722,229,165,982,86,460,406,558,708,580,481,503,580,984,194,255,646,1002,173,712,869,337,631,709,304,288,644,364,704,195,411,223,660,210,148,761,80,884,127,374,902,376,213,718,477,215,345,978,477,921,638,144,164,915,468,917,712,245,716,764,582,740,290,209,245,209,772,52,220,496,894,273,220,732,976,172,62,500,199,80,900,421,513,750,212,214,518,205,278,463,676,244,165,245,174,993,470,318,70,224,192,181,477,196,738,500,240,677,433,236,198,206,596,980,210,710,836,238,434,399,150,166,606,220,75,54,536,596,465,194,120,453,502,140,356,452,192,902,734,212,181,131,466,450,957,721,643,405
833,969,320,393,847,960,856,456,457,449,961,769,840,328,96,833,768,331,833,449,320,768,648,448,833,329,328,64,960,969,329,768,392,465,961,92,265,857,849,333,449,968,321,333,961,448,833,448,856,456,456,841,905,328,776,848,337,464,321,256,265,937,322,321,320,768,328,841,960,321,873,857,456,772,321,356,329,456,328,321,856,297,648,329,809,257,841,832,841,280,841,449,321,449,200,136,832,329,768,393,969,969,464,320,841,832,385,385,960,961,360,916,832,369,449,489,840,260,328,329,969,457,841,777,857,840,320,456,841,841,860,961,341,332,329,368,969,325,857,329,328,321,321,857,539,845,448,833,453,265
218,652,690,158,689,642,219,150,415,733,206,206,158,643,666,219,475,730,855,202,594,220,206,887,732,588,926,726,135,158,728,218,68,18,213,598,194,459,210,34,342,22,222,215,723,962,645,724,478,722,858,88,734,467,539,735,722,734,635,726,927,146,92,732,731,759,670,214,146,124,862,191,734,214,221,730,651,991,990,214,907,222,662,467,474,726,6,222,207,723,714,743,202,198,212,208,254,990,473,454,726,730,350,734,219,726,735,915,150,858,222,27,715,195,726,726,726,606,479,726,984,986,722,458,918,223,735,212,205,476,210,723,726,710,194,159,726,83,670,402,987,597,146,990,207,731,978,598,150,474
501,493,431,401,179,415,211,429,177,477,433,437,643,239,487,443,421,443,339,509,243,235,505,229,409,224,417,1007,400,442,245,488,187,185,509,441,505,441,447,499,245,455,503,233,427,187,722,189,456,176,496,507,945,507,157,419,235,435,494,417,501,437,251,483,473,505,1021,935,419,491,384,443,429,247,461,441,465,439,466,251,491,488,497,227,497,425,186,447,443,427,387,209,163,509,477,504,447,509,443,191,491,446,423,475,929,505,501,488,179,429,151,509,943,499,970,216,471,505,483,497,424,472,511,491,506,171,496,232,439,171,171,253,496,472,699,499,447,985,443,499,501,505,411,507,494,427,507,473,409,427
423,10,168,939,683,939,738,683,815,430,683,1002,674,1003,943,490,418,418,384,427,427,175,970,427,682,810,939,682,954,942,171,1002,1002,874,650,1002,170,936,938,235,419,934,131,163,672,938,563,682,174,674,490,170,423,430,171,682,1006,161,291,160,170,162,427,939,418,426,302,428,953,171,138,939,682,366,928,932,702,935,427,938,523,302,138,555,955,939,679,161,683,234,683,683,418,43,650,46,682,191,570,298,938,298,418,686,171,682,430,686,746,426,424,163,482,174,440,426,650,171,168,424,423,174,1002,424,399,524,952,930,430,427,1002,427,940,168,426,554,930,939,174,682,266,782,938,1006,831,234,1002,170,938,942
338,312,635,112,353,109,97,593,593,622,80,576,80,369,112,121,90,681,521,56,117,73,513,81,41,592,44,116,97,97,201,33,103,258,889,201,17,65,113,825,73,281,867,257,117,621,345,45,337,549,841,113,881,373,109,525,792,32,611,337,2,41,577,24,69,112,625,353,337,85,97,600,33,9,922,121,87,633,337,88,833,369,337,32,597,626,558,147,106,37,280,1,33,339,313,113,633,321,49,24,304,89,377,305,609,17,88,113,69,25,321,361,548,337,16,120,517,337,65,305,379,321,9,576,3,219,89,609,265,93,17,80,569,225,105,35,577,368,64,289,281,17,288,56,898,24,49,104,282,8
780,908,536,990,712,460,906,136,194,714,158,904,654,922,263,202,398,906,458,974,204,648,844,640,28,900,668,270,412,518,28,978,798,447,911,128,700,652,686,270,204,192,910,540,702,918,655,650,666,650,142,220,966,410,676,142,786,712,392,972,724,138,988,966,904,264,24,910,671,644,12,660,406,604,12,8,670,505,388,76,12,648,916,25,652,910,670,616,205,396,716,388,727,654,522,204,654,923,236,392,906,714,974,857,88,526,406,286,670,670,780,136,136,152,986,712,650,142,646,414,204,650,140,281,94,716,966,978,668,843,906,140,716,648,653,958,911,330,954,454,926,522,908,670,972,908,910,918,654,396
638,570,126,1022,158,830,958,668,734,574,700,410,526,222,574,558,572,570,922,700,318,634,186,46,924,830,570,798,670,990,954,734,414,520,446,430,698,926,700,702,988,792,574,830,670,46,574,283,572,666,700,702,1022,952,958,156,702,698,670,946,700,894,702,670,922,670,190,190,766,318,666,954,698,284,794,668,666,794,958,446,410,682,180,670,954,154,700,926,522,956,956,666,702,798,158,684,926,958,697,668,826,829,766,924,654,190,158,830,702,794,186,922,766,942,958,702,826,702,700,190,698,926,158,942,826,30,702,942,924,540,446,956,702,702,56,830,572,926,540,702,926,696,574,156,574,826,798,1018,698,602
456,248,222,202,728,88,74,198,726,216,452,718,410,966,252,596,712,465,964,906,192,194,728,216,235,856,194,94,384,90,217,458,202,202,218,466,728,458,748,218,200,94,340,202,706,90,458,706,728,456,410,732,216,450,334,237,718,840,222,214,728,706,456,468,94,222,196,156,222,176,339,712,724,746,86,448,464,208,590,72,156,376,603,90,604,64,72,72,714,705,82,842,472,202,730,850,720,655,86,496,708,83,80,250,732,724,988,614,248,90,202,730,196,708,64,216,92,988,710,661,856,632,216,504,735,714,724,404,960,984,584,476,84,708,218,600,456,218,218,920,760,728,222,974,850,272,106,730,210,1016
699,447,683,619,147,699,559,187,523,187,171,175,579,1,827,758,675,539,99,155,157,703,219,167,191,171,526,155,19,715,399,687,237,697,45,187,171,41,687,671,187,3,683,175,535,747,751,57,443,251,201,771,187,191,235,155,189,571,311,169,703,649,187,201,191,253,187,527,129,233,255,671,219,249,695,657,155,187,75,163,43,235,563,167,403,27,205,665,219,111,95,683,235,27,675,731,5,40,239,187,167,175,43,89,175,675,187,57,155,235,51,687,201,43,175,187,163,569,27,169,63,235,199,571,237,187,643,177,587,665,181,187,199,698,41,171,751,174,171,171,171,187,251,163,191,171,191,47,703,179
546,2,794,816,779,522,792,523,786,8,130,792,897,795,778,792,536,779,794,770,778,787,536,664,818,792,779,794,792,794,776,794,26,264,778,538,266,794,921,27,258,920,545,793,770,8,274,920,858,296,778,795,543,520,794,298,794,808,266,794,922,779,785,570,256,266,2,552,792,826,538,641,784,531,786,384,786,266,795,920,408,814,280,824,9,555,520,819,1018,826,538,780,784,794,794,904,24,42,280,776,384,770,275,562,256,50,538,794,778,778,779,522,794,10,800,24,568,282,792,771,794,681,515,936,781,786,282,770,779,776,768,778,770,792,795,776,520,795,824,776,274,312,555,281,114,58,267,904,2,786
440,867,176,428,172,698,1002,500,424,939,170,754,700,505,56,936,234,494,942,1019,446,358,874,232,424,446,248,566,418,248,762,420,186,48,1005,160,696,495,436,186,160,168,686,314,1006,252,504,122,892,168,380,168,176,557,506,1001,234,48,42,170,673,489,444,174,1000,428,1016,492,361,444,40,486,745,112,488,762,502,382,874,182,639,826,884,937,60,570,680,416,180,488,548,432,506,505,504,180,766,238,250,507,936,997,123,504,234,176,248,186,170,698,702,32,170,442,948,60,295,242,178,684,568,760,236,442,472,818,240,442,427,234,686,178,232,60,488,108,440,232,442,1000,232,248,161,182,492,654,184,242,96,808
631,543,119,727,227,211,23,183,39,306,467,103,627,99,243,503,243,203,183,660,499,183,690,20,145,211,115,519,227,119,165,115,85,243,210,247,499,565,229,251,117,1015,23,179,195,471,247,343,247,23,107,247,354,33,227,311,231,675,287,51,181,255,250,207,179,225,183,487,199,87,223,339,119,215,167,731,215,851,119,79,181,81,243,417,227,163,247,181,499,231,247,87,1013,359,215,199,187,291,214,679,193,243,114,305,27,755,50,247,239,6,199,247,199,583,21,133,83,99,179,998,247,247,83,3,182,759,469,243,145,119,115,231,199,215,627,35,251,406,151,99,119,22,483,115,98,215,451,455,247,247
957,959,700,950,956,924,957,957,413,829,957,956,952,956,988,956,958,957,945,937,957,940,921,1017,953,956,956,941,733,949,957,1020,953,956,747,1017,798,958,1005,952,925,957,952,924,809,956,700,952,956,956,508,925,955,915,957,426,953,924,940,955,908,1017,952,957,1005,959,957,957,696,959,957,958,957,958,953,957,958,831,940,957,781,953,957,509,937,957,957,959,830,940,952,728,949,956,957,829,1017,382,956,949,445,957,1020,668,956,920,981,988,956,956,953,829,444,941,987,940,956,953,958,956,957,1020,444,957,957,957,955,953,812,957,917,908,956,959,440,893,701,829,956,957,932,943,817,957,956,444,949,764,953,439
744,672,228,559,64,162,78,750,716,164,590,766,100,516,33,616,228,704,72,613,872,296,140,748,712,168,748,896,588,524,556,655,117,672,516,928,362,178,192,712,644,235,228,660,716,234,224,745,651,36,77,588,32,997,104,232,676,620,204,136,140,692,207,736,136,706,726,576,908,506,526,750,72,229,76,76,96,644,108,232,98,712,622,896,200,740,12,748,716,124,709,544,36,104,676,0,712,232,609,644,40,140,42,556,744,780,516,76,104,170,1000,32,193,76,720,14,10,748,684,228,640,44,684,642,744,396,206,806,652,616,612,452,680,737,172,138,62,237,493,214,714,106,980,524,972,204,554,228,704,960
429,429,421,901,419,492,455,389,903,485,418,389,455,389,417,487,485,449,421,385,481,483,487,417,429,421,429,425,937,449,423,424,387,416,421,423,485,389,420,263,933,481,487,389,487,487,427,933,901,423,417,385,417,501,998,421,391,929,261,387,385,965,429,941,391,423,429,164,385,421,935,389,485,417,429,385,481,935,389,421,385,420,395,424,423,426,293,929,419,425,453,433,929,421,455,353,485,483,397,420,387,453,421,429,421,425,393,445,391,389,429,483,419,429,417,421,425,419,423,397,425,293,387,388,421,485,450,389,385,451,385,417,421,431,421,421,491,403,429,391,485,391,501,999,301,396,389,495,431,421
769,271,329,847,559,520,781,781,829,77,329,9,202,329,365,590,265,301,731,326,770,847,558,399,459,648,649,333,780,645,845,845,639,797,297,175,449,639,837,385,589,389,461,576,71,971,719,951,649,323,356,271,457,493,651,589,365,392,335,589,325,265,909,71,361,332,393,908,835,389,1,397,412,747,57,393,909,811,875,557,17,911,459,645,137,933,301,653,399,844,387,415,460,335,73,803,970,141,263,621,76,108,771,175,456,289,581,173,556,580,928,15,973,323,324,911,777,397,877,901,133,457,413,783,76,273,407,524,321,633,782,777,773,334,452,264,827,431,521,704,949,783,585,267,343,322,431,327,519,459
268,204,188,156,24,398,8,26,76,90,28,602,8,152,24,280,24,600,56,62,604,810,316,24,24,408,328,152,28,40,78,476,108,24,12,284,10,348,664,104,268,154,172,46,56,152,826,540,60,168,28,250,124,222,186,216,588,392,12,24,154,218,696,414,88,270,456,24,318,712,442,604,700,88,312,152,188,124,396,58,124,156,140,24,92,76,424,568,472,62,344,186,24,92,56,540,106,158,80,282,50,12,26,92,26,536,72,184,382,156,362,44,152,348,556,28,24,8,780,824,56,74,56,40,346,632,142,442,536,362,8,666,152,8,56,8,280,58,584,30,60,524,72,220,60,28,524,284,392,24
87,881,981,1013,119,919,112,705,115,113,117,638,241,85,117,597,337,755,373,469,97,117,369,499,754,113,980,371,881,725,1009,217,753,624,597,885,81,83,245,849,231,851,99,113,501,121,467,213,759,339,369,500,469,467,499,977,631,85,1011,855,987,342,323,609,89,504,215,977,93,599,113,246,212,337,724,883,1013,503,723,1009,337,369,1009,501,977,887,337,245,113,209,252,339,341,849,501,637,369,467,467,87,84,627,753,81,225,501,485,854,353,97,785,211,81,497,119,115,757,245,81,981,469,369,113,625,947,338,213,759,119,885,87,567,625,887,225,883,337,499,369,497,245,249,115,81,241,117,213,339,725,885
438,1020,952,699,730,186,43,936,440,958,910,702,1020,538,698,490,702,936,442,762,936,680,254,936,682,926,956,938,951,444,674,671,698,958,168,696,574,924,616,946,954,696,570,170,190,922,410,702,952,698,378,954,954,492,698,300,1019,938,954,954,446,446,946,762,956,702,442,442,424,458,958,936,172,570,954,954,702,698,446,953,702,958,702,957,686,682,698,184,666,186,826,670,554,430,682,702,190,958,904,955,952,760,394,686,698,682,682,698,446,138,686,942,696,186,432,154,958,426,922,938,956,958,427,414,954,684,700,938,952,938,872,684,940,442,814,696,442,954,702,190,956,702,958,538,1018,746,506,830,698,702
459,394,390,490,395,1003,322,463,399,463,490,463,431,423,395,207,459,74,459,489,459,298,331,335,462,335,202,459,463,463,331,335,451,938,331,878,410,479,907,463,388,143,334,94,463,431,463,463,367,324,323,847,335,397,495,911,431,459,462,495,463,495,478,459,451,458,427,458,323,328,454,411,207,459,331,331,971,335,495,331,269,363,411,463,458,333,459,427,395,335,15,331,302,395,463,423,271,303,15,291,363,331,263,271,431,463,485,335,267,431,975,455,479,326,207,494,394,331,494,397,367,270,270,458,395,395,463,463,459,394,431,207,399,74,463,427,505,463,207,139,330,359,330,462,203,463,1007,335,491,463
893,381,645,29,93,457,767,335,1023,335,811,365,395,607,255,827,119,995,884,871,75,261,461,351,846,323,193,338,351,329,636,477,361,55,47,959,351,702,452,201,194,841,748,349,218,357,963,803,349,436,93,295,807,342,274,459,333,311,759,163,115,881,762,319,127,304,657,46,328,460,493,779,236,451,351,505,847,525,471,868,439,296,961,351,452,621,350,609,829,367,815,361,295,872,281,431,841,371,300,343,365,343,331,831,335,391,859,865,247,361,100,875,412,374,291,279,457,507,362,861,366,153,711,76,204,807,463,91,509,939,287,271,403,343,319,68,327,65,459,455,377,1004,128,319,199,486,806,652,78,415
386,449,384,816,449,401,481,256,304,256,384,357,304,304,465,368,400,297,912,939,492,451,496,448,289,323,482,385,496,321,353,337,393,160,401,466,385,432,256,256,272,384,441,65,416,385,329,273,388,481,353,432,225,288,257,291,416,885,393,293,320,291,337,305,481,824,433,400,352,784,421,272,355,449,105,313,449,434,0,448,272,352,273,288,387,304,432,425,416,385,504,433,273,816,306,389,305,416,324,288,424,340,423,356,424,385,352,265,304,433,289,129,448,357,272,304,304,256,336,432,417,769,144,393,416,288,433,352,453,292,369,272,408,305,296,113,272,480,400,372,529,17,912,499,497,297,384,424,256,113
619,563,731,131,3,835,35,687,183,615,111,851,39,567,615,131,231,35,631,537,103,65,19,619,115,691,515,19,3,539,735,135,579,579,579,519,115,195,315,563,615,563,535,675,531,119,579,91,547,247,87,71,571,599,567,115,563,585,531,727,19,715,593,551,605,643,771,519,523,619,19,71,3,587,193,3,225,771,587,231,547,531,595,579,123,535,759,627,635,579,579,519,707,71,583,515,571,623,107,691,513,243,683,3,353,531,643,659,759,635,87,547,535,115,367,587,91,707,627,19,15,327,115,155,99,695,659,39,523,71,595,7,115,515,707,611,227,103,705,7,577,33,275,527,599,71,163,39,551,614
377,872,368,880,380,1000,720,872,697,816,864,864,880,860,633,880,368,881,945,888,865,976,873,858,824,817,626,556,880,876,877,852,545,891,856,752,96,945,1000,824,876,992,857,819,889,760,792,744,728,248,276,544,572,816,1016,613,804,816,1020,821,936,1001,625,296,933,249,617,864,699,496,872,372,825,888,949,1016,124,904,568,489,872,637,856,1008,185,752,826,280,632,104,696,705,616,573,617,368,573,636,897,57,829,556,553,881,121,881,633,801,865,868,824,817,761,48,546,637,896,889,824,952,440,944,481,877,985,672,616,888,616,872,865,280,624,873,892,616,800,636,563,753,633,813,163,181,1017,1000,625,824,1021,632
196,112,742,612,341,580,727,933,972,965,196,754,501,500,741,800,501,901,853,740,996,741,372,164,709,724,677,193,740,613,693,324,196,452,340,103,752,87,612,1013,1013,229,996,484,101,225,486,245,247,864,481,485,484,708,928,85,966,967,196,484,677,228,976,992,452,452,485,198,757,196,614,481,928,992,485,484,708,996,213,982,484,708,844,741,502,868,97,608,197,740,724,501,964,484,460,1012,484,244,117,720,487,997,980,133,740,727,228,592,888,836,244,485,452,501,448,452,756,485,1012,964,613,103,741,69,741,996,340,212,500,485,708,484,493,167,484,452,805,453,981,740,484,230,198,198,118,709,196,353,868,439
526,526,11,526,67,522,522,586,670,134,38,154,590,10,43,782,911,143,522,159,548,2,591,514,30,527,702,394,77,142,594,774,542,646,582,711,15,734,527,74,574,13,527,142,703,15,590,150,14,142,646,638,927,578,671,587,654,522,4,570,38,79,6,526,527,2,78,238,583,207,910,142,526,754,526,731,654,10,10,126,206,139,71,14,590,238,539,207,719,15,622,598,575,262,590,71,558,543,79,554,646,294,803,622,296,526,590,590,154,86,774,22,527,398,523,262,646,655,554,139,705,95,78,141,714,582,559,32,550,902,22,558,519,143,527,767,590,206,0,538,639,26,598,906,723,518,266,526,78,214
915,672,915,977,915,435,387,402,146,1011,211,723,947,146,659,403,978,183,400,930,643,915,913,691,1018,563,530,995,498,658,914,146,896,247,947,403,897,643,657,659,947,675,915,915,178,944,390,306,931,427,695,659,435,166,947,658,658,939,435,951,899,915,978,1010,946,915,659,898,403,914,689,146,899,673,722,147,978,674,450,658,946,528,915,531,481,919,659,147,947,899,595,179,131,400,658,903,659,930,434,0,659,179,435,147,914,418,643,691,912,403,962,403,179,915,915,658,275,915,931,659,419,659,947,274,659,435,675,531,691,674,482,979,947,403,131,243,659,130,914,691,434,690,146,162,987,919,914,739,918,130
244,237,188,724,72,252,740,208,689,756,228,244,245,757,755,604,485,727,736,761,749,229,664,499,758,228,44,237,229,349,476,248,240,71,693,740,632,244,229,101,609,204,1004,465,232,249,233,693,461,252,188,204,492,217,992,996,245,244,497,208,753,180,996,756,1020,500,212,241,757,213,229,980,213,126,124,756,244,240,236,233,196,233,737,465,596,224,228,237,492,753,460,228,240,84,765,236,737,236,511,756,252,756,676,740,495,676,204,641,118,492,617,218,718,226,184,252,724,228,508,173,740,740,732,125,224,252,245,580,492,252,1000,112,500,764,193,629,231,456,710,716,504,236,240,676,316,240,240,214,197,236
841,801,873,721,824,729,768,600,881,808,808,521,801,840,616,664,601,825,936,848,841,616,586,698,873,890,779,842,680,633,696,1019,536,954,960,857,584,552,632,760,633,616,1017,536,584,544,601,848,1002,760,617,704,937,688,552,745,600,618,632,937,688,570,872,848,953,856,804,880,538,569,778,784,968,1000,990,522,537,601,824,737,840,888,632,585,804,616,857,856,872,648,648,608,889,824,617,800,720,552,633,600,713,248,747,640,985,888,592,857,776,1016,536,608,841,888,873,553,808,841,521,922,520,632,304,619,888,632,777,968,561,746,672,739,888,824,104,801,576,760,656,632,635,1017,632,608,184,784,840,523,616,793
714,272,770,777,34,808,16,517,769,744,785,780,8,512,768,646,832,772,512,784,320,600,808,129,304,773,776,920,592,276,784,275,968,552,824,200,64,768,10,520,524,552,832,768,524,256,11,776,712,448,328,800,328,576,4,960,769,928,744,520,520,552,769,788,464,776,545,517,781,793,396,904,529,776,273,512,768,800,780,792,872,768,768,528,273,172,284,264,646,784,773,292,264,512,832,280,352,801,512,785,800,0,300,776,264,555,513,515,545,384,259,770,580,544,909,781,768,286,270,800,768,513,129,9,917,539,940,783,524,841,320,512,844,793,857,264,456,898,768,792,556,896,536,788,524,640,896,792,816,5
248,304,1008,240,1008,160,464,464,352,304,272,496,370,434,480,370,464,504,344,240,496,505,504,480,496,456,344,248,368,378,230,290,104,378,112,464,496,458,496,240,504,360,48,464,488,1008,114,352,464,312,498,376,400,434,1008,306,400,762,368,496,464,112,304,200,112,496,436,368,418,504,848,360,384,434,376,496,208,504,304,496,376,184,432,376,264,482,80,112,376,368,376,240,384,480,336,488,240,360,304,488,145,248,480,304,248,368,240,760,496,504,240,992,240,80,370,496,40,472,504,16,432,240,1018,368,448,432,240,50,752,208,496,498,496,368,292,376,504,496,496,464,338,496,348,752,418,466,112,224,154,384
439,339,404,660,30,470,278,286,279,668,414,406,407,222,27,404,407,476,407,286,318,22,124,22,318,282,286,438,414,350,22,375,350,406,343,278,270,20,304,343,278,286,276,279,279,286,436,414,84,22,278,542,413,273,285,415,913,415,368,470,470,414,351,151,340,415,534,258,22,318,279,117,315,30,666,914,22,788,86,438,383,314,391,285,407,23,414,92,285,340,215,901,414,407,407,212,374,278,278,454,919,406,95,159,279,340,27,28,275,402,412,23,31,21,278,20,278,95,279,87,415,414,286,277,414,903,62,918,599,29,261,278,278,30,912,23,22,286,252,534,278,20,284,407,313,287,534,262,662,406
408,385,401,957,993,425,960,945,416,935,997,977,921,944,929,936,960,898,185,993,388,485,673,416,944,976,921,944,897,420,912,464,436,417,400,912,416,675,1012,913,384,964,689,976,392,416,937,681,952,1008,420,432,928,497,417,995,389,401,928,489,416,464,913,433,907,939,417,512,953,433,664,384,928,944,944,168,689,418,433,432,1008,929,425,424,953,384,946,993,464,432,932,560,441,424,388,901,950,436,416,433,928,433,1012,497,897,416,435,937,897,944,501,929,504,417,417,824,900,944,384,913,437,928,929,440,496,936,933,1012,928,1018,897,928,437,944,937,913,912,944,417,389,937,425,929,481,433,1008,432,993,992,825
163,200,257,67,241,49,499,67,209,251,290,48,227,947,387,419,403,19,226,17,147,545,243,547,483,211,242,66,35,995,944,241,638,210,208,928,98,176,881,323,435,514,35,593,563,227,96,497,978,227,34,756,227,561,690,611,679,51,227,163,43,163,384,224,657,177,242,416,595,499,707,419,379,241,163,612,51,179,467,593,35,147,243,755,147,34,673,760,179,823,241,179,435,243,35,355,33,531,210,368,243,450,403,946,99,19,154,99,691,275,898,387,49,177,48,1015,678,208,387,206,117,418,481,545,227,177,355,563,448,162,243,1010,657,754,706,307,115,32,755,195,819,59,83,195,755,64,387,305,209,177
474,378,286,338,458,339,266,358,83,338,498,210,490,330,338,470,363,450,283,323,368,370,338,339,370,346,338,375,322,466,324,345,458,330,498,374,466,338,82,370,346,346,338,466,323,346,339,343,339,338,374,194,467,370,383,371,507,450,338,338,338,114,491,370,1007,323,450,474,334,498,327,258,275,327,113,346,323,114,283,346,323,350,346,346,122,498,451,351,358,346,338,339,507,466,346,450,339,344,442,339,346,274,346,322,450,320,858,467,338,334,347,346,374,510,322,371,269,962,507,471,338,338,474,338,466,471,370,350,346,354,74,842,450,378,346,499,338,323,378,323,326,474,366,123,434,362,338,338,454,454
665,541,665,650,684,697,536,520,657,44,700,698,572,908,684,708,570,541,384,696,908,573,954,693,959,905,45,141,141,544,10,299,20,652,697,525,575,922,56,937,232,600,441,637,181,152,732,137,772,185,924,591,808,644,641,45,682,537,157,169,692,716,686,681,696,685,185,88,537,697,700,680,665,640,825,629,656,137,648,554,446,450,672,169,528,688,272,668,675,520,557,681,908,824,568,736,669,697,172,564,152,173,56,696,693,156,44,577,172,728,237,147,784,667,429,776,666,649,685,24,793,558,141,24,696,760,164,178,432,517,677,185,1001,93,681,10,128,534,654,824,558,660,772,521,828,432,856,156,688,61
840,937,864,864,971,842,874,842,299,777,779,335,811,889,835,970,867,520,835,872,842,776,840,811,611,353,875,579,840,768,834,832,809,530,363,834,377,875,355,257,873,808,872,872,865,801,825,840,889,777,865,873,778,873,866,1000,777,842,360,873,621,616,873,873,512,872,875,840,810,859,875,843,867,331,872,874,520,843,825,777,877,577,872,854,809,361,1000,777,619,322,803,866,872,296,778,873,801,809,811,792,809,866,842,323,875,801,842,776,816,616,843,869,866,883,873,891,842,835,866,589,771,969,872,778,810,864,832,807,256,872,874,866,832,771,811,770,915,361,889,320,1000,800,872,833,811,809,363,329,859,873
393,636,248,152,761,378,220,216,604,729,731,924,568,729,603,701,780,664,667,539,121,888,28,156,216,248,314,569,248,90,184,697,698,24,30,664,56,696,280,346,921,700,140,649,91,664,649,153,154,762,568,600,152,1019,26,569,574,59,122,24,59,88,632,793,616,248,668,568,120,764,632,714,152,728,696,664,440,92,665,600,766,248,605,248,536,954,730,238,16,664,696,153,665,220,840,605,426,24,1021,669,121,94,569,250,952,60,600,184,920,520,60,697,264,25,957,728,491,440,735,986,697,520,668,521,638,90,52,408,664,600,336,764,443,92,156,664,600,648,604,154,202,73,474,714,600,728,633,201,153,536
275,785,912,17,146,923,914,345,479,913,983,402,966,473,409,285,980,440,273,342,819,386,283,912,402,465,339,319,282,403,406,914,385,281,336,914,464,435,403,272,972,323,464,346,402,850,896,976,925,395,464,402,449,443,279,267,272,282,401,978,832,386,898,394,899,852,409,402,977,390,915,528,336,850,410,402,83,408,17,473,403,405,472,465,416,408,444,795,401,411,922,401,728,982,386,986,258,817,912,467,863,915,976,257,145,403,916,458,793,900,920,401,402,403,450,465,964,923,278,403,282,409,320,922,472,466,266,397,361,402,962,912,200,400,412,272,464,920,402,400,468,339,848,912,400,896,401,402,259,386
632,1011,761,994,827,636,872,879,1010,1016,634,1013,766,872,751,627,683,363,755,615,1004,878,895,1002,1019,875,1018,1022,383,227,875,755,746,48,938,829,1019,506,507,828,1019,814,639,954,763,875,363,1023,895,743,888,555,891,742,119,1002,376,354,992,914,879,891,890,1018,635,1005,818,103,630,891,510,562,887,635,931,1018,379,508,614,874,883,311,1014,1018,890,639,506,883,251,368,866,890,883,551,1016,867,749,378,956,126,755,687,894,762,371,825,127,894,443,682,371,491,883,821,318,625,1015,864,315,362,882,1003,1018,510,1018,998,1002,875,803,1007,885,883,506,697,747,683,1001,878,378,127,746,1019,1019,883,1018,637,814,875,1007,1010
600,712,715,618,524,72,12,522,518,594,652,520,718,986,72,778,782,516,136,922,834,2,716,522,708,648,522,128,769,810,808,140,716,712,602,140,202,586,536,512,714,520,650,718,730,518,904,2,992,72,74,714,520,714,72,578,706,640,584,586,586,522,650,700,586,200,648,602,776,718,514,642,330,666,578,264,712,586,1000,586,713,712,846,650,651,9,652,14,712,64,716,650,832,644,130,522,714,512,974,640,986,522,710,778,136,521,11,899,712,651,512,842,780,138,140,715,136,14,6,522,512,586,520,385,714,654,584,586,714,714,782,262,718,778,78,512,74,536,588,650,714,714,584,8,586,602,536,904,541,590
964,388,196,612,708,645,716,996,708,708,452,988,85,228,196,124,980,453,500,196,4,964,964,996,709,740,709,964,472,449,708,981,980,468,997,852,461,325,836,996,836,964,741,917,964,836,724,772,672,980,869,196,236,661,980,708,724,804,853,980,725,868,708,372,710,837,708,964,836,965,692,453,708,980,964,1012,901,983,757,837,980,581,852,724,644,708,1012,484,837,613,708,708,225,709,980,980,836,596,580,1012,452,1012,901,740,916,868,896,964,996,708,709,996,965,996,820,644,996,997,580,900,337,724,1012,965,980,740,997,644,964,901,740,965,676,852,740,708,901,724,837,996,837,844,852,717,644,708,708,708,724,1012
36,17,2,49,33,17,35,48,43,376,174,30,26,7,19,52,16,49,292,60,176,90,16,40,176,3,26,18,10,224,51,49,50,310,435,163,490,4,134,37,49,289,0,35,33,178,2,19,49,290,33,804,88,0,58,7,257,27,275,564,74,35,313,1,0,44,11,49,36,432,23,11,288,306,16,33,3,304,56,50,49,304,1,162,34,17,10,36,327,288,51,48,52,50,258,51,48,19,40,49,53,0,25,51,315,113,57,147,58,50,56,23,56,307,114,298,17,313,135,160,177,422,307,113,18,14,60,48,162,1,17,235,388,37,291,48,0,96,49,66,121,304,163,312,19,49,33,48,50,34
357,488,100,993,232,290,484,483,64,484,482,509,484,366,228,355,488,485,492,481,480,416,864,485,484,485,448,484,449,353,484,200,225,192,196,160,480,476,104,226,149,234,288,416,96,437,705,482,480,425,480,228,484,996,416,289,352,329,482,995,488,360,480,224,491,352,450,480,492,872,338,480,490,992,998,96,480,962,355,483,931,233,484,993,481,355,98,486,288,480,932,453,73,115,224,356,448,353,992,482,481,486,363,992,996,103,481,232,353,892,456,128,481,104,224,481,481,357,484,97,228,486,448,225,360,962,100,100,484,353,192,500,488,354,226,200,488,480,480,357,480,224,172,485,323,224,97,481,228,361
798,922,794,947,74,794,400,274,794,442,1018,402,408,922,412,819,287,814,410,926,274,400,280,825,410,402,403,470,312,406,398,429,409,774,538,922,458,923,787,402,778,539,411,407,958,275,798,319,955,914,433,979,158,792,926,410,944,473,415,158,287,926,274,400,443,658,312,411,402,922,410,830,403,402,282,286,920,949,384,314,670,148,283,406,406,795,154,410,413,954,987,403,790,256,410,314,402,913,282,408,466,283,404,465,279,953,275,906,663,952,922,772,667,785,274,394,282,731,146,406,659,408,403,398,314,413,926,659,338,408,334,659,442,274,410,475,824,914,410,411,785,258,178,790,273,401,414,414,922,408
889,1023,298,486,379,244,1023,111,765,1001,1005,1016,1001,1005,761,994,996,765,763,1000,873,1018,1004,761,1001,959,488,488,1001,108,481,866,579,872,1021,489,364,375,238,873,1001,737,884,1002,1001,232,736,1003,381,109,224,737,253,249,362,684,995,237,238,1023,491,882,354,480,507,234,489,1021,730,592,1000,482,105,1022,745,612,993,765,237,878,1013,234,879,749,1021,995,365,763,637,488,1001,361,1020,617,617,616,1005,881,765,864,624,238,1003,1003,1021,941,745,1007,949,749,511,1001,708,233,492,1001,1007,483,621,237,748,992,494,745,1007,621,189,1006,493,249,227,1001,1004,745,488,872,996,761,395,749,1019,619,876,1021,744,1005,489,1017,1020,1001
489,333,967,939,99,617,263,835,439,363,962,871,967,103,101,295,839,375,747,1023,35,79,487,615,255,969,939,359,118,495,423,999,807,947,451,323,759,203,967,874,871,739,231,459,966,819,938,354,1007,295,35,617,417,881,7,323,323,759,427,357,975,935,1007,375,359,323,523,355,871,1009,903,355,487,843,871,367,355,747,391,995,147,963,807,615,675,3,619,357,805,227,235,367,271,609,683,871,423,990,55,295,359,807,375,363,171,739,359,75,234,359,839,479,455,483,959,167,359,39,47,295,1003,107,343,55,333,367,759,243,371,623,803,871,463,103,195,939,67,483,871,229,117,263,487,403,449,11,295,995,288,359
246,214,231,86,95,247,214,198,215,86,103,214,214,150,244,198,222,3,70,178,87,150,214,214,198,759,130,208,199,198,242,183,148,246,86,214,70,254,215,215,198,22,246,151,244,242,646,199,244,158,199,198,198,198,246,223,126,102,103,735,54,214,247,90,422,134,222,86,244,214,6,246,199,70,218,95,214,207,214,196,194,151,214,116,198,151,198,228,250,414,230,199,34,215,246,206,103,151,726,230,215,102,150,134,246,406,199,210,199,47,502,214,242,70,118,83,214,102,202,210,198,222,212,199,115,215,86,199,22,71,212,226,70,198,198,66,164,215,174,70,135,230,247,214,214,231,230,214,150,214
802,930,823,814,998,932,802,806,958,934,950,819,951,895,422,823,958,698,949,822,1022,630,947,958,799,958,830,830,950,950,754,942,951,998,822,886,998,935,819,938,950,958,946,790,826,954,570,958,822,828,950,827,956,290,930,934,678,950,810,374,959,942,950,950,826,950,910,806,950,814,958,934,826,422,814,806,830,984,1014,806,820,932,822,938,1006,942,950,943,902,950,806,932,802,954,958,958,908,822,958,806,804,827,422,819,1006,950,958,895,1006,942,820,946,1022,800,1014,822,919,918,950,822,819,942,1022,823,447,942,954,1014,931,906,890,930,950,950,690,950,434,942,966,906,954,950,946,958,982,934,998,758,998,944
404,524,652,140,284,30,140,652,780,920,596,788,286,28,148,68,28,540,94,540,284,28,20,344,280,20,540,30,284,140,28,268,276,24,348,268,272,140,796,796,28,28,652,540,920,396,12,536,388,524,380,268,12,524,532,156,28,281,520,332,644,268,156,284,348,280,781,796,284,540,540,512,908,540,93,532,132,538,28,318,660,266,140,572,524,284,780,204,460,24,540,516,284,796,60,776,524,28,652,844,788,716,12,668,284,200,281,540,5,860,908,268,12,396,12,788,772,524,792,648,925,29,28,532,132,908,604,24,390,20,404,28,0,29,20,270,269,350,541,798,788,596,14,28,14,270,284,141,156,540
429,235,483,305,329,227,491,165,491,235,235,491,228,224,253,233,235,175,490,237,481,359,418,365,495,161,425,231,235,297,224,175,489,119,251,291,493,485,484,374,231,202,357,222,13,493,235,233,231,255,249,119,437,176,231,239,203,103,480,175,465,102,231,357,491,421,105,227,101,69,228,417,419,357,431,483,231,484,105,503,227,107,167,237,235,357,457,239,111,371,485,507,239,238,249,491,231,487,241,105,231,491,117,397,499,238,505,199,423,483,493,483,226,503,239,231,489,487,485,239,495,417,107,417,495,245,399,437,379,191,231,431,493,250,761,97,493,235,235,501,43,231,229,231,429,425,105,231,169,367
984,104,69,995,0,192,216,463,640,833,321,393,936,152,192,200,290,408,209,139,387,397,193,320,193,747,220,922,448,360,260,912,896,451,577,129,194,457,217,835,963,65,720,1,66,216,193,448,192,960,74,192,984,88,459,505,65,135,514,671,348,476,336,326,128,954,457,385,915,900,458,200,664,326,256,386,704,392,75,392,501,672,470,481,216,448,328,393,1016,442,449,452,193,7,658,455,5,465,192,836,136,196,353,832,448,197,457,332,193,264,480,40,194,320,420,199,193,451,136,917,971,75,525,321,900,386,209,69,73,960,462,585,451,833,129,705,450,334,130,452,665,200,394,64,96,464,388,452,513,64
447,364,428,12,806,447,30,333,300,430,446,366,12,301,990,439,190,174,956,1004,422,444,430,814,302,4,813,454,289,972,292,300,478,273,442,303,110,959,941,942,406,814,486,430,319,366,317,363,446,319,267,484,318,358,271,428,430,438,421,462,430,815,943,39,424,14,445,286,910,1007,273,718,895,856,908,302,493,942,270,284,428,364,436,431,910,269,878,300,812,174,796,415,298,110,1007,942,442,302,428,423,270,542,398,312,436,413,346,252,332,395,364,268,302,940,502,381,303,924,142,303,879,270,556,623,301,300,830,446,380,463,407,334,268,877,365,278,270,494,270,340,702,294,398,288,291,44,495,446,286,348
800,816,354,894,882,280,768,760,870,880,816,826,872,858,888,1010,816,819,854,866,805,872,836,1006,881,874,816,888,882,864,890,864,894,584,62,558,816,880,826,810,880,890,616,624,563,882,786,304,350,564,888,624,880,832,566,632,808,358,882,800,624,700,550,868,113,817,547,300,370,702,1008,802,416,624,954,923,884,956,802,866,834,1003,759,890,776,800,880,872,870,816,824,880,820,1008,812,800,818,770,872,594,808,704,888,608,368,817,432,810,882,825,866,882,624,624,820,779,870,867,866,550,25,880,370,801,818,1001,608,880,828,447,768,881,792,825,870,626,884,306,812,820,628,994,850,304,788,886,562,878,880,848
608,678,676,740,558,521,582,889,572,1006,598,520,518,700,550,556,776,564,672,550,766,574,846,926,582,526,856,838,742,686,748,558,562,630,742,740,727,582,648,592,626,518,546,686,700,660,614,938,564,814,814,608,950,762,678,618,684,542,583,622,680,550,18,536,636,630,550,672,802,522,612,684,518,572,588,720,516,556,646,550,740,518,574,690,992,749,718,556,607,614,580,622,546,554,554,526,558,762,934,596,732,574,616,672,766,556,680,840,764,836,550,712,1012,620,554,530,622,638,620,590,544,588,590,622,710,516,614,550,652,550,936,1016,616,736,594,622,550,565,564,518,750,756,558,626,590,580,546,544,12,822
1002,678,238,586,166,923,910,698,1022,250,422,964,682,792,426,508,174,668,150,958,988,902,158,399,898,946,906,238,430,691,682,434,414,943,934,966,922,934,606,927,675,143,406,654,902,722,710,686,921,662,932,422,455,936,140,170,754,175,954,142,174,154,167,523,946,1006,431,758,187,399,670,951,162,430,989,964,938,918,428,688,674,647,718,414,1014,158,476,406,934,951,942,916,134,686,922,682,458,474,994,462,950,956,932,914,430,158,646,683,424,906,652,950,943,430,946,1000,682,938,438,814,940,422,419,412,446,902,398,966,950,255,442,394,442,386,166,1021,946,742,150,955,1009,924,186,938,646,190,439,158,956,762
74,651,138,142,142,654,142,386,515,139,137,138,139,203,142,654,142,143,170,518,159,527,654,650,578,651,648,684,142,10,131,138,200,650,129,142,555,138,207,139,138,398,578,142,203,207,750,654,650,975,687,650,670,170,142,38,170,667,398,655,526,143,650,139,142,651,131,138,670,11,399,203,15,268,142,138,165,143,141,142,667,143,140,6,287,74,143,715,143,158,138,495,251,202,75,142,908,222,14,142,11,138,655,653,206,154,646,655,143,206,671,143,524,398,522,651,143,23,143,46,26,139,166,8,15,522,140,158,215,175,175,654,142,170,386,138,590,262,139,139,139,139,235,235,139,143,131,79,142,142
479,374,508,493,893,493,365,1013,997,1013,506,373,509,511,892,508,1011,379,485,228,383,511,554,473,241,749,490,893,381,254,189,639,493,126,236,505,375,508,1022,373,237,877,1013,1023,365,496,1023,252,363,872,253,369,511,508,1022,470,502,742,367,509,502,383,457,511,503,997,846,233,1005,1021,511,487,236,1021,447,876,488,453,1016,476,492,509,493,248,480,364,891,508,505,353,493,1017,504,505,364,1021,1021,1000,349,1015,382,484,893,758,877,237,495,1005,503,495,365,373,485,482,1021,367,763,357,981,968,489,465,253,509,504,377,353,357,377,382,1023,507,328,489,493,1003,765,996,488,508,1012,1008,494,362,358,444,353,510,109,1021
814,546,644,520,908,545,552,32,949,548,606,520,778,521,512,798,524,718,168,553,552,522,452,548,36,136,650,774,522,671,526,707,664,104,653,52,512,645,558,520,393,552,521,552,44,641,552,557,526,685,913,673,73,574,521,621,553,79,522,524,34,812,645,529,864,13,588,617,641,524,520,518,523,581,524,684,652,544,620,265,940,161,240,649,558,14,4,588,558,281,12,684,584,14,553,777,552,558,512,14,622,34,651,30,684,701,520,268,552,525,520,540,558,517,32,525,556,906,686,552,526,552,40,813,808,808,691,768,814,526,552,642,652,650,544,556,270,680,524,538,294,551,512,65,549,110,40,525,559,680
559,399,259,822,490,438,814,922,942,429,398,942,431,923,926,266,510,934,399,954,942,950,938,884,935,906,271,994,270,798,386,803,654,922,421,906,427,814,410,490,910,266,814,943,806,942,258,718,922,262,554,362,970,174,430,943,1006,779,910,942,1006,940,422,942,943,430,398,651,430,198,138,399,906,446,646,494,1007,159,900,686,446,778,906,510,330,906,911,958,415,1000,930,910,935,937,942,734,778,910,974,908,919,954,426,970,266,392,906,935,495,911,391,906,918,406,654,934,431,938,922,430,898,942,303,431,942,942,666,426,399,906,954,970,142,946,687,932,268,906,431,398,418,943,170,826,267,794,430,426,426,782
170,534,514,3,59,303,554,131,130,642,131,291,171,34,35,290,547,34,35,555,682,43,35,746,392,295,646,555,98,226,34,56,42,690,142,3,518,658,663,546,550,526,679,787,514,162,675,171,678,18,551,643,658,62,50,130,546,0,518,2,14,10,130,134,170,186,10,166,50,35,398,530,171,527,546,154,518,527,552,42,18,3,22,659,42,2,14,807,786,130,546,7,142,523,551,514,58,130,150,513,530,34,270,554,2,659,563,275,682,662,542,131,521,11,566,90,42,34,34,34,642,290,35,46,39,22,746,548,130,3,675,299,527,562,294,35,642,514,2,558,163,578,50,110,555,50,546,163,43,522
477,693,221,100,247,496,342,471,759,375,340,324,117,470,118,406,372,373,326,380,375,381,373,94,343,375,340,94,358,247,339,342,375,84,342,500,374,503,471,630,498,119,220,340,370,245,85,853,337,76,118,500,343,336,470,245,98,71,372,374,372,118,342,374,340,325,342,383,85,278,468,502,87,509,499,758,255,470,976,471,462,87,214,246,499,764,511,468,359,117,126,380,406,630,340,373,342,127,369,479,244,371,247,123,855,101,119,98,372,886,380,471,213,113,338,209,350,342,511,470,372,242,328,501,342,475,53,503,479,102,342,350,499,81,500,95,86,343,382,222,338,318,254,469,468,327,502,511,311,469
405,961,148,209,389,0,721,180,579,677,87,469,389,20,565,197,181,821,793,54,165,674,53,164,69,133,5,148,677,145,449,661,727,1,165,453,597,393,469,228,209,173,416,132,133,132,132,464,216,469,708,192,206,720,0,464,649,76,135,133,153,145,965,148,21,213,679,135,101,10,408,148,647,580,732,133,386,197,213,97,645,244,129,173,213,196,1,369,251,443,337,164,237,645,193,389,333,981,421,493,213,928,417,405,37,460,24,582,153,113,192,117,917,85,149,133,593,660,549,257,86,514,660,833,167,261,292,117,452,148,375,177,469,215,60,133,245,68,69,645,453,133,77,683,293,213,209,84,192,201
279,625,73,307,582,89,82,521,397,217,328,601,859,72,312,75,75,368,489,28,323,443,584,47,328,121,75,89,88,267,370,337,68,151,670,172,469,313,281,264,236,153,88,285,299,104,285,392,352,107,300,2,31,525,349,84,393,393,269,3,79,269,89,109,840,433,352,46,157,265,30,325,793,127,333,264,335,524,621,333,269,265,319,347,159,349,111,114,123,73,309,28,256,95,101,11,77,25,537,248,29,77,342,127,975,281,77,350,29,25,75,323,459,368,537,274,119,76,350,325,321,25,78,941,281,345,603,406,79,88,459,77,336,86,29,271,347,351,41,495,360,240,605,269,109,365,345,92,840,66
121,344,345,523,496,411,505,72,217,281,315,504,345,217,458,347,249,188,124,481,841,107,347,203,267,89,330,443,442,490,328,504,858,347,377,505,458,345,265,764,361,344,346,346,888,217,376,377,347,281,346,216,827,393,505,1017,986,505,73,90,379,58,107,26,367,859,921,235,376,346,1017,617,458,506,505,776,473,217,89,267,473,92,472,376,411,344,24,338,473,410,1001,252,121,490,985,266,378,329,297,153,859,123,201,89,377,968,329,347,473,88,379,360,73,283,342,344,8,331,376,88,637,969,347,91,472,857,264,27,344,72,395,860,297,377,955,201,282,200,473,379,922,377,315,75,895,248,89,379,478,58
372,964,916,960,668,892,788,733,464,853,960,837,452,468,965,853,960,704,237,705,993,853,854,976,976,901,1013,645,788,121,981,708,852,981,725,628,468,709,484,1012,449,949,1012,964,849,208,468,725,964,837,996,721,845,765,576,957,513,469,674,725,596,360,912,836,977,601,612,857,560,196,744,725,724,721,992,228,576,453,68,980,586,629,960,948,834,977,852,92,980,448,837,832,598,372,860,996,886,740,468,980,1017,608,205,864,52,736,853,469,916,960,388,981,884,836,760,725,644,721,868,516,997,612,798,373,885,1,373,708,720,897,597,716,968,924,1012,869,739,901,324,749,720,836,1013,884,764,740,844,528,503,448
50,456,322,776,504,918,922,864,308,924,812,946,442,368,314,922,936,282,280,830,438,812,880,416,940,808,954,800,434,950,392,418,280,346,408,402,616,282,314,906,304,504,952,826,888,856,920,398,954,282,440,902,926,894,304,111,826,440,814,176,314,426,346,424,924,912,442,472,398,422,824,856,504,1008,952,424,408,980,936,952,938,956,824,918,958,944,946,440,938,888,376,924,936,994,924,904,816,978,428,444,300,952,936,930,402,376,784,410,422,952,931,312,958,412,930,968,282,890,424,780,184,934,394,424,314,296,510,446,366,442,440,316,284,448,344,946,122,412,424,932,376,440,920,788,892,444,942,936,312,416
861,192,978,439,730,56,835,988,322,467,886,362,612,370,850,770,502,339,320,470,122,962,330,842,911,870,979,2,89,857,845,252,873,350,467,874,882,322,474,355,343,842,340,745,810,458,979,450,968,338,376,338,502,346,346,862,356,848,332,216,88,240,334,346,986,472,978,836,338,400,323,198,985,338,850,834,382,842,414,84,722,450,887,370,986,339,990,336,848,340,19,375,330,850,475,466,833,368,262,474,828,850,607,471,466,70,635,462,466,89,460,857,832,3,351,466,867,365,888,722,454,336,326,251,511,338,847,464,888,890,352,450,322,628,489,337,979,716,450,1019,474,867,323,282,394,346,455,126,86,862
915,991,87,979,191,987,211,211,91,403,467,601,470,855,95,211,211,155,978,187,907,595,722,923,131,411,339,86,323,759,347,247,407,987,607,519,67,341,851,411,507,186,475,407,503,915,274,465,87,211,178,467,91,597,478,471,663,402,479,863,383,471,19,159,722,223,219,353,479,83,475,279,211,273,211,83,987,979,507,87,465,859,983,607,219,94,75,251,339,475,219,979,19,18,27,919,213,406,219,467,467,83,275,411,595,215,155,475,795,913,331,723,991,123,979,351,23,409,219,723,211,223,120,215,735,323,475,19,467,211,91,471,467,987,471,75,983,731,89,723,347,211,475,275,343,347,987,863,147,947
372,304,932,800,38,672,288,816,417,416,356,801,816,817,624,980,432,544,816,806,703,804,480,838,292,868,633,803,417,760,662,555,820,996,176,814,560,928,492,246,160,166,36,560,416,420,936,884,996,944,560,548,257,1012,305,598,420,864,946,992,881,434,940,944,516,800,564,949,864,932,996,992,910,440,932,1010,560,164,832,353,432,161,288,368,816,896,432,992,888,496,992,956,978,444,896,236,812,436,192,356,740,688,976,184,289,800,484,560,368,288,838,769,548,928,400,641,804,692,944,672,785,416,554,288,500,1008,1008,813,372,288,556,436,786,884,420,421,944,438,864,948,952,772,416,484,376,560,992,546,416,928
365,485,494,494,173,912,623,447,294,231,101,679,228,428,462,396,175,502,422,431,468,262,356,238,111,423,485,39,197,485,453,332,997,399,396,140,686,1007,238,429,645,495,215,173,813,231,338,908,485,669,172,271,748,357,270,407,1006,365,261,454,236,423,493,1013,751,1007,423,645,965,957,364,495,973,45,237,679,333,358,493,127,495,367,525,933,374,13,294,167,396,749,173,104,351,485,399,933,621,462,1006,869,486,47,420,391,676,254,493,396,228,446,495,207,999,206,245,444,429,422,455,172,102,495,509,61,686,318,103,255,428,684,1013,255,375,357,493,324,421,244,989,245,428,397,453,493,685,173,935,452,549,141
594,583,979,66,723,451,595,923,146,210,323,274,512,18,27,786,978,195,547,731,838,82,83,667,251,194,587,66,706,966,514,19,474,594,323,19,327,16,467,534,210,755,666,578,603,594,90,70,223,578,66,338,183,707,578,834,131,147,74,720,515,839,707,515,219,2,579,283,706,258,706,579,706,982,534,707,850,202,198,19,643,579,787,577,66,603,515,707,514,707,915,532,722,194,210,538,67,593,64,458,722,578,579,782,23,519,530,602,715,138,723,87,795,583,371,203,594,535,913,850,578,848,715,522,83,515,515,263,715,915,386,842,102,595,579,67,579,839,330,67,896,706,218,582,659,139,711,658,707,730
535,569,541,767,189,765,151,61,575,621,735,159,62,567,519,607,556,703,13,685,543,543,541,543,255,575,700,636,541,575,63,175,717,607,535,543,702,831,533,537,541,749,700,93,655,607,541,535,543,543,31,733,863,607,126,207,157,542,62,735,541,671,574,532,637,57,540,108,79,575,693,575,732,125,573,603,541,93,671,574,647,565,29,607,543,151,767,663,542,637,543,958,541,93,109,669,567,637,553,575,533,63,573,591,63,271,591,542,220,569,590,183,541,591,621,87,158,93,31,21,543,543,663,607,575,127,542,87,567,767,95,31,93,223,93,671,655,607,254,527,759,703,531,95,157,677,14,765,155,142
521,335,83,587,766,15,135,71,71,69,847,323,843,7,325,83,71,77,591,589,12,75,67,259,39,95,9,579,333,75,709,3,207,335,129,267,77,25,73,95,834,79,321,10,111,339,266,70,109,94,135,201,91,847,587,339,579,523,577,75,847,5,79,328,197,329,15,335,85,69,79,539,65,79,169,777,67,65,91,461,75,15,855,837,7,142,71,70,73,583,603,205,103,585,77,73,543,193,587,71,73,455,75,579,839,107,843,207,77,73,321,521,71,839,365,781,91,583,77,623,67,325,77,79,9,205,587,111,359,333,195,327,91,7,843,72,277,203,583,587,591,77,65,201,75,334,620,1,75,331
273,143,89,90,766,862,276,314,626,618,378,862,382,284,598,351,380,351,268,799,350,348,383,346,338,344,90,351,88,75,319,822,350,351,348,842,582,14,334,859,20,268,478,790,278,350,382,350,832,380,350,846,863,369,339,380,350,856,862,334,342,858,127,791,350,91,126,884,862,350,269,862,286,284,382,286,286,347,336,786,351,349,638,848,315,338,278,799,543,862,880,89,603,82,88,380,377,863,334,26,798,351,351,375,848,348,894,854,286,326,796,794,86,846,347,886,606,126,636,619,628,314,331,78,894,350,332,271,28,334,346,282,350,858,323,284,330,382,348,542,365,890,350,852,308,316,638,860,895,346
380,216,360,306,126,240,306,314,310,304,370,306,283,16,352,280,106,60,440,308,118,48,890,522,224,452,288,16,312,854,92,360,306,362,50,40,284,98,416,258,296,928,304,48,112,170,48,16,344,48,102,314,52,120,296,24,56,560,1014,124,306,510,312,312,244,120,438,314,280,360,58,392,948,608,40,488,498,120,22,60,48,306,304,296,432,376,56,50,32,888,8,264,336,80,288,564,352,188,434,316,480,432,792,382,306,50,48,282,432,310,176,492,114,340,280,167,346,632,88,550,304,368,118,360,176,186,122,280,280,358,306,108,48,20,340,248,360,80,122,316,894,38,306,290,24,48,280,316,288,48
97,448,565,466,141,21,641,16,411,147,5,197,86,46,215,207,141,213,504,244,661,453,129,135,593,211,29,401,155,397,209,22,23,709,459,69,196,466,652,594,325,785,537,467,219,469,276,65,151,158,81,148,193,727,649,733,533,991,21,69,131,657,640,641,663,142,529,215,833,193,707,351,23,149,343,657,661,919,659,649,23,213,705,735,599,155,129,342,323,93,529,157,147,273,17,917,449,709,199,578,607,978,323,145,17,199,597,193,31,5,730,988,517,208,661,272,401,469,199,284,654,211,386,21,607,144,21,983,21,579,66,215,149,723,265,147,341,643,210,211,81,471,151,133,31,641,71,389,705,197
536,532,735,596,764,604,732,636,654,660,693,540,668,766,541,628,604,732,541,725,532,669,573,767,629,700,573,556,540,596,668,700,636,733,733,732,597,733,540,764,541,636,669,636,767,628,700,541,540,540,581,565,61,575,665,15,669,701,764,614,726,564,700,764,540,668,732,732,540,689,668,540,757,574,532,532,663,572,605,700,532,597,573,533,636,540,620,572,702,732,669,540,671,213,540,716,637,661,749,629,541,668,604,541,596,732,540,540,606,540,733,668,605,574,669,668,606,757,572,756,764,604,732,732,669,692,725,860,764,668,733,670,669,606,701,637,572,540,700,604,732,540,668,606,765,637,692,700,764,726
750,946,954,904,603,1020,624,1016,792,888,891,568,696,200,348,763,955,154,859,248,666,210,894,88,573,662,632,634,712,762,668,314,504,860,240,596,858,153,218,347,853,252,946,476,319,539,946,938,728,696,922,912,860,732,1020,734,989,665,824,985,317,1016,730,368,244,730,244,283,208,986,856,926,412,954,762,924,985,798,814,1020,696,441,698,799,524,462,728,857,412,698,477,595,664,861,0,888,376,570,300,1020,540,796,569,312,830,624,858,344,254,478,810,31,478,952,1015,731,796,728,120,790,1018,856,156,58,814,874,751,794,56,766,856,604,678,344,698,728,56,785,987,154,670,1009,154,446,728,564,763,120,761,345
351,885,983,375,978,879,969,782,991,966,327,765,871,479,1015,999,835,1003,859,1007,1014,863,895,886,383,631,71,893,879,879,879,1023,964,1004,893,879,365,361,966,1007,509,891,971,341,479,487,405,319,503,735,463,479,884,511,1006,863,879,879,359,333,737,334,889,861,471,991,636,1015,1005,861,895,879,879,351,767,999,978,1006,765,983,382,347,510,991,221,350,326,495,618,734,878,845,331,859,479,335,1021,983,382,366,991,495,764,511,845,858,343,846,895,926,1006,892,841,831,1023,1007,847,110,343,378,733,758,1023,854,607,871,847,863,876,351,502,989,99,975,631,862,606,635,975,862,895,875,987,351,859,978,223,230,495,887
27,219,792,538,858,735,862,860,24,766,402,520,358,28,990,408,538,859,602,986,530,330,538,858,842,794,831,878,970,412,126,154,794,782,274,346,729,526,794,670,926,505,26,846,858,26,523,351,858,350,858,790,792,282,954,726,275,842,859,858,799,794,922,883,604,498,586,283,786,968,94,538,858,667,634,602,346,922,562,799,218,922,795,958,922,222,26,90,787,282,603,11,534,542,378,333,859,538,665,924,521,838,26,694,730,862,26,778,926,814,990,854,349,954,820,338,858,590,848,856,926,922,846,616,538,570,634,95,538,863,602,786,890,924,78,907,798,826,346,826,799,334,635,538,238,702,635,863,794,270
952,1012,57,510,958,93,349,460,438,750,189,213,428,252,429,503,1004,141,398,404,296,444,252,46,908,805,477,381,238,920,598,508,69,222,62,492,264,476,829,108,220,444,132,429,430,444,988,412,317,500,910,909,397,284,476,892,430,429,205,573,188,364,446,47,316,494,78,654,765,428,396,334,414,476,236,428,223,220,1021,348,964,905,428,413,237,316,172,572,726,925,955,436,495,191,630,417,948,702,492,429,348,414,508,308,445,732,412,908,540,478,664,366,477,245,508,780,524,413,63,364,510,412,390,279,249,60,924,404,950,956,414,444,380,168,444,414,268,170,173,478,941,461,190,94,954,445,430,381,296,468
1003,491,874,1002,891,682,634,1007,954,943,238,1006,958,430,378,494,958,510,122,815,936,992,878,942,714,826,426,938,943,943,1022,1006,1006,494,974,1006,1007,1003,1006,750,1006,959,1019,1022,1006,490,186,238,379,942,943,942,906,326,266,955,1007,750,1002,682,999,938,970,507,782,943,925,1023,1006,494,830,890,878,367,1002,811,970,874,488,1004,366,1002,234,810,958,894,760,379,995,1002,430,874,808,1002,1016,366,1003,937,1022,1004,1002,808,878,958,878,1000,686,506,938,1018,943,1006,1003,1006,942,879,958,811,430,1007,938,842,714,879,686,482,938,936,1006,906,971,1006,830,1022,1006,1006,954,942,891,974,959,430,938,492,426,1022,1022,522,940,254
563,563,689,625,643,562,759,535,565,946,625,561,309,561,949,567,819,563,547,689,883,561,529,49,819,625,691,657,529,549,626,561,535,515,627,562,819,626,563,769,561,626,753,561,561,689,531,947,561,569,691,563,689,689,49,565,659,753,547,563,625,631,643,573,531,673,657,755,944,757,571,545,757,819,561,563,817,613,561,561,563,817,631,689,945,547,819,743,563,563,571,567,565,567,737,531,817,657,563,663,689,535,565,555,647,951,563,675,561,627,563,689,539,563,563,689,659,563,55,821,693,561,691,572,851,659,53,691,547,915,517,722,691,821,535,659,945,563,563,569,531,551,675,547,561,817,753,791,817,819
713,205,623,93,13,109,457,837,157,969,77,332,205,637,351,77,673,584,525,201,173,77,93,85,991,77,77,77,365,93,109,125,749,127,877,204,9,77,961,620,60,61,493,13,219,941,717,637,589,45,573,73,200,333,521,717,168,73,365,333,237,105,205,105,717,9,623,605,333,73,205,76,111,89,237,233,89,45,333,109,95,669,717,332,717,92,235,205,797,71,684,589,605,13,461,73,109,189,621,223,205,205,585,79,73,205,457,237,648,201,893,77,204,93,205,232,77,169,47,233,205,329,637,201,751,157,523,9,9,89,9,745,541,75,137,589,589,13,79,47,909,589,205,73,73,159,751,351,203,716
753,755,938,371,1015,723,997,881,880,977,177,753,1010,993,978,497,977,991,883,947,753,979,883,1013,337,883,757,555,875,969,505,978,881,737,931,993,753,1001,729,947,785,897,945,1013,881,1009,817,1009,561,829,1008,608,557,882,868,745,720,953,753,793,509,819,738,977,1018,955,993,1009,483,929,1008,701,753,965,737,1009,993,496,1011,1010,953,1017,853,321,757,1008,1018,864,977,381,496,349,487,630,753,1020,997,1012,369,545,976,1019,993,1015,964,889,993,866,762,951,464,467,729,1011,831,689,761,1009,1008,499,743,977,761,979,441,609,1011,1017,914,377,1017,954,1008,739,763,983,971,1015,1019,501,1001,1011,1013,821,920,458,450,1011,1009,1021
303,967,637,860,576,580,730,584,53,342,332,541,67,630,327,717,837,967,975,380,69,870,584,75,852,604,199,95,881,463,602,592,90,605,515,111,863,589,855,604,789,861,68,28,590,705,714,727,333,76,967,845,77,845,723,605,623,590,863,733,717,836,14,635,621,103,326,81,863,543,839,76,66,836,353,839,77,709,341,581,835,590,605,840,527,325,589,589,341,413,587,586,963,605,302,221,66,76,4,73,623,843,893,581,93,607,839,91,582,87,30,224,71,214,592,972,328,600,515,589,841,328,599,857,584,605,260,579,751,75,77,842,740,861,839,977,348,963,577,840,581,589,711,83,598,372,855,475,582,735
456,841,472,458,464,386,410,460,330,458,297,618,706,490,506,475,331,424,462,394,872,330,72,330,424,266,328,200,968,652,347,90,67,506,451,410,322,328,344,666,458,290,472,328,313,330,425,346,346,10,456,336,450,66,488,266,872,364,584,320,458,458,458,330,344,330,330,478,922,322,392,506,863,354,337,202,410,384,266,266,458,72,331,347,208,266,394,258,393,346,328,66,398,328,328,322,426,280,266,266,162,345,322,346,714,350,272,11,474,410,330,920,329,264,832,98,872,120,362,458,344,322,328,218,474,458,832,842,459,448,334,456,330,344,776,457,362,330,490,184,974,330,330,464,1016,971,478,458,344,218
249,248,237,764,505,233,162,252,245,488,1020,504,509,1017,232,748,248,190,252,1021,237,200,490,504,641,504,247,1005,504,249,252,488,488,764,764,760,764,233,766,248,1016,250,124,760,238,762,987,184,760,170,765,744,488,509,509,697,488,191,248,1000,630,492,169,510,1022,508,188,508,492,744,508,233,744,244,501,940,252,760,698,253,956,496,1004,1016,184,236,473,252,557,761,480,172,441,1016,988,108,233,108,254,510,1016,681,1016,236,700,506,740,1016,160,767,236,696,509,189,508,247,680,168,441,765,748,749,1001,956,252,435,252,249,239,187,764,1000,763,762,712,493,729,511,252,252,185,1000,765,380,225,244,216,425,760,700
710,762,216,671,720,723,734,725,662,240,980,668,733,532,666,823,727,670,220,756,729,540,588,760,89,727,222,727,216,542,731,732,30,726,734,767,606,734,599,735,82,727,991,702,607,755,988,727,767,148,664,725,727,214,671,159,667,976,754,731,89,593,477,670,732,244,29,725,663,594,668,668,210,662,146,732,198,215,722,622,604,601,606,663,149,727,94,990,731,723,158,728,159,150,612,734,984,732,663,593,31,725,660,863,667,731,658,697,212,658,732,766,220,663,658,662,726,92,983,671,727,766,663,722,542,730,730,663,662,728,786,698,87,221,534,151,663,982,725,507,600,731,700,18,755,603,54,735,658,694
537,539,538,538,10,731,154,27,666,25,347,11,136,666,26,606,699,539,29,927,539,24,27,826,30,138,30,158,266,666,671,794,538,394,10,158,26,424,664,411,27,537,537,537,538,152,536,154,776,786,667,59,667,31,27,189,298,523,539,542,664,30,74,539,395,28,526,14,24,794,792,270,697,798,776,665,650,27,27,671,27,31,859,522,409,158,122,411,139,602,537,26,666,669,26,395,27,138,923,666,571,155,922,443,537,795,158,669,537,31,26,542,154,527,155,154,522,920,520,156,27,27,154,570,530,954,659,543,410,26,222,90,923,542,670,315,799,667,139,520,10,153,158,524,154,154,926,187,539,697
99,194,74,198,659,678,711,466,3,199,64,723,199,714,723,194,198,223,706,707,198,198,131,659,3,98,727,86,323,578,210,714,663,82,338,211,3,195,86,194,194,646,7,643,67,451,130,707,151,83,83,134,723,258,643,194,211,645,642,663,66,71,7,598,215,131,202,19,647,131,707,134,723,399,199,146,515,210,194,144,66,82,218,207,131,778,211,87,195,67,6,67,70,22,721,206,202,962,727,582,199,102,146,707,142,134,655,515,710,659,214,643,579,402,195,194,82,23,583,67,194,723,451,83,210,209,131,643,196,194,2,219,150,131,650,707,195,531,194,194,71,150,70,70,83,723,211,721,202,194
522,38,140,266,278,444,36,128,12,10,644,128,428,672,30,12,154,128,908,137,166,131,409,138,414,150,172,436,21,11,94,646,40,25,18,177,665,169,180,184,0,146,142,135,769,24,28,266,654,0,142,129,264,138,10,6,30,312,2,188,146,133,12,177,190,269,60,139,140,408,265,178,141,148,40,10,0,0,684,168,146,643,0,161,516,685,153,139,290,424,136,170,902,142,641,164,25,138,25,41,330,155,40,643,157,285,154,520,161,168,642,650,128,642,184,569,136,441,162,409,642,38,10,658,41,139,162,8,780,407,405,426,24,148,136,164,136,426,152,776,269,40,654,153,42,814,134,649,161,108
684,680,718,741,677,686,740,741,680,681,941,683,680,684,685,687,648,556,699,681,680,684,685,716,521,684,686,680,684,684,764,682,684,680,687,748,685,684,684,676,764,648,1004,700,648,143,686,684,680,684,686,673,684,1007,680,1000,175,684,1004,955,236,174,680,750,672,748,748,652,680,684,686,548,557,748,676,684,940,684,168,684,680,641,685,749,649,684,684,653,748,744,748,672,165,684,749,716,1004,685,552,554,544,681,172,552,682,686,685,684,684,673,685,236,548,680,686,943,680,680,687,808,680,684,877,684,684,684,545,686,744,685,650,737,934,686,679,687,812,680,684,940,672,685,681,556,674,684,908,932,746,672
718,580,148,76,4,68,837,590,914,84,598,991,579,326,68,468,469,340,69,204,92,332,68,718,85,712,198,207,733,276,357,198,199,477,708,964,326,69,196,76,204,469,68,516,70,838,718,68,220,81,324,884,68,844,837,704,707,591,840,5,580,585,202,340,966,508,413,224,580,460,716,988,78,588,517,73,92,964,780,861,718,204,330,333,908,398,589,218,580,334,197,100,710,76,581,708,589,452,68,1020,404,589,332,576,710,100,94,76,580,204,68,196,324,228,4,542,729,332,582,69,69,71,596,69,525,70,588,714,990,324,584,206,78,709,0,477,78,460,717,198,452,862,708,260,0,468,198,78,204,469
513,97,941,219,299,161,256,312,65,297,427,321,11,481,361,307,291,35,3,363,289,97,105,809,37,100,779,290,323,291,72,49,32,99,11,801,329,865,289,297,289,547,303,801,75,10,803,673,99,323,43,11,353,33,265,329,467,41,833,553,257,827,265,913,617,33,33,355,289,107,425,611,18,99,355,305,155,57,555,41,59,379,33,537,305,11,995,35,473,59,264,97,461,875,995,283,1003,433,353,395,449,800,801,257,841,473,587,307,289,371,835,520,235,3,97,361,75,523,833,8,339,427,259,555,289,35,481,328,65,297,353,272,97,43,807,105,291,259,33,523,45,267,337,475,289,33,225,851,97,297
111,191,61,39,29,127,92,94,45,95,13,54,13,45,94,367,301,607,351,813,53,527,285,15,375,319,111,85,285,31,111,63,351,327,57,70,31,797,93,149,92,381,303,13,877,77,93,333,606,319,127,13,93,381,31,285,383,895,383,63,95,591,95,478,639,366,29,3,63,771,87,615,868,895,287,55,381,23,127,93,127,366,863,95,775,813,589,365,125,375,373,278,85,29,31,335,57,285,543,61,381,878,95,565,637,351,319,893,47,863,895,93,301,383,591,110,893,127,559,527,127,375,847,31,95,285,285,93,351,575,111,61,61,119,351,55,311,351,31,285,95,53,119,831,55,358,111,29,119,543
948,53,53,869,743,551,421,821,37,311,869,55,685,309,60,49,565,629,631,627,373,307,805,851,181,885,165,37,47,557,545,631,561,55,183,309,253,293,627,119,629,609,125,765,53,549,567,567,551,365,549,740,567,631,561,821,375,693,629,885,37,181,573,787,613,247,503,693,573,629,613,565,693,821,831,765,759,47,676,305,629,309,567,573,561,631,677,565,823,117,885,629,103,47,167,117,565,311,117,637,625,309,119,822,113,117,869,820,831,53,917,373,565,565,61,567,503,631,743,625,629,821,805,245,693,21,565,111,567,887,311,563,625,53,245,53,613,52,113,229,565,565,568,885,869,629,849,53,629,37
609,809,758,678,384,716,616,622,234,619,843,163,490,268,995,126,372,771,999,678,1015,874,598,738,622,189,655,751,611,623,355,936,825,683,353,691,781,183,712,107,190,808,361,737,11,904,635,552,1005,674,823,34,677,158,738,245,674,109,747,230,611,42,686,115,381,554,239,736,702,812,509,569,880,609,43,732,490,678,319,564,34,111,38,32,486,870,154,189,749,505,420,254,291,963,952,737,620,752,350,915,354,650,940,612,203,850,97,675,495,358,367,57,238,614,108,45,638,249,610,698,746,967,743,613,238,1005,105,553,369,353,468,759,826,554,1003,138,40,626,628,771,30,230,695,170,548,687,516,618,762,939
964,904,837,772,808,870,883,768,580,864,260,968,832,966,806,960,776,787,268,780,784,824,784,836,328,836,832,328,960,780,264,832,778,832,908,795,769,768,896,836,770,832,772,835,548,796,772,808,836,460,838,896,849,772,846,772,930,359,774,772,771,293,777,834,792,832,940,793,788,780,774,844,804,456,864,806,776,876,840,998,769,772,832,773,780,293,844,896,524,580,776,291,776,772,780,324,843,776,844,780,865,896,262,769,858,840,772,776,837,768,967,832,380,276,768,802,768,584,459,772,806,805,808,852,844,780,871,840,864,885,772,898,8,804,836,770,258,294,784,778,804,834,260,836,265,808,516,900,864,840
221,223,669,725,764,149,725,757,669,725,724,725,728,1022,989,765,221,733,732,733,732,725,765,159,725,212,721,726,724,728,733,733,84,253,669,729,660,725,989,213,597,244,989,725,727,725,93,725,981,757,85,157,605,244,733,213,669,732,599,732,213,661,724,732,669,730,208,721,733,661,220,668,212,29,729,731,669,661,245,724,717,255,157,757,853,533,223,733,733,669,727,724,925,476,724,729,215,221,157,252,732,733,733,725,607,592,733,757,988,669,668,919,757,208,733,732,733,725,733,732,733,596,732,221,215,221,727,665,735,733,657,221,607,727,749,220,734,93,733,734,857,733,84,733,543,735,853,989,221,85
733,473,753,375,475,347,507,209,881,121,593,377,753,469,241,65,633,729,209,77,1009,851,473,187,115,747,603,211,731,763,1009,949,113,987,627,81,88,81,345,89,337,755,89,920,115,721,851,697,117,243,723,467,123,595,1011,753,97,595,985,482,81,1020,210,635,633,379,241,605,251,211,601,347,765,775,1021,121,1009,977,153,602,891,369,475,89,761,251,731,83,1021,633,851,233,1009,113,83,665,339,369,345,615,755,89,219,217,625,1009,243,593,153,985,729,763,859,721,219,747,337,211,339,627,465,369,80,597,127,87,785,211,985,219,983,761,731,593,371,851,115,82,120,561,121,600,627,633,123,849,255,985,459,961
465,184,744,280,896,985,273,680,833,536,408,569,780,600,872,296,860,914,665,913,528,76,968,890,857,569,1018,505,824,984,840,796,712,412,920,793,601,536,1020,648,1017,701,793,793,792,397,314,536,409,528,897,633,24,888,921,532,825,669,732,940,794,628,216,969,1017,856,25,897,920,760,920,897,812,824,861,234,780,524,152,720,684,304,924,872,825,648,969,680,921,985,520,825,868,952,300,425,408,1016,536,488,953,667,80,833,760,776,921,824,20,249,952,529,732,696,826,796,328,264,537,1017,776,328,776,705,400,344,441,497,792,920,833,921,649,536,952,568,568,760,920,952,825,233,829,688,721,27,696,280,700,857
404,246,318,305,378,438,786,176,54,54,114,275,444,342,306,476,118,442,343,282,452,180,249,48,61,316,374,987,442,50,442,393,496,568,4,314,312,272,306,322,180,438,314,501,114,342,374,318,54,254,498,508,629,508,366,282,126,318,113,318,442,950,305,154,372,280,318,926,370,466,308,447,446,246,258,565,886,52,311,118,312,254,146,189,115,58,445,696,290,41,54,442,120,575,190,703,662,157,944,126,388,259,510,444,606,474,372,442,504,63,58,918,380,314,310,318,182,413,62,508,362,826,502,114,496,62,444,698,312,30,892,370,48,156,458,299,444,440,372,310,374,60,308,60,285,118,208,62,434,510
599,855,579,635,855,983,597,726,758,599,755,607,563,631,765,663,563,663,567,558,755,571,711,759,823,663,741,1015,663,575,791,627,219,579,851,1015,759,755,731,711,535,711,927,723,895,727,535,759,855,819,691,603,526,711,703,691,598,535,607,731,671,599,607,671,599,599,535,914,567,594,606,855,599,627,214,979,727,687,627,1015,727,663,631,631,635,979,635,767,831,603,679,663,607,631,571,595,727,729,663,851,599,531,727,711,599,595,755,731,727,1015,919,627,735,855,583,591,563,755,538,647,595,631,747,567,559,563,855,855,855,755,531,663,859,991,599,535,671,535,631,607,595,631,723,691,727,755,607,19,791,607
750,891,363,885,993,843,623,891,938,394,735,207,826,737,490,744,618,846,1007,235,714,739,683,1003,603,427,783,858,747,750,747,106,635,106,715,681,1021,460,211,331,682,943,882,1002,834,719,958,365,1004,874,1003,619,971,694,747,617,738,907,1006,618,590,622,483,971,683,825,986,810,559,992,969,1011,987,363,329,1002,744,607,999,507,505,746,381,494,1001,559,589,1001,99,875,1005,267,1017,234,442,997,879,875,997,363,999,511,1007,879,61,1003,943,170,552,750,623,906,1018,510,939,545,808,586,888,889,875,619,97,638,1002,747,235,617,231,1023,899,587,419,683,968,510,363,299,493,619,973,362,367,111,250,1001,202,971,1003,747
137,4,129,21,128,196,150,134,33,641,129,129,132,129,157,131,134,165,142,158,133,512,141,657,644,163,132,130,152,660,135,162,132,137,150,137,128,138,5,162,131,128,148,150,17,195,135,198,146,132,180,156,164,130,140,5,134,722,148,149,388,128,134,165,140,172,656,128,134,207,134,678,140,140,162,174,139,166,140,129,160,128,232,148,136,134,167,133,64,144,420,190,132,128,132,134,136,130,643,150,132,146,644,130,136,132,129,135,132,132,162,128,131,132,134,0,134,644,132,128,1,146,128,157,129,164,644,128,133,132,134,132,150,646,148,34,192,178,150,128,160,130,128,129,148,160,136,166,156,138
834,16,129,640,516,904,644,556,518,516,128,644,519,548,644,648,514,642,528,168,22,644,548,48,556,512,576,96,550,384,516,196,260,646,768,646,678,584,544,706,900,672,512,672,240,704,0,128,720,544,4,549,518,612,572,548,0,520,544,640,644,546,524,934,578,0,300,288,132,532,580,512,942,196,773,4,736,640,0,646,756,644,524,640,656,512,512,516,4,10,206,88,512,712,769,512,704,705,640,128,614,644,130,0,512,523,644,160,132,546,4,4,164,516,548,582,227,512,532,516,512,576,582,192,544,672,516,192,580,160,512,32,516,2,646,518,82,514,4,0,896,4,516,518,644,528,709,517,546,688
917,317,406,15,641,855,915,463,537,551,447,806,885,557,997,453,299,159,677,524,967,777,787,381,813,775,285,787,987,307,269,789,802,783,901,819,900,751,785,893,853,823,525,799,589,533,781,693,261,797,431,279,503,869,989,873,367,5,875,719,74,535,885,773,523,525,911,772,299,630,779,287,813,663,79,817,556,177,534,776,792,903,135,19,798,797,825,943,569,753,343,791,788,637,305,775,183,863,303,909,901,909,465,553,789,883,815,231,821,903,591,781,671,87,981,283,446,775,789,772,1020,991,261,678,307,349,260,647,407,779,781,525,783,15,387,285,791,799,137,287,735,567,871,569,797,141,813,797,791,270
680,312,568,165,89,297,185,296,561,40,813,296,429,392,232,552,312,361,937,682,296,45,173,416,41,553,640,432,317,265,777,181,288,288,297,873,808,512,420,44,104,177,552,809,44,352,637,180,108,44,25,293,557,152,44,548,40,173,32,416,409,32,45,290,73,297,296,937,44,569,172,640,372,61,129,680,173,285,60,136,48,280,34,524,481,376,652,540,552,420,57,57,164,292,57,525,173,361,168,417,680,408,173,780,61,173,297,296,681,416,308,272,153,133,812,416,664,168,545,159,941,165,185,352,60,25,665,445,172,392,296,268,144,676,41,36,57,281,956,820,573,28,133,160,1,285,260,444,185,548
803,803,370,155,562,817,114,563,816,883,874,884,995,816,818,176,880,608,816,635,513,369,689,560,867,544,820,880,629,352,834,881,816,869,882,561,689,817,929,962,611,870,880,609,838,610,690,16,561,17,570,772,625,882,818,560,817,112,737,568,786,353,114,665,307,849,562,891,883,889,944,115,866,544,857,881,546,929,755,529,577,624,866,353,1018,625,961,609,643,0,825,763,888,739,1003,817,625,883,529,528,817,867,419,371,289,802,560,946,802,827,416,566,872,880,818,561,882,304,561,529,618,771,817,625,881,610,889,818,434,424,824,849,866,880,880,547,944,544,868,817,353,625,939,633,625,721,881,625,913,370
802,817,803,298,424,929,49,825,825,553,770,289,227,418,803,931,802,289,818,801,929,297,803,627,49,810,808,816,305,881,768,299,928,294,352,496,561,803,1009,1009,802,641,417,291,800,828,523,811,801,55,816,289,304,945,59,801,936,562,291,259,674,945,770,881,875,931,545,416,290,817,823,817,305,945,369,809,819,803,928,811,424,289,569,816,1009,385,945,825,290,873,306,288,955,315,563,307,561,297,162,273,43,417,800,264,928,568,937,560,802,808,809,33,929,1001,824,803,288,800,819,289,312,304,369,945,313,292,417,296,376,875,931,936,97,289,785,289,546,816,801,305,819,570,521,953,930,289,817,289,416,306
539,59,545,811,819,544,521,536,567,552,811,256,555,521,523,523,555,155,698,536,825,570,771,515,43,552,161,555,699,553,553,520,801,27,555,555,547,803,555,41,792,936,906,539,569,536,555,811,523,682,778,523,528,555,671,674,426,568,936,539,697,40,43,547,283,143,809,58,521,770,878,571,3,554,621,538,282,520,801,555,859,666,906,554,536,697,10,539,539,0,650,11,570,570,552,521,10,667,522,275,697,538,635,695,635,697,681,274,523,27,9,530,545,40,553,515,555,538,520,555,527,521,41,521,554,9,539,513,523,523,281,793,11,570,539,523,523,939,43,515,827,795,515,538,561,27,523,683,691,825
708,336,196,333,132,36,341,261,261,325,1,4,325,549,420,4,197,839,77,271,263,13,262,85,485,524,901,324,12,334,581,132,213,21,14,324,407,279,261,5,845,390,71,581,996,260,340,260,389,270,4,21,260,277,4,327,258,260,708,7,333,780,148,140,14,143,5,150,212,269,6,7,4,28,7,326,263,70,206,79,6,269,70,204,199,132,452,207,262,261,85,148,837,397,68,518,204,269,132,198,156,710,389,20,28,5,268,4,4,326,77,260,135,140,4,206,230,469,277,452,260,325,4,198,400,485,260,86,5,69,69,71,453,269,322,349,679,69,76,598,453,279,581,4,6,69,268,325,134,205
80,33,20,114,610,96,56,242,114,98,98,592,48,545,120,115,244,610,48,576,625,225,632,242,48,537,51,49,616,186,380,122,340,33,519,893,98,612,608,226,100,515,752,100,608,624,624,115,96,98,96,48,624,104,608,82,864,610,98,118,560,608,100,560,625,625,61,624,118,617,52,632,628,887,116,51,628,624,112,228,55,118,48,608,66,116,113,736,112,115,736,36,608,112,117,34,537,68,624,630,560,114,114,37,81,96,565,48,548,609,546,70,112,50,564,608,176,612,117,112,101,36,336,112,112,547,80,609,818,33,242,98,54,96,117,97,113,100,626,113,98,626,65,50,103,38,226,103,64,563
947,353,291,823,435,819,931,819,819,499,822,954,405,950,561,403,531,819,882,803,931,787,915,770,786,945,946,817,819,935,435,434,947,951,818,433,291,690,563,803,435,787,784,818,929,822,419,698,931,435,823,147,944,897,530,946,17,951,656,818,290,930,438,147,278,691,945,819,817,263,306,945,807,49,771,675,787,434,695,294,294,403,947,291,823,178,688,934,947,800,178,434,546,787,787,182,439,850,801,931,816,947,818,819,977,818,370,402,802,947,275,695,307,913,818,819,466,307,183,819,929,405,819,899,945,691,919,913,947,950,915,898,823,434,691,947,934,803,562,928,291,435,258,818,946,562,434,402,947,919
608,872,621,545,840,633,620,633,960,864,556,868,625,770,616,741,628,616,577,613,104,869,609,876,865,356,816,865,617,877,583,865,864,624,600,617,864,576,576,580,865,865,618,613,488,609,97,873,107,888,885,634,617,481,616,4,577,880,833,740,885,617,865,549,768,585,736,608,639,609,864,738,620,33,620,617,890,833,971,872,608,525,866,600,608,99,93,64,608,628,620,861,608,993,360,841,549,622,585,616,608,961,103,582,616,610,833,587,616,865,616,801,770,604,627,868,837,624,373,885,608,833,98,889,360,713,576,865,612,629,616,864,874,100,611,889,586,997,288,864,868,620,864,64,992,610,864,628,576,341
442,987,289,504,920,475,410,474,496,409,904,982,172,426,436,501,922,440,410,506,910,400,666,435,408,506,998,248,411,498,440,1016,922,411,440,408,481,441,147,467,511,664,187,327,393,975,984,925,506,986,441,443,479,1002,448,507,442,274,392,400,499,1008,264,314,411,434,435,888,1018,1002,226,441,464,511,442,419,473,350,144,394,171,185,408,510,1001,442,442,72,424,478,978,443,922,922,338,408,344,493,442,510,446,305,409,443,505,943,464,495,986,433,400,509,434,457,185,1011,475,440,474,987,336,434,447,275,665,504,442,902,382,504,443,474,458,414,507,413,412,473,403,482,511,411,1010,402,409,474,336,505,401,953
455,464,489,466,723,205,459,467,505,507,243,976,960,451,466,486,451,203,385,970,448,359,466,994,448,451,345,451,449,501,195,203,449,453,459,347,197,482,449,413,365,448,449,456,220,731,199,450,451,258,467,203,193,491,419,963,321,992,454,505,451,337,457,336,451,459,457,455,489,969,457,465,454,963,323,194,459,706,465,335,458,203,970,449,480,139,459,708,962,467,467,369,483,227,507,475,507,192,466,200,449,451,456,483,338,451,467,449,961,453,459,482,449,965,448,330,194,704,225,469,458,451,450,324,357,480,475,194,451,454,496,987,353,453,195,391,323,83,450,321,365,856,401,67,323,192,462,962,450,459
269,834,265,0,779,13,269,302,783,293,270,74,268,847,587,34,294,41,28,44,14,781,783,11,293,259,298,295,788,303,1,10,41,47,4,4,105,780,10,298,259,11,327,271,298,781,287,264,271,557,41,557,268,815,810,357,264,779,529,47,45,256,555,556,812,270,10,302,589,518,772,79,845,13,70,258,779,521,41,321,3,42,33,39,296,35,12,308,111,7,261,72,264,12,292,47,10,557,105,613,34,15,357,15,9,309,301,300,268,264,59,8,877,46,13,782,37,894,28,28,13,269,683,270,265,297,14,265,37,360,301,287,15,11,10,98,549,271,302,293,270,271,269,265,346,12,265,271,358,303
993,115,113,491,483,249,115,225,1010,163,105,107,459,994,361,745,753,227,65,307,219,493,882,99,738,1019,997,457,939,379,377,115,371,355,1010,105,505,803,435,224,355,563,875,511,379,504,161,875,378,1009,498,891,251,993,248,307,435,873,995,650,866,867,331,242,821,505,480,378,498,435,375,247,867,65,377,379,1011,999,978,355,238,434,994,483,755,511,1017,361,817,627,505,849,762,849,891,819,296,859,505,499,507,42,851,484,1011,368,376,503,119,489,609,627,890,183,881,475,995,243,243,352,73,483,379,365,482,993,481,503,507,419,995,291,432,817,483,224,291,499,352,107,929,447,483,371,995,737,754,115,483,547
225,577,65,81,5,97,65,544,83,836,329,88,37,0,69,361,192,69,225,96,66,320,289,81,113,96,33,69,64,65,595,96,112,597,105,68,488,65,785,65,65,65,353,65,72,224,85,833,64,353,225,37,64,209,65,69,483,832,65,68,97,89,128,353,233,84,97,224,96,100,84,593,849,65,867,353,225,321,449,96,225,96,449,65,65,341,530,69,64,64,64,353,69,65,97,97,0,97,96,353,193,833,337,97,64,321,721,5,65,0,194,65,105,369,113,833,80,64,593,577,97,361,64,96,65,73,464,104,104,593,65,849,65,577,97,96,113,545,368,336,97,225,96,321,97,737,96,53,64,17
458,491,507,1017,210,426,42,475,705,488,426,505,473,511,507,494,491,472,954,478,186,440,508,440,493,973,504,500,507,489,505,985,490,987,509,248,394,509,241,297,385,495,426,1017,473,1001,506,415,440,494,477,475,1016,507,920,425,473,377,425,168,361,488,485,1004,395,508,392,441,1001,249,491,409,456,985,480,425,491,488,380,936,488,441,654,492,427,1000,1001,200,392,1023,956,482,457,504,419,475,648,504,460,488,504,489,426,152,425,505,957,430,508,489,510,937,459,479,456,504,905,457,386,398,1021,472,177,474,504,433,443,495,442,952,456,235,506,507,508,488,473,389,507,958,442,460,397,504,953,424,457,498,905,490
483,897,289,835,577,801,65,934,361,801,295,523,3,935,812,226,289,897,227,259,33,803,887,513,547,779,611,320,963,835,513,835,905,165,354,705,737,33,645,483,417,257,35,706,259,40,387,66,803,675,323,293,617,293,754,293,265,513,898,291,930,771,832,97,289,137,993,513,931,802,288,960,514,545,37,740,995,355,395,832,419,338,851,992,320,965,515,387,224,33,898,993,641,171,643,389,257,297,353,480,869,929,995,883,64,834,416,769,480,550,641,65,355,739,258,291,865,943,769,449,808,291,641,842,411,995,770,963,641,225,611,329,865,320,97,834,435,291,35,769,450,483,643,641,257,193,165,259,587,299
920,793,332,473,649,259,291,915,798,885,797,389,473,858,791,860,342,856,985,344,857,985,1003,524,315,259,533,797,351,792,986,855,408,788,915,989,789,734,987,587,919,799,274,797,796,799,789,859,457,59,529,792,414,792,339,787,280,337,863,986,283,907,860,343,770,852,851,985,277,863,561,904,986,799,343,478,797,923,919,351,798,795,941,337,828,861,277,913,985,731,603,917,795,537,804,669,796,976,781,273,275,287,927,850,267,839,856,412,860,925,851,398,795,795,858,543,787,797,137,917,459,783,409,922,859,926,272,986,987,82,849,851,405,345,1001,853,779,860,861,785,893,340,605,920,537,985,858,403,455,781
508,1020,508,360,80,733,364,1020,108,124,248,1004,636,608,756,244,884,868,1012,888,234,68,92,892,988,701,228,380,876,240,380,380,941,952,373,916,316,756,628,756,620,748,124,501,108,600,881,892,1020,377,508,253,637,765,348,244,124,340,244,988,380,884,248,376,212,252,212,510,1020,381,124,732,52,636,1012,508,860,764,636,380,125,254,956,372,764,382,84,380,718,1012,236,620,756,997,500,37,380,740,188,508,748,380,252,508,444,508,830,565,112,620,509,500,276,348,924,733,477,848,757,1016,724,380,208,884,352,381,236,368,940,372,892,468,61,380,1020,946,252,376,636,364,505,892,756,636,844,252,828,366,892,894
818,442,904,256,280,400,778,264,336,10,280,640,848,290,416,18,283,264,800,274,306,808,280,260,288,264,274,784,288,784,817,362,944,806,304,258,258,304,400,304,584,856,265,9,264,808,264,912,266,788,872,314,48,34,808,274,395,296,824,352,290,810,256,800,268,362,407,514,296,811,259,393,257,770,289,266,352,513,304,778,536,808,272,898,808,840,522,18,770,345,778,786,298,408,0,268,786,809,768,49,936,394,384,819,788,128,136,792,772,387,433,54,779,256,408,304,256,920,819,290,584,18,788,570,461,281,344,82,803,512,274,908,779,256,801,434,768,872,560,384,632,937,274,256,776,776,936,256,530,841
620,636,605,1016,108,592,980,636,988,748,541,852,1020,1020,1016,988,1020,604,636,716,892,988,316,1016,196,860,348,380,972,844,844,628,380,588,1004,888,941,973,868,852,1016,956,613,692,860,253,920,964,716,588,510,830,604,853,511,980,588,988,588,636,372,972,975,636,860,604,381,620,964,732,844,613,564,877,996,845,748,348,1016,628,225,877,981,604,732,607,870,764,996,212,850,636,964,381,764,717,940,860,748,837,636,893,860,596,1020,604,864,880,312,340,764,894,856,348,860,1012,988,895,892,876,859,893,894,861,668,669,860,844,1005,892,604,1020,988,620,388,864,996,622,360,860,125,1021,988,542,766,760,504,632,988,752
781,525,521,333,793,917,797,880,781,901,773,543,781,983,645,721,837,917,833,833,909,789,901,591,797,541,797,733,773,985,773,787,791,517,527,861,901,773,781,805,541,525,845,279,916,805,903,989,797,589,409,861,845,789,541,917,925,29,975,909,775,796,965,897,533,781,909,821,137,917,533,665,661,775,837,1018,791,513,781,989,791,645,861,797,781,789,532,781,789,789,781,853,789,653,769,277,925,519,853,789,581,405,773,847,917,773,917,785,913,789,277,869,733,533,773,773,794,789,665,733,789,734,773,925,773,820,665,797,517,981,797,925,841,789,855,796,525,541,855,529,541,645,657,773,917,660,985,789,789,263
422,182,402,418,406,210,432,172,433,439,417,406,419,436,464,177,439,130,130,184,134,421,167,401,502,432,439,431,292,189,452,432,425,434,388,438,419,486,185,419,407,386,446,431,387,434,409,163,420,432,435,407,388,385,422,391,251,210,385,444,438,386,404,941,422,396,426,209,691,186,131,388,903,674,436,134,951,438,441,400,435,447,500,416,496,501,183,438,443,434,385,114,446,433,443,950,147,444,444,438,503,396,152,176,471,482,448,433,433,425,496,402,442,340,177,436,436,408,183,432,225,388,138,948,425,178,420,460,406,190,464,446,161,425,58,437,434,442,422,400,432,494,172,128,446,442,402,304,437,146
595,793,874,656,30,539,586,986,861,329,328,123,787,810,634,841,585,856,859,863,1019,351,531,459,851,795,787,1010,852,336,267,969,275,147,541,591,895,587,329,520,857,905,861,895,719,579,426,378,875,88,482,617,25,14,703,209,979,545,835,299,832,832,857,463,429,585,607,859,349,952,335,602,670,505,379,798,833,286,921,402,537,867,521,315,314,651,651,841,842,537,456,604,563,289,1011,848,337,891,379,329,56,833,514,784,351,529,787,584,973,777,988,347,621,345,858,345,57,281,345,985,929,537,433,201,818,923,773,857,912,813,138,852,770,858,329,961,343,281,497,862,905,346,987,969,795,861,81,202,600,891
55,183,51,115,369,55,311,119,139,319,275,131,55,570,243,441,39,183,307,62,87,43,3,243,62,443,54,51,122,99,35,115,39,63,59,50,35,59,50,123,54,439,102,147,275,83,951,39,183,3,51,366,51,87,291,483,43,43,35,507,62,183,18,59,51,35,35,289,315,407,50,147,63,183,183,27,62,167,59,184,27,179,39,379,55,279,63,103,50,55,307,27,115,531,439,699,51,19,51,55,179,123,19,827,59,55,315,234,115,295,35,55,219,295,51,51,19,182,51,55,119,251,27,51,59,19,435,75,50,575,291,27,159,230,291,315,51,423,279,247,27,290,251,307,187,35,547,246,119,51
696,237,829,921,700,968,892,572,525,876,637,345,700,893,637,892,892,956,600,860,868,109,376,236,637,956,684,157,572,972,92,108,12,381,429,541,92,808,381,557,728,572,168,125,92,884,813,565,92,572,701,733,928,756,92,908,716,604,462,552,476,636,136,781,488,344,252,348,820,348,540,588,92,317,604,92,588,381,573,520,125,872,844,1000,593,269,380,856,157,344,101,640,332,972,741,396,233,28,349,221,492,892,380,829,348,184,748,89,216,680,876,601,856,236,860,125,893,344,317,756,153,893,764,793,284,541,344,860,312,188,828,332,845,252,637,859,872,204,376,428,140,88,284,856,860,856,584,584,989,216
842,195,969,370,843,330,1003,299,963,195,938,962,427,974,458,394,347,907,457,331,258,363,459,458,458,843,266,334,1015,771,458,842,298,971,458,267,266,906,394,330,331,969,466,963,331,73,971,490,778,683,906,395,411,778,984,327,459,266,458,203,458,962,971,259,841,458,843,771,331,202,459,459,330,450,903,457,841,394,970,234,840,266,781,330,971,457,321,907,362,451,963,267,331,771,257,201,896,331,842,323,970,387,323,842,331,426,971,462,330,330,458,266,267,266,363,459,456,393,451,106,779,458,795,475,842,974,459,266,331,394,457,971,843,458,462,779,330,454,394,75,769,330,794,394,491,808,418,811,329,3
736,739,527,103,730,171,675,699,675,851,587,666,482,723,145,683,547,142,688,64,410,650,675,864,202,669,642,571,815,747,203,672,593,192,467,939,875,698,680,441,664,178,51,819,697,737,634,1019,673,993,130,523,658,739,561,689,424,402,441,680,169,977,420,659,755,643,755,690,627,736,763,944,680,795,674,674,305,531,42,939,651,784,675,339,651,899,1018,752,698,691,531,641,683,313,929,545,706,824,563,666,154,708,659,585,971,697,731,674,906,668,675,618,753,155,616,561,888,410,956,152,544,920,656,579,130,722,962,675,651,691,747,811,665,1003,664,128,665,250,651,683,657,680,987,953,784,251,587,747,145,219
690,986,994,882,715,674,832,66,974,205,971,470,582,746,970,908,462,370,722,95,976,738,378,202,193,966,712,746,738,987,202,842,506,984,346,968,242,711,738,970,458,475,838,608,482,66,990,604,457,107,972,64,242,330,203,94,326,334,1002,242,467,578,718,222,194,710,1022,90,986,759,582,406,746,706,458,482,715,870,604,758,411,222,474,966,1002,490,714,18,474,730,206,344,851,734,200,590,715,722,194,152,882,390,750,344,482,592,1002,220,813,470,730,68,984,358,962,246,480,586,970,458,210,626,236,984,890,978,751,970,328,718,906,844,394,718,450,78,840,887,974,706,366,234,728,394,984,470,74,852,622,722
476,404,466,398,183,406,222,404,414,405,407,404,406,447,402,422,435,390,407,389,442,407,413,466,407,405,406,407,414,406,440,390,404,404,406,386,502,403,406,404,455,404,434,950,406,406,406,918,414,404,919,407,404,214,406,404,390,406,407,452,406,390,420,406,271,406,398,341,406,412,450,422,438,470,966,406,390,436,466,407,478,454,402,468,403,23,405,415,407,278,406,486,406,406,438,266,406,411,412,981,504,246,411,471,215,474,388,926,414,402,502,470,474,286,454,404,402,950,412,342,438,387,404,384,410,918,439,406,918,486,406,400,404,412,468,406,468,406,405,317,386,484,407,398,23,438,412,405,389,434
542,126,70,77,146,468,630,532,84,608,245,498,894,600,598,244,630,500,122,894,232,348,854,599,754,892,510,86,502,626,84,92,95,20,114,92,94,342,84,894,982,470,318,122,239,662,848,380,734,604,382,84,220,212,607,124,82,628,572,630,472,30,730,86,373,214,854,350,220,126,852,382,118,890,634,92,112,348,122,988,212,598,498,594,118,94,342,94,460,862,214,592,852,862,598,854,124,884,94,590,638,860,602,468,596,86,94,338,318,341,374,120,466,344,1020,990,92,120,218,278,364,350,732,720,124,822,697,980,766,838,380,218,124,382,510,988,247,862,754,604,762,588,340,230,90,86,630,462,732,382
873,811,830,571,842,1012,378,776,843,123,842,378,345,842,778,329,793,1003,1003,443,331,715,510,803,1002,346,795,843,802,843,971,795,666,782,968,858,811,362,776,827,779,907,847,794,867,875,857,858,779,843,794,395,794,434,330,809,891,774,1002,862,395,459,922,891,122,538,283,634,840,875,974,906,650,43,1018,971,970,778,779,783,491,265,584,778,600,23,842,842,858,430,858,793,459,348,794,650,859,31,282,331,840,426,858,362,555,843,859,126,874,842,859,778,794,858,825,858,795,891,779,939,1010,409,843,601,785,862,859,491,602,970,267,856,794,782,270,779,986,187,523,534,779,426,874,344,363,602,858,539,859,795
136,881,968,633,968,538,184,985,523,634,477,889,729,489,750,216,969,433,652,968,329,506,857,717,719,344,204,873,733,137,488,649,456,649,936,729,264,964,1001,632,600,459,447,201,985,0,953,307,505,697,73,209,73,472,232,747,249,456,600,647,911,872,984,281,939,184,763,472,537,661,1001,965,280,729,137,729,104,248,192,965,537,957,908,477,762,729,601,508,761,923,760,972,908,504,409,329,1005,952,746,140,380,826,156,858,809,865,889,1017,755,722,472,255,985,477,115,673,1000,283,392,581,449,988,57,795,651,971,742,905,153,632,609,392,969,713,721,985,451,585,748,716,840,297,460,136,969,696,983,989,232,537
933,47,33,556,38,168,15,429,167,7,679,7,164,175,551,931,175,143,167,131,39,47,679,523,814,162,423,37,43,143,35,115,35,111,47,37,553,23,674,166,556,299,514,163,302,811,175,35,678,161,291,546,654,7,699,1,623,37,675,616,35,551,174,160,146,806,135,551,35,293,38,555,167,3,175,39,783,39,943,39,46,51,167,813,47,51,655,11,130,682,173,557,293,166,175,812,33,33,165,319,45,38,805,163,547,171,775,296,643,683,133,174,685,934,519,167,141,46,687,549,173,165,549,183,46,775,813,550,419,139,181,558,43,554,429,167,227,35,171,559,173,39,553,939,47,54,39,39,38,547
112,358,236,480,188,244,246,228,484,446,240,357,484,364,480,244,226,188,96,42,510,57,60,488,425,52,482,100,176,500,241,52,4,444,233,230,245,444,497,482,230,370,308,246,481,247,228,296,224,34,237,228,748,172,176,495,500,236,34,244,248,180,424,487,488,740,254,358,422,499,438,500,224,246,100,372,116,484,444,416,364,233,224,238,241,244,224,492,36,296,100,180,205,40,164,486,180,248,373,180,249,482,172,180,224,230,160,224,440,373,224,254,164,52,236,38,492,356,112,46,609,224,164,96,230,996,162,160,52,436,244,116,358,233,672,161,252,54,196,228,312,364,356,928,164,236,229,438,232,308
139,563,189,151,158,219,47,150,134,647,15,133,135,292,146,157,263,659,389,223,3,7,3,3,150,691,27,154,643,27,427,411,655,263,422,129,651,535,276,134,150,83,32,39,7,131,403,927,38,146,523,23,647,689,130,283,139,150,142,667,131,30,23,15,143,518,691,527,18,203,23,131,23,155,518,31,162,183,178,35,183,130,695,569,407,3,168,151,2,155,133,899,154,420,651,43,659,163,139,163,27,643,147,435,651,6,139,43,515,515,219,143,134,263,647,309,151,46,156,520,391,391,155,689,167,159,643,642,67,15,139,11,6,515,151,110,163,155,403,71,183,691,7,134,679,223,3,435,395,654
232,893,1021,892,968,984,941,717,860,876,717,1022,188,989,737,764,892,1005,236,716,1020,1019,985,124,1004,619,621,764,765,1017,1000,861,376,733,476,760,488,636,765,893,974,1021,621,248,764,632,716,748,604,733,764,748,735,248,876,764,988,636,861,508,894,973,476,1021,652,760,749,749,1023,621,989,884,748,620,1004,1005,972,460,972,717,764,889,745,860,1005,873,1020,764,733,620,728,717,734,572,616,637,476,1007,729,1017,972,623,732,639,893,765,1004,252,637,588,252,1021,893,749,1004,94,504,1020,957,972,972,1020,892,728,637,664,713,589,1020,492,846,764,972,748,765,734,988,1006,748,1005,764,381,889,733,621,940,764,764,717,1021
101,617,633,617,745,617,609,744,745,505,993,620,749,992,589,225,109,737,993,617,873,361,749,321,617,613,620,616,745,616,577,745,233,745,745,1005,232,749,748,227,621,744,873,621,620,105,737,353,889,1000,744,749,609,737,617,64,748,737,736,744,845,232,745,745,741,616,608,613,744,1005,364,681,864,872,621,749,745,80,992,109,747,1001,753,864,97,621,872,749,225,745,740,381,745,745,621,749,612,745,749,609,161,617,609,749,873,224,104,840,749,105,748,1001,489,237,745,617,580,737,737,608,748,616,745,872,609,749,745,737,737,233,608,737,1004,745,712,745,737,613,617,889,745,617,584,204,489,608,489,749,615,868
705,1001,996,909,996,680,512,960,708,136,964,961,897,677,704,749,673,969,896,641,577,965,707,681,981,673,969,641,709,964,741,513,685,665,705,709,736,229,641,640,672,901,640,163,713,925,961,712,653,737,901,704,1008,704,740,932,745,738,712,992,641,673,705,649,745,721,672,388,945,620,713,600,993,737,717,737,753,673,753,581,705,675,544,963,705,913,976,961,964,673,576,832,736,609,705,737,576,608,996,736,740,640,725,496,837,897,713,708,585,908,736,741,708,670,737,737,609,704,737,736,224,724,704,992,714,744,704,720,832,704,1009,561,913,680,848,649,1015,648,961,737,704,864,717,997,737,709,742,1021,705,993
76,381,60,29,28,533,516,798,92,76,88,76,301,24,589,29,796,332,76,76,92,604,340,121,78,364,88,24,29,93,284,349,872,92,28,8,44,76,77,13,604,93,125,108,92,12,364,60,280,73,345,572,616,848,268,281,328,536,541,316,14,333,749,860,541,536,13,333,76,588,92,73,90,72,76,589,88,99,28,72,632,92,589,584,93,13,12,604,109,985,844,77,895,553,88,25,521,93,348,76,605,77,376,125,29,76,92,29,13,92,44,93,29,532,876,637,524,12,348,12,89,361,22,77,348,376,584,364,588,589,124,28,72,28,781,12,285,588,13,88,238,28,588,28,93,844,876,77,556,524
711,679,679,33,543,741,711,711,615,675,67,135,647,583,711,647,583,707,71,199,743,578,129,759,535,743,615,711,719,611,583,871,15,199,215,743,227,711,711,743,743,183,743,519,551,515,695,711,707,611,137,711,103,647,643,519,103,643,547,231,677,519,131,679,583,583,515,679,71,583,7,645,71,135,135,229,99,647,199,967,551,711,679,663,709,551,599,515,711,743,583,119,643,647,647,519,743,643,711,551,583,679,743,655,135,679,583,547,231,79,711,615,751,647,615,751,711,707,199,615,711,679,199,7,79,965,743,515,871,359,615,742,583,199,711,199,519,742,135,711,519,743,711,611,679,70,614,727,679,719
221,212,413,277,95,340,220,252,757,469,501,479,245,380,252,596,639,478,460,414,158,476,252,460,342,477,189,732,509,208,860,213,213,469,148,223,157,764,85,85,253,221,764,725,212,732,93,84,213,757,349,220,765,468,29,244,253,221,132,252,221,212,221,470,348,509,213,477,508,983,213,380,348,893,220,476,95,413,340,45,208,477,477,85,469,247,93,892,92,477,21,476,509,221,469,56,21,212,88,468,500,84,733,221,477,29,765,479,469,217,375,477,476,84,116,215,213,604,508,404,501,221,507,732,508,245,212,980,252,221,476,476,252,85,212,477,349,349,381,412,1021,509,220,981,213,156,93,252,220,149
769,352,809,864,448,69,544,257,313,0,377,321,192,73,832,482,336,80,193,265,800,104,289,72,96,832,864,258,994,356,577,288,353,292,801,56,866,108,72,851,496,320,608,928,64,160,280,609,544,353,321,617,289,256,321,2,1,836,352,64,289,512,321,849,832,768,289,32,352,616,97,832,64,353,256,288,280,321,257,960,376,288,576,321,352,305,769,992,800,267,576,386,833,360,97,577,288,67,832,865,82,304,320,353,41,449,320,769,513,513,931,328,897,64,322,261,865,577,521,769,768,272,705,288,289,257,0,529,321,768,352,257,521,257,264,257,1,74,576,368,785,64,256,64,216,576,256,320,0,848
118,62,86,52,382,182,182,442,370,279,54,115,403,500,316,894,318,118,246,306,274,148,54,438,316,374,126,52,150,310,318,51,382,278,368,374,22,310,378,859,278,310,114,278,630,310,318,115,114,310,178,318,374,118,274,318,434,370,350,54,86,48,30,374,310,54,310,498,440,510,48,438,54,306,310,18,370,370,54,62,382,54,58,372,342,62,382,370,346,498,86,20,62,182,114,502,126,54,274,62,63,374,471,382,278,510,382,310,818,54,114,370,435,276,382,382,54,318,182,306,46,182,310,350,188,54,310,50,822,310,278,378,630,310,318,116,118,244,274,822,310,50,304,54,118,318,126,50,114,318
721,659,755,689,752,753,695,723,752,1009,177,656,1008,150,656,720,755,753,757,657,162,657,753,914,689,209,721,759,467,752,945,752,592,913,1009,976,977,914,497,721,179,756,657,209,977,465,961,692,949,672,752,945,912,976,817,913,241,1009,752,915,688,949,723,752,977,148,723,997,897,663,976,145,688,209,976,177,592,369,1011,947,977,176,81,208,721,81,720,753,753,759,723,689,147,245,757,947,944,945,726,208,757,659,241,592,465,693,629,723,755,1012,945,1013,657,657,753,977,241,1012,208,208,753,724,208,148,465,210,722,913,721,722,721,688,964,244,753,912,624,657,1008,753,944,725,977,1008,656,979,240,1012,691,949
151,407,279,401,261,405,22,390,405,406,258,405,276,660,404,784,57,261,770,273,20,23,405,407,468,263,132,309,5,900,445,145,259,407,404,405,279,393,29,389,919,391,861,991,413,261,211,471,469,404,293,69,270,404,400,909,903,437,423,287,405,259,180,405,257,261,407,279,470,453,407,296,278,391,407,575,277,405,263,275,279,277,911,276,915,277,261,287,135,388,279,261,84,269,149,663,789,149,388,404,275,151,471,278,261,407,855,423,389,20,389,486,133,403,393,28,273,311,276,141,279,19,405,385,31,275,341,499,917,161,261,403,287,21,51,149,87,786,288,437,19,549,215,277,261,487,413,406,401,134
472,912,208,920,472,988,920,985,920,976,952,920,792,669,920,952,984,696,664,152,920,696,152,408,413,656,984,1018,473,984,984,664,953,920,824,920,760,984,920,920,440,920,696,184,252,668,920,984,728,984,921,985,920,984,664,408,473,667,761,664,921,985,472,792,733,952,792,920,984,665,920,920,440,920,696,984,442,536,664,472,920,666,920,400,728,408,408,824,920,664,744,921,344,408,696,952,920,922,1019,184,953,984,440,144,792,408,1016,504,920,924,792,664,904,920,472,664,920,473,152,984,920,924,152,280,976,472,696,920,984,410,904,984,952,920,792,472,440,664,920,985,985,956,920,952,920,952,984,984,856,728
484,423,994,623,999,353,494,487,895,893,749,228,238,164,766,1014,182,933,679,430,498,509,494,746,303,481,503,948,482,131,759,806,486,739,1013,503,503,930,495,744,103,402,483,1011,1022,238,995,999,183,509,1007,511,935,421,482,495,487,118,503,738,231,485,496,503,995,741,225,359,997,114,1002,118,494,99,238,447,487,487,426,814,239,366,1011,491,874,499,434,503,763,175,491,246,366,495,435,483,673,742,485,238,503,959,575,445,434,1007,992,245,486,1011,427,247,1011,879,746,51,481,998,999,459,619,487,871,703,1003,402,462,1011,353,686,490,343,502,363,502,751,737,115,103,1015,992,227,482,1023,958,503,435,487,1006,507
620,619,909,870,558,639,684,687,940,942,623,875,1007,685,590,558,559,527,942,810,815,1006,111,843,590,619,621,111,303,559,974,526,559,829,878,335,830,813,655,559,943,522,878,910,559,558,271,623,622,847,559,872,431,79,14,814,680,683,975,847,47,879,655,622,847,623,943,526,559,623,813,686,622,559,815,559,783,623,550,879,590,290,622,623,808,297,781,814,679,814,551,1006,1007,1007,815,623,751,559,751,975,879,623,783,879,367,719,43,815,751,591,669,623,975,650,559,844,879,623,45,649,668,555,876,779,815,287,559,558,591,873,590,975,428,591,687,623,751,1004,815,873,685,545,45,622,783,814,526,719,102,807
632,8,680,656,208,248,1017,818,848,216,762,41,728,177,682,169,664,552,240,16,600,1009,848,649,82,633,635,632,604,628,634,618,88,616,610,233,754,98,696,688,728,25,176,753,562,764,640,568,120,578,553,881,64,744,240,184,601,760,248,216,761,528,738,603,728,184,90,680,736,228,680,570,61,746,691,680,701,736,248,590,632,9,232,560,680,606,606,630,184,57,765,572,80,633,568,729,658,568,292,620,744,688,568,761,762,760,106,552,161,760,696,553,136,568,732,764,696,760,536,569,556,210,609,600,572,625,761,73,696,80,232,696,628,616,633,233,40,241,672,681,240,96,640,697,756,552,534,176,2,632
168,504,168,234,760,188,184,682,120,173,760,424,234,72,493,936,232,200,248,241,760,168,224,232,200,185,232,740,440,504,729,140,232,248,240,156,1018,252,392,748,233,232,248,636,248,252,248,488,488,250,172,184,184,252,185,248,168,232,196,616,169,233,905,136,236,232,168,233,744,224,216,232,236,752,456,217,184,480,488,760,232,176,229,504,488,248,488,216,492,168,104,169,232,760,208,248,168,169,204,232,236,252,169,168,488,232,252,248,248,168,232,234,233,488,252,232,32,696,232,248,160,412,232,169,889,168,408,200,217,200,106,232,744,232,936,180,190,444,488,1001,760,232,232,504,168,184,488,504,152,440
688,136,240,645,688,161,744,241,741,701,177,168,425,296,724,740,16,184,216,897,48,696,565,673,676,232,672,57,252,684,178,196,149,548,197,176,997,241,177,408,756,693,573,172,153,637,700,741,500,164,245,181,739,436,664,245,112,104,917,503,689,180,222,685,672,656,580,244,688,694,569,244,948,684,644,688,997,160,188,1013,760,237,764,572,741,680,184,241,752,231,928,229,736,176,761,52,688,249,805,672,496,693,236,181,433,40,741,438,689,759,688,761,737,565,181,745,684,165,568,697,724,1009,688,565,564,684,673,184,764,692,681,248,245,661,49,669,96,61,669,160,240,980,692,176,680,952,225,181,692,708
66,480,424,434,280,425,496,376,108,296,216,352,336,360,520,498,464,296,352,368,428,426,168,304,184,200,368,418,56,56,506,24,104,377,168,378,608,315,248,248,113,362,504,40,296,312,388,184,144,300,504,424,370,318,424,185,249,312,248,10,168,24,224,189,475,376,122,56,121,440,252,424,60,952,312,130,364,172,362,504,304,304,314,164,216,178,174,120,296,120,432,168,184,308,298,377,504,120,296,280,280,280,120,440,440,168,442,432,170,314,508,169,392,456,128,506,72,296,312,440,32,441,442,488,364,432,155,504,496,488,160,360,184,144,376,121,440,104,56,232,482,40,280,496,56,504,234,298,56,408
355,833,929,385,960,981,385,961,962,384,929,769,389,449,385,401,897,835,929,961,384,421,992,897,449,931,385,915,965,960,453,769,485,481,437,384,388,961,501,929,837,449,963,321,481,449,387,801,417,417,433,897,929,967,963,769,420,451,385,449,480,913,963,384,896,467,936,457,449,481,400,402,385,455,417,449,993,897,480,356,935,387,417,385,385,801,896,448,449,996,995,416,433,898,133,480,484,903,897,480,370,449,897,451,288,386,929,933,417,385,999,451,961,995,448,290,493,448,400,145,389,1008,336,1008,259,480,385,449,403,960,928,1008,896,993,961,449,481,448,259,389,401,897,385,449,464,484,993,421,993,992
728,986,479,765,213,990,720,753,981,734,980,991,761,760,221,987,731,732,216,733,1016,991,729,991,1017,731,223,973,731,753,216,1017,1017,1017,725,733,985,720,761,729,1017,763,1009,721,732,729,1016,733,221,984,1009,761,729,249,765,733,735,212,499,991,729,733,731,985,733,761,981,760,474,985,1010,1009,983,148,989,216,253,977,727,984,251,221,731,728,1013,981,764,984,724,700,729,765,888,757,979,985,732,757,980,988,981,989,985,990,987,730,757,764,220,477,725,988,732,728,972,509,221,465,732,473,988,953,1015,895,924,474,989,472,977,765,990,762,1021,731,764,990,976,1021,857,735,985,723,473,473,761,721,1020,1017,980,761
993,833,609,320,353,865,865,98,833,96,609,481,65,625,993,961,993,738,833,496,481,449,224,737,992,867,673,704,448,96,993,193,225,481,833,64,241,97,929,353,96,577,612,929,609,737,65,961,929,707,609,97,1017,937,481,353,993,480,224,768,97,833,736,257,449,993,609,752,576,705,736,833,993,737,625,176,721,225,864,849,736,865,960,993,865,497,961,545,832,753,832,480,833,545,1008,833,448,865,545,993,960,929,353,993,353,1008,737,992,193,609,993,752,448,1009,833,353,489,865,993,609,353,353,225,992,353,864,481,609,352,832,961,544,865,704,992,241,240,100,321,97,993,193,224,193,614,256,352,609,568,833
741,1018,316,428,382,563,701,685,764,1022,427,829,441,507,942,928,950,505,760,446,952,1009,937,937,1002,920,917,996,1009,823,251,692,484,446,441,445,488,188,959,396,922,929,956,953,447,503,318,1023,831,958,169,976,432,426,491,505,378,873,191,911,472,505,457,440,298,920,442,62,446,490,107,1016,570,1006,424,424,496,506,499,444,178,682,1022,418,318,506,481,505,442,1002,864,703,939,430,949,947,764,448,1019,446,410,958,691,799,416,957,1019,828,442,952,312,574,445,955,500,998,188,1012,1019,440,698,939,955,508,744,952,1019,187,907,669,445,828,957,184,316,1008,387,989,959,57,496,1021,956,935,441,949,284,984,508,994
986,82,731,603,580,84,539,586,722,194,577,604,595,137,338,834,523,604,75,514,850,593,578,346,848,851,591,848,723,94,578,602,583,522,74,90,852,594,18,626,634,582,595,863,729,579,603,734,671,731,862,593,842,606,592,579,223,50,523,728,603,591,578,843,603,771,82,603,582,568,577,602,90,518,594,711,594,590,82,595,587,155,531,536,3,735,642,722,146,607,722,850,835,538,512,601,586,606,203,95,849,582,523,198,514,527,733,593,963,667,595,87,250,584,595,586,603,607,603,726,83,856,594,586,576,94,467,582,521,82,735,91,715,606,582,203,580,90,862,907,594,587,834,583,602,581,863,603,594,82
827,825,827,858,827,887,831,955,827,795,563,827,859,586,539,787,539,571,787,779,827,826,571,827,827,891,793,539,819,563,539,571,786,795,795,575,827,859,827,883,875,825,571,339,819,882,615,891,801,571,857,563,59,827,569,827,825,531,571,811,787,827,827,947,563,547,787,826,666,818,563,883,827,513,825,563,626,819,795,571,575,291,795,811,883,820,827,955,569,795,947,947,891,890,787,531,819,351,827,795,825,603,819,571,818,555,990,891,793,539,843,819,818,635,571,561,560,825,19,827,827,803,859,795,827,827,795,882,827,811,859,795,659,786,891,522,894,787,283,787,827,830,547,819,539,843,890,819,827,826
492,192,41,96,43,169,362,457,128,193,360,330,581,873,355,321,67,455,52,73,352,321,100,457,386,961,9,449,352,328,363,105,129,337,227,97,993,489,101,193,77,352,65,458,67,193,141,9,193,328,104,33,357,459,193,293,201,64,33,489,289,329,321,65,160,801,321,493,264,449,97,256,361,289,489,193,65,457,257,65,17,297,1,362,325,97,65,256,104,193,67,32,295,193,329,67,416,315,225,329,68,361,225,961,489,257,832,331,481,1,227,385,131,109,265,1,353,1,457,65,457,353,104,321,73,64,83,353,325,69,65,385,325,303,481,491,41,489,833,361,276,1,321,353,113,449,264,385,323,64
99,226,198,483,739,231,242,998,79,210,127,102,610,227,490,631,240,243,131,103,102,231,53,101,198,1005,110,114,115,247,451,486,355,247,79,471,103,67,243,759,85,227,227,229,101,103,231,115,485,673,359,243,358,455,878,247,106,715,326,99,65,97,103,211,73,243,354,119,717,451,67,100,742,495,71,71,196,738,751,743,231,227,231,707,224,465,103,194,111,195,7,193,207,202,151,246,115,375,627,490,102,226,451,75,195,867,103,483,107,247,255,105,759,239,749,231,255,239,135,549,210,39,487,117,119,100,742,628,375,100,79,127,106,582,126,365,99,102,118,101,96,483,499,99,229,871,226,206,243,160
858,609,681,860,331,866,478,859,959,507,969,610,874,555,839,82,619,968,793,872,568,363,800,587,891,459,539,776,866,504,265,890,635,227,345,269,67,26,568,1003,410,971,634,895,888,122,829,358,794,927,266,978,524,78,777,351,857,265,859,750,96,824,523,792,379,315,856,582,522,497,873,584,104,426,331,79,939,890,842,842,283,859,862,872,842,949,872,79,618,713,1007,986,922,618,462,382,738,58,411,890,877,978,626,59,851,951,30,1007,335,362,331,858,826,586,329,330,713,362,348,888,902,827,640,75,793,364,299,891,495,872,867,619,371,684,443,329,619,627,311,251,843,779,927,378,1008,875,790,360,840,922
1010,991,605,317,958,532,793,1012,462,982,983,984,994,854,339,356,984,535,475,971,412,1018,820,307,351,989,541,342,893,479,589,989,927,346,467,1002,862,861,850,92,798,441,855,891,574,980,473,321,338,633,991,991,376,858,972,1023,436,799,338,988,821,591,861,351,849,859,726,279,279,860,473,887,1011,477,859,891,755,379,345,401,361,893,851,859,894,859,919,465,859,818,375,851,1015,373,891,849,827,787,894,991,493,875,1017,1009,829,861,767,541,588,796,340,344,339,825,875,123,880,887,798,510,989,286,863,339,852,322,1023,894,799,991,829,987,991,860,987,790,316,991,327,989,1018,891,83,380,788,382,413,921,848,855
581,325,996,340,497,320,992,929,960,996,352,845,1008,964,976,468,885,245,965,485,869,468,992,1012,708,848,885,500,964,964,577,196,454,945,625,80,753,448,544,964,960,485,997,481,372,981,981,481,992,980,884,549,708,992,997,484,484,992,964,836,993,965,836,992,964,708,966,500,854,997,228,935,980,1012,496,496,452,629,836,68,868,853,992,229,852,708,704,912,588,485,832,980,992,964,965,644,452,484,994,960,257,996,448,993,928,321,976,964,0,853,964,961,997,468,992,613,576,324,852,977,997,208,576,966,961,49,869,468,961,996,980,1009,980,68,980,388,993,868,892,864,448,993,320,609,992,576,352,964,855,580
411,159,351,543,479,667,287,414,479,286,783,207,475,153,75,283,410,279,411,407,922,473,5,415,406,407,262,341,542,799,479,207,405,518,771,410,399,399,407,989,406,411,783,391,143,155,457,271,647,478,407,951,143,269,27,399,95,286,257,386,287,411,221,391,407,415,911,447,157,411,487,351,493,146,145,331,415,463,479,927,414,286,333,268,215,474,452,927,991,663,399,31,141,270,727,399,334,285,413,317,479,272,343,475,400,399,415,285,285,195,95,924,143,394,287,399,135,214,783,573,406,407,283,911,335,263,158,345,475,94,263,405,413,15,156,125,413,279,7,397,29,415,31,779,918,279,411,223,159,389
275,287,825,61,405,277,285,193,341,153,915,667,531,95,403,265,53,991,189,345,799,853,404,308,797,145,317,285,145,913,53,723,785,311,223,21,789,21,911,791,541,277,507,535,721,343,343,663,409,277,791,317,287,341,917,401,405,277,787,849,787,913,913,343,29,309,535,689,281,17,21,85,662,565,319,663,281,981,437,273,663,281,117,345,273,537,567,243,793,21,537,23,445,336,273,383,407,785,276,21,319,29,277,281,792,285,157,309,533,49,575,83,537,785,917,277,21,153,659,477,657,791,159,57,281,401,787,285,17,315,373,285,148,125,153,275,405,23,93,851,17,21,23,506,777,61,343,19,563,28
313,413,149,287,413,407,409,415,27,409,281,985,925,411,925,409,155,401,905,151,445,409,409,409,409,415,921,287,441,409,413,409,411,953,153,413,403,415,440,273,153,925,404,909,917,445,445,281,413,411,283,411,413,409,409,409,409,409,389,409,411,669,413,285,409,511,797,413,413,473,29,921,428,409,153,411,411,925,281,957,411,409,277,413,153,797,413,412,409,415,137,953,409,277,409,957,921,921,409,265,409,413,413,925,405,281,409,153,923,413,409,400,409,413,925,409,273,399,268,413,409,281,925,285,441,401,285,413,281,409,411,409,409,925,797,412,281,413,401,407,408,925,803,285,413,441,413,413,409,437
631,916,1012,980,615,528,788,950,853,919,693,997,742,999,1012,853,966,662,916,688,965,821,953,661,854,929,434,548,1013,828,1014,804,919,560,836,837,919,817,919,916,789,852,52,885,950,822,726,880,980,884,925,567,549,468,660,870,854,917,533,864,1013,1013,912,912,976,769,1013,775,540,806,784,806,836,836,533,1011,816,726,949,818,533,790,823,887,868,977,669,881,566,871,887,791,900,852,1023,661,914,982,853,823,607,926,661,821,693,887,982,912,597,886,916,886,916,1013,788,964,982,901,855,884,1015,758,663,805,916,982,709,773,564,308,918,631,918,948,788,548,918,799,532,918,855,805,980,534,832,935,790,819,725,790
414,645,764,756,236,452,660,686,766,266,684,200,14,158,204,734,908,206,236,204,602,732,606,972,222,348,780,716,988,158,972,452,654,796,750,220,726,716,510,202,670,748,396,980,732,732,974,924,860,764,476,636,926,734,220,710,476,732,716,942,206,590,174,204,668,716,780,732,460,140,670,158,476,714,252,718,910,990,766,766,716,220,414,574,478,718,236,940,204,910,734,252,734,670,844,510,700,462,927,222,524,972,399,972,150,190,526,748,908,92,156,388,734,76,220,733,478,476,220,750,204,766,734,508,222,735,732,190,366,462,510,988,654,972,984,972,972,204,924,156,718,206,766,204,908,1022,732,654,846,254
700,820,684,572,60,573,684,556,684,934,700,556,945,693,572,565,637,684,190,173,937,652,524,568,692,620,685,685,956,676,702,956,700,616,800,892,876,809,700,564,108,700,804,997,933,572,812,572,613,676,700,557,572,677,689,612,685,46,806,572,677,684,678,676,572,696,940,700,39,613,556,988,701,956,693,108,572,636,572,556,692,701,684,943,44,677,676,692,804,812,893,828,868,44,684,1020,557,557,684,620,933,572,44,544,949,685,677,548,677,956,172,165,53,572,632,669,572,639,237,541,317,820,573,949,928,552,556,653,636,820,684,684,557,700,746,700,812,685,700,565,933,557,1004,693,572,736,740,317,700,764
34,696,52,562,128,572,572,717,49,436,32,520,32,12,42,556,83,558,524,0,559,536,164,28,128,10,33,545,76,34,580,524,504,536,672,563,517,528,552,36,132,102,312,4,36,530,682,269,45,568,512,14,7,520,574,572,676,834,55,620,58,519,301,4,572,7,690,10,521,542,576,520,556,14,36,516,654,8,78,682,42,20,42,8,544,522,542,296,52,46,548,188,533,516,524,661,52,528,572,573,14,16,9,19,554,31,38,178,694,38,47,5,562,572,544,26,26,30,512,514,512,528,520,25,512,514,618,524,12,207,654,824,40,38,674,573,524,526,116,7,6,561,544,559,514,528,547,6,512,644
62,79,815,575,543,47,263,575,290,575,815,639,46,302,366,307,831,295,294,35,63,567,830,623,319,127,639,270,335,47,814,287,47,63,110,567,335,367,815,892,318,367,379,239,287,599,62,811,631,815,314,558,63,359,623,106,303,319,111,815,14,783,47,830,302,63,775,783,318,558,567,63,63,79,47,303,47,574,303,46,67,835,831,270,778,63,447,319,575,383,303,559,303,891,590,303,623,315,879,830,111,815,607,287,47,127,830,38,827,366,70,542,378,303,295,46,47,38,63,303,558,367,891,303,47,318,779,942,119,63,831,125,811,623,319,110,318,303,14,47,319,879,823,878,31,295,62,302,382,303
376,376,348,333,376,472,382,174,350,892,249,998,472,248,348,124,320,456,372,217,296,248,120,634,122,380,362,488,108,495,376,760,605,376,990,504,376,638,379,376,888,362,856,1017,120,89,888,368,376,316,888,504,216,712,120,762,889,120,508,344,122,504,364,370,728,378,472,348,248,504,246,474,378,376,338,1018,376,380,344,126,376,230,208,474,380,126,108,350,122,497,380,504,504,474,380,120,248,248,572,760,58,374,348,362,380,1016,248,633,476,122,882,376,456,344,504,376,988,250,120,365,476,236,252,72,362,472,124,92,376,889,252,120,348,312,344,488,360,108,76,346,76,314,472,372,72,1018,472,604,376,510
615,588,722,676,124,614,712,598,596,709,76,14,759,566,756,244,238,20,742,612,606,116,32,5,596,711,764,535,244,222,4,54,740,630,871,197,108,740,764,22,668,76,742,164,247,631,246,84,100,548,876,29,558,74,758,724,599,638,580,596,668,606,628,732,605,126,101,182,576,746,580,212,68,638,84,116,724,758,623,790,818,724,518,726,670,245,71,71,31,549,542,604,866,118,594,735,100,214,668,566,158,168,700,199,766,564,86,616,636,594,592,998,20,252,636,244,694,702,156,674,101,528,614,517,758,694,588,550,597,704,631,84,100,68,726,150,614,516,532,236,740,244,630,197,710,108,726,582,92,582
500,252,924,904,392,936,732,725,596,724,140,244,80,824,704,532,728,989,401,170,717,909,1021,198,432,974,464,340,216,756,972,756,916,244,972,1004,684,911,607,708,854,989,724,133,670,532,725,220,860,876,205,452,735,696,964,244,598,710,982,965,754,748,220,509,470,454,247,980,960,964,476,736,966,745,237,406,5,662,5,720,236,748,916,986,217,212,708,348,860,977,348,734,473,468,880,988,812,81,688,411,156,380,983,604,436,980,988,476,917,956,728,998,960,214,986,721,765,756,214,84,740,949,662,956,212,86,448,732,325,981,768,668,593,468,844,852,669,477,1020,628,644,860,852,761,588,600,856,472,860,460
454,278,330,274,334,782,262,602,322,778,335,346,262,462,268,46,268,870,266,348,838,398,14,334,842,882,266,334,279,324,282,346,834,2,606,154,287,322,286,72,326,262,278,362,970,10,282,258,264,298,350,390,494,342,846,314,328,95,343,10,270,786,310,338,442,264,426,770,803,264,324,842,330,326,798,798,296,284,350,271,270,268,330,314,26,328,350,262,328,494,526,838,266,510,284,266,282,334,334,770,110,342,863,334,334,779,358,286,782,330,778,346,290,382,322,278,284,346,894,266,456,271,780,270,267,266,330,22,338,310,922,910,328,298,330,275,902,256,412,587,334,262,270,394,266,844,262,350,782,266
776,361,127,482,250,120,159,186,745,347,74,216,473,873,369,379,409,73,98,483,104,57,337,355,196,81,114,162,131,111,91,369,427,121,121,547,163,355,73,170,251,237,211,554,442,489,123,243,954,232,961,475,249,712,674,47,248,312,123,123,472,490,234,363,280,137,148,123,138,427,357,160,321,89,331,127,763,337,201,251,105,248,207,369,507,1,105,59,443,434,337,43,704,171,216,231,103,91,75,243,482,352,91,248,249,120,240,322,747,701,442,123,507,187,504,217,160,251,47,313,216,69,360,493,219,203,99,88,432,433,112,163,225,210,243,364,171,185,451,706,121,74,722,122,219,235,488,507,504,96
359,111,490,126,623,226,238,231,127,227,116,163,674,241,611,107,870,499,54,234,227,758,121,99,482,126,98,227,235,481,111,106,226,170,98,239,110,628,235,226,167,244,767,190,231,111,241,114,243,110,162,228,226,763,230,686,114,110,234,104,102,230,230,99,750,207,230,679,233,107,238,61,226,200,110,239,230,743,166,118,111,574,98,98,166,226,622,126,251,119,250,239,239,236,183,231,234,105,109,482,242,103,102,166,232,236,198,224,111,228,242,228,135,102,231,127,126,101,623,110,107,610,484,105,227,623,97,234,226,173,227,613,254,62,252,230,207,227,615,106,102,238,114,246,614,117,622,122,226,239
639,27,858,335,331,379,635,459,23,635,875,587,507,473,506,651,842,888,1007,475,219,339,218,411,591,475,89,250,971,475,347,858,603,266,139,249,351,379,699,329,91,991,475,539,491,347,587,58,585,920,986,123,411,123,443,632,863,603,880,346,859,344,511,354,728,347,459,121,330,346,331,90,503,203,344,843,763,601,730,858,843,507,234,91,842,506,843,191,88,379,603,235,842,347,330,329,618,985,123,251,346,474,987,79,603,491,121,505,986,859,105,1017,761,89,81,475,88,345,281,383,344,1019,506,475,475,729,125,75,200,458,83,474,218,890,219,377,475,392,475,843,217,346,475,95,331,443,465,122,1019,507
426,14,74,34,190,206,62,622,868,302,590,750,638,46,748,110,204,367,100,682,106,680,206,110,998,2,922,142,396,676,235,506,606,750,894,314,366,766,746,1022,616,46,638,958,206,586,166,162,614,588,874,716,110,492,122,126,78,236,486,204,74,462,635,206,636,622,490,108,490,556,426,574,110,655,583,298,228,495,104,238,43,324,252,110,618,462,107,106,451,328,104,206,892,238,204,60,588,364,750,638,558,110,234,654,590,238,302,686,590,748,205,218,46,206,584,492,206,104,588,462,590,174,380,206,878,326,108,206,110,110,842,74,494,494,302,878,718,238,239,422,590,46,46,234,638,62,234,812,111,714
472,286,62,31,284,282,282,343,414,279,284,94,270,10,262,276,332,286,284,798,126,30,74,286,862,474,294,286,334,284,350,30,351,286,282,348,94,286,278,156,214,350,266,27,16,346,348,278,310,29,282,348,286,286,382,20,282,796,282,340,52,28,284,780,282,22,266,282,272,344,286,350,272,286,284,798,30,30,84,281,346,282,276,27,350,285,348,280,344,26,280,894,88,280,332,340,345,14,286,20,30,30,21,30,346,93,28,349,340,340,284,94,286,28,318,94,0,476,282,28,286,334,87,94,332,76,286,414,302,126,92,276,287,2,351,282,282,28,408,272,350,334,350,469,282,414,286,332,454,92
868,724,838,583,640,900,716,704,260,516,645,645,517,704,653,518,645,944,532,644,990,129,868,513,391,868,652,901,581,640,900,644,651,589,901,704,741,192,293,512,989,965,709,900,772,525,581,719,780,900,560,388,405,976,79,806,711,651,897,822,653,453,716,789,516,548,901,644,517,680,645,772,846,455,910,517,516,709,256,965,581,518,193,709,576,644,549,902,516,932,901,641,545,896,1005,980,709,909,933,813,790,575,941,516,583,900,932,516,641,901,804,962,356,661,597,580,901,982,541,137,517,645,205,741,717,704,708,669,641,772,901,196,965,64,709,965,640,964,724,708,960,972,68,642,722,857,772,653,535,844
63,629,151,475,273,21,511,479,29,63,985,55,663,415,283,31,825,350,661,539,350,797,61,447,311,339,399,373,961,407,181,407,305,191,753,375,597,155,123,507,349,689,223,23,23,23,279,187,171,767,819,52,372,93,407,279,151,401,959,790,245,55,537,471,151,125,93,87,59,55,245,123,445,785,447,439,437,405,539,277,311,151,575,349,791,187,285,311,279,575,923,21,887,95,115,927,661,823,277,23,51,337,125,317,59,177,347,63,181,447,791,61,407,295,87,1021,917,653,33,221,261,55,859,277,317,437,919,407,309,87,307,443,287,157,221,467,411,311,415,423,127,465,978,109,631,531,215,562,23,297
544,673,544,497,561,225,645,552,545,224,617,693,676,306,176,232,40,561,672,160,171,34,616,175,32,48,553,161,672,552,233,552,36,161,736,672,608,178,162,32,45,673,608,547,377,552,673,992,546,552,170,168,550,879,746,172,521,552,746,682,34,672,160,177,169,737,289,685,611,684,553,674,616,545,673,164,937,801,160,672,549,41,37,544,929,554,33,554,673,737,679,616,556,744,417,672,674,684,160,681,104,32,680,304,161,224,372,930,808,738,293,160,96,425,41,685,674,161,737,552,163,682,184,225,545,554,424,169,928,168,165,556,162,160,168,168,675,552,228,676,38,8,736,164,680,680,170,687,224,686
824,942,750,954,986,674,958,742,754,954,754,746,510,506,494,750,762,830,758,668,682,1010,506,751,550,694,1022,734,702,682,1022,1006,1014,808,958,1018,742,998,686,1022,730,758,998,1002,762,174,998,702,1022,1006,750,886,695,926,958,574,698,682,946,878,734,958,958,938,750,686,762,998,686,686,942,958,442,1018,698,856,686,742,958,750,674,942,242,747,1004,250,666,742,766,318,686,956,1018,794,938,1010,766,906,1014,750,702,1022,754,686,974,990,998,562,974,1022,702,1006,686,758,878,958,234,970,746,750,674,622,798,1022,695,638,703,966,490,191,740,670,686,758,444,1022,696,1002,750,698,746,494,802,686,754,870,746,950,702,1018
873,577,761,1008,842,880,625,97,865,354,864,841,609,881,368,881,839,865,625,889,625,368,849,609,609,360,113,609,430,608,625,352,880,577,635,113,817,880,322,608,72,817,625,592,883,627,378,866,98,595,993,576,96,865,882,749,965,848,867,849,624,833,835,880,880,864,352,881,581,96,241,571,354,865,839,848,608,880,864,865,625,625,609,352,337,624,865,881,997,755,374,626,864,880,880,1011,624,608,610,371,865,867,880,688,833,875,356,840,321,617,624,608,880,624,769,609,905,611,833,1009,368,803,240,97,865,832,881,616,608,996,113,864,593,873,833,369,608,117,609,865,881,880,755,499,377,634,880,882,844,96
338,407,215,247,1022,423,989,255,798,214,735,215,222,254,699,575,1011,162,511,210,543,250,406,719,662,919,758,754,174,150,503,854,31,246,155,701,435,278,978,183,703,415,926,434,478,215,534,250,191,254,254,502,223,507,954,1023,406,914,189,694,407,159,435,447,695,186,954,154,958,187,919,182,414,982,1015,182,651,406,146,247,848,887,406,247,119,271,466,242,150,695,918,134,310,246,446,759,423,211,963,218,467,146,223,159,254,671,694,243,406,435,991,1022,407,139,471,214,171,90,959,498,439,198,286,90,502,470,471,354,190,246,279,1022,447,222,510,407,959,151,767,695,182,255,734,670,135,470,438,475,658,247
158,890,752,651,742,536,9,691,632,760,669,152,586,895,63,760,569,676,178,89,665,552,736,48,760,40,682,752,666,696,249,40,557,855,825,873,712,760,208,433,429,754,187,265,634,763,810,956,114,170,842,754,185,66,666,552,506,411,685,57,697,234,746,170,678,760,587,672,58,702,345,570,434,95,696,1019,568,698,610,104,817,25,489,859,762,926,664,688,571,739,733,651,648,237,57,53,168,682,879,915,682,138,170,120,531,17,522,698,744,763,656,664,40,170,694,570,568,722,840,186,121,157,1003,698,57,186,698,560,520,557,568,554,696,682,270,761,664,692,180,568,508,756,618,568,604,698,696,520,512,671
181,689,668,668,660,669,732,693,758,657,660,700,956,660,660,700,756,668,692,757,767,700,701,659,668,156,917,956,900,660,660,671,726,692,660,156,958,670,703,692,702,660,662,660,724,948,924,694,660,692,685,700,828,222,692,956,694,700,671,700,661,724,700,660,148,700,246,1012,148,743,652,660,693,692,758,661,689,652,700,917,916,693,660,693,660,661,692,669,951,764,657,670,185,668,663,692,668,948,668,732,669,660,701,692,180,956,949,662,702,661,700,733,662,668,28,700,660,661,756,660,700,668,660,949,700,764,700,240,691,949,956,350,692,661,660,693,181,916,700,670,692,694,692,565,698,758,732,949,919,916
656,528,916,496,924,560,272,920,408,784,922,304,794,852,858,280,336,912,696,786,264,968,784,792,376,856,412,268,576,280,532,280,144,856,536,792,338,880,264,472,984,920,840,260,344,776,340,848,528,904,796,648,412,180,348,788,888,384,80,920,1004,400,860,272,784,520,264,920,656,402,988,984,808,348,432,456,792,376,76,856,860,340,412,792,460,528,656,912,1012,920,920,768,8,792,284,664,832,840,472,532,344,472,18,840,657,852,448,824,816,848,918,984,440,960,888,920,844,368,832,1020,920,968,184,984,816,848,212,896,600,912,952,952,826,484,520,336,344,340,300,476,536,304,344,792,964,784,600,792,256,776
201,201,221,192,243,244,233,239,237,741,169,167,201,226,743,173,205,199,193,465,201,255,191,201,481,71,133,239,233,475,451,957,139,229,192,192,133,233,189,229,237,577,493,425,253,252,196,231,237,751,737,237,239,225,227,253,235,237,551,233,239,155,745,233,237,169,201,253,220,489,713,233,225,764,746,141,175,239,221,431,696,749,236,141,253,173,253,233,252,206,237,237,173,229,229,161,202,237,205,195,171,167,163,201,236,171,231,484,231,137,173,169,229,678,225,255,389,231,247,161,235,229,207,713,173,213,171,235,173,201,237,233,709,717,229,205,975,165,239,255,175,997,655,751,201,237,229,203,206,681
506,870,494,1022,366,270,106,811,282,766,90,894,350,510,862,366,338,726,510,430,410,490,350,890,424,62,250,334,174,342,46,1022,470,378,366,462,370,258,358,815,854,856,314,1022,286,310,190,886,1022,380,506,366,886,490,882,502,506,366,178,750,382,374,490,366,622,478,222,318,218,262,126,318,270,502,798,350,502,878,870,734,370,876,1014,494,868,478,506,254,422,990,790,798,430,450,730,826,346,318,606,374,450,450,382,382,322,438,718,506,486,262,366,571,852,238,106,358,382,350,1014,848,362,374,486,94,446,346,158,398,126,502,862,762,378,458,374,590,446,478,495,487,350,510,230,504,358,358,886,366,230,350
701,571,749,701,997,881,1001,753,763,939,981,953,745,929,633,665,893,957,629,1009,1001,945,889,545,933,588,913,753,761,953,569,941,673,697,933,929,1011,685,989,697,881,755,753,1013,1009,765,997,760,891,725,701,945,699,447,761,609,755,1021,849,737,733,1009,1007,313,1007,333,945,1017,763,741,957,705,689,873,753,33,761,757,636,574,889,762,825,755,625,1017,873,1013,705,701,681,765,893,957,985,661,981,533,1009,893,1001,635,1021,675,629,691,683,1009,881,743,573,709,761,817,1001,959,1009,57,785,763,947,1021,703,761,1021,653,737,97,757,975,785,697,721,569,669,893,697,553,977,951,611,1021,557,661,821,611,753,984,985,737
527,579,607,192,719,719,655,719,643,991,591,75,667,651,527,531,707,591,975,712,719,719,587,579,715,589,711,587,579,647,605,83,615,527,629,655,535,655,840,523,655,707,523,591,707,859,727,587,195,731,599,975,707,710,715,719,911,715,975,719,594,539,975,193,589,591,587,707,647,587,723,591,587,591,735,583,719,147,587,715,527,719,583,705,587,711,681,651,523,591,591,709,591,591,583,195,835,586,591,519,523,847,715,715,715,685,687,586,587,842,579,587,710,649,619,735,587,599,705,709,527,583,590,66,719,651,67,713,843,527,579,587,79,79,579,591,591,527,527,607,579,643,731,583,527,578,579,591,711,711
95,30,27,155,28,5,133,28,181,29,28,27,283,61,27,27,27,286,63,57,415,61,31,57,79,21,27,26,78,59,69,28,26,317,11,29,91,284,333,170,14,285,25,92,30,33,348,93,24,27,285,17,13,223,8,137,148,31,13,28,6,91,279,223,205,31,77,81,280,349,265,86,141,25,29,19,136,221,280,29,126,152,205,207,27,281,25,280,88,347,280,220,580,0,91,159,203,25,572,56,140,56,27,30,30,14,26,24,154,29,281,29,63,92,138,285,93,31,269,25,30,44,27,30,13,90,106,25,413,21,287,20,24,25,541,31,69,281,15,95,284,72,191,281,92,31,29,29,27,220
779,899,545,802,675,945,48,523,520,809,674,689,514,170,547,418,555,514,513,546,554,675,41,801,675,675,163,547,523,643,101,515,547,515,672,674,675,298,647,559,547,547,514,545,673,47,544,545,34,550,643,42,162,419,675,546,35,807,41,680,546,805,547,547,743,673,551,683,42,515,547,770,675,546,546,513,544,673,547,655,675,557,642,130,512,674,43,679,552,547,551,547,675,555,647,514,682,641,527,683,659,544,685,802,672,548,682,554,675,931,513,679,32,779,675,666,680,522,674,98,163,771,675,547,641,554,520,674,555,553,544,130,35,551,674,673,515,523,34,3,930,674,682,710,643,802,680,547,547,683
931,679,688,955,1014,939,673,163,1009,763,867,482,692,752,511,738,688,679,255,491,567,48,700,238,690,998,995,35,673,738,747,230,238,752,482,814,234,687,483,954,676,754,1019,683,752,755,946,203,1010,937,694,678,928,676,685,230,1002,234,690,611,750,168,995,546,754,742,546,563,574,498,226,680,746,738,738,679,928,170,935,673,554,686,683,690,558,498,930,227,690,163,679,674,685,992,761,935,945,746,944,679,558,743,993,702,1018,1009,802,678,641,674,608,163,682,483,736,935,504,810,929,675,226,678,678,678,675,482,703,938,610,426,562,750,631,356,422,951,997,687,743,675,759,674,928,675,675,176,680,995,675,166
918,838,788,790,839,789,727,790,790,918,901,854,903,839,798,534,789,850,775,980,292,775,532,951,884,838,854,502,870,886,772,278,846,7,534,257,838,784,839,822,948,950,821,326,886,837,662,838,806,770,791,726,518,838,914,820,276,853,789,864,918,853,982,790,902,790,916,902,855,787,786,788,836,1012,800,836,606,790,594,339,870,278,838,598,821,902,791,770,789,599,582,884,263,516,774,822,276,294,790,772,964,341,662,855,982,846,774,516,853,838,6,886,790,339,980,887,276,549,822,790,854,514,838,983,790,415,517,796,782,790,774,71,903,822,582,854,534,916,646,790,662,532,838,774,774,647,807,935,774,597
394,393,205,395,395,396,394,421,324,399,908,393,77,141,395,783,398,413,397,134,911,141,397,428,129,393,399,909,398,142,394,394,137,393,136,713,332,397,138,396,905,394,424,411,650,395,394,397,399,641,412,139,427,173,399,142,149,396,138,392,143,390,463,135,493,397,495,141,393,394,139,652,399,141,389,137,385,393,155,909,205,393,394,395,153,907,425,139,384,394,131,157,136,399,907,388,141,393,392,653,415,395,420,139,265,393,393,141,909,395,905,131,146,397,409,393,389,165,395,143,411,781,143,263,911,393,128,143,905,898,409,393,142,429,459,653,911,909,395,908,169,459,655,650,397,457,79,407,397,809
1014,982,990,606,974,846,964,1014,908,342,1021,974,156,780,910,852,1006,958,606,830,478,735,222,830,524,894,990,966,638,926,782,459,980,966,398,1004,888,814,988,974,982,862,798,910,972,854,982,782,958,894,454,966,973,974,520,966,372,846,986,751,444,986,854,974,887,966,767,918,976,990,982,967,918,974,766,397,262,1007,470,462,982,846,538,1005,1004,220,1022,692,983,991,690,982,476,863,990,398,924,454,366,588,972,982,662,700,606,860,965,926,972,942,982,990,998,894,812,908,974,862,974,926,991,878,774,798,893,846,396,216,984,879,988,878,927,990,988,734,600,606,911,862,975,182,470,222,398,970,526,863,965,990
645,692,33,646,516,566,172,735,540,526,548,646,526,524,550,525,45,677,644,44,47,150,1002,521,684,549,524,548,677,676,652,784,548,540,560,564,644,662,671,101,693,668,692,542,549,677,645,525,708,629,534,93,559,646,652,644,566,534,532,532,572,694,805,36,552,548,742,551,689,660,4,565,692,526,700,132,612,573,557,519,934,677,676,644,573,528,671,517,549,533,950,661,516,533,673,686,518,700,678,589,884,644,15,580,543,540,4,130,662,684,557,740,644,561,695,645,532,548,545,558,812,38,144,533,549,517,565,694,28,22,647,517,645,700,550,521,517,518,228,678,645,676,549,645,687,544,156,565,540,561
463,547,407,983,835,455,103,423,995,919,423,419,643,423,423,419,995,451,423,487,391,947,387,803,675,423,487,551,931,903,487,423,743,227,503,419,899,227,423,487,391,423,463,391,915,487,423,423,823,323,451,483,447,899,450,963,951,419,451,215,427,455,869,911,451,1015,355,407,391,423,451,167,419,183,935,947,999,1015,423,450,995,451,431,999,423,455,951,227,423,675,919,391,931,503,419,419,487,907,499,947,951,903,451,407,919,951,471,511,423,499,229,163,899,503,470,503,503,455,967,230,741,935,439,419,227,515,423,503,499,919,455,291,419,451,403,327,483,911,487,899,915,947,487,487,965,215,427,447,451,487
149,68,254,255,215,668,87,246,119,20,12,591,21,126,92,84,84,86,719,254,660,61,39,29,252,213,215,860,534,237,30,84,23,222,734,68,102,148,222,580,63,29,732,133,196,149,247,39,54,94,151,156,183,678,119,125,70,181,647,165,214,247,79,21,85,158,756,190,118,87,92,213,31,663,52,183,212,245,540,222,85,141,23,214,21,709,71,125,101,660,534,149,151,530,532,20,142,28,87,93,22,596,95,71,95,727,86,894,215,710,414,127,101,479,149,6,204,733,637,180,94,29,244,236,150,133,725,630,583,62,86,636,93,85,119,541,543,157,118,671,726,199,589,87,23,116,159,598,70,534
57,305,681,433,885,81,753,241,753,119,1017,817,625,177,241,689,241,229,57,441,121,633,625,489,625,573,97,625,177,377,177,249,1009,569,317,865,625,49,57,105,181,177,573,245,117,253,105,625,551,625,889,753,945,561,377,57,185,51,625,33,177,313,49,689,57,433,729,539,49,829,825,561,881,689,125,537,561,689,625,21,801,529,633,888,817,497,59,57,561,821,49,729,629,257,625,569,561,112,625,629,113,625,573,125,763,881,53,97,33,561,825,633,113,561,112,369,881,753,185,625,753,305,625,948,113,337,753,693,433,253,305,113,573,233,609,49,377,561,625,625,305,48,309,537,631,117,673,761,49,617
781,31,789,789,773,175,519,277,799,14,543,279,300,55,533,533,295,855,151,791,789,793,781,789,781,285,319,13,535,799,13,15,797,31,23,561,23,61,317,16,63,547,543,543,526,535,551,795,790,341,797,925,831,31,543,799,301,13,285,277,7,526,855,792,919,310,799,13,567,799,285,685,567,919,269,279,271,535,773,878,565,533,789,342,295,543,263,573,287,541,285,831,29,831,791,671,917,263,277,271,279,11,279,269,797,277,541,129,797,261,525,535,12,575,797,365,911,815,319,311,1,797,661,534,573,795,279,575,29,797,29,525,317,677,919,263,263,802,277,51,831,541,542,791,31,775,923,887,280,349
529,657,666,19,663,648,527,516,656,526,652,151,643,135,513,535,659,515,21,658,23,769,647,2,679,899,663,407,23,531,663,522,157,646,659,519,663,542,140,551,39,167,12,415,658,908,155,148,662,167,185,10,142,549,640,543,5,671,903,563,529,543,962,530,10,7,695,263,790,533,799,899,787,647,535,568,539,515,543,523,518,647,132,658,275,15,939,659,533,673,786,135,515,22,650,650,919,520,681,519,679,535,543,722,534,155,799,8,163,531,907,527,534,279,678,818,531,530,533,920,19,530,550,666,593,901,514,659,659,720,150,515,6,515,519,517,642,414,917,534,694,39,516,641,151,643,643,910,534,534
270,79,14,330,350,14,335,602,110,163,10,203,522,814,542,14,202,522,526,14,814,399,798,523,522,10,14,270,334,30,202,862,811,154,522,78,520,330,270,142,6,90,846,10,538,10,10,50,798,842,590,142,778,382,155,47,11,783,15,142,14,642,334,335,938,398,58,782,14,270,11,618,586,346,783,78,602,334,619,10,46,798,522,334,138,626,79,554,78,6,78,779,75,78,46,2,526,671,398,94,410,562,522,14,266,602,194,558,782,103,650,94,842,10,78,78,782,842,154,106,46,142,366,46,142,10,106,410,714,15,270,14,75,330,266,74,458,11,77,14,590,14,494,78,74,270,14,15,526,15
179,921,699,185,169,699,959,163,179,433,251,953,955,147,131,699,675,699,187,955,187,699,411,667,667,155,219,191,447,955,691,955,787,681,755,641,691,171,153,675,939,243,699,219,441,659,923,139,177,955,171,154,715,179,139,651,1003,177,371,667,153,651,931,219,191,435,763,689,659,699,443,955,923,1003,691,699,427,443,923,825,681,699,923,153,667,943,699,443,179,163,1002,155,659,441,907,447,1003,187,155,153,659,443,443,699,683,209,147,665,441,696,923,433,139,915,1019,697,187,931,642,185,953,147,415,697,147,435,641,913,187,699,185,987,443,187,657,947,137,187,675,411,147,155,427,187,177,187,187,43,913,443
493,96,255,353,365,493,365,417,429,677,613,293,97,61,367,825,241,121,361,492,937,357,361,493,485,992,381,125,32,227,109,97,493,964,229,105,353,365,893,492,364,677,352,125,364,381,1000,365,1021,172,109,293,1005,997,508,60,165,509,100,805,97,493,110,104,301,237,296,102,373,1001,877,1005,229,747,239,381,245,505,1005,495,365,445,292,485,501,364,868,361,301,975,117,365,429,365,108,357,808,113,109,357,37,301,876,481,381,361,300,360,356,356,485,365,485,969,101,357,357,997,877,365,365,511,253,357,875,489,167,1012,677,365,101,367,125,301,37,37,45,353,353,269,305,365,487,301,317,293,492,233,373,485
329,265,256,392,136,40,28,280,153,272,392,264,392,268,396,392,300,268,256,264,256,328,276,260,268,12,840,784,136,256,328,464,260,268,264,256,8,394,392,8,272,152,408,264,265,264,772,396,341,264,280,270,328,270,256,1,140,256,416,400,780,12,264,268,265,392,256,392,172,260,384,384,832,24,128,284,148,24,280,772,76,396,296,400,392,388,260,264,768,332,264,292,332,392,396,268,389,328,388,388,384,145,264,392,264,396,392,265,268,392,256,768,284,256,412,298,12,408,396,280,388,272,280,264,92,400,272,12,286,128,256,280,392,776,492,396,392,388,256,920,448,768,260,129,344,260,396,396,393,388
177,444,17,913,183,445,41,49,464,182,180,53,132,436,129,166,128,173,435,148,420,148,420,519,657,405,444,437,437,425,950,1008,689,429,189,275,295,181,389,133,152,388,175,167,132,150,179,935,212,957,177,149,947,421,164,153,157,437,176,180,429,164,305,657,641,163,156,166,913,133,420,293,401,34,149,130,420,132,172,384,165,132,405,149,384,441,149,967,149,417,404,132,683,421,309,21,183,165,291,49,180,438,149,24,948,662,155,432,148,273,180,0,183,171,390,275,447,420,400,407,308,388,921,952,33,3,657,160,132,181,417,271,914,34,277,958,468,425,157,149,132,176,661,173,404,132,549,257,163,20
861,245,541,205,93,399,925,541,93,765,589,541,605,607,348,541,589,657,989,749,317,127,541,861,93,765,925,253,237,605,605,89,709,601,607,605,589,591,605,877,125,773,637,857,589,733,333,981,9,989,525,601,597,29,1021,821,589,589,69,847,733,733,789,29,125,909,845,621,729,781,533,565,605,733,541,973,637,861,857,973,325,733,93,733,797,577,525,605,77,537,589,93,653,525,589,588,621,605,797,733,973,765,205,541,637,861,925,773,73,541,541,205,285,605,605,93,93,93,989,589,909,589,349,589,733,77,957,121,605,477,989,93,525,861,669,989,845,861,973,77,989,845,845,445,733,991,845,713,717,829
324,465,86,341,36,84,469,214,340,196,351,343,324,113,967,87,454,462,486,70,118,476,451,101,974,70,198,74,611,85,469,30,615,870,367,354,193,98,246,854,327,211,330,69,198,343,374,342,212,962,78,82,358,196,227,473,68,455,606,380,342,325,197,462,85,117,84,486,839,324,719,102,75,67,342,215,69,471,452,242,92,884,92,502,605,87,198,471,854,122,208,510,86,364,125,490,86,216,382,102,70,86,71,102,470,338,64,343,76,212,465,116,310,486,68,112,236,737,356,260,238,723,100,119,67,210,199,367,461,78,70,469,352,631,102,870,358,476,208,481,66,101,455,337,74,110,324,69,460,501
211,718,151,583,436,79,206,207,706,219,207,260,67,70,706,711,64,759,2,152,2,194,582,215,243,129,175,519,101,222,139,459,324,118,193,13,705,139,467,133,198,732,199,195,983,199,212,195,597,133,147,853,197,71,193,725,469,2,386,967,209,198,218,214,211,707,407,215,151,64,131,726,199,198,471,343,222,709,135,215,115,86,69,643,641,190,136,213,238,509,67,208,457,151,413,3,178,6,658,405,7,704,15,214,262,903,453,469,911,143,204,463,147,130,214,142,192,198,70,130,454,119,193,95,135,19,85,706,204,64,743,213,198,197,229,87,658,469,530,471,598,168,130,210,727,847,436,576,131,325
546,112,273,752,817,785,32,16,560,689,35,560,547,560,562,560,865,165,544,561,401,240,144,520,952,304,51,688,161,640,24,34,513,544,562,512,624,546,546,106,91,880,818,562,531,627,690,664,529,16,624,52,162,32,178,560,562,537,560,115,610,33,434,930,768,176,49,49,529,624,515,562,529,560,290,849,307,660,544,40,823,2,114,306,432,528,544,562,529,49,546,957,801,563,944,176,50,824,656,577,528,528,560,1,531,147,592,18,54,50,51,16,49,49,242,529,178,57,820,35,626,561,563,529,80,51,561,171,881,34,17,49,528,534,512,625,865,562,593,16,38,48,609,561,546,688,48,9,48,306
934,784,774,314,278,306,378,690,282,316,318,274,914,458,256,432,442,450,440,948,826,882,958,276,466,874,406,282,790,895,442,390,280,278,434,374,404,282,826,434,318,304,410,450,818,318,1010,916,414,306,918,434,402,554,310,434,246,402,438,306,918,258,410,384,834,794,144,304,440,432,274,768,1014,420,306,326,374,390,278,802,498,820,22,302,270,338,834,308,170,338,318,290,386,406,402,438,304,774,310,258,902,921,894,160,322,217,390,210,24,434,818,302,374,272,434,946,288,816,48,306,802,422,794,278,446,288,946,438,806,42,402,1010,790,304,274,786,438,978,274,298,286,374,304,822,415,946,306,926,298,418
21,605,543,543,68,534,532,525,94,525,607,636,605,580,543,606,92,86,599,596,29,572,597,543,60,861,639,94,21,541,573,604,629,533,84,631,620,117,84,606,92,86,524,591,567,84,117,639,93,580,524,597,605,868,591,125,343,95,7,28,309,109,589,87,606,637,853,854,93,853,31,68,95,60,125,532,118,53,572,597,605,31,52,375,632,541,789,95,607,636,597,534,599,614,95,63,350,543,93,639,583,349,589,540,117,61,125,119,606,599,309,604,31,627,613,55,212,605,541,84,868,620,829,93,607,615,591,28,567,638,22,607,23,285,684,567,631,525,543,92,597,102,821,30,534,341,548,532,383,542
133,532,1,13,521,11,577,11,137,517,19,281,134,145,17,579,601,513,25,785,733,285,713,1,19,187,281,664,149,157,129,77,645,9,257,129,201,265,785,153,849,72,909,411,11,61,261,17,9,137,537,147,129,25,25,147,641,5,169,275,269,409,9,257,265,25,209,137,65,149,9,129,649,913,1,465,17,1,265,595,129,657,129,409,411,531,1,12,657,11,539,513,5,9,145,665,0,27,129,657,653,141,3,193,513,27,25,657,320,1,209,259,213,9,1,145,153,113,71,73,159,29,9,129,81,17,401,149,275,133,265,153,145,21,153,521,649,25,1,29,785,131,15,27,145,29,273,24,136,151
542,87,708,84,815,675,630,549,18,546,134,214,662,534,594,896,318,692,74,642,516,513,645,18,532,516,37,601,596,64,538,730,526,758,877,693,36,562,822,516,592,515,669,646,755,230,227,58,546,611,638,80,882,726,646,12,625,930,230,575,703,516,118,22,613,706,388,631,742,143,550,34,573,994,608,82,583,183,12,596,582,806,180,514,534,926,199,710,36,534,614,672,698,535,220,573,71,583,532,551,22,646,678,558,598,719,838,596,694,128,625,662,558,21,850,579,611,599,534,71,579,636,516,613,606,787,614,551,564,166,54,527,21,614,558,629,660,525,527,102,110,740,665,78,682,756,95,526,599,591
58,176,47,699,118,56,194,185,160,58,53,124,52,874,44,234,188,44,76,58,56,28,58,14,680,565,176,685,766,440,1000,40,82,45,56,762,140,139,176,664,742,143,224,612,38,236,170,168,567,639,698,507,750,40,62,614,107,990,685,128,684,498,686,180,110,92,160,186,40,4,248,106,94,254,628,40,144,252,682,255,172,938,62,62,180,244,186,614,252,182,226,166,688,246,664,62,238,722,744,185,42,372,90,308,188,110,232,760,200,240,720,226,344,127,316,568,573,32,824,46,220,894,98,224,52,830,457,694,56,15,188,43,432,205,138,205,199,160,688,249,62,242,936,884,122,187,186,122,312,161
682,940,939,958,955,1000,800,780,996,817,680,527,680,952,828,952,864,620,952,956,690,885,934,952,808,876,828,649,1002,940,680,882,572,813,940,812,958,568,650,828,640,634,684,569,552,700,876,569,876,816,944,682,954,908,906,920,700,670,948,544,673,942,818,946,763,942,932,1016,1000,942,680,920,262,872,744,681,675,932,936,896,672,568,748,702,696,669,828,948,954,940,905,956,700,645,1000,810,941,956,958,949,673,564,176,929,554,940,649,648,948,942,809,956,816,552,930,932,652,1000,568,1012,940,190,688,698,924,827,944,678,700,677,696,429,562,944,680,1005,802,800,782,685,940,952,566,879,958,560,928,810,890,924
530,565,566,691,736,80,19,551,663,539,574,535,534,695,535,535,528,187,802,661,718,549,2,7,662,132,563,531,571,627,566,706,694,567,532,642,556,582,538,659,695,567,662,817,542,771,519,539,529,801,571,951,182,548,785,612,554,246,667,774,519,54,950,534,674,550,593,671,678,531,534,47,530,547,535,535,550,663,546,575,39,562,658,791,514,659,582,659,7,683,644,690,576,3,534,543,534,593,566,687,151,755,694,583,594,528,580,646,583,924,695,512,692,52,539,532,786,686,659,181,688,711,658,247,530,534,539,819,147,580,134,678,564,27,498,555,829,567,562,911,692,528,515,578,788,515,567,679,534,754
143,975,237,485,1019,199,455,462,204,708,725,716,203,508,972,455,708,971,510,452,143,188,206,713,205,194,462,469,236,206,205,237,159,454,458,217,217,758,473,206,508,131,966,477,205,712,200,719,206,761,198,450,141,220,479,477,462,719,220,228,460,966,450,461,82,478,975,197,204,716,237,655,207,456,453,449,710,985,326,205,460,674,204,207,716,206,206,471,204,158,241,136,670,206,472,911,155,980,748,193,218,494,710,455,941,204,239,479,457,222,248,468,134,207,207,196,981,238,220,220,206,475,210,482,428,478,975,459,450,231,722,733,476,332,254,454,733,461,716,206,159,972,232,220,140,220,463,226,204,196
649,141,651,655,683,645,943,675,903,649,11,928,512,973,647,911,709,161,903,649,967,641,960,141,655,940,653,653,773,967,971,642,65,713,654,931,677,173,525,647,685,653,901,864,905,901,975,907,707,557,527,527,516,649,555,641,1001,513,655,673,701,965,557,653,909,801,641,641,909,517,641,741,649,745,680,521,449,645,897,645,647,641,650,899,897,717,516,645,718,525,677,193,641,685,781,524,751,673,141,919,905,641,697,45,653,941,901,645,47,905,556,655,161,648,911,897,225,675,641,645,643,899,653,905,193,1,512,549,199,649,905,684,711,553,169,709,647,965,719,685,547,643,653,708,708,650,687,161,645,645
381,501,381,445,477,861,413,223,477,252,476,509,221,204,477,508,201,477,412,461,505,220,205,476,476,61,152,217,477,332,477,77,252,221,456,205,991,509,253,237,489,157,253,509,511,223,1020,462,409,509,223,413,185,221,461,284,124,461,92,204,365,462,461,253,205,93,477,189,413,237,409,153,157,476,509,413,508,221,237,220,249,205,444,221,509,191,397,409,477,221,285,205,61,493,493,93,88,236,137,380,220,253,460,504,477,213,53,221,252,185,477,477,348,463,221,477,989,381,76,508,397,412,220,509,413,1017,220,220,473,253,125,221,253,236,508,252,477,509,253,477,508,477,221,205,477,92,461,477,253,952
905,365,815,783,975,332,943,813,781,780,941,364,815,873,781,879,812,301,333,813,366,334,375,1007,333,783,941,780,845,813,428,267,845,270,429,783,783,999,269,909,782,285,815,782,811,815,490,937,1001,847,335,845,1005,1007,876,847,845,13,429,813,909,909,813,781,907,776,815,781,877,989,845,973,869,797,780,777,813,317,943,941,363,844,783,317,783,782,911,360,777,813,365,847,905,429,301,844,268,813,875,879,905,840,845,783,943,844,903,812,909,846,909,972,972,271,941,398,843,524,797,775,271,909,797,269,941,846,781,875,937,303,269,445,909,777,781,879,909,841,783,905,781,365,815,781,777,781,301,1005,781,921
481,497,449,465,465,1009,901,496,947,881,465,505,469,497,981,919,965,417,997,467,455,1013,465,503,471,479,481,980,497,1009,979,467,977,465,471,433,979,1011,176,981,723,401,1013,977,1015,1011,497,497,933,978,1011,947,466,400,980,499,225,501,211,407,471,469,471,501,437,469,919,979,1013,983,961,993,983,455,976,787,468,467,983,979,965,469,1012,453,1011,449,501,1011,977,449,1011,369,1009,511,497,497,481,1019,983,433,467,470,453,759,503,503,981,977,467,471,755,976,499,977,979,469,983,497,465,986,403,976,466,464,469,467,465,1009,979,1009,916,497,1009,407,502,503,453,1015,469,914,471,465,465,996,481,928,1009,981,1014,403
124,74,552,554,38,636,520,616,806,794,110,636,556,684,674,648,920,104,351,622,110,588,622,63,588,60,555,43,586,600,110,620,568,34,106,556,812,8,680,72,104,876,96,554,796,894,430,556,42,556,94,124,620,520,610,556,96,616,702,562,64,568,618,886,10,554,622,818,72,106,554,554,96,632,624,552,612,522,276,619,108,36,586,264,43,104,618,556,768,610,844,294,872,364,32,544,104,622,616,616,876,684,550,566,844,614,548,100,68,110,814,616,106,12,584,106,14,330,584,564,572,878,622,564,28,122,110,618,42,570,362,614,14,294,314,634,570,70,682,746,110,556,586,558,98,586,42,100,622,522
229,698,696,941,166,748,681,675,677,566,684,686,680,694,933,676,664,698,575,701,702,689,672,680,684,565,924,685,685,573,692,703,686,692,686,172,701,689,684,698,689,687,699,581,684,556,701,696,566,692,666,684,700,683,702,685,700,686,684,688,692,574,556,686,697,565,952,549,569,958,681,702,682,677,46,702,697,680,935,690,699,685,829,573,567,1021,686,564,703,956,694,696,645,701,692,699,569,681,688,670,698,686,930,696,815,697,699,695,700,811,569,697,556,703,701,681,557,698,684,680,573,697,698,686,937,548,702,567,701,572,700,568,684,948,698,673,687,690,544,805,569,668,701,700,575,569,692,556,936,684
834,467,434,358,322,898,258,890,418,338,898,899,402,834,354,353,450,867,994,450,370,1010,354,354,388,340,976,338,834,466,978,994,370,470,450,896,307,499,211,466,462,339,451,378,851,354,482,450,66,499,962,979,466,994,482,451,370,448,899,1010,466,451,450,322,498,914,499,454,979,866,450,274,418,882,403,454,450,966,66,487,503,322,326,450,498,354,464,834,898,962,835,978,402,482,982,322,502,944,866,475,482,406,482,274,454,962,478,258,326,770,482,450,451,370,450,978,994,898,374,86,450,451,322,898,962,722,451,338,354,978,450,382,994,370,487,464,822,928,450,994,452,1010,867,451,499,835,866,482,466,466
261,397,276,413,414,916,287,903,415,413,284,413,925,415,279,413,916,918,671,397,478,404,405,287,405,917,415,408,404,404,149,918,543,924,391,404,277,989,284,256,401,404,927,927,925,413,284,413,927,903,284,908,405,660,919,926,923,409,791,927,412,260,406,775,652,903,925,412,909,415,925,924,397,407,388,412,413,913,906,414,916,919,909,388,405,924,404,405,404,409,668,409,927,408,912,391,401,662,916,404,399,917,925,909,924,405,413,389,415,405,927,396,925,413,797,415,917,415,412,399,412,911,404,917,414,179,908,412,436,434,260,916,406,405,407,921,149,397,405,413,901,444,413,413,388,917,397,669,260,415
761,244,764,744,621,757,764,213,743,620,627,621,589,225,678,197,749,740,761,493,619,109,235,759,749,244,841,715,984,621,732,724,764,701,741,228,872,719,710,253,740,973,765,767,601,989,553,494,246,908,989,1007,756,710,453,744,669,996,238,749,755,497,151,894,846,742,749,736,710,621,1020,767,764,673,765,748,800,101,742,833,717,124,989,757,427,693,704,732,102,228,741,229,767,767,1006,1002,749,637,109,77,672,861,380,192,591,621,193,749,357,892,652,885,681,676,204,710,1003,767,713,740,724,892,588,229,740,742,705,1023,740,717,229,764,687,743,133,614,191,228,679,749,751,183,749,228,729,629,756,740,108,748
303,288,443,137,428,389,440,433,413,277,433,389,269,313,440,429,269,412,445,447,258,269,285,412,296,416,441,287,308,314,437,272,257,289,397,279,256,281,317,397,300,389,284,405,277,271,396,282,445,268,425,412,409,313,317,301,441,297,285,397,313,437,281,437,297,302,281,300,393,265,436,465,309,273,956,270,475,797,265,316,301,280,437,264,261,292,301,285,285,268,261,441,366,396,144,313,273,264,271,384,437,281,425,409,425,268,416,139,413,285,493,189,266,421,413,175,428,297,269,297,284,299,415,397,260,264,395,409,509,412,828,427,411,398,296,396,313,301,441,433,399,421,265,392,397,317,317,425,296,261
271,835,331,267,775,463,330,323,289,358,271,351,7,265,367,846,271,323,3,271,527,123,791,267,847,774,275,23,303,523,843,775,335,11,76,335,263,259,283,327,289,323,527,770,11,805,379,843,843,875,367,259,783,15,775,263,79,355,359,269,774,257,819,779,775,839,327,335,335,799,331,263,79,295,271,271,43,325,359,459,805,383,11,923,775,839,775,271,835,271,935,261,6,15,65,390,375,439,835,903,15,11,321,327,327,525,323,335,899,519,777,809,771,843,271,323,271,343,355,271,579,775,271,327,587,847,83,3,267,775,849,259,623,783,295,206,463,335,783,327,77,333,271,391,87,775,335,263,785,263
634,622,111,842,122,783,622,106,586,367,46,110,107,746,234,78,586,34,590,107,42,619,270,42,623,591,618,554,47,43,266,318,106,718,814,618,878,10,590,362,588,174,75,106,111,302,14,494,334,360,238,714,746,590,42,811,526,526,42,14,110,14,522,110,74,106,78,314,174,554,683,591,611,527,622,938,110,678,430,271,683,110,46,90,110,938,110,778,174,106,590,46,42,366,74,526,618,74,78,618,586,111,78,1006,815,202,463,623,638,623,618,106,42,46,526,78,46,558,366,622,622,47,46,75,554,110,590,14,107,270,622,522,714,110,622,142,619,527,106,558,303,46,362,106,62,14,110,234,526,107
849,84,724,668,533,768,148,92,988,566,86,852,341,724,861,124,860,727,469,852,599,85,532,733,596,880,724,660,788,850,988,724,98,839,533,788,980,92,348,852,598,837,532,452,660,565,421,757,84,853,628,605,85,277,855,94,126,596,37,62,836,598,660,756,214,596,516,596,788,124,580,518,980,708,724,980,96,724,662,596,836,791,916,592,82,724,596,404,87,4,85,964,532,852,917,612,533,724,597,598,244,100,854,581,688,724,720,657,981,976,629,660,662,637,988,725,900,724,724,886,341,348,469,848,195,212,84,261,628,84,724,148,21,596,372,852,116,141,788,597,660,84,85,74,469,87,80,725,852,71
1010,432,563,947,178,245,755,434,402,242,498,402,759,418,482,978,434,1011,1010,434,502,947,994,338,483,915,402,211,179,946,946,1010,1008,1008,944,434,978,176,947,930,307,754,994,786,243,418,912,889,275,433,1011,1010,666,1010,914,467,1011,689,914,243,994,496,722,946,656,945,498,178,466,371,882,951,962,722,992,978,944,673,946,1010,402,978,914,722,433,946,1010,690,338,403,470,947,946,502,1010,658,978,979,979,178,432,946,945,466,946,499,219,947,944,882,1010,1008,1008,912,464,979,395,416,978,178,499,498,242,499,946,434,371,251,392,498,435,931,754,434,498,1010,466,466,946,498,466,955,978,897,979,690,434,1011,946,406
787,786,313,271,259,275,386,291,403,818,786,914,3,314,259,315,310,279,278,135,70,7,272,266,2,275,279,787,914,407,851,775,35,931,401,283,146,23,307,402,787,575,851,263,798,791,768,902,19,795,823,404,407,403,305,50,403,287,275,131,18,1014,275,279,275,510,283,267,306,22,306,775,287,771,311,282,771,22,823,315,435,443,771,403,283,786,403,807,26,915,279,287,275,563,819,275,286,272,259,19,867,515,278,275,274,311,567,434,483,435,983,307,274,315,913,258,2,439,787,819,274,787,400,947,398,466,282,299,307,50,321,898,307,275,407,274,306,306,31,3,387,915,567,18,422,275,818,55,275,310
287,854,926,413,283,765,919,917,27,658,412,919,408,156,959,405,927,987,472,413,989,723,277,665,157,415,281,790,401,345,405,607,469,409,919,153,990,913,277,477,413,151,473,406,989,349,665,276,471,1022,1017,283,478,607,285,631,469,372,339,407,989,31,988,405,915,469,468,671,789,919,287,925,917,415,413,916,473,437,413,921,476,859,651,922,919,347,921,735,149,543,531,284,314,469,93,159,985,411,443,21,412,789,472,410,404,733,478,471,468,925,473,347,722,413,439,389,831,282,831,791,282,407,661,543,147,985,277,669,913,991,859,471,281,857,912,311,947,55,285,981,279,661,285,437,307,777,285,277,662,855
838,226,676,482,448,432,128,480,992,678,550,930,128,930,416,226,416,326,370,416,226,994,480,482,962,486,406,0,960,452,420,354,802,422,130,928,930,452,434,928,324,480,480,690,226,32,355,288,864,416,480,356,354,708,946,736,642,434,614,608,738,400,178,992,626,34,290,854,480,34,448,418,576,226,500,774,820,912,164,354,226,434,210,288,338,418,324,230,242,480,290,418,32,898,358,82,480,802,454,999,928,464,432,736,500,294,658,406,724,80,500,482,544,966,194,480,416,992,98,708,966,354,496,354,800,480,82,38,194,786,928,994,194,646,416,290,178,496,226,480,710,418,482,432,946,66,370,384,272,272
565,697,44,572,630,16,557,80,109,796,37,565,572,573,921,564,181,309,620,870,29,628,824,824,572,637,677,888,956,613,252,533,693,548,560,52,217,14,86,606,439,726,412,52,601,628,125,60,573,628,636,305,60,692,485,1020,468,565,32,852,313,565,68,56,596,636,830,765,125,370,613,628,893,126,564,549,60,61,700,885,573,180,661,605,564,560,532,660,560,173,725,637,688,565,689,157,380,573,573,28,84,405,540,572,696,700,445,116,629,60,92,84,564,409,188,165,677,557,413,556,564,116,532,720,693,564,21,189,566,29,636,308,445,533,437,560,628,36,572,309,725,62,1008,565,631,944,253,57,574,689
356,616,380,104,360,100,610,380,356,45,165,116,870,480,480,232,380,108,120,892,380,110,508,366,96,612,868,612,96,228,876,932,356,116,638,996,373,748,364,608,742,612,366,620,108,356,100,362,864,864,228,872,872,624,352,100,124,868,884,352,102,748,758,228,356,100,356,104,356,744,358,480,124,492,736,106,868,360,480,360,356,356,353,113,232,868,236,620,868,32,100,289,742,358,612,364,124,620,492,804,872,96,864,322,224,228,740,370,508,612,60,356,356,227,356,368,380,352,1004,484,876,868,100,352,484,364,172,844,116,356,736,380,480,100,480,382,364,104,100,356,356,620,380,364,356,228,236,432,356,364
413,61,35,40,55,345,59,303,181,363,700,313,191,313,572,633,316,63,55,41,315,309,309,809,569,61,255,298,317,315,63,540,558,39,59,568,62,59,61,313,289,57,815,317,63,44,568,313,553,19,565,377,539,251,111,303,317,828,301,282,364,29,303,955,30,61,180,567,43,169,45,44,299,43,62,51,825,698,637,554,289,307,47,301,301,300,19,782,315,105,316,171,316,57,807,61,317,317,56,44,29,303,127,436,575,123,190,273,286,189,60,315,701,61,293,37,797,411,267,677,702,24,284,699,63,308,303,569,49,83,795,291,305,285,444,569,316,825,293,173,47,814,319,121,287,575,189,877,23,127
367,882,432,300,1006,433,940,876,356,444,829,341,292,373,312,500,308,497,820,318,316,871,295,293,300,823,446,428,813,485,308,483,420,428,357,373,500,288,437,381,495,308,305,868,996,309,168,296,303,805,367,932,311,947,936,928,364,885,297,373,365,421,821,365,487,319,957,893,300,420,1020,300,803,369,295,438,484,813,306,888,300,500,372,806,289,812,356,1005,369,236,313,309,440,299,317,965,308,316,298,868,928,368,936,372,868,806,372,889,309,487,831,441,376,309,877,373,804,993,111,959,383,817,997,998,304,369,829,829,380,365,882,868,800,883,357,354,802,364,892,508,429,359,299,808,433,312,380,284,295,293
744,747,731,600,217,105,747,651,202,585,203,203,73,713,729,623,747,233,681,585,169,744,616,733,761,233,732,729,713,731,681,713,749,719,248,233,107,616,712,77,736,201,729,617,91,137,203,201,729,202,639,584,203,649,585,723,619,617,748,121,715,635,715,619,745,73,632,729,585,216,617,730,749,120,713,221,729,714,105,749,761,729,457,744,219,713,589,201,225,585,635,233,585,649,233,239,713,651,748,521,745,713,601,255,729,553,733,747,731,761,586,201,600,745,728,745,744,763,721,729,713,75,587,763,171,232,717,576,553,623,153,601,251,105,201,89,233,713,584,201,73,723,576,745,845,192,217,541,745,745
233,81,73,577,593,224,233,49,233,169,197,736,98,171,8,161,0,225,161,481,421,741,353,573,621,225,227,33,225,620,224,169,97,137,611,25,131,165,521,673,249,33,177,229,187,579,297,751,761,153,745,224,89,161,617,461,201,357,169,201,193,99,32,49,161,33,349,49,224,97,867,352,233,243,32,740,609,237,109,144,875,229,193,193,194,32,121,553,545,73,33,105,104,34,233,457,97,105,3,672,201,195,577,583,41,609,135,228,187,321,675,51,745,97,865,489,763,137,225,97,33,97,96,205,111,81,227,641,199,230,176,481,49,225,433,233,97,121,760,97,40,161,169,161,113,18,133,208,104,33
610,626,992,890,922,96,850,882,865,352,882,720,866,353,867,738,866,883,307,865,886,610,818,1010,550,631,852,992,112,610,546,234,890,528,738,866,884,754,888,850,582,867,737,1010,770,626,822,882,822,882,568,786,858,848,994,866,762,876,754,1008,866,882,836,834,306,630,498,865,867,866,466,890,754,578,578,592,848,866,615,858,730,1008,864,624,306,738,330,610,870,994,878,624,536,594,610,610,592,810,562,752,614,992,380,1014,626,866,866,880,882,372,626,102,560,864,874,624,864,608,866,864,630,564,880,498,114,608,834,882,832,866,882,850,979,983,354,625,870,832,882,345,624,866,850,802,870,610,594,834,368,626
717,201,481,960,451,600,580,764,745,1006,715,492,883,173,712,109,737,670,1005,967,65,841,754,629,865,992,742,508,248,67,706,206,106,84,1002,960,973,622,228,742,225,702,711,250,893,92,1005,743,214,993,749,727,645,113,227,691,102,767,549,748,548,249,629,613,401,309,838,241,965,166,589,224,684,367,633,493,103,767,616,749,47,747,676,996,559,732,716,612,743,218,597,579,138,987,487,22,974,380,857,943,221,197,630,236,588,612,143,101,750,748,766,229,993,615,617,45,71,133,637,1005,929,80,548,614,748,69,253,976,109,631,911,623,872,354,237,727,504,972,684,333,749,972,460,237,745,488,764,737,870,964
154,414,154,34,434,178,18,410,24,176,350,158,158,414,154,20,314,242,186,26,442,150,26,442,434,186,214,370,446,58,178,410,26,26,184,250,186,348,466,318,30,286,304,22,250,414,218,158,954,818,954,58,178,410,146,58,120,26,634,90,294,52,440,154,142,86,798,154,402,116,18,442,178,410,312,56,278,314,470,406,58,218,158,440,218,250,178,250,146,126,158,410,314,250,442,304,286,154,146,58,498,18,446,122,954,304,150,18,442,186,154,56,826,22,59,210,446,442,400,178,350,434,152,146,188,170,242,24,276,658,26,31,154,156,18,26,154,414,22,26,146,306,402,150,402,158,146,154,414,276
606,703,670,196,466,202,214,6,182,734,278,150,570,380,158,38,286,74,318,28,542,402,958,526,506,410,62,658,406,980,282,1014,758,638,206,54,420,222,566,662,414,446,790,526,30,836,350,806,22,446,718,926,820,526,142,418,844,834,304,698,774,596,342,154,542,846,702,442,686,670,990,518,478,148,702,670,166,682,22,858,980,254,222,286,570,767,982,694,190,406,38,158,94,22,156,982,174,554,158,30,534,910,670,1014,380,156,654,286,282,684,650,222,702,142,598,830,158,62,22,628,658,670,950,654,174,790,374,238,212,286,110,362,962,514,98,478,318,282,502,858,950,54,18,862,540,402,340,886,342,446
966,186,926,898,914,666,666,670,918,702,662,406,918,190,702,662,440,662,798,410,694,958,668,1010,671,702,670,662,400,922,734,670,294,710,662,754,948,950,150,898,214,722,702,656,678,938,670,914,702,670,926,640,670,916,762,406,658,658,670,670,922,671,146,646,926,650,662,692,666,942,902,926,750,154,922,686,142,666,654,666,1022,726,758,658,954,730,654,722,222,670,658,918,734,926,654,954,958,990,666,918,662,154,406,694,950,918,658,662,658,666,532,926,670,914,918,782,958,946,150,670,950,150,662,950,922,702,954,918,990,662,658,950,978,662,702,670,666,666,918,666,658,758,670,158,662,906,926,926,914,926
267,88,64,267,531,426,82,98,259,320,807,258,832,833,576,376,523,769,338,256,864,326,104,720,74,98,10,872,259,856,74,768,64,330,51,74,78,98,265,582,342,99,516,83,875,522,592,272,322,65,99,33,570,503,331,833,611,51,832,72,354,35,565,770,836,294,72,874,391,864,555,587,578,827,773,576,832,46,289,888,938,461,605,323,114,109,333,322,577,258,784,321,778,514,322,16,841,88,579,536,322,75,329,296,32,840,108,106,592,650,611,335,688,67,582,824,74,122,522,838,807,840,412,714,22,809,8,398,768,553,34,324,75,579,75,609,267,778,621,840,818,83,506,346,578,640,69,72,578,10
571,827,799,539,819,799,570,795,827,826,831,827,859,787,787,811,854,791,826,907,790,927,538,831,827,567,539,542,799,826,831,799,827,831,538,895,623,530,794,826,959,539,831,923,816,826,790,786,787,851,831,822,791,539,790,859,571,771,702,551,787,867,915,830,795,891,791,794,946,790,795,791,607,543,958,831,874,787,863,830,786,810,543,927,819,570,795,955,795,570,795,575,822,575,859,534,539,954,315,531,523,946,818,787,267,535,799,795,795,798,795,919,787,795,795,827,699,559,571,955,531,863,794,539,791,951,791,315,831,575,815,575,540,795,795,571,955,799,830,822,635,827,543,789,794,639,822,798,954,794
246,201,909,861,253,476,473,607,253,252,381,748,93,221,88,93,84,28,249,221,733,636,725,373,541,220,604,124,381,604,222,156,93,604,96,93,345,472,597,604,492,220,465,604,221,158,65,61,93,1017,221,637,349,731,84,477,221,988,12,606,254,41,156,188,381,604,124,125,468,585,141,84,93,92,124,463,221,508,87,117,413,29,383,387,695,341,446,533,217,92,93,703,984,524,88,95,381,381,468,444,337,123,861,156,669,348,381,732,124,92,121,349,31,381,119,348,125,629,253,473,255,756,473,82,93,637,733,28,93,828,285,708,349,221,252,156,95,60,221,540,127,364,541,861,123,73,631,148,252,77
531,475,347,475,91,31,598,90,667,91,22,187,89,913,83,607,95,475,467,350,603,722,786,719,223,283,799,175,151,351,95,539,475,223,283,531,471,734,339,123,863,579,116,83,27,138,155,586,323,27,451,124,795,667,155,922,475,139,19,648,726,219,338,123,846,78,787,922,58,187,539,667,511,719,903,223,507,223,271,479,211,839,82,23,798,667,222,857,91,83,94,475,94,323,11,723,155,831,26,211,11,347,515,181,655,467,90,27,558,316,907,383,19,779,894,790,666,470,415,855,259,603,91,363,735,215,530,787,125,90,19,263,842,94,275,855,906,959,335,26,211,11,154,91,723,67,219,22,91,731
50,904,43,172,405,129,395,155,151,137,267,661,417,691,447,395,179,257,185,427,411,433,152,258,397,130,53,946,143,63,57,299,59,643,291,913,26,573,410,361,185,283,387,160,415,171,435,147,129,138,269,139,313,457,281,299,144,17,161,415,5,641,137,169,177,130,173,441,169,939,139,282,419,309,141,171,437,187,59,267,187,151,443,141,191,315,401,771,433,585,3,405,815,394,155,174,443,267,65,43,41,283,297,281,163,307,140,265,159,131,392,184,21,155,25,435,407,534,5,130,401,443,394,899,25,314,9,27,169,399,147,427,387,139,435,443,401,131,393,27,441,235,298,907,57,403,443,417,7,411
839,711,643,586,719,975,986,206,734,966,325,973,710,963,966,989,966,841,716,212,708,710,966,967,974,711,451,966,838,727,963,845,970,463,998,966,583,967,966,975,463,719,962,706,974,999,966,967,982,719,583,994,910,962,195,711,998,975,711,727,462,583,598,974,983,902,999,934,972,967,846,462,974,967,967,966,741,998,718,717,998,839,974,965,591,583,971,463,454,835,716,835,716,839,965,716,578,910,969,839,705,974,710,710,972,579,966,711,645,599,590,839,967,388,709,707,846,974,719,719,898,852,785,711,972,869,454,964,931,943,582,718,748,743,839,710,967,710,583,580,838,590,717,463,461,23,997,759,719,836
474,210,340,309,78,842,90,890,346,318,202,85,314,334,20,402,218,338,73,24,472,346,282,347,474,26,344,330,272,731,351,402,345,603,219,238,346,410,342,94,473,210,120,222,267,403,56,27,90,83,458,346,346,10,258,222,472,714,66,90,504,368,346,474,90,376,380,330,338,456,284,395,344,138,347,218,842,474,328,475,94,475,318,408,114,570,344,282,350,859,90,250,126,106,218,329,211,411,378,322,115,195,218,954,338,538,474,474,344,280,154,1018,130,320,338,459,346,248,30,346,506,200,346,202,859,635,235,147,506,376,344,411,200,338,378,344,283,332,479,475,274,280,656,782,195,274,459,282,858,121
810,867,609,627,618,163,775,711,867,613,102,547,612,678,610,615,618,623,622,616,516,552,872,611,803,869,742,883,611,615,679,675,742,611,866,230,614,630,618,928,619,608,801,864,166,563,624,869,625,621,611,869,623,674,551,611,737,615,752,518,610,675,874,547,618,610,550,627,611,883,678,627,108,610,99,547,550,611,611,578,614,546,628,619,614,611,555,582,555,235,611,562,551,574,548,755,613,763,546,611,613,743,934,747,42,614,864,614,615,549,866,611,743,621,867,1002,608,866,610,615,608,611,629,738,619,994,614,614,766,873,551,519,611,631,609,548,614,742,803,578,607,623,678,701,614,611,550,551,738,611
628,596,708,550,648,592,546,608,557,559,528,534,516,532,580,615,596,589,583,516,23,565,16,69,548,596,580,532,693,609,513,614,612,805,580,581,708,609,613,597,580,836,742,528,580,660,848,576,629,548,580,593,597,608,622,580,117,583,661,852,577,112,84,611,576,596,708,579,516,596,517,580,532,596,38,514,884,16,880,596,596,629,516,580,598,758,516,580,596,576,4,881,597,540,580,517,547,620,519,612,550,516,628,100,532,517,613,612,562,70,580,692,564,837,244,598,540,597,628,21,612,528,592,564,624,68,588,716,596,580,580,87,517,581,76,101,614,612,580,612,550,67,512,596,578,580,548,565,581,726
896,212,972,212,464,16,212,836,736,360,900,944,708,4,404,400,452,464,192,644,960,712,20,848,4,272,516,976,964,964,1008,452,324,418,966,72,900,384,464,948,502,264,148,769,640,592,129,668,904,912,976,709,196,790,772,597,100,0,656,536,709,916,976,340,986,464,341,844,593,84,964,532,337,597,528,581,776,596,964,198,80,704,393,576,976,72,518,212,80,901,193,660,964,404,813,452,520,192,960,916,452,848,324,664,778,964,340,914,256,604,784,448,788,449,212,452,210,788,576,768,264,384,192,652,346,64,540,960,832,896,846,576,208,788,470,528,772,644,345,560,464,840,192,404,276,912,772,580,982,964
344,794,329,330,344,328,344,265,283,90,286,338,344,264,788,12,264,345,265,340,344,269,349,286,349,472,334,260,358,345,336,328,272,320,282,332,81,528,332,12,283,382,344,347,344,265,276,378,281,349,337,269,344,988,281,270,338,20,258,476,267,336,284,266,78,278,320,281,344,338,460,122,330,272,280,277,350,345,346,264,281,333,326,339,337,333,267,336,274,301,13,265,64,333,344,351,30,448,264,363,332,344,277,285,268,160,77,328,283,346,784,860,259,287,346,17,273,338,339,18,264,94,326,915,349,273,256,843,337,329,334,344,266,329,337,329,267,328,888,315,260,341,276,257,378,269,280,281,306,281
305,819,884,53,372,560,853,820,52,882,629,1016,176,893,304,433,817,48,437,496,436,371,824,31,119,313,625,565,765,52,124,915,159,439,701,561,379,948,468,825,947,889,892,855,590,443,820,892,116,308,310,572,699,992,825,959,467,304,497,1009,48,1013,310,912,759,49,1008,55,853,432,573,756,828,624,122,827,625,185,761,880,117,785,816,373,417,574,505,884,308,419,442,1013,433,880,508,341,632,892,224,438,208,381,721,976,113,374,469,309,948,915,309,497,946,93,820,592,65,953,828,465,946,501,305,882,575,533,501,1009,304,496,53,433,949,531,820,240,309,657,433,433,1008,756,571,819,829,612,360,817,437,880
878,76,620,300,878,76,376,92,620,845,844,333,868,124,74,108,620,589,73,332,488,364,108,872,108,973,360,620,877,364,588,588,105,76,844,328,580,76,333,493,876,348,89,584,334,76,334,324,77,110,204,108,204,844,844,840,362,76,364,108,876,361,92,332,332,844,202,365,888,102,845,588,324,348,108,76,844,344,844,332,380,620,928,588,73,329,844,334,876,332,332,864,64,76,876,622,76,364,876,364,844,72,846,840,364,586,873,76,364,109,841,331,330,74,364,72,332,840,104,108,588,843,622,334,364,584,973,92,589,365,328,364,364,72,332,329,846,364,588,76,333,332,366,581,776,589,845,328,78,73
409,443,507,959,1019,907,265,249,443,491,959,443,921,475,505,465,953,1023,445,763,922,921,955,925,411,475,443,1016,393,475,955,697,955,1019,409,448,954,909,425,395,511,923,1019,1011,495,979,927,659,445,1017,435,953,411,925,475,427,953,443,985,473,377,947,347,499,921,442,937,949,442,985,921,1022,927,923,1018,953,443,985,266,939,1019,147,171,435,441,169,393,665,1017,991,913,429,507,411,394,505,955,459,1019,505,347,907,939,443,985,1017,467,921,447,953,955,985,955,394,479,905,435,441,445,457,443,485,907,937,443,153,473,923,440,905,1023,905,509,955,443,1011,441,443,217,923,987,987,927,457,923,497,443,415,415,991
808,778,832,137,872,584,576,873,65,65,742,1001,961,481,461,192,713,493,344,840,640,945,896,969,363,72,1013,457,321,576,1013,229,122,328,448,1017,961,1000,194,961,588,625,936,704,745,968,1013,993,577,480,889,809,1001,969,335,744,364,857,641,749,233,681,744,961,242,457,993,469,971,1001,361,736,41,249,201,121,1000,585,192,673,457,708,844,1021,225,859,394,705,713,749,172,969,968,96,873,456,968,1012,749,841,361,840,833,700,869,571,353,489,680,132,1000,393,224,960,873,994,593,364,296,554,1001,489,361,425,992,712,369,1007,744,993,809,1018,904,233,873,457,392,707,200,320,619,697,728,329,1016,100,193,612,96,392
78,714,734,596,852,718,585,704,714,350,968,730,552,579,598,30,714,146,606,730,706,451,724,648,654,728,841,751,973,901,155,732,583,718,602,202,718,201,524,130,222,198,586,586,577,588,218,662,598,512,738,732,593,715,194,986,843,586,706,650,775,984,458,846,710,23,209,714,626,595,711,607,205,198,716,707,850,970,731,734,835,715,586,579,706,909,590,718,970,726,658,590,846,616,590,217,621,714,718,718,399,646,716,606,719,732,650,591,988,731,534,666,590,960,733,652,591,531,716,589,580,606,730,584,598,78,538,588,530,974,862,20,704,715,736,667,576,332,706,854,590,708,666,970,918,712,834,586,75,128
348,412,500,505,508,506,506,316,378,447,507,282,504,380,222,360,472,507,506,400,888,440,1013,496,312,318,360,116,508,472,1016,104,440,346,489,764,508,506,444,968,80,473,506,367,288,476,380,1021,510,376,444,504,376,504,890,504,488,380,380,508,344,508,377,349,444,1016,372,504,442,472,492,508,504,508,496,488,508,509,504,459,511,424,280,472,412,442,58,504,248,893,217,382,506,505,380,760,498,504,504,1018,510,378,286,317,505,412,184,506,316,508,509,416,1020,894,120,504,476,493,502,504,508,508,254,511,1023,376,125,511,504,872,938,506,488,426,488,280,1022,492,760,510,444,282,1020,893,472,440,496,412,370,1022
796,788,797,733,820,789,796,821,813,788,948,852,597,536,789,572,516,804,893,861,884,517,892,828,796,773,828,949,821,573,784,476,789,873,798,541,788,813,788,768,676,516,823,884,980,829,788,860,572,793,813,789,564,892,836,924,905,784,796,796,536,780,638,860,29,532,861,524,533,516,820,797,785,860,788,533,792,516,924,796,852,849,952,796,693,785,846,540,821,793,784,780,768,793,797,548,545,876,604,892,565,789,537,821,769,784,543,604,793,788,564,563,604,828,533,788,925,854,852,261,765,844,524,797,857,784,785,815,520,861,565,532,757,904,797,785,784,536,660,852,913,528,891,784,798,892,807,532,780,884
900,966,960,960,900,868,766,966,676,1006,900,711,966,966,932,996,870,866,836,838,782,806,804,884,1012,774,556,902,774,908,838,676,966,748,996,935,548,814,866,992,804,598,996,710,806,838,512,928,928,516,782,964,580,518,580,932,644,871,778,966,840,704,903,972,871,582,900,908,934,780,512,806,972,812,710,550,708,900,900,662,948,948,900,524,868,804,960,998,966,802,556,550,962,812,800,964,868,900,800,910,578,742,548,992,686,548,772,772,742,708,806,999,870,628,972,710,960,662,552,996,550,608,518,644,980,834,868,878,678,740,868,839,612,868,804,902,982,958,902,996,996,608,966,902,902,996,834,836,836,774
555,633,331,681,565,621,687,613,619,737,573,522,585,549,587,63,619,78,617,699,713,623,165,719,637,681,48,618,251,687,65,606,39,875,943,620,47,75,191,553,667,545,105,575,703,685,623,581,765,573,631,0,684,659,39,575,780,41,751,89,733,619,619,766,271,522,635,553,201,699,556,701,715,175,605,635,621,523,933,697,105,555,525,565,742,173,627,47,701,558,621,609,717,527,55,61,557,587,41,763,683,617,42,97,552,621,717,559,620,877,763,173,51,553,559,553,777,617,619,587,574,555,559,655,525,553,363,681,647,765,557,589,687,555,813,59,525,619,365,629,517,675,99,687,635,14,621,559,747,927
182,57,310,370,786,278,57,343,846,374,614,613,59,273,55,95,1,383,612,924,273,276,348,53,373,49,375,342,82,114,308,87,55,372,21,337,83,24,308,371,87,23,85,373,272,629,247,790,67,119,81,83,293,277,119,114,855,116,310,372,273,795,310,278,272,854,115,279,278,371,61,262,849,891,307,54,62,125,276,55,118,50,23,342,465,98,16,858,82,311,349,119,48,23,22,379,1,54,380,316,22,278,118,374,340,307,327,125,308,380,528,865,278,82,50,119,114,114,370,115,52,305,791,307,375,374,95,342,375,848,81,94,83,359,375,817,311,31,436,211,19,275,114,308,374,306,304,339,436,383
463,422,173,47,173,173,5,429,175,173,431,439,223,140,159,149,437,143,429,439,173,677,557,167,877,431,39,429,687,109,175,175,175,237,431,173,329,437,175,53,135,941,431,431,629,175,495,557,175,685,303,157,302,132,173,44,175,444,692,181,254,191,140,503,155,109,175,175,139,173,174,428,159,183,364,173,175,173,239,957,163,425,161,62,171,509,397,239,131,388,237,484,141,165,143,252,503,421,749,453,139,170,909,197,437,485,412,175,45,175,175,239,141,236,430,173,677,181,255,431,173,167,845,444,239,173,765,429,46,687,681,175,173,437,399,166,228,166,685,685,162,685,175,173,684,255,427,13,173,665
104,107,584,100,360,325,587,363,73,321,842,338,355,611,834,330,110,584,111,327,463,334,366,269,99,300,328,77,66,964,107,331,347,578,75,10,75,523,590,226,381,37,266,75,78,334,331,79,99,329,330,357,874,866,329,45,576,107,591,842,361,873,105,297,331,67,587,78,202,324,834,426,73,781,590,346,103,76,615,264,867,106,556,67,332,93,10,110,268,522,874,847,779,849,841,99,67,40,98,71,841,587,534,333,78,359,846,840,7,335,15,364,72,73,298,10,103,882,74,843,42,120,329,264,330,578,867,75,586,595,79,582,108,73,781,70,78,299,354,66,842,335,329,75,107,334,524,259,841,325
913,945,929,953,185,665,465,969,795,193,805,923,505,913,907,643,924,641,396,154,905,393,673,899,665,987,929,721,601,915,923,643,667,917,915,905,763,1019,384,659,509,985,897,147,945,537,387,27,971,905,929,345,896,641,969,928,675,403,915,145,901,915,657,987,387,419,27,657,784,651,649,897,385,984,915,697,153,691,1001,647,991,147,977,641,392,657,901,905,389,953,915,499,914,665,905,955,912,925,913,657,697,921,650,497,449,641,265,649,657,913,657,925,811,905,409,769,128,663,136,457,931,217,477,945,945,835,475,843,650,961,153,667,675,435,913,648,921,721,57,257,601,769,523,656,211,466,913,931,593,913
224,369,1015,411,887,379,449,445,49,995,467,340,835,453,947,803,454,291,885,1012,487,503,837,391,341,367,419,487,417,329,421,983,195,357,352,503,359,833,297,755,453,1011,487,453,391,497,992,450,493,354,503,483,919,241,381,800,993,997,837,247,472,455,905,133,467,935,481,377,329,437,388,385,867,418,1001,910,487,391,353,967,417,503,353,485,323,469,833,451,867,1013,709,451,903,945,1011,502,484,905,915,962,993,99,981,471,491,963,267,416,451,803,839,935,405,1011,966,1009,1015,497,481,265,841,997,963,1015,889,1013,363,277,482,491,839,451,449,906,435,211,422,335,297,475,417,484,959,833,883,435,419,615,455,897
563,42,299,799,9,699,179,35,555,43,745,171,943,427,651,47,11,11,107,175,1019,38,651,363,907,267,799,795,171,447,443,851,523,427,683,387,317,131,394,141,715,651,811,571,954,171,683,39,24,27,539,535,803,931,523,667,35,171,19,441,569,3,35,939,187,299,171,411,431,23,169,781,443,699,643,43,295,399,395,171,235,299,675,299,683,187,825,62,955,3,171,169,137,393,23,63,305,11,11,155,923,681,11,553,555,43,667,683,255,175,43,763,619,555,11,171,423,555,35,555,11,667,171,715,815,153,11,955,175,11,143,299,139,827,571,681,687,11,433,299,11,571,35,553,137,523,683,167,171,555
325,836,326,719,9,983,588,413,69,852,853,342,911,81,708,845,847,341,655,717,844,345,991,605,45,85,605,605,845,127,581,461,855,341,599,863,14,855,999,460,76,671,535,964,278,655,719,85,591,983,31,199,223,335,716,533,78,77,967,988,28,213,748,605,65,584,615,477,348,71,71,847,607,751,509,269,847,92,348,325,893,845,581,468,207,21,847,861,93,716,596,231,879,79,718,989,453,789,343,517,348,789,605,853,223,159,580,12,1015,335,349,853,839,64,965,337,837,901,7,613,598,84,861,65,769,725,847,367,768,717,716,214,325,533,863,540,349,349,661,543,965,199,708,333,343,222,21,861,725,71
894,495,589,971,764,638,607,815,639,1022,991,1020,845,703,1022,766,1020,718,246,727,591,127,1023,335,894,845,639,766,399,894,815,469,103,764,829,967,846,1023,638,894,637,700,734,1020,953,1021,463,479,968,348,893,1021,614,510,894,588,892,1012,844,863,749,334,461,893,765,398,983,926,1022,764,894,991,125,606,732,982,846,478,591,636,1022,1007,798,860,1023,510,716,750,474,335,639,876,893,895,222,479,1023,893,89,1006,510,351,767,989,616,1022,988,606,638,238,378,478,1006,895,606,734,1005,1021,990,895,380,1021,990,764,351,1021,869,607,862,1004,461,894,767,621,854,990,1022,366,1023,222,1023,637,1020,990,890,875,1007,1007,94,636
953,828,856,657,849,792,793,1017,825,793,789,316,793,794,808,824,794,785,793,875,786,793,985,913,1016,851,913,988,540,795,889,895,541,856,569,844,808,633,825,784,954,284,308,793,912,956,872,921,377,825,793,821,824,529,825,792,921,917,604,785,953,888,815,780,861,824,669,925,793,913,859,825,569,744,892,825,281,793,827,585,825,793,796,859,789,792,797,799,537,777,920,796,889,665,400,812,793,568,444,921,793,957,921,921,921,829,862,787,904,829,857,817,936,813,937,792,409,861,828,797,948,952,785,956,989,596,829,791,792,793,792,831,857,785,663,828,797,789,829,952,825,812,689,863,945,776,860,856,825,828
568,47,37,44,62,55,817,47,292,300,60,572,63,572,557,40,58,60,44,55,557,49,553,45,44,552,574,556,60,44,57,316,312,37,16,55,557,56,568,58,47,44,50,61,60,10,812,45,40,46,39,32,54,826,58,307,38,35,300,61,808,572,45,557,50,552,317,44,573,46,36,46,558,54,548,568,29,556,45,543,36,39,572,46,63,36,52,56,61,60,318,568,43,559,557,821,553,44,46,559,61,41,61,36,548,42,555,557,47,568,44,573,41,313,61,56,62,40,46,61,620,36,548,45,554,573,558,36,59,312,41,61,312,46,55,61,44,62,62,57,573,46,56,46,42,60,43,108,40,318
150,190,182,547,34,23,149,151,48,179,693,565,676,274,129,3,535,435,295,692,674,132,679,55,647,177,518,678,15,821,692,672,167,181,33,52,517,187,79,37,673,536,179,39,162,4,169,517,406,35,52,180,181,148,52,7,62,659,7,23,135,157,2,29,133,4,135,689,128,935,292,692,162,40,179,609,571,180,55,673,666,7,149,167,562,751,31,565,135,551,148,34,693,30,183,33,23,293,35,548,132,144,157,161,182,160,565,132,53,19,13,132,51,60,39,420,608,679,32,5,309,185,134,190,161,673,36,229,5,187,164,150,419,470,693,23,551,146,567,37,695,243,37,107,147,647,4,698,39,4
866,714,456,841,974,328,936,705,584,328,870,320,584,532,576,840,842,838,834,864,576,576,838,808,842,866,972,204,352,840,864,1004,484,836,166,586,362,108,616,204,841,587,970,878,872,842,716,840,832,322,591,877,969,840,706,832,392,328,904,832,842,482,848,200,106,584,996,888,994,834,838,586,850,72,320,589,1000,972,871,612,840,460,970,846,738,960,482,875,364,832,616,328,554,36,840,578,964,842,875,346,842,586,79,866,842,595,576,968,130,576,576,780,333,867,740,872,328,580,716,636,588,194,904,848,800,620,704,72,970,324,580,846,842,840,714,892,622,712,704,576,608,577,514,704,448,584,740,354,460,835
944,848,566,566,540,732,629,723,636,598,532,690,181,538,700,570,916,628,696,694,244,180,662,191,594,564,692,690,698,692,765,567,61,661,156,562,624,758,565,633,620,693,189,662,115,528,61,680,242,184,534,572,695,694,821,1014,764,660,692,412,245,924,821,666,404,16,661,124,534,625,660,565,564,605,468,753,572,184,926,240,535,758,61,246,701,695,829,121,572,190,287,565,533,531,759,661,180,732,698,248,764,212,594,639,124,124,824,944,571,632,213,976,661,54,562,123,244,213,184,758,756,703,691,694,564,760,434,864,183,701,724,822,656,414,694,572,571,927,759,696,756,724,638,692,695,658,756,671,560,252
357,684,73,165,742,226,164,197,165,99,231,965,227,39,161,775,685,742,97,737,741,359,997,685,933,438,231,100,481,485,229,228,500,998,480,433,741,485,875,163,751,246,740,999,484,933,212,997,420,501,1014,161,232,404,321,224,993,765,1012,486,235,980,4,373,756,461,485,548,132,999,679,997,679,230,231,487,996,239,675,934,198,487,675,741,100,938,165,166,199,193,212,753,741,228,229,228,998,694,953,741,244,487,741,235,485,595,679,224,167,420,501,166,228,164,997,421,486,868,500,744,461,676,98,165,112,941,418,225,99,484,341,252,449,1004,421,238,993,192,992,995,133,752,371,246,678,247,162,68,358,743
365,445,364,452,933,497,509,468,478,473,497,484,325,948,508,252,481,469,416,509,511,461,261,428,428,501,428,480,352,456,502,428,407,485,189,501,397,430,501,379,501,316,999,481,461,461,493,469,393,457,495,332,508,485,493,446,485,484,421,462,497,450,237,484,484,460,509,509,337,508,446,489,473,288,454,229,204,338,323,414,456,288,447,467,386,492,448,476,495,473,508,494,237,416,495,821,317,356,321,501,453,408,428,310,452,404,421,317,166,356,452,397,502,399,493,493,1013,353,460,404,485,480,989,368,484,493,220,373,485,431,372,484,429,453,476,508,477,949,333,425,364,431,477,463,444,463,432,428,462,429
86,338,68,22,742,342,158,791,678,212,142,84,78,374,134,596,327,7,22,198,84,580,630,596,22,343,67,79,134,78,516,790,86,102,604,68,198,324,214,596,83,338,22,340,102,790,54,534,718,727,150,22,790,630,86,294,84,470,348,86,326,454,342,4,22,20,349,470,375,534,598,246,350,118,386,598,278,4,518,22,790,86,342,262,50,86,838,838,198,86,36,214,476,212,278,598,324,84,214,286,214,342,13,151,406,6,311,342,468,853,79,340,86,710,86,526,86,646,628,326,214,628,706,726,278,68,84,607,20,356,22,852,280,86,838,86,598,38,978,206,52,84,470,836,166,588,276,279,198,86
1008,693,800,693,821,821,628,928,696,916,464,688,528,829,688,948,436,948,929,656,741,689,949,760,908,764,932,176,696,672,733,912,944,424,188,953,913,1008,956,909,912,796,628,556,688,912,689,312,717,821,564,576,565,920,528,540,828,896,1012,176,665,1021,156,801,696,1012,700,528,825,568,1008,656,957,673,536,888,821,569,640,692,928,145,944,1012,529,916,808,1008,949,385,725,592,636,560,758,976,656,917,564,948,692,560,625,752,981,945,836,1013,940,948,920,816,928,628,688,688,952,660,692,597,736,912,720,828,1009,752,569,544,604,541,688,433,53,820,309,753,693,713,516,764,148,764,724,956,816,980,793,657,1013,1013
927,955,671,959,954,682,669,954,671,926,880,859,666,958,757,922,731,990,921,697,784,735,991,923,669,666,660,702,915,986,959,538,958,663,1013,728,666,703,958,670,767,539,950,922,923,991,734,538,734,629,671,920,921,604,958,958,795,667,991,924,351,703,729,764,959,735,670,663,154,924,984,755,702,957,921,604,927,927,670,666,666,986,952,1015,669,924,991,667,927,957,921,958,927,854,927,669,915,667,923,831,734,921,917,1022,926,863,958,689,913,923,859,927,921,698,920,987,800,989,667,922,831,1018,732,668,606,543,954,766,986,531,924,953,920,664,927,923,663,924,392,828,950,927,924,990,912,922,703,979,926,883
236,10,220,440,72,152,136,152,214,712,216,328,232,324,248,128,208,586,200,80,138,0,204,264,328,204,114,138,96,138,138,8,192,152,136,184,72,641,456,64,72,232,140,200,104,248,904,392,168,80,226,232,262,204,220,248,64,344,76,200,232,72,248,233,248,704,206,708,412,128,192,168,472,462,458,74,224,186,168,456,216,128,728,702,460,196,202,266,192,596,200,216,200,108,154,200,120,68,208,88,66,202,88,472,234,184,128,218,200,88,200,120,330,496,592,428,152,146,200,232,104,250,472,110,146,138,200,728,216,58,208,108,216,152,152,216,80,192,236,152,200,192,128,210,152,200,248,200,152,970
544,517,613,654,557,7,44,197,549,583,589,589,590,581,591,519,4,585,584,749,559,581,585,557,973,517,590,837,513,591,802,523,557,614,156,101,585,365,543,551,589,613,556,879,549,167,199,45,549,525,901,718,607,645,39,557,911,1,717,519,645,612,523,524,516,611,518,101,671,519,76,591,591,549,517,614,589,716,581,582,516,837,558,615,111,512,841,45,70,596,5,6,686,238,684,589,749,523,143,5,516,516,559,517,549,553,581,589,648,774,527,549,581,557,42,582,812,653,551,519,621,583,536,526,229,69,524,577,591,585,37,623,519,32,453,7,580,38,617,589,517,621,717,12,573,613,619,519,556,582
769,385,433,355,113,99,257,961,448,739,352,321,385,161,235,321,421,320,361,928,416,737,293,64,867,41,320,993,101,865,353,679,449,867,321,483,931,612,209,771,416,293,341,457,611,449,585,449,897,451,145,928,840,321,297,289,321,1017,921,385,611,65,992,421,837,865,769,961,41,353,899,353,449,417,325,377,993,1,387,705,385,69,832,385,1009,901,993,962,499,865,899,97,355,324,257,289,793,867,705,421,451,33,129,357,745,17,355,865,275,256,485,833,867,363,998,193,289,329,709,833,851,803,929,257,357,455,483,321,320,757,441,449,845,935,869,73,813,865,373,993,133,768,417,321,257,353,385,264,489,409
421,927,997,535,775,131,165,943,228,485,997,487,311,615,101,583,485,375,215,389,903,501,486,215,919,423,455,997,359,421,455,471,487,423,485,839,367,903,965,429,307,453,999,1015,997,485,453,164,935,453,477,357,391,965,389,389,229,453,487,502,357,199,791,983,193,471,935,999,389,932,997,452,805,1015,431,467,967,245,615,453,289,325,967,196,933,133,997,903,295,453,385,487,837,503,935,503,453,999,423,902,965,941,389,407,815,167,423,485,453,397,965,388,695,981,389,884,487,428,967,270,869,983,389,5,197,423,469,391,261,167,997,134,709,151,919,997,453,463,198,487,806,423,463,133,997,263,974,997,487,581
230,739,3,773,716,123,199,483,244,199,763,231,886,597,123,639,145,212,663,191,742,60,599,723,599,614,191,102,722,204,143,706,767,746,232,739,78,210,198,117,700,214,763,118,243,243,687,688,204,251,121,214,246,118,163,746,739,693,755,738,709,610,724,762,597,231,117,640,86,687,253,752,218,22,734,689,200,243,112,596,742,723,732,759,81,908,527,626,74,211,512,743,242,255,764,102,870,198,101,745,50,217,746,748,717,597,119,744,82,234,756,690,254,189,858,250,215,230,150,726,189,628,986,324,754,154,198,981,83,750,766,207,248,639,723,413,235,727,720,83,78,767,994,226,471,764,142,321,708,224
557,521,809,521,763,13,553,877,833,617,581,623,521,811,519,803,585,879,875,833,613,831,265,835,553,779,811,937,811,619,521,873,585,597,619,847,571,975,713,809,745,361,811,587,553,193,587,629,677,814,811,761,809,1003,307,679,559,739,367,875,805,553,685,619,677,841,875,829,363,715,783,587,875,993,557,617,623,559,989,801,811,633,719,585,637,985,687,259,265,559,873,513,923,555,547,557,169,907,557,905,585,601,811,571,519,803,879,811,879,863,677,681,619,877,557,811,553,875,777,545,557,905,201,619,585,621,555,65,699,841,813,617,1003,715,843,621,809,747,801,619,557,777,269,747,521,905,815,815,877,523
65,193,66,135,204,627,586,834,227,715,755,209,195,195,193,576,595,705,211,192,65,448,197,517,723,707,131,513,195,225,233,704,647,194,0,127,227,1,210,643,738,128,195,707,197,192,704,3,203,705,193,67,65,162,194,579,649,577,195,205,66,216,576,705,68,196,67,737,595,211,10,96,707,229,741,208,773,719,213,709,207,740,1,197,723,583,578,193,193,453,197,210,203,533,231,215,201,214,578,97,64,193,195,128,198,195,197,711,230,194,579,195,197,630,707,658,80,854,227,578,708,195,606,199,67,221,213,772,207,649,706,706,227,706,720,581,67,576,115,579,232,961,196,209,724,225,81,69,192,709
136,252,89,217,472,1016,208,988,212,200,729,235,249,979,984,464,761,913,1018,984,200,249,976,1012,216,729,753,657,730,657,720,592,1017,218,456,720,728,764,728,752,220,984,953,473,157,474,977,145,729,729,724,985,720,248,890,976,729,733,980,216,473,987,656,468,733,977,243,760,728,467,720,728,733,920,219,988,945,505,249,728,154,986,473,924,223,984,473,472,987,722,217,477,466,921,987,728,977,752,216,242,722,704,944,248,980,1008,701,731,977,912,144,728,761,176,729,729,208,1010,759,760,724,473,761,752,912,738,186,250,1010,216,968,680,985,592,505,217,920,988,469,1017,403,752,478,209,920,969,728,952,752,977
803,452,390,901,837,646,646,992,516,935,614,391,813,999,935,870,421,934,967,134,901,908,820,390,709,910,929,998,647,935,806,388,804,262,807,967,389,646,937,869,941,389,994,388,649,901,933,773,551,263,900,740,997,964,866,933,685,999,422,422,997,910,934,645,772,421,935,999,452,916,389,709,678,934,997,128,717,772,897,772,998,902,901,583,485,933,902,805,965,302,935,804,773,462,870,900,358,902,641,904,933,900,932,807,965,932,839,449,869,928,900,641,198,899,909,674,486,293,263,1005,229,132,964,39,293,813,901,965,45,743,935,769,164,487,805,771,869,385,455,929,996,775,422,772,827,774,685,774,839,942
42,7,142,751,15,110,207,126,511,162,415,191,143,231,395,950,187,235,58,171,166,154,427,191,319,683,54,422,447,442,279,155,163,239,447,182,174,710,170,206,150,175,414,186,814,214,239,150,798,163,102,110,191,311,186,174,63,170,382,34,11,43,462,190,271,482,762,174,90,223,76,139,174,230,142,395,231,474,191,51,683,429,138,86,190,191,719,658,682,651,138,958,350,122,574,166,27,454,210,170,175,11,138,155,191,142,14,254,394,698,130,170,231,59,30,346,142,63,111,438,154,239,458,442,159,15,514,159,427,70,151,419,275,123,151,166,167,58,167,190,231,431,302,178,606,143,226,175,203,782
388,268,285,264,791,396,786,392,136,795,921,408,535,286,286,520,276,262,792,777,773,808,264,792,776,478,408,264,136,268,920,913,984,267,268,400,776,840,269,862,392,778,858,777,278,778,328,129,286,76,88,275,9,281,280,641,776,656,411,284,792,920,266,793,836,256,264,772,21,16,258,779,13,385,840,268,384,8,793,24,918,792,598,282,794,412,666,780,824,794,262,284,266,856,284,268,280,345,26,285,0,332,794,795,774,286,411,412,262,266,281,794,266,274,924,10,799,264,287,912,272,350,399,521,390,924,264,848,777,264,560,769,280,283,344,770,771,350,792,280,269,24,32,281,344,265,267,796,776,842
75,475,454,206,199,522,142,14,975,78,79,194,207,75,235,214,718,839,215,586,334,207,134,463,194,715,475,206,143,142,398,203,779,207,714,735,734,714,591,195,606,207,6,591,330,986,334,142,399,202,223,710,142,842,207,335,143,719,986,207,78,590,711,587,343,719,750,207,719,94,239,711,111,79,718,719,334,206,970,202,218,463,66,647,222,87,194,335,591,158,455,399,198,78,475,78,974,210,971,590,15,523,587,975,142,974,74,142,847,654,206,655,335,334,730,79,719,587,389,158,194,79,207,87,207,607,95,287,590,74,203,143,78,654,714,322,222,458,330,710,70,222,474,76,202,974,366,159,74,910
158,390,174,130,162,676,164,132,140,164,999,134,130,164,38,128,478,420,196,160,134,172,196,406,166,132,134,422,684,294,430,166,38,134,263,142,134,160,166,166,46,38,167,394,239,174,164,172,422,134,390,229,37,196,170,140,166,294,192,164,132,166,111,133,134,160,38,166,164,166,164,140,174,230,142,138,132,166,162,142,166,172,166,128,166,230,484,128,580,420,170,934,678,140,236,164,168,134,132,170,170,166,726,230,646,172,142,194,948,172,140,166,6,646,134,7,15,164,166,14,518,160,167,170,168,416,172,130,172,646,134,429,108,166,230,169,68,174,164,36,46,142,640,484,6,134,164,226,196,430
696,49,1016,476,564,208,760,696,384,916,152,408,186,52,36,792,664,540,188,696,632,657,920,944,888,474,672,736,472,920,696,976,952,152,922,664,696,956,944,152,760,688,688,248,248,136,48,432,176,616,496,752,440,368,168,976,160,696,664,680,956,952,248,648,952,216,904,704,732,616,536,532,717,376,216,696,56,168,564,360,137,896,824,184,648,568,176,648,696,200,984,648,104,232,1016,960,148,736,152,32,888,152,1016,656,184,220,680,408,560,536,168,766,944,1000,664,180,184,976,936,528,692,760,762,400,664,696,408,760,656,425,668,656,188,138,1008,240,648,630,664,992,688,920,40,676,24,76,896,696,684,736
1022,604,895,605,696,636,636,607,380,92,1021,827,536,124,856,584,634,639,633,729,734,639,1018,636,528,639,761,536,889,891,635,95,890,889,638,927,591,639,638,376,605,633,638,716,700,637,787,860,472,633,636,121,861,557,108,702,634,856,601,892,636,634,572,621,585,638,635,91,893,522,764,1020,627,733,751,636,635,334,575,840,632,591,158,602,634,605,632,637,382,636,380,124,606,605,761,824,127,732,93,895,636,56,633,733,538,91,605,56,893,879,1018,875,735,533,637,589,634,632,1021,891,221,734,603,119,637,765,632,351,780,522,600,1020,127,107,572,506,828,364,574,761,890,636,250,604,607,636,635,639,636,733
827,559,43,267,827,830,43,874,315,299,938,779,299,175,554,810,939,267,826,795,268,557,826,795,810,297,299,267,811,293,299,302,810,299,811,523,298,570,315,955,954,266,272,299,31,782,782,779,531,283,266,971,267,911,299,299,809,299,811,418,291,287,555,907,280,937,57,808,315,59,777,939,811,779,297,810,303,162,778,265,825,287,811,811,779,803,813,303,939,319,282,812,811,130,315,814,810,394,795,555,43,42,777,776,299,815,363,779,811,11,299,299,303,311,299,778,299,779,299,257,267,283,298,779,810,779,299,427,298,811,315,781,299,299,266,267,778,815,271,314,811,777,298,811,298,271,930,811,811,410
632,874,864,888,812,108,296,778,878,618,808,1022,778,890,352,616,875,330,872,878,872,842,1016,672,1005,824,624,800,1002,748,946,488,572,873,846,810,890,770,1000,810,1000,824,858,1002,882,892,424,886,794,872,876,365,1000,682,298,360,550,614,906,354,872,552,936,1006,875,874,358,312,890,430,552,810,298,632,866,792,490,574,804,574,875,876,812,811,874,866,1000,430,826,1002,936,872,376,778,808,634,530,418,872,888,494,930,900,800,842,872,558,838,1020,632,672,876,866,808,875,994,864,622,928,378,808,994,938,876,554,992,826,808,1000,864,942,810,928,938,986,876,804,358,104,992,952,168,446,872,874,424,864,802,792,588
221,75,347,55,609,7,333,275,247,23,39,79,82,194,99,11,838,262,343,83,267,65,275,323,19,9,122,19,6,67,588,99,19,339,87,463,336,71,603,11,586,114,91,75,330,19,323,463,115,307,271,817,99,603,115,89,47,116,71,807,587,587,25,3,33,123,23,51,67,26,51,3,83,383,263,99,42,611,83,331,91,19,89,579,83,23,119,115,33,91,323,83,79,67,74,359,349,579,47,106,87,18,111,333,83,87,81,83,97,803,259,531,79,86,323,323,75,95,81,267,374,599,23,275,355,451,87,257,71,891,31,103,5,259,22,22,123,315,50,80,151,91,354,80,213,43,419,67,83,55
883,1008,384,992,752,955,505,976,1008,802,448,480,1001,440,497,929,992,896,232,993,976,998,417,918,432,1010,472,964,994,496,448,938,480,752,945,949,484,944,944,496,464,676,928,1008,947,416,1008,1008,832,1002,724,498,1018,912,728,496,1009,435,721,496,1012,1008,1008,1012,992,873,934,496,960,999,992,882,458,464,500,481,996,417,816,943,803,496,866,434,401,498,496,946,1010,392,928,952,352,960,944,1008,994,932,407,1010,864,1021,1018,1008,946,1008,873,434,1017,704,1013,1008,994,496,312,500,424,993,932,866,931,744,1008,1008,947,801,995,870,928,816,893,960,752,993,1009,992,969,421,992,966,763,951,1000,480,1018,920,1016,952,916,985
567,18,950,151,275,54,531,18,694,147,22,693,272,83,22,179,534,242,134,146,18,36,50,243,818,534,23,483,131,27,23,50,274,17,659,694,530,656,17,514,571,50,51,98,82,534,530,307,798,22,529,534,182,151,531,307,420,663,658,695,19,530,658,18,374,144,178,149,566,726,146,87,643,51,274,51,19,3,671,663,703,307,55,406,659,803,562,531,531,531,19,51,675,387,307,915,259,214,278,915,34,784,50,2,919,58,149,146,59,22,531,518,22,176,595,180,529,439,563,658,161,2,20,562,563,438,150,272,456,147,659,151,151,534,50,179,54,131,150,531,81,166,694,22,567,530,546,436,567,145
866,322,576,865,870,608,840,842,806,586,610,580,870,864,870,871,870,838,608,578,838,866,576,850,868,878,871,869,838,834,866,834,870,868,356,869,868,610,832,838,838,870,610,886,870,102,579,581,838,78,614,846,610,836,614,884,550,846,358,612,867,852,324,856,864,872,867,838,590,326,324,838,356,550,834,842,578,870,839,66,871,870,838,884,842,840,578,866,806,854,868,582,612,610,614,836,864,580,326,846,324,836,854,614,838,868,610,842,592,866,870,982,838,846,842,834,835,855,838,325,838,726,838,866,874,626,846,82,838,836,878,366,326,579,612,634,325,610,580,866,582,356,834,838,838,874,614,864,866,838
972,456,969,201,969,904,960,193,489,456,392,937,456,233,488,456,201,1008,233,457,461,249,457,449,457,456,453,473,427,201,204,459,193,713,361,201,457,649,140,965,713,705,973,841,449,481,961,201,457,969,960,201,1001,237,201,969,713,457,713,488,969,201,201,728,973,457,969,712,715,737,449,205,201,200,453,233,192,193,705,463,205,461,449,200,201,452,905,969,457,505,960,461,201,237,712,205,457,233,973,461,459,745,201,449,729,457,105,973,233,489,203,203,449,481,461,968,713,509,713,205,481,236,193,457,201,745,713,961,457,457,201,233,193,457,200,461,457,201,456,969,713,719,973,201,232,393,717,456,456,968
27,837,281,513,847,889,329,4,257,33,343,257,520,277,337,266,1,13,265,775,801,89,1,136,328,9,339,835,342,321,287,271,893,260,841,521,273,125,848,1,333,337,266,321,345,8,77,267,329,17,277,33,257,27,635,305,833,457,72,917,525,57,457,91,87,769,1,329,257,453,321,346,73,285,529,457,65,269,337,377,257,340,793,775,245,513,276,349,8,221,799,521,261,256,21,69,705,291,5,1,57,258,11,268,273,1,392,29,265,343,265,523,815,25,139,793,544,289,353,465,275,29,799,321,332,785,93,587,419,45,265,8,388,29,833,137,405,325,205,333,821,65,285,517,259,261,273,789,521,323
782,844,855,526,892,860,589,1005,838,830,877,781,863,876,846,600,868,860,1007,1023,895,989,863,989,588,833,836,877,892,990,974,581,876,991,606,966,990,999,829,894,862,599,601,606,847,838,836,893,852,836,797,511,863,638,890,852,876,604,879,590,990,740,855,861,886,988,860,839,588,844,877,367,879,746,837,846,878,774,813,893,854,895,975,845,735,988,862,844,764,799,876,860,814,599,845,893,590,876,893,860,860,863,598,604,797,620,862,893,1023,845,774,588,815,790,964,879,618,975,1018,596,844,621,876,892,990,788,828,910,799,324,590,597,876,838,860,783,774,286,477,842,837,853,782,861,966,974,636,863,847,965
591,556,733,749,669,446,381,74,510,108,62,425,173,910,364,110,748,623,110,511,636,608,716,356,621,236,111,261,876,254,876,620,126,622,572,877,126,474,47,122,109,108,941,719,444,845,61,111,941,236,764,121,967,383,366,958,228,476,941,876,95,641,92,766,1006,156,125,232,245,492,684,188,1020,1017,623,319,236,174,636,623,334,718,620,878,815,892,76,764,494,360,122,201,829,125,109,15,237,204,376,937,366,89,318,622,361,975,804,877,493,203,621,107,169,316,444,748,237,127,572,109,255,350,622,170,332,360,185,79,1004,108,591,364,636,302,297,572,285,109,809,126,716,365,1007,344,814,255,626,238,783,1004
61,553,573,621,617,61,591,501,377,573,117,29,553,681,617,557,761,685,9,559,137,41,125,557,45,41,765,157,893,41,45,173,366,37,45,521,568,253,701,549,53,557,109,33,541,56,105,573,45,13,13,585,541,46,37,47,61,565,621,57,569,61,44,237,365,109,553,553,892,557,93,61,681,117,637,109,557,635,637,121,517,237,525,537,575,13,797,597,41,549,569,605,525,33,621,525,77,825,756,77,217,25,589,685,85,45,741,517,29,317,621,61,45,517,53,41,553,637,13,109,549,165,605,120,637,717,528,556,597,877,553,141,125,33,553,109,61,572,781,205,621,29,105,525,40,45,717,45,549,713
27,79,122,555,475,666,238,123,699,255,223,59,171,74,427,283,891,347,653,205,90,219,703,155,717,431,114,123,27,379,143,347,457,237,747,443,239,43,58,283,223,121,155,219,91,395,527,59,443,286,59,122,345,251,715,59,747,235,250,155,72,555,107,715,523,223,479,187,111,715,74,250,31,223,475,154,667,171,127,251,155,127,91,27,286,187,939,207,123,795,203,635,747,15,251,491,523,347,603,111,107,671,255,991,187,63,235,347,233,75,91,491,250,219,75,15,859,619,203,879,719,651,75,667,351,250,923,11,591,235,395,763,763,187,78,123,491,459,302,155,730,731,251,154,207,779,139,219,351,91
9,181,125,599,669,55,97,53,37,141,225,661,183,189,535,559,173,37,183,183,185,127,181,189,61,717,181,517,61,55,527,61,61,757,437,356,61,677,181,677,181,252,957,157,191,37,61,191,645,21,693,135,112,133,669,181,109,957,21,561,45,31,45,245,685,173,695,405,647,701,541,149,228,189,693,198,183,763,949,421,181,163,149,37,189,295,565,213,889,373,613,53,701,573,189,189,199,109,311,255,965,13,525,565,301,53,933,1023,53,533,573,55,245,805,693,189,213,173,173,37,657,181,687,255,639,140,561,181,53,149,53,119,565,21,119,533,53,757,253,661,533,423,173,95,533,189,199,415,213,37
414,912,666,658,538,910,902,914,347,798,338,430,391,1014,942,803,791,801,852,918,773,990,934,270,726,798,182,277,407,398,466,918,918,278,422,391,957,470,431,310,435,210,657,170,472,407,178,788,416,505,276,438,434,471,403,931,959,404,403,914,918,793,470,916,393,946,644,338,1002,406,501,498,506,370,708,790,1010,436,404,405,772,942,922,28,410,213,400,918,279,529,386,403,403,466,285,403,528,467,914,916,906,412,947,476,146,130,1011,912,470,941,473,910,914,415,945,166,792,406,16,150,408,970,407,406,834,959,342,403,387,533,439,438,287,982,158,898,487,404,406,914,485,922,404,387,404,664,459,515,404,153
924,482,976,842,338,596,456,488,148,750,278,844,329,338,400,964,456,510,446,478,704,340,1008,452,452,344,974,1010,780,948,340,472,462,378,324,394,1010,336,844,872,324,986,484,104,284,784,474,344,208,978,980,348,78,460,986,412,492,854,506,454,832,988,349,212,344,470,234,494,478,976,1022,413,476,482,348,340,466,458,760,364,456,332,584,422,784,456,962,140,268,978,302,108,834,130,80,960,890,462,212,908,104,580,586,974,456,342,922,720,846,528,400,348,466,466,474,981,914,226,988,92,474,392,840,282,473,961,448,264,840,343,704,202,504,344,472,476,460,473,450,874,844,448,328,406,506,270,476,72,330,636
370,48,239,62,170,175,814,570,58,187,810,59,59,46,699,703,318,51,442,826,171,254,307,187,191,575,803,46,572,10,42,571,139,314,314,826,178,186,42,303,35,318,50,43,186,187,191,59,947,282,314,58,43,58,179,183,59,444,314,570,234,46,546,58,827,186,298,302,54,571,46,571,699,46,58,35,702,259,314,306,686,818,179,291,62,682,178,651,171,166,46,435,555,56,682,56,826,539,939,62,746,123,58,58,58,318,59,442,699,187,298,171,682,574,171,34,426,190,826,58,699,562,59,318,58,59,170,51,954,42,575,570,443,178,10,234,378,298,187,170,426,190,571,59,106,167,171,59,698,58
14,516,800,548,772,552,880,832,960,560,100,812,528,736,404,600,512,2,578,560,864,338,946,848,514,802,784,788,84,2,772,768,780,336,852,408,904,788,280,784,582,776,852,32,784,560,905,832,320,96,530,550,778,514,786,832,580,1000,560,576,834,608,512,784,880,208,608,864,541,850,324,324,272,770,520,322,816,606,592,276,520,848,777,272,280,784,736,784,802,260,520,528,944,224,520,60,832,928,528,914,824,84,833,529,792,68,857,844,514,784,308,512,578,360,884,576,848,784,836,1,64,536,804,336,512,520,514,589,816,193,852,520,512,104,773,780,856,804,272,584,600,768,852,796,544,624,768,512,608,804
843,803,571,867,291,807,290,873,963,617,107,801,803,875,809,288,867,801,638,265,808,867,901,810,995,685,323,495,1002,585,973,771,809,305,745,867,417,929,833,809,611,357,770,769,995,813,354,291,929,355,803,747,811,907,805,841,677,833,801,353,930,649,902,623,907,291,937,322,939,333,747,485,609,943,33,771,809,803,783,329,801,929,928,289,483,833,499,795,851,929,815,937,547,773,803,800,649,809,1005,801,865,783,425,675,993,951,809,813,611,547,817,867,769,385,836,931,877,299,811,865,329,547,521,417,367,553,417,939,521,869,617,96,259,683,935,687,935,203,291,777,640,800,897,611,41,43,841,323,875,899
222,126,218,219,440,234,444,440,210,185,218,466,186,402,190,418,440,379,478,476,442,459,510,430,510,500,212,393,476,506,184,362,251,254,234,186,478,464,478,479,207,378,411,402,476,10,478,413,479,474,250,207,476,186,394,478,250,186,344,476,410,410,252,154,170,315,474,762,250,474,434,410,171,478,411,413,458,415,475,478,319,191,88,248,509,392,442,446,171,474,85,152,494,250,170,223,458,182,492,476,410,159,378,444,438,146,494,188,446,156,472,250,210,440,466,441,486,502,250,475,158,250,506,410,202,474,442,506,222,475,506,132,226,474,194,154,235,242,442,472,507,58,510,446,414,251,138,468,443,504
540,89,513,991,509,764,223,729,205,248,735,189,623,191,653,589,239,845,655,220,232,556,127,749,988,46,1004,461,220,937,39,941,621,564,980,780,685,589,56,1000,717,906,967,313,192,761,773,910,9,400,509,772,31,14,222,541,681,205,612,975,1001,237,940,685,909,669,37,621,847,461,255,765,749,94,805,908,591,14,223,414,856,589,348,763,445,133,189,716,143,885,524,557,557,252,698,687,751,109,959,749,653,429,941,713,728,735,924,141,76,709,877,756,237,201,649,767,232,718,687,195,999,237,12,77,141,1005,617,437,749,734,719,221,636,367,909,204,109,875,988,588,109,942,681,117,1007,560,75,681,143,280
514,642,736,626,966,626,710,614,706,738,134,726,704,866,70,738,739,743,578,592,935,706,242,851,582,966,854,706,626,642,642,754,592,740,642,754,627,690,629,612,723,615,210,742,583,742,674,610,742,659,739,722,1010,578,578,711,722,996,967,689,582,646,738,579,242,742,578,594,338,738,659,594,578,642,674,916,738,994,739,610,674,647,754,594,738,727,642,131,674,706,562,695,626,515,114,647,998,624,66,992,723,754,614,530,674,1014,514,646,610,915,723,722,770,626,596,726,611,838,195,710,194,706,741,706,578,614,406,530,742,615,866,610,710,722,579,630,726,642,626,690,594,610,742,635,706,711,838,632,789,754
761,1021,232,952,892,235,745,940,185,747,361,737,619,585,761,748,877,872,617,749,939,767,761,745,891,633,249,249,1000,637,685,584,752,235,508,760,620,632,621,620,893,697,939,759,620,687,45,1023,570,861,925,745,1006,747,761,585,873,121,1001,749,297,1001,254,108,957,237,729,233,617,632,379,381,121,621,1017,361,872,623,765,488,500,749,551,860,969,700,942,699,1017,104,876,766,585,236,685,237,1005,376,1003,701,873,1022,889,636,509,425,829,106,700,509,233,765,620,683,745,889,764,1003,185,600,763,888,760,745,1005,873,878,728,941,751,696,745,569,745,107,440,937,637,1005,572,1001,745,765,188,620,815,749,713,233,748
241,208,241,177,720,752,49,725,210,881,226,243,120,241,675,765,243,249,752,625,752,209,227,240,146,113,757,249,721,761,241,17,215,648,752,627,92,250,80,209,241,241,112,208,113,113,721,497,115,208,241,753,240,209,246,244,720,217,721,761,756,753,724,240,496,721,254,241,122,760,753,627,757,497,755,130,240,240,763,728,728,211,753,753,625,84,211,248,755,752,729,624,729,211,240,210,755,80,208,248,753,244,208,756,209,756,248,446,730,701,758,179,725,1013,753,753,241,208,765,497,249,721,112,729,744,993,203,664,634,248,753,241,601,723,192,220,752,177,752,240,147,753,88,246,505,753,753,763,721,976
364,616,229,428,109,996,610,492,37,228,232,44,181,109,492,313,1000,173,76,430,620,236,233,44,300,740,236,750,748,236,236,165,228,45,677,172,237,188,812,616,556,228,236,253,364,104,173,40,172,236,44,749,416,169,1020,44,300,749,173,237,296,109,624,108,424,236,44,238,557,40,300,108,108,680,100,808,174,744,236,745,108,237,488,300,45,425,44,808,232,300,556,941,113,76,554,616,430,237,32,929,260,236,108,172,492,252,289,108,236,364,676,245,620,97,620,549,237,172,120,229,492,485,45,108,620,488,188,621,232,109,428,36,252,236,740,109,421,236,485,573,680,168,166,173,104,160,233,588,316,676
973,415,508,445,57,669,477,412,350,696,92,311,396,639,125,982,284,985,319,348,124,244,313,29,184,95,280,133,28,323,862,285,330,92,477,607,349,474,29,636,27,125,540,380,273,889,348,429,476,1021,509,940,348,892,156,286,862,284,380,540,350,379,318,188,381,509,28,542,476,284,93,88,125,917,508,344,365,272,598,332,109,376,252,381,444,893,344,92,344,312,252,892,409,221,980,221,285,60,860,121,126,301,125,904,372,29,317,380,701,216,238,502,796,364,4,484,220,644,284,798,348,333,1012,318,92,349,12,268,349,475,285,316,365,16,232,660,221,1016,349,974,317,300,312,862,77,276,348,265,29,382
977,65,46,543,346,378,708,993,891,1017,842,967,315,82,473,375,586,91,843,594,906,895,332,883,991,362,715,627,792,586,843,619,963,266,539,888,517,349,810,49,863,578,715,761,760,385,857,860,1001,351,847,888,848,855,978,1006,856,936,964,986,595,833,538,840,627,665,749,658,858,74,99,594,827,978,600,369,894,945,891,349,627,971,584,739,889,587,633,784,871,462,608,916,606,361,895,959,1017,329,774,810,379,851,649,84,968,955,89,635,83,888,739,877,841,969,635,856,636,114,365,885,603,874,358,811,543,872,649,415,867,80,994,779,252,609,347,849,867,601,391,876,833,895,587,577,73,851,1007,727,724,971
373,503,383,447,509,63,55,367,491,311,367,311,267,349,295,63,15,63,319,303,293,381,439,51,23,251,299,495,891,511,179,303,349,444,367,446,181,895,109,830,383,477,287,311,501,317,251,445,319,351,103,331,485,318,59,383,375,435,127,343,381,381,43,383,445,319,367,503,501,319,379,511,317,191,223,303,51,231,183,47,439,503,511,447,301,439,252,447,255,301,431,319,303,207,307,446,311,47,509,315,63,127,511,383,251,427,511,447,63,303,191,243,447,303,254,286,53,191,55,100,111,255,296,511,687,303,367,261,61,50,382,63,143,51,127,39,255,425,295,447,367,227,127,383,319,271,45,439,175,127
285,437,945,181,823,190,433,439,435,757,693,439,789,511,435,277,245,253,309,419,435,177,181,439,447,438,439,447,317,439,247,959,439,304,948,248,311,433,503,949,439,310,181,183,177,439,52,437,317,55,437,921,307,151,700,884,497,317,507,434,59,497,147,181,445,183,947,245,821,181,950,51,502,1013,191,179,409,477,179,889,191,284,307,659,444,945,447,957,919,188,177,884,917,565,885,445,959,435,567,435,181,439,958,503,245,371,496,437,439,445,344,505,311,53,183,308,445,247,437,949,287,497,181,435,1011,309,181,439,253,441,434,252,423,441,507,438,340,187,437,319,439,631,436,191,407,437,437,699,189,465
780,668,276,473,409,16,79,261,265,512,8,13,565,588,397,88,141,897,152,277,273,12,197,14,268,492,285,353,648,644,260,264,272,81,512,404,412,793,664,128,265,393,140,665,389,809,148,384,17,473,772,729,512,913,336,312,89,525,377,264,273,264,460,793,213,781,917,397,256,17,256,97,56,269,404,572,9,280,265,340,448,585,384,12,282,396,269,532,392,900,408,552,156,824,93,280,913,133,387,408,268,348,844,16,541,268,985,525,21,925,389,281,389,24,792,408,461,21,644,345,284,268,4,777,329,285,73,717,345,193,344,520,777,348,796,517,793,769,281,660,336,271,847,93,522,965,849,433,849,384
614,722,119,716,598,581,534,82,200,88,202,726,70,142,727,710,550,750,199,252,758,130,766,166,222,342,758,78,759,246,86,198,711,646,114,598,198,742,114,70,119,758,200,596,194,230,998,586,238,198,614,722,730,758,94,542,114,196,234,194,34,39,196,502,598,247,114,710,238,72,82,124,218,199,586,98,216,722,730,234,250,706,207,244,70,484,254,724,750,582,227,758,616,246,210,348,254,758,198,660,134,730,98,638,596,726,706,758,50,246,743,962,214,594,246,98,606,723,70,759,590,194,246,210,594,710,742,639,214,188,578,207,86,66,102,323,726,100,742,86,92,608,706,598,970,727,198,766,755,714
324,29,281,13,588,79,333,477,479,925,453,348,197,341,152,3,345,321,349,301,365,335,85,221,29,349,125,333,89,381,261,340,278,30,237,341,199,69,364,381,348,365,343,350,453,349,349,357,68,364,311,45,45,373,356,348,332,79,77,262,69,325,77,332,277,349,453,125,590,77,93,341,527,341,327,973,388,381,78,31,591,333,476,381,413,353,84,72,349,333,348,469,349,841,93,285,95,79,77,349,333,79,348,357,484,345,9,261,205,222,325,94,89,349,199,343,333,329,333,325,93,349,89,341,285,343,261,476,19,93,340,87,332,271,277,349,861,347,287,220,599,351,271,93,324,93,93,333,343,300
315,563,19,118,18,600,153,20,49,949,819,34,20,274,52,566,51,119,310,542,818,158,410,822,311,565,567,26,22,565,53,26,19,592,657,948,530,183,532,342,818,22,118,663,276,978,789,827,82,663,19,339,569,18,529,703,50,276,155,48,181,788,287,614,787,595,118,311,16,823,18,309,534,403,667,311,336,16,446,379,914,573,150,304,59,51,823,22,52,211,55,596,286,535,543,146,466,787,83,18,20,434,534,18,39,319,18,529,19,678,538,798,22,660,819,87,566,307,831,147,309,17,535,277,16,54,27,690,410,982,439,534,535,115,817,788,310,854,117,50,21,566,663,180,549,598,528,51,633,598
356,864,960,450,960,800,336,354,992,768,484,417,352,866,481,480,480,768,482,420,352,480,359,480,336,962,288,480,417,320,434,481,960,881,896,386,481,768,993,451,896,992,352,928,320,416,357,352,290,816,2,416,48,912,416,387,98,290,256,914,352,928,336,289,385,993,448,320,992,417,880,418,961,483,448,416,866,293,416,448,992,418,883,352,992,1008,226,992,929,916,480,1012,945,944,419,1008,417,288,928,480,816,288,390,992,448,256,865,422,385,321,433,384,488,498,962,465,1008,386,258,872,944,480,386,498,336,706,802,480,401,448,593,370,994,272,840,480,488,1008,416,867,500,1000,993,930,994,800,960,290,416,865
584,194,522,67,604,771,587,266,579,610,835,66,519,554,258,590,770,578,323,546,8,578,66,258,866,839,322,778,834,352,98,834,874,326,578,10,834,354,354,98,78,258,6,843,779,259,556,582,770,74,66,810,582,32,66,522,578,102,3,71,75,774,0,587,75,14,526,832,586,578,578,582,9,321,586,2,72,877,834,131,70,66,579,321,780,330,66,449,2,66,78,74,102,579,518,618,321,515,2,66,578,3,646,330,579,546,578,258,322,67,588,98,582,583,321,513,934,865,518,332,74,579,194,64,12,582,354,322,582,514,323,832,579,579,578,778,578,834,594,322,330,556,583,582,64,610,100,582,64,834
917,823,796,868,807,869,804,780,820,20,820,820,781,804,422,548,812,269,773,773,804,292,804,772,932,932,356,940,837,772,814,804,940,773,846,932,292,801,916,1013,804,772,300,372,813,804,772,292,828,816,813,4,868,807,800,36,933,268,564,804,821,804,879,261,772,276,524,828,428,292,789,804,804,800,292,831,812,774,822,804,772,868,532,300,804,268,484,772,36,804,884,292,964,805,828,268,292,804,772,804,316,829,268,806,493,836,804,805,804,260,836,821,356,816,789,294,341,727,804,948,805,803,260,804,804,524,316,420,804,768,948,288,805,821,788,260,804,868,804,780,820,807,788,772,310,900,420,301,268,820
570,1018,1017,504,953,1016,248,952,504,1016,1018,956,696,1000,408,506,1018,1019,1011,440,696,504,891,889,937,120,696,696,506,1017,1016,1018,697,504,954,696,1017,1018,953,892,635,952,923,1016,946,881,952,190,969,953,760,761,698,380,696,250,944,945,505,937,1016,720,954,972,944,218,698,824,496,600,763,1020,248,763,568,656,1016,1019,760,745,1019,754,1018,1017,933,954,698,1016,1010,316,874,185,504,762,163,761,956,760,824,940,1009,248,764,505,200,442,570,696,571,251,1019,728,720,1010,746,568,856,184,1019,954,1016,185,304,184,752,440,696,498,952,1016,760,176,952,698,763,1017,1016,1001,840,1016,892,760,1016,761,955,765,920,890,1017,952
406,1012,916,924,980,932,828,900,933,980,996,48,916,996,960,727,268,983,772,916,860,980,916,820,596,980,868,916,860,124,940,1013,789,740,820,445,885,948,789,956,997,948,981,628,916,948,726,922,948,820,868,790,964,778,918,807,534,885,924,924,821,916,956,1022,1012,980,1008,996,772,916,852,732,916,468,885,1013,436,212,1013,999,480,784,913,900,916,933,900,924,768,964,1012,916,868,788,788,912,912,820,806,917,916,964,788,276,688,966,860,916,806,822,948,965,1020,912,996,925,965,949,944,772,956,852,896,949,934,373,804,948,916,772,950,896,948,865,981,916,1012,948,789,948,1014,950,1012,852,884,996,820,436,932,1012
474,208,473,12,404,680,189,157,152,389,137,137,412,385,248,477,144,428,144,440,409,137,408,921,689,788,446,400,457,145,212,185,213,216,413,420,401,337,156,219,281,49,412,414,41,155,221,212,197,409,156,157,475,145,280,401,988,153,504,189,156,137,432,154,157,283,155,188,440,140,457,24,400,393,157,148,204,412,469,272,409,440,408,159,344,408,408,468,4,413,464,392,154,408,955,405,92,188,404,401,437,510,408,250,474,152,16,392,157,153,17,537,24,408,280,415,444,184,28,220,412,431,397,153,144,411,400,128,424,472,945,440,156,413,477,188,473,148,664,170,156,981,57,385,409,409,392,281,392,404
807,433,404,162,165,252,39,165,177,289,182,160,261,561,693,182,289,433,161,437,183,673,97,435,178,418,161,421,295,418,187,948,183,432,932,437,309,163,119,178,307,173,183,420,948,161,164,693,421,933,678,53,949,186,36,128,161,419,179,37,245,692,957,293,115,435,546,178,417,229,161,677,166,155,164,423,932,187,693,181,33,385,289,423,160,97,647,438,309,183,165,39,423,918,163,145,436,224,129,179,821,434,37,178,950,433,33,391,35,181,703,951,432,947,390,385,420,949,422,36,134,897,181,183,17,690,165,45,183,161,692,439,288,52,177,446,427,166,36,439,165,547,416,293,180,176,166,165,813,181
168,158,158,463,687,28,124,29,190,190,398,478,270,180,446,76,158,760,538,190,20,62,4,672,528,158,668,286,20,658,190,151,190,220,670,60,214,446,43,158,158,146,28,540,182,190,694,190,398,670,152,686,174,159,174,1,31,222,191,181,140,205,141,26,216,492,188,942,190,154,14,170,2,126,156,141,142,90,154,188,164,702,140,158,158,188,766,538,158,10,718,29,143,410,150,158,426,153,188,158,110,654,724,248,278,12,28,991,254,186,397,940,158,445,692,140,511,159,156,156,434,143,158,446,218,287,414,175,158,31,184,406,940,398,286,159,91,190,186,414,478,150,7,190,158,414,8,150,154,710
647,94,70,78,95,94,78,342,79,14,6,74,71,7,3,206,14,78,31,78,95,15,15,734,6,10,7,79,70,142,335,11,334,46,14,30,519,94,518,6,14,2,14,985,351,415,134,334,14,15,79,6,14,30,15,606,11,142,14,22,15,159,15,14,6,15,23,18,6,67,142,275,14,6,14,6,71,31,79,14,15,94,799,14,262,7,526,15,14,222,14,271,518,11,527,590,70,6,142,223,6,14,151,142,31,143,31,15,23,30,14,590,551,14,14,14,13,591,351,398,783,94,6,22,30,14,30,779,71,70,14,302,79,78,79,79,90,190,79,94,158,14,287,514,79,526,270,583,15,262
430,1007,878,958,959,943,815,638,879,806,959,830,830,1015,878,879,1022,870,1022,879,367,942,759,750,1022,575,814,367,894,1023,942,1023,1018,378,1006,951,895,1007,958,814,828,942,574,806,891,959,951,815,958,886,366,1006,934,974,950,894,1023,934,1006,927,1023,506,911,895,999,950,830,876,1005,830,830,751,446,826,830,878,958,942,886,639,831,575,942,1014,1022,894,950,879,878,1023,1006,956,510,935,875,879,946,1006,767,806,958,942,878,950,959,959,383,622,942,959,366,1004,923,319,610,1022,623,815,431,807,879,1010,559,959,894,439,886,943,943,1023,375,814,991,990,458,1023,991,686,1007,1022,615,863,879,954,895,486,1022,1022,891,478
972,687,1009,646,911,847,653,553,233,143,877,705,905,800,908,951,669,837,717,717,767,675,655,749,621,537,744,707,967,908,941,703,760,877,765,715,616,749,973,623,761,974,1007,487,928,679,725,1021,967,458,649,1005,229,557,762,1001,764,224,760,996,645,904,939,589,941,930,564,735,1005,934,505,399,549,1013,847,750,685,751,1007,750,742,669,669,743,725,896,989,997,905,1007,972,734,755,246,686,235,845,710,555,1000,757,501,969,993,999,744,791,780,973,678,935,623,1007,681,617,903,749,747,943,903,937,989,937,680,235,44,747,662,940,749,719,749,955,901,143,971,1016,909,622,620,937,988,996,751,895,671,652,652,844,971
789,916,284,916,894,279,989,1012,1020,220,861,6,566,95,998,343,405,148,412,798,54,1021,380,404,829,916,125,476,285,503,798,927,413,342,543,670,982,380,822,788,988,981,852,348,454,796,1012,852,444,852,940,884,901,336,478,924,620,917,964,261,855,924,982,925,342,884,917,286,852,916,428,956,277,316,1023,436,461,478,996,644,924,788,285,957,716,916,980,599,924,918,340,877,918,276,500,668,532,324,996,503,129,917,277,276,158,598,660,646,260,862,924,732,412,700,977,284,310,922,263,726,766,356,274,980,508,789,532,907,751,190,631,405,756,660,668,885,574,525,772,439,918,388,340,727,631,892,788,967,988,791
254,655,31,63,31,143,23,670,286,671,30,794,211,30,542,31,31,543,47,535,407,23,22,26,342,271,22,302,135,665,15,87,22,574,414,155,415,283,795,274,310,134,30,147,47,39,350,788,799,407,523,7,86,47,415,95,351,95,415,39,262,785,823,823,154,58,15,390,38,206,155,95,38,668,74,311,794,183,771,311,30,542,1007,159,567,47,146,31,31,735,23,135,66,47,39,215,151,543,143,30,934,44,142,151,271,658,242,7,494,134,254,14,28,22,703,46,350,439,287,11,282,210,235,63,687,19,51,407,15,27,830,18,30,190,62,159,82,602,15,18,447,543,267,6,126,575,303,19,155,863
497,455,468,976,480,224,983,460,451,468,456,212,456,996,449,982,337,340,356,244,477,200,468,324,476,997,469,1000,476,320,237,452,198,117,429,492,324,476,500,997,469,740,399,493,964,452,464,909,460,493,872,222,477,509,343,253,861,461,461,464,488,972,332,488,220,485,853,200,245,469,453,449,476,500,972,973,204,453,964,999,981,253,492,469,500,404,481,360,481,462,412,213,321,336,453,372,752,350,500,324,469,204,204,484,980,448,325,457,485,332,305,428,380,485,1020,509,173,456,1012,508,461,465,469,213,589,20,508,372,857,84,485,249,364,205,349,501,460,493,628,479,477,509,481,460,240,453,484,857,93,477
201,153,154,137,155,539,13,27,153,171,155,153,139,153,139,475,1017,153,59,9,170,201,153,403,154,137,409,11,411,187,537,137,153,153,139,457,152,154,153,155,187,155,185,153,153,219,137,153,409,153,219,137,137,665,155,409,25,643,137,395,25,139,153,441,409,153,649,409,137,11,9,155,155,137,153,697,137,139,667,139,155,409,155,153,408,267,27,697,17,137,921,153,393,169,137,409,667,393,153,24,409,409,665,171,153,699,152,419,395,153,411,139,137,184,137,651,443,907,191,441,154,141,155,155,155,187,139,153,651,217,683,153,155,155,9,185,136,187,155,139,27,153,184,153,9,169,139,9,139,187
281,769,971,261,271,781,264,769,289,265,265,297,777,263,280,777,778,645,769,856,845,265,364,277,271,271,457,288,812,289,429,488,809,269,361,343,781,321,256,333,267,333,349,877,285,269,285,321,1,399,301,265,273,857,785,257,324,317,335,808,861,333,268,303,323,389,365,269,943,955,460,264,857,268,261,813,366,792,270,332,260,312,281,333,846,521,264,329,392,845,453,363,291,844,268,78,841,265,769,804,975,262,265,269,325,344,301,269,777,908,268,840,969,266,905,267,333,873,333,904,845,348,325,285,269,321,431,257,258,397,297,9,324,776,325,809,269,781,857,329,780,303,461,877,264,589,781,295,768,281
790,782,779,534,586,786,770,272,402,838,970,774,794,786,788,782,924,776,778,778,834,906,920,778,918,914,775,794,286,862,786,774,854,770,774,918,768,776,782,270,770,844,798,898,778,791,774,774,838,414,934,898,914,863,286,282,774,786,850,922,798,778,926,854,798,922,782,770,778,538,780,386,978,521,838,790,794,778,774,770,266,861,792,786,926,770,779,406,770,858,770,778,266,406,900,782,834,798,798,906,796,898,922,794,778,794,788,770,778,910,780,862,774,834,854,830,786,778,916,258,798,910,514,526,858,838,858,903,796,902,782,798,791,770,782,832,782,774,910,835,922,914,784,928,770,794,771,798,778,786
205,164,237,676,164,997,132,397,716,388,436,933,141,652,436,173,417,388,228,924,389,261,1015,928,493,36,1020,980,685,389,704,853,236,900,10,136,245,165,452,208,933,645,221,401,133,652,496,449,165,64,876,133,948,681,420,653,388,149,143,712,677,165,385,168,550,692,157,209,421,164,976,388,38,213,397,180,141,192,677,653,32,93,708,417,933,900,692,135,676,420,645,1004,129,904,132,194,673,148,165,965,484,193,389,132,645,640,182,224,896,163,660,909,692,180,454,420,133,903,389,684,160,429,197,901,166,753,226,932,161,964,676,679,421,416,501,157,175,549,388,392,641,229,182,197,902,910,942,5,228,128
40,396,44,525,45,588,109,14,61,13,108,41,40,41,200,76,201,317,45,297,13,13,41,387,44,45,172,45,36,265,297,77,45,44,40,173,64,108,45,40,557,428,297,296,297,429,36,13,41,13,44,13,300,45,101,108,45,45,361,397,65,13,173,45,13,425,397,41,289,44,8,109,109,76,105,269,300,300,41,365,109,77,73,173,333,105,12,589,393,169,45,265,200,9,237,44,109,173,41,109,69,301,394,200,13,69,173,169,429,45,44,457,269,12,46,44,140,312,137,44,13,13,44,45,40,556,332,40,165,13,172,172,780,44,45,40,109,301,41,108,60,812,41,109,296,557,365,109,45,40
761,611,811,894,991,891,931,887,863,863,1010,879,895,827,815,883,879,383,1011,1015,895,574,627,975,883,1022,1006,1019,894,575,1023,831,887,799,895,831,987,827,939,895,895,890,755,558,603,862,891,1023,379,814,875,875,827,783,369,959,891,1019,994,790,887,890,571,895,1023,255,895,575,883,1023,554,895,1019,962,1019,895,619,511,90,851,859,762,1019,807,895,742,830,747,829,815,958,959,859,891,799,738,575,831,1023,831,383,778,1023,927,639,898,691,383,879,875,1011,1015,639,879,1021,1019,1021,943,1023,883,618,615,811,995,610,830,534,978,619,827,755,881,1007,1019,1022,893,759,1019,891,107,1007,895,895,807,815,891,519,827,959,951
512,812,512,4,704,0,580,76,547,68,68,260,642,532,81,20,25,5,324,532,64,76,292,576,272,516,484,280,100,94,844,516,516,4,550,68,84,388,80,580,64,12,593,100,272,77,12,836,44,44,836,68,548,68,576,516,604,68,608,72,580,260,72,588,581,388,68,832,70,536,28,588,580,54,576,516,4,0,20,132,132,16,736,516,629,832,78,581,600,464,68,516,132,908,672,512,38,640,512,64,544,516,644,972,769,8,12,68,68,516,612,780,582,76,524,588,32,128,789,32,624,68,576,580,564,582,260,576,578,1,548,680,592,261,512,596,516,580,64,516,576,514,92,772,516,4,580,832,257,64
427,430,384,262,495,492,427,392,458,423,421,264,896,416,266,299,267,394,770,776,778,266,385,778,10,297,488,418,775,442,425,296,296,878,256,810,682,904,411,418,777,392,388,128,424,454,361,395,480,270,426,412,495,384,484,298,422,409,418,138,428,250,364,298,399,906,495,937,808,8,384,352,427,267,939,330,424,938,297,168,298,843,270,330,939,322,395,426,810,1006,265,426,138,426,418,270,268,954,428,288,282,289,910,780,290,355,398,298,450,410,355,930,459,298,264,200,160,905,258,387,299,426,482,419,360,460,398,385,394,330,298,490,420,482,375,936,96,938,938,431,290,398,392,332,488,398,289,299,421,910
2,705,835,65,647,513,777,579,516,641,577,597,643,564,835,833,534,577,754,593,577,567,644,851,594,551,577,512,851,903,903,705,532,833,771,773,849,709,579,579,832,579,517,579,771,641,513,515,707,547,579,811,593,583,723,855,674,794,517,834,915,977,579,836,577,899,519,769,531,705,609,565,993,711,707,519,513,711,513,897,769,516,785,533,832,577,903,785,837,585,641,523,785,723,891,279,832,595,515,951,577,866,259,837,771,535,583,788,787,855,563,851,704,551,661,581,611,721,547,677,513,851,775,579,960,625,854,579,579,723,919,512,390,793,709,888,577,819,513,963,579,579,547,592,585,512,529,519,902,583
472,159,535,474,442,400,397,504,414,408,414,664,920,660,475,409,475,412,732,475,924,988,447,412,926,650,472,474,409,668,696,926,926,668,476,985,985,408,920,920,408,316,412,441,908,472,922,398,986,408,415,223,477,280,956,924,474,728,952,478,732,473,474,666,922,414,409,410,472,479,504,156,457,986,414,476,264,281,924,985,392,473,920,730,441,204,1022,148,924,953,408,701,732,472,1022,925,408,510,408,920,475,411,409,920,412,392,156,444,404,953,479,669,406,472,472,986,412,448,408,476,472,668,408,474,664,920,412,940,472,473,504,1013,476,476,988,492,696,472,1020,985,896,1021,990,408,409,972,413,923,952,987
143,175,927,151,601,700,719,142,919,101,159,278,153,28,157,29,213,31,414,407,172,220,78,365,445,133,140,29,93,143,512,541,155,972,132,76,231,203,220,71,646,22,77,30,135,140,645,332,28,212,140,140,93,669,14,188,141,133,143,135,197,223,653,148,269,151,134,213,716,28,134,221,140,95,215,29,30,349,159,28,3,159,341,397,525,654,197,12,182,150,156,277,159,156,902,662,285,142,141,23,476,27,132,655,29,141,62,597,260,654,405,205,4,15,206,173,396,60,47,28,135,159,644,103,415,190,135,612,671,215,14,517,87,191,150,157,223,223,351,23,407,132,7,157,644,668,156,29,132,470
